version 1
nodes
0 "root" -1
end
skeleton
time 0
0 0 0 0 0 0 0
end
triangles
seeker
0  7.400000 0.000000 -2.900000  0.759257 0.000003 -0.650791  0.369559 0.782654 0
0  6.200000 2.150000 -3.723909  0.567558 0.411669 -0.713026  0.299724 0.774920 0
0  7.400000 1.450000 -2.511473  0.759256 0.325398 -0.563601  0.347631 0.755627 0
seeker
0  7.400000 1.450000 -2.511473  0.759256 0.325398 -0.563601  0.347631 0.755627 0
0  6.200000 3.723909 -2.150000  0.567558 0.713029 -0.411664  0.287824 0.716392 0
0  7.400000 2.511474 -1.449999  0.759257 0.563603 -0.325394  0.339604 0.716155 0
seeker
0  7.400000 2.511474 -1.449999  0.759257 0.563603 -0.325394  0.339604 0.716155 0
0  6.200000 4.300000 0.000000  0.567558 0.823333 0.000003  0.299724 0.655094 0
0  7.400000 2.900000 0.000001  0.759256 0.650792 0.000002  0.347631 0.674814 0
seeker
0  7.400000 2.900000 0.000001  0.759256 0.650792 0.000002  0.347631 0.674814 0
0  6.200000 3.723909 2.150001  0.567558 0.713026 0.411669  0.332238 0.607449 0
0  7.400000 2.511474 1.450001  0.759257 0.563600 0.325398  0.369559 0.642682 0
seeker
0  7.400000 2.511474 1.450001  0.759257 0.563600 0.325398  0.227322 0.501180 0
0  6.199999 2.150000 3.723910  0.567558 0.411664 0.713029  0.284910 0.460149 0
0  7.400000 1.450000 2.511474  0.759256 0.325393 0.563603  0.265583 0.508181 0
seeker
0  7.400000 1.450000 2.511474  0.759256 0.325393 0.563603  0.265583 0.508181 0
0  6.199999 0.000000 4.300001  0.567558 -0.000003 0.823333  0.337102 0.494484 0
0  7.400000 0.000000 2.900001  0.759256 -0.000002 0.650792  0.300783 0.531338 0
seeker
0  7.400000 0.000000 2.900001  0.759256 -0.000002 0.650792  0.300783 0.531338 0
0  6.199999 -2.150000 3.723910  0.567558 -0.411669 0.713026  0.370770 0.543575 0
0  7.400000 -1.450000 2.511474  0.759256 -0.325398 0.563601  0.323489 0.564445 0
seeker
0  7.400000 -1.450000 2.511474  0.759256 -0.325398 0.563601  0.323489 0.564445 0
0  6.200000 -3.723909 2.150001  0.567558 -0.713029 0.411664  0.376891 0.594266 0
0  7.400000 -2.511474 1.450001  0.759257 -0.563603 0.325394  0.327617 0.598632 0
seeker
0  7.400000 -2.511474 1.450001  0.759257 -0.563603 0.325394  0.675867 0.035233 0
0  6.200000 -4.300000 0.000000  0.567558 -0.823333 -0.000003  0.745701 0.047645 0
0  7.400000 -2.900000 0.000001  0.759257 -0.650791 -0.000002  0.697795 0.067365 0
seeker
0  7.400000 -2.900000 0.000001  0.759257 -0.650791 -0.000002  0.697795 0.067365 0
0  6.200000 -3.723909 -2.150000  0.567558 -0.713026 -0.411669  0.757602 0.108943 0
0  7.400000 -2.511474 -1.449999  0.759256 -0.563601 -0.325398  0.705821 0.108706 0
seeker
0  7.400000 -2.511474 -1.449999  0.759256 -0.563601 -0.325398  0.705821 0.108706 0
0  6.200000 -2.150000 -3.723909  0.567558 -0.411664 -0.713029  0.745701 0.167471 0
0  7.400000 -1.450000 -2.511473  0.759257 -0.325394 -0.563603  0.697795 0.148178 0
seeker
0  7.400000 -1.450000 -2.511473  0.759257 -0.325394 -0.563603  0.697795 0.148178 0
0  6.200000 0.000000 -4.300000  0.567558 0.000003 -0.823333  0.713187 0.207545 0
0  7.400000 0.000000 -2.900000  0.759257 0.000003 -0.650791  0.675867 0.175205 0
seeker
0  6.200000 0.000000 -4.300000  0.567558 0.000003 -0.823333  0.526678 0.750687 0
0  4.000000 2.600000 -4.503332  0.236201 0.485855 -0.841519  0.596381 0.689159 0
0  6.200000 2.150000 -3.723909  0.567558 0.411669 -0.713026  0.589206 0.750687 0
seeker
0  6.200000 2.150000 -3.723909  0.567558 0.411669 -0.713026  0.299724 0.774920 0
0  4.000000 4.503332 -2.600000  0.236201 0.841522 -0.485849  0.227322 0.712819 0
0  6.200000 3.723909 -2.150000  0.567558 0.713029 -0.411664  0.287824 0.716392 0
seeker
0  6.200000 3.723909 -2.150000  0.567558 0.713029 -0.411664  0.287824 0.716392 0
0  4.000000 5.200000 0.000000  0.236201 0.971704 0.000003  0.241714 0.638691 0
0  6.200000 4.300000 0.000000  0.567558 0.823333 0.000003  0.299724 0.655094 0
seeker
0  6.200000 4.300000 0.000000  0.567558 0.823333 0.000003  0.588913 0.000000 0
0  4.000000 4.503332 2.600000  0.236201 0.841519 0.485855  0.519210 0.061528 0
0  6.200000 3.723909 2.150001  0.567558 0.713026 0.411669  0.526386 0.000000 0
seeker
0  6.200000 3.723909 2.150001  0.567558 0.713026 0.411669  0.228178 0.449767 0
0  4.000000 2.600000 4.503333  0.236201 0.485849 0.841522  0.313775 0.406740 0
0  6.199999 2.150000 3.723910  0.567558 0.411664 0.713029  0.284910 0.460149 0
seeker
0  6.199999 2.150000 3.723910  0.567558 0.411664 0.713029  0.284910 0.460149 0
0  4.000000 0.000000 5.200000  0.236201 -0.000003 0.971704  0.376891 0.448262 0
0  6.199999 0.000000 4.300001  0.567558 -0.000003 0.823333  0.337102 0.494484 0
seeker
0  6.199999 0.000000 4.300001  0.567558 -0.000003 0.823333  0.140369 0.000000 0
0  4.000000 -2.600000 4.503333  0.236201 -0.485855 0.841519  0.070665 0.061528 0
0  6.199999 -2.150000 3.723910  0.567558 -0.411669 0.713026  0.077841 0.000000 0
seeker
0  6.199999 -2.150000 3.723910  0.567558 -0.411669 0.713026  0.077841 0.000000 0
0  4.000000 -4.503332 2.600000  0.236201 -0.841522 0.485849  0.006133 0.061945 0
0  6.200000 -3.723909 2.150001  0.567558 -0.713029 0.411664  0.024477 0.000345 0
seeker
0  6.200000 -3.723909 2.150001  0.567558 -0.713029 0.411664  0.271541 0.376672 0
0  4.000000 -5.200000 0.000000  0.236201 -0.971704 -0.000003  0.346827 0.329494 0
0  6.200000 -4.300000 0.000000  0.567558 -0.823333 -0.000003  0.333449 0.385369 0
seeker
0  6.200000 -4.300000 0.000000  0.567558 -0.823333 -0.000003  0.745701 0.047645 0
0  4.000000 -4.503332 -2.600000  0.236201 -0.841519 -0.485855  0.818103 0.105370 0
0  6.200000 -3.723909 -2.150000  0.567558 -0.713026 -0.411669  0.757602 0.108943 0
seeker
0  6.200000 -3.723909 -2.150000  0.567558 -0.713026 -0.411669  0.757602 0.108943 0
0  4.000000 -2.600000 -4.503332  0.236201 -0.485849 -0.841522  0.803712 0.176148 0
0  6.200000 -2.150000 -3.723909  0.567558 -0.411664 -0.713029  0.745701 0.167471 0
seeker
0  6.200000 -2.150000 -3.723909  0.567558 -0.411664 -0.713029  0.471741 0.750342 0
0  4.000000 0.000000 -5.199999  0.236201 0.000003 -0.971704  0.520767 0.689159 0
0  6.200000 0.000000 -4.300000  0.567558 0.000003 -0.823333  0.526678 0.750687 0
seeker
0  4.000000 0.000000 -5.199999  0.236201 0.000003 -0.971704  0.520767 0.689159 0
0  1.000000 2.750000 -4.763140  0.032811 0.499732 -0.865559  0.598791 0.604979 0
0  4.000000 2.600000 -4.503332  0.236201 0.485855 -0.841519  0.596381 0.689159 0
seeker
0  4.000000 2.600000 -4.503332  0.236201 0.485855 -0.841519  0.596381 0.689159 0
0  1.000000 4.763140 -2.750000  0.032811 0.865560 -0.499730  0.667047 0.604538 0
0  4.000000 4.503332 -2.600000  0.236201 0.841522 -0.485849  0.660914 0.688742 0
seeker
0  4.000000 4.503332 -2.600000  0.236201 0.841522 -0.485849  0.661261 0.061945 0
0  1.000000 5.500000 0.000000  0.032811 0.999462 0.000001  0.596778 0.145708 0
0  4.000000 5.200000 0.000000  0.236201 0.971704 0.000003  0.594825 0.061528 0
seeker
0  4.000000 5.200000 0.000000  0.236201 0.971704 0.000003  0.594825 0.061528 0
0  1.000000 4.763140 2.750000  0.032811 0.865559 0.499731  0.516801 0.145708 0
0  4.000000 4.503332 2.600000  0.236201 0.841519 0.485855  0.519210 0.061528 0
seeker
0  4.000000 4.503332 2.600000  0.236201 0.841519 0.485855  0.519210 0.061528 0
0  1.000000 2.750000 4.763140  0.032811 0.499730 0.865560  0.448545 0.146149 0
0  4.000000 2.600000 4.503333  0.236201 0.485849 0.841522  0.454677 0.061945 0
seeker
0  4.000000 2.600000 4.503333  0.236201 0.485849 0.841522  0.212716 0.061945 0
0  1.000000 0.000000 5.500000  0.032811 -0.000001 0.999462  0.148233 0.145708 0
0  4.000000 0.000000 5.200000  0.236201 -0.000003 0.971704  0.146280 0.061528 0
seeker
0  4.000000 0.000000 5.200000  0.236201 -0.000003 0.971704  0.146280 0.061528 0
0  1.000000 -2.750000 4.763140  0.032811 -0.499732 0.865559  0.068256 0.145708 0
0  4.000000 -2.600000 4.503333  0.236201 -0.485855 0.841519  0.070665 0.061528 0
seeker
0  4.000000 -2.600000 4.503333  0.236201 -0.485855 0.841519  0.070665 0.061528 0
0  1.000000 -4.763140 2.750000  0.032811 -0.865560 0.499730  0.000000 0.146149 0
0  4.000000 -4.503332 2.600000  0.236201 -0.841522 0.485849  0.006133 0.061945 0
seeker
0  4.000000 -4.503332 2.600000  0.236201 -0.841522 0.485849  0.271962 0.318976 0
0  1.000000 -5.500000 0.000000  0.032811 -0.999462 -0.000001  0.359726 0.248554 0
0  4.000000 -5.200000 0.000000  0.236201 -0.971704 -0.000003  0.346827 0.329494 0
seeker
0  4.000000 -5.200000 0.000000  0.236201 -0.971704 -0.000003  0.346827 0.329494 0
0  1.000000 -4.763140 -2.750000  0.032811 -0.865559 -0.499732  0.430417 0.252136 0
0  4.000000 -4.503332 -2.600000  0.236201 -0.841519 -0.485855  0.413662 0.332880 0
seeker
0  4.000000 -4.503332 -2.600000  0.236201 -0.841519 -0.485855  0.000000 0.716044 0
0  1.000000 -2.750000 -4.763140  0.032811 -0.499730 -0.865560  0.092877 0.658417 0
0  4.000000 -2.600000 -4.503332  0.236201 -0.485849 -0.841522  0.073764 0.732773 0
seeker
0  4.000000 -2.600000 -4.503332  0.236201 -0.485849 -0.841522  0.454330 0.688742 0
0  1.000000 0.000000 -5.500000  0.032811 0.000001 -0.999462  0.518814 0.604979 0
0  4.000000 0.000000 -5.199999  0.236201 0.000003 -0.971704  0.520767 0.689159 0
seeker
0  1.000000 0.000000 -5.500000  0.032811 0.000001 -0.999462  0.518814 0.604979 0
0  -2.000000 2.700000 -4.676537  -0.113589 0.496761 -0.860422  0.598019 0.520680 0
0  1.000000 2.750000 -4.763140  0.032811 0.499732 -0.865559  0.598791 0.604979 0
seeker
0  1.000000 2.750000 -4.763140  0.032811 0.499732 -0.865559  0.598791 0.604979 0
0  -2.000000 4.676537 -2.700000  -0.113589 0.860419 -0.496766  0.665034 0.520247 0
0  1.000000 4.763140 -2.750000  0.032811 0.865560 -0.499730  0.667047 0.604538 0
seeker
0  1.000000 4.763140 -2.750000  0.032811 0.865560 -0.499730  0.667047 0.146149 0
0  -2.000000 5.400000 -0.000000  -0.113589 0.993528 -0.000003  0.596096 0.230007 0
0  1.000000 5.500000 0.000000  0.032811 0.999462 0.000001  0.596778 0.145708 0
seeker
0  1.000000 5.500000 0.000000  0.032811 0.999462 0.000001  0.596778 0.145708 0
0  -2.000000 4.676537 2.700000  -0.113589 0.860422 0.496761  0.517573 0.230007 0
0  1.000000 4.763140 2.750000  0.032811 0.865559 0.499731  0.516801 0.145708 0
seeker
0  1.000000 4.763140 2.750000  0.032811 0.865559 0.499731  0.516801 0.145708 0
0  -2.000000 2.700000 4.676537  -0.113589 0.496767 0.860419  0.450558 0.230440 0
0  1.000000 2.750000 4.763140  0.032811 0.499730 0.865560  0.448545 0.146149 0
seeker
0  1.000000 2.750000 4.763140  0.032811 0.499730 0.865560  0.218502 0.146149 0
0  -2.000000 0.000000 5.400000  -0.113589 0.000003 0.993528  0.147551 0.230007 0
0  1.000000 0.000000 5.500000  0.032811 -0.000001 0.999462  0.148233 0.145708 0
seeker
0  1.000000 0.000000 5.500000  0.032811 -0.000001 0.999462  0.148233 0.145708 0
0  -2.000000 -2.700000 4.676537  -0.113589 -0.496761 0.860422  0.069028 0.230007 0
0  1.000000 -2.750000 4.763140  0.032811 -0.499732 0.865559  0.068256 0.145708 0
seeker
0  1.000000 -2.750000 4.763140  0.032811 -0.499732 0.865559  0.068256 0.145708 0
0  -2.000000 -4.676537 2.700000  -0.113589 -0.860419 0.496766  0.002013 0.230440 0
0  1.000000 -4.763140 2.750000  0.032811 -0.865560 0.499730  0.000000 0.146149 0
seeker
0  1.000000 -4.763140 2.750000  0.032811 -0.865560 0.499730  0.280542 0.237430 0
0  -2.000000 -5.400000 -0.000000  -0.113589 -0.993528 0.000003  0.370320 0.165567 0
0  1.000000 -5.500000 0.000000  0.032811 -0.999462 -0.000001  0.359726 0.248554 0
seeker
0  1.000000 -5.500000 0.000000  0.032811 -0.999462 -0.000001  0.359726 0.248554 0
0  -2.000000 -4.676537 -2.700000  -0.113589 -0.860422 -0.496761  0.439725 0.169084 0
0  1.000000 -4.763140 -2.750000  0.032811 -0.865559 -0.499732  0.430417 0.252136 0
seeker
0  1.000000 -4.763140 -2.750000  0.032811 -0.865559 -0.499732  0.014857 0.640722 0
0  -2.000000 -2.700000 -4.676537  -0.113589 -0.496766 -0.860419  0.109953 0.579888 0
0  1.000000 -2.750000 -4.763140  0.032811 -0.499730 -0.865560  0.092877 0.658417 0
seeker
0  1.000000 -2.750000 -4.763140  0.032811 -0.499730 -0.865560  0.448545 0.604538 0
0  -2.000000 0.000000 -5.400000  -0.113589 -0.000003 -0.993528  0.519496 0.520680 0
0  1.000000 0.000000 -5.500000  0.032811 0.000001 -0.999462  0.518814 0.604979 0
seeker
0  -2.000000 0.000000 -5.400000  -0.113589 -0.000003 -0.993528  0.519496 0.520680 0
0  -5.000000 2.400000 -4.156922  -0.318008 0.474041 -0.821070  0.593270 0.436231 0
0  -2.000000 2.700000 -4.676537  -0.113589 0.496761 -0.860422  0.598019 0.520680 0
seeker
0  -2.000000 2.700000 -4.676537  -0.113589 0.496761 -0.860422  0.844524 0.350970 0
0  -5.000000 4.156922 -2.400001  -0.318008 0.821067 -0.474047  0.767506 0.276809 0
0  -2.000000 4.676537 -2.700000  -0.113589 0.860419 -0.496766  0.844524 0.272447 0
seeker
0  -2.000000 4.676537 -2.700000  -0.113589 0.860419 -0.496766  0.665087 0.230440 0
0  -5.000000 4.800000 -0.000000  -0.318008 0.948088 -0.000003  0.592120 0.314456 0
0  -2.000000 5.400000 -0.000000  -0.113589 0.993528 -0.000003  0.596096 0.230007 0
seeker
0  -2.000000 5.400000 -0.000000  -0.113589 0.993528 -0.000003  0.596096 0.230007 0
0  -5.000000 4.156922 2.400000  -0.318008 0.821070 0.474041  0.522321 0.314456 0
0  -2.000000 4.676537 2.700000  -0.113589 0.860422 0.496761  0.517573 0.230007 0
seeker
0  -2.000000 4.676537 2.700000  -0.113589 0.860422 0.496761  0.844094 0.530602 0
0  -5.000000 2.400000 4.156921  -0.318008 0.474047 0.821067  0.767630 0.456485 0
0  -2.000000 2.700000 4.676537  -0.113589 0.496767 0.860419  0.844094 0.452079 0
seeker
0  -2.000000 2.700000 4.676537  -0.113589 0.496767 0.860419  0.216542 0.230440 0
0  -5.000000 0.000000 4.800000  -0.318008 0.000004 0.948088  0.143575 0.314456 0
0  -2.000000 0.000000 5.400000  -0.113589 0.000003 0.993528  0.147551 0.230007 0
seeker
0  -2.000000 0.000000 5.400000  -0.113589 0.000003 0.993528  0.147551 0.230007 0
0  -5.000000 -2.400000 4.156921  -0.318008 -0.474041 0.821070  0.073777 0.314456 0
0  -2.000000 -2.700000 4.676537  -0.113589 -0.496761 0.860422  0.069028 0.230007 0
seeker
0  -2.000000 -2.700000 4.676537  -0.113589 -0.496761 0.860422  0.227322 0.139245 0
0  -5.000000 -4.156922 2.400000  -0.318008 -0.821067 0.474047  0.308925 0.070313 0
0  -2.000000 -4.676537 2.700000  -0.113589 -0.860419 0.496766  0.292575 0.154645 0
seeker
0  -2.000000 -4.676537 2.700000  -0.113589 -0.860419 0.496766  0.292575 0.154645 0
0  -5.000000 -4.800000 -0.000000  -0.318008 -0.948088 0.000004  0.378031 0.080022 0
0  -2.000000 -5.400000 -0.000000  -0.113589 -0.993528 0.000003  0.370320 0.165567 0
seeker
0  -2.000000 -5.400000 -0.000000  -0.113589 -0.993528 0.000003  0.370320 0.165567 0
0  -5.000000 -4.156922 -2.400001  -0.318008 -0.821070 -0.474041  0.439725 0.083148 0
0  -2.000000 -4.676537 -2.700000  -0.113589 -0.860422 -0.496761  0.439725 0.169084 0
seeker
0  -2.000000 -4.676537 -2.700000  -0.113589 -0.860422 -0.496761  0.033351 0.562515 0
0  -5.000000 -2.400000 -4.156922  -0.318008 -0.474047 -0.821067  0.124483 0.496145 0
0  -2.000000 -2.700000 -4.676537  -0.113589 -0.496766 -0.860419  0.109953 0.579888 0
seeker
0  -2.000000 -2.700000 -4.676537  -0.113589 -0.496766 -0.860419  0.109953 0.579888 0
0  -5.000000 0.000000 -4.800001  -0.318008 -0.000004 -0.948088  0.186026 0.498174 0
0  -2.000000 0.000000 -5.400000  -0.113589 -0.000003 -0.993528  0.179188 0.582171 0
seeker
0  -5.000000 0.000000 -4.800001  -0.318008 -0.000004 -0.948088  0.523472 0.436231 0
0  -7.000000 1.900000 -3.290897  -0.572462 0.409959 -0.710085  0.585332 0.379752 0
0  -5.000000 2.400000 -4.156922  -0.318008 0.474041 -0.821070  0.593270 0.436231 0
seeker
0  -5.000000 2.400000 -4.156922  -0.318008 0.474041 -0.821070  0.767506 0.346607 0
0  -7.000000 3.290896 -1.900000  -0.572462 0.710077 -0.409972  0.706322 0.284080 0
0  -5.000000 4.156922 -2.400001  -0.318008 0.821067 -0.474047  0.767506 0.276809 0
seeker
0  -5.000000 4.156922 -2.400001  -0.318008 0.821067 -0.474047  0.767506 0.276809 0
0  -7.000000 3.800000 -0.000001  -0.572463 0.819931 -0.000007  0.689626 0.236226 0
0  -5.000000 4.800000 -0.000000  -0.318008 0.948088 -0.000003  0.746416 0.216363 0
seeker
0  -5.000000 4.800000 -0.000000  -0.318008 0.948088 -0.000003  0.592120 0.314456 0
0  -7.000000 3.290896 1.899999  -0.572463 0.710084 0.409959  0.530259 0.370935 0
0  -5.000000 4.156922 2.400000  -0.318008 0.821070 0.474041  0.522321 0.314456 0
seeker
0  -5.000000 4.156922 2.400000  -0.318008 0.821070 0.474041  0.767630 0.526282 0
0  -7.000000 1.900000 3.290896  -0.572463 0.409972 0.710077  0.706629 0.463770 0
0  -5.000000 2.400000 4.156921  -0.318008 0.474047 0.821067  0.767630 0.456485 0
seeker
0  -5.000000 2.400000 4.156921  -0.318008 0.474047 0.821067  0.767630 0.456485 0
0  -7.000000 0.000000 3.799999  -0.572463 0.000007 0.819931  0.689618 0.415892 0
0  -5.000000 0.000000 4.800000  -0.318008 0.000004 0.948088  0.746141 0.396007 0
seeker
0  -5.000000 0.000000 4.800000  -0.318008 0.000004 0.948088  0.143575 0.314456 0
0  -7.000000 -1.900000 3.290896  -0.572463 -0.409959 0.710084  0.081715 0.370935 0
0  -5.000000 -2.400000 4.156921  -0.318008 -0.474041 0.821070  0.073777 0.314456 0
seeker
0  -5.000000 -2.400000 4.156921  -0.318008 -0.474041 0.821070  0.250922 0.056624 0
0  -7.000000 -3.290896 1.899999  -0.572462 -0.710078 0.409971  0.325005 0.012235 0
0  -5.000000 -4.156922 2.400000  -0.318008 -0.821067 0.474047  0.308925 0.070313 0
seeker
0  -5.000000 -4.156922 2.400000  -0.318008 -0.821067 0.474047  0.308925 0.070313 0
0  -7.000000 -3.800000 -0.000001  -0.572463 -0.819931 0.000007  0.379714 0.019921 0
0  -5.000000 -4.800000 -0.000000  -0.318008 -0.948088 0.000004  0.378031 0.080022 0
seeker
0  -5.000000 -4.800000 -0.000000  -0.318008 -0.948088 0.000004  0.000000 0.455983 0
0  -7.000000 -3.290896 -1.900000  -0.572463 -0.710084 -0.409959  0.077211 0.421833 0
0  -5.000000 -4.156922 -2.400001  -0.318008 -0.821070 -0.474041  0.056393 0.480702 0
seeker
0  -5.000000 -4.156922 -2.400001  -0.318008 -0.821070 -0.474041  0.056393 0.480702 0
0  -7.000000 -1.900000 -3.290897  -0.572463 -0.409971 -0.710078  0.131116 0.434059 0
0  -5.000000 -2.400000 -4.156922  -0.318008 -0.474047 -0.821067  0.124483 0.496145 0
seeker
0  -5.000000 -2.400000 -4.156922  -0.318008 -0.474047 -0.821067  0.124483 0.496145 0
0  -7.000000 0.000000 -3.800000  -0.572463 -0.000007 -0.819931  0.179837 0.435665 0
0  -5.000000 0.000000 -4.800001  -0.318008 -0.000004 -0.948088  0.186026 0.498174 0
seeker
0  -7.000000 0.000000 -3.800000  -0.572463 -0.000007 -0.819931  0.689626 0.387190 0
0  -7.400000 1.700000 -2.944487  -0.707106 0.353553 -0.612373  0.690806 0.336428 0
0  -7.000000 1.900000 -3.290897  -0.572462 0.409959 -0.710085  0.706322 0.339337 0
seeker
0  -7.000000 1.900000 -3.290897  -0.572462 0.409959 -0.710085  0.706322 0.339337 0
0  -7.400000 2.944486 -1.700001  -0.707106 0.612373 -0.353554  0.690806 0.286988 0
0  -7.000000 3.290896 -1.900000  -0.572462 0.710077 -0.409972  0.706322 0.284080 0
seeker
0  -7.000000 3.290896 -1.900000  -0.572462 0.710077 -0.409972  0.706322 0.284080 0
0  -7.400000 3.400000 -0.000001  -0.707106 0.707107 -0.000001  0.675867 0.244172 0
0  -7.000000 3.800000 -0.000001  -0.572463 0.819931 -0.000007  0.689626 0.236226 0
seeker
0  -7.000000 3.800000 -0.000001  -0.572463 0.819931 -0.000007  0.689618 0.566856 0
0  -7.400000 2.944486 1.699999  -0.707107 0.612373 0.353553  0.691088 0.516116 0
0  -7.000000 3.290896 1.899999  -0.572463 0.710084 0.409959  0.706629 0.519026 0
seeker
0  -7.000000 3.290896 1.899999  -0.572463 0.710084 0.409959  0.706629 0.519026 0
0  -7.400000 1.700000 2.944486  -0.707107 0.353554 0.612372  0.691088 0.466676 0
0  -7.000000 1.900000 3.290896  -0.572463 0.409972 0.710077  0.706629 0.463770 0
seeker
0  -7.000000 1.900000 3.290896  -0.572463 0.409972 0.710077  0.706629 0.463770 0
0  -7.400001 0.000000 3.400000  -0.707107 0.000000 0.707107  0.675867 0.423838 0
0  -7.000000 0.000000 3.799999  -0.572463 0.000007 0.819931  0.689618 0.415892 0
seeker
0  -7.000000 0.000000 3.799999  -0.572463 0.000007 0.819931  0.136972 0.370935 0
0  -7.400000 -1.700000 2.944486  -0.707107 -0.353553 0.612373  0.084893 0.382291 0
0  -7.000000 -1.900000 3.290896  -0.572463 -0.409959 0.710084  0.081715 0.370935 0
seeker
0  -7.000000 -1.900000 3.290896  -0.572463 -0.409959 0.710084  0.422750 0.538076 0
0  -7.400000 -2.944486 1.699999  -0.707106 -0.612373 0.353553  0.434591 0.589389 0
0  -7.000000 -3.290896 1.899999  -0.572462 -0.710078 0.409971  0.422750 0.593140 0
seeker
0  -7.000000 -3.290896 1.899999  -0.572462 -0.710078 0.409971  0.325005 0.012235 0
0  -7.400000 -3.400000 -0.000001  -0.707107 -0.707107 0.000000  0.378898 0.006877 0
0  -7.000000 -3.800000 -0.000001  -0.572463 -0.819931 0.000007  0.379714 0.019921 0
seeker
0  -7.000000 -3.800000 -0.000001  -0.572463 -0.819931 0.000007  0.032567 0.402264 0
0  -7.400000 -2.944486 -1.700001  -0.707107 -0.612373 -0.353553  0.083194 0.408617 0
0  -7.000000 -3.290896 -1.900000  -0.572463 -0.710084 -0.409959  0.077211 0.421833 0
seeker
0  -7.000000 -3.290896 -1.900000  -0.572463 -0.710084 -0.409959  0.077211 0.421833 0
0  -7.400000 -1.700000 -2.944487  -0.707107 -0.353553 -0.612373  0.131424 0.419555 0
0  -7.000000 -1.900000 -3.290897  -0.572463 -0.409971 -0.710078  0.131116 0.434059 0
seeker
0  -7.000000 -1.900000 -3.290897  -0.572463 -0.409971 -0.710078  0.131116 0.434059 0
0  -7.400000 0.000000 -3.400001  -0.707107 -0.000001 -0.707107  0.175017 0.420993 0
0  -7.000000 0.000000 -3.800000  -0.572463 -0.000007 -0.819931  0.179837 0.435665 0
seeker
0  -7.200000 -7.801494 -1.629774  0.000000 0.247404 -0.968912  0.826923 0.000000 0
0  -1.000000 -4.313409 -0.739119  0.000000 0.247404 -0.968912  0.928077 0.174142 0
0  -4.000000 -7.801494 -1.629774  0.000000 0.247404 -0.968912  0.826923 0.089887 0
seeker
0  -6.500000 -4.486592 -0.060881  0.000000 -0.247404 0.968912  0.777020 0.901873 0
0  -4.000000 -7.974676 -0.951535  0.000000 -0.247404 0.968912  0.675867 0.831663 0
0  -1.000000 -4.486592 -0.060881  0.000000 -0.247404 0.968912  0.777020 0.747379 0
seeker
0  -6.500000 -4.313409 -0.739119  0.000000 0.968913 0.247404  0.805509 0.901873 0
0  -1.000000 -4.486592 -0.060881  0.000000 0.968912 0.247404  0.785840 0.747382 0
0  -1.000000 -4.313409 -0.739119  0.000000 0.968912 0.247404  0.805509 0.747379 0
seeker
0  -1.000000 -4.313409 -0.739119  0.768221 -0.620283 -0.158385  0.296013 0.823812 0
0  -4.000000 -7.974676 -0.951535  0.768221 -0.620283 -0.158384  0.315647 0.955308 0
0  -4.000000 -7.801494 -1.629774  0.768221 -0.620283 -0.158384  0.296013 0.955241 0
seeker
0  -4.000000 -7.801494 -1.629774  0.000000 -0.968913 -0.247404  0.944589 0.910738 0
0  -7.200000 -7.974676 -0.951535  0.000000 -0.968912 -0.247404  0.962039 0.998088 0
0  -7.200000 -7.801494 -1.629774  0.000000 -0.968913 -0.247404  0.944589 0.999514 0
seeker
0  -7.200000 -7.801494 -1.629774  -0.981615 0.184936 0.047222  0.344124 0.922128 0
0  -6.500000 -4.486592 -0.060881  -0.981615 0.184936 0.047222  0.324467 0.823812 0
0  -6.500000 -4.313409 -0.739119  -0.981615 0.184936 0.047222  0.344124 0.824038 0
seeker
0  -7.200000 7.801494 -1.629774  0.000000 -0.247404 -0.968912  0.935769 0.813116 0
0  -1.000000 4.313409 -0.739119  0.000000 -0.247404 -0.968912  0.846350 0.986751 0
0  -6.500000 4.313409 -0.739119  0.000000 -0.247404 -0.968912  0.846350 0.832257 0
seeker
0  -6.500000 4.486592 -0.060881  0.000000 0.247404 0.968912  0.554332 0.913998 0
0  -4.000000 7.974676 -0.951535  0.000000 0.247404 0.968912  0.643751 0.844295 0
0  -7.200000 7.974676 -0.951535  0.000000 0.247404 0.968912  0.643751 0.934182 0
seeker
0  -6.500000 4.313409 -0.739119  0.000000 -0.968913 0.247404  0.814329 0.899962 0
0  -1.000000 4.486592 -0.060881  0.000000 -0.968912 0.247404  0.833995 0.747442 0
0  -6.500000 4.486592 -0.060881  0.000000 -0.968913 0.247403  0.833995 0.900025 0
seeker
0  -1.000000 4.313409 -0.739119  0.768221 0.620283 -0.158385  0.287193 0.823812 0
0  -4.000000 7.974676 -0.951535  0.768221 0.620283 -0.158384  0.267558 0.955308 0
0  -1.000000 4.486592 -0.060881  0.768221 0.620283 -0.158385  0.267558 0.823879 0
seeker
0  -4.000000 7.801494 -1.629774  0.000000 0.968913 -0.247404  1.000000 0.671970 0
0  -7.200000 7.974676 -0.951535  0.000000 0.968912 -0.247404  0.982613 0.761756 0
0  -4.000000 7.974676 -0.951535  0.000000 0.968913 -0.247404  0.982613 0.671869 0
seeker
0  -7.200000 7.801494 -1.629774  -0.981615 -0.184936 0.047222  0.897754 0.566821 0
0  -6.500000 4.486592 -0.060881  -0.981615 -0.184936 0.047222  0.917418 0.464088 0
0  -7.200000 7.974676 -0.951535  -0.981615 -0.184936 0.047222  0.917418 0.566856 0
seeker_eye
0  9.000000 0.000000 0.000001  1.000000 -0.000000 -0.000000  0.500000 0.500000 0
0  8.800000 0.000000 -1.399999  0.939950 0.000002 -0.341311  0.500000 0.281250 0
0  8.800000 0.700000 -1.212435  0.939950 0.170657 -0.295584  0.609375 0.310557 0
seeker_eye
0  9.000000 0.000000 0.000001  1.000000 -0.000000 -0.000000  0.500000 0.500000 0
0  8.800000 0.700000 -1.212435  0.939950 0.170657 -0.295584  0.609375 0.310557 0
0  8.800000 1.212436 -0.699999  0.939950 0.295584 -0.170655  0.689443 0.390625 0
seeker_eye
0  9.000000 0.000000 0.000001  1.000000 -0.000000 -0.000000  0.500000 0.500000 0
0  8.800000 1.212436 -0.699999  0.939950 0.295584 -0.170655  0.689443 0.390625 0
0  8.800000 1.400000 0.000001  0.939950 0.341311 0.000001  0.718750 0.500000 0
seeker_eye
0  9.000000 0.000000 0.000001  1.000000 -0.000000 -0.000000  0.500000 0.500000 0
0  8.800000 1.400000 0.000001  0.939950 0.341311 0.000001  0.718750 0.500000 0
0  8.800000 1.212436 0.700001  0.939950 0.295583 0.170656  0.689443 0.609375 0
seeker_eye
0  9.000000 0.000000 0.000001  1.000000 -0.000000 -0.000000  0.500000 0.500000 0
0  8.800000 1.212436 0.700001  0.939950 0.295583 0.170656  0.689443 0.609375 0
0  8.800000 0.700000 1.212436  0.939950 0.170654 0.295585  0.609375 0.689443 0
seeker_eye
0  9.000000 0.000000 0.000001  1.000000 -0.000000 -0.000000  0.500000 0.500000 0
0  8.800000 0.700000 1.212436  0.939950 0.170654 0.295585  0.609375 0.689443 0
0  8.800000 0.000000 1.400001  0.939950 -0.000002 0.341311  0.500000 0.718750 0
seeker_eye
0  9.000000 0.000000 0.000001  1.000000 -0.000000 -0.000000  0.500000 0.500000 0
0  8.800000 0.000000 1.400001  0.939950 -0.000002 0.341311  0.500000 0.718750 0
0  8.800000 -0.700000 1.212436  0.939950 -0.170656 0.295584  0.390625 0.689443 0
seeker_eye
0  9.000000 0.000000 0.000001  1.000000 -0.000000 -0.000000  0.500000 0.500000 0
0  8.800000 -0.700000 1.212436  0.939950 -0.170656 0.295584  0.390625 0.689443 0
0  8.800000 -1.212436 0.700001  0.939950 -0.295584 0.170655  0.310557 0.609375 0
seeker_eye
0  9.000000 0.000000 0.000001  1.000000 -0.000000 -0.000000  0.500000 0.500000 0
0  8.800000 -1.212436 0.700001  0.939950 -0.295584 0.170655  0.310557 0.609375 0
0  8.800000 -1.400000 0.000001  0.939950 -0.341311 -0.000001  0.281250 0.500000 0
seeker_eye
0  9.000000 0.000000 0.000001  1.000000 -0.000000 -0.000000  0.500000 0.500000 0
0  8.800000 -1.400000 0.000001  0.939950 -0.341311 -0.000001  0.281250 0.500000 0
0  8.800000 -1.212436 -0.699999  0.939950 -0.295583 -0.170656  0.310557 0.390625 0
seeker_eye
0  9.000000 0.000000 0.000001  1.000000 -0.000000 -0.000000  0.500000 0.500000 0
0  8.800000 -1.212436 -0.699999  0.939950 -0.295583 -0.170656  0.310557 0.390625 0
0  8.800000 -0.700000 -1.212435  0.939950 -0.170655 -0.295585  0.390625 0.310557 0
seeker_eye
0  9.000000 0.000000 0.000001  1.000000 -0.000000 -0.000000  0.500000 0.500000 0
0  8.800000 -0.700000 -1.212435  0.939950 -0.170655 -0.295585  0.390625 0.310557 0
0  8.800000 0.000000 -1.399999  0.939950 0.000002 -0.341311  0.500000 0.281250 0
seeker_eye
0  8.800000 0.000000 -1.399999  0.939950 0.000002 -0.341311  0.500000 0.281250 0
0  8.200000 1.250000 -2.165063  0.670494 0.370958 -0.642517  0.695312 0.161709 0
0  8.800000 0.700000 -1.212435  0.939950 0.170657 -0.295584  0.609375 0.310557 0
seeker_eye
0  8.800000 0.700000 -1.212435  0.939950 0.170657 -0.295584  0.609375 0.310557 0
0  8.200000 2.165064 -1.249999  0.670494 0.642517 -0.370958  0.838291 0.304688 0
0  8.800000 1.212436 -0.699999  0.939950 0.295584 -0.170655  0.689443 0.390625 0
seeker_eye
0  8.800000 1.212436 -0.699999  0.939950 0.295584 -0.170655  0.689443 0.390625 0
0  8.200000 2.500000 0.000001  0.670494 0.741915 -0.000000  0.890625 0.500000 0
0  8.800000 1.400000 0.000001  0.939950 0.341311 0.000001  0.718750 0.500000 0
seeker_eye
0  8.800000 1.400000 0.000001  0.939950 0.341311 0.000001  0.718750 0.500000 0
0  8.200000 2.165064 1.250001  0.670494 0.642517 0.370958  0.838291 0.695313 0
0  8.800000 1.212436 0.700001  0.939950 0.295583 0.170656  0.689443 0.609375 0
seeker_eye
0  8.800000 1.212436 0.700001  0.939950 0.295583 0.170656  0.689443 0.609375 0
0  8.200000 1.250000 2.165064  0.670493 0.370958 0.642518  0.695312 0.838291 0
0  8.800000 0.700000 1.212436  0.939950 0.170654 0.295585  0.609375 0.689443 0
seeker_eye
0  8.800000 0.700000 1.212436  0.939950 0.170654 0.295585  0.609375 0.689443 0
0  8.200000 0.000000 2.500001  0.670494 -0.000000 0.741915  0.500000 0.890625 0
0  8.800000 0.000000 1.400001  0.939950 -0.000002 0.341311  0.500000 0.718750 0
seeker_eye
0  8.800000 0.000000 1.400001  0.939950 -0.000002 0.341311  0.500000 0.718750 0
0  8.200000 -1.250000 2.165064  0.670493 -0.370958 0.642518  0.304688 0.838291 0
0  8.800000 -0.700000 1.212436  0.939950 -0.170656 0.295584  0.390625 0.689443 0
seeker_eye
0  8.800000 -0.700000 1.212436  0.939950 -0.170656 0.295584  0.390625 0.689443 0
0  8.200000 -2.165064 1.250001  0.670494 -0.642517 0.370958  0.161709 0.695313 0
0  8.800000 -1.212436 0.700001  0.939950 -0.295584 0.170655  0.310557 0.609375 0
seeker_eye
0  8.800000 -1.212436 0.700001  0.939950 -0.295584 0.170655  0.310557 0.609375 0
0  8.200000 -2.500000 0.000001  0.670493 -0.741916 0.000000  0.109375 0.500000 0
0  8.800000 -1.400000 0.000001  0.939950 -0.341311 -0.000001  0.281250 0.500000 0
seeker_eye
0  8.800000 -1.400000 0.000001  0.939950 -0.341311 -0.000001  0.281250 0.500000 0
0  8.200000 -2.165064 -1.249999  0.670494 -0.642518 -0.370958  0.161709 0.304688 0
0  8.800000 -1.212436 -0.699999  0.939950 -0.295583 -0.170656  0.310557 0.390625 0
seeker_eye
0  8.800000 -1.212436 -0.699999  0.939950 -0.295583 -0.170656  0.310557 0.390625 0
0  8.200000 -1.250000 -2.165063  0.670494 -0.370958 -0.642518  0.304688 0.161709 0
0  8.800000 -0.700000 -1.212435  0.939950 -0.170655 -0.295585  0.390625 0.310557 0
seeker_eye
0  8.800000 -0.700000 -1.212435  0.939950 -0.170655 -0.295585  0.390625 0.310557 0
0  8.200000 0.000000 -2.499999  0.670494 0.000000 -0.741915  0.500000 0.109375 0
0  8.800000 0.000000 -1.399999  0.939950 0.000002 -0.341311  0.500000 0.281250 0
seeker_eye
0  8.200000 0.000000 -2.499999  0.670494 0.000000 -0.741915  0.500000 0.109375 0
0  7.400000 1.450000 -2.511473  0.447214 0.447213 -0.774596  0.726562 0.107582 0
0  8.200000 1.250000 -2.165063  0.670494 0.370958 -0.642517  0.695312 0.161709 0
seeker_eye
0  8.200000 1.250000 -2.165063  0.670494 0.370958 -0.642517  0.695312 0.161709 0
0  7.400000 2.511474 -1.449999  0.447214 0.774597 -0.447214  0.892418 0.273438 0
0  8.200000 2.165064 -1.249999  0.670494 0.642517 -0.370958  0.838291 0.304688 0
seeker_eye
0  8.200000 2.165064 -1.249999  0.670494 0.642517 -0.370958  0.838291 0.304688 0
0  7.400000 2.900000 0.000001  0.447214 0.894427 -0.000000  0.953125 0.500000 0
0  8.200000 2.500000 0.000001  0.670494 0.741915 -0.000000  0.890625 0.500000 0
seeker_eye
0  8.200000 2.500000 0.000001  0.670494 0.741915 -0.000000  0.890625 0.500000 0
0  7.400000 2.511474 1.450001  0.447213 0.774597 0.447213  0.892418 0.726563 0
0  8.200000 2.165064 1.250001  0.670494 0.642517 0.370958  0.838291 0.695313 0
seeker_eye
0  8.200000 2.165064 1.250001  0.670494 0.642517 0.370958  0.838291 0.695313 0
0  7.400000 1.450000 2.511474  0.447213 0.447214 0.774596  0.726562 0.892418 0
0  8.200000 1.250000 2.165064  0.670493 0.370958 0.642518  0.695312 0.838291 0
seeker_eye
0  8.200000 1.250000 2.165064  0.670493 0.370958 0.642518  0.695312 0.838291 0
0  7.400000 0.000000 2.900001  0.447214 0.000000 0.894427  0.500000 0.953125 0
0  8.200000 0.000000 2.500001  0.670494 -0.000000 0.741915  0.500000 0.890625 0
seeker_eye
0  8.200000 0.000000 2.500001  0.670494 -0.000000 0.741915  0.500000 0.890625 0
0  7.400000 -1.450000 2.511474  0.447213 -0.447214 0.774597  0.273438 0.892418 0
0  8.200000 -1.250000 2.165064  0.670493 -0.370958 0.642518  0.304688 0.838291 0
seeker_eye
0  8.200000 -1.250000 2.165064  0.670493 -0.370958 0.642518  0.304688 0.838291 0
0  7.400000 -2.511474 1.450001  0.447214 -0.774597 0.447214  0.107582 0.726563 0
0  8.200000 -2.165064 1.250001  0.670494 -0.642517 0.370958  0.161709 0.695313 0
seeker_eye
0  8.200000 -2.165064 1.250001  0.670494 -0.642517 0.370958  0.161709 0.695313 0
0  7.400000 -2.900000 0.000001  0.447214 -0.894427 0.000000  0.046875 0.500000 0
0  8.200000 -2.500000 0.000001  0.670493 -0.741916 0.000000  0.109375 0.500000 0
seeker_eye
0  8.200000 -2.500000 0.000001  0.670493 -0.741916 0.000000  0.109375 0.500000 0
0  7.400000 -2.511474 -1.449999  0.447213 -0.774597 -0.447213  0.107582 0.273438 0
0  8.200000 -2.165064 -1.249999  0.670494 -0.642518 -0.370958  0.161709 0.304688 0
seeker_eye
0  8.200000 -2.165064 -1.249999  0.670494 -0.642518 -0.370958  0.161709 0.304688 0
0  7.400000 -1.450000 -2.511473  0.447214 -0.447214 -0.774597  0.273438 0.107582 0
0  8.200000 -1.250000 -2.165063  0.670494 -0.370958 -0.642518  0.304688 0.161709 0
seeker_eye
0  8.200000 -1.250000 -2.165063  0.670494 -0.370958 -0.642518  0.304688 0.161709 0
0  7.400000 0.000000 -2.900000  0.447214 -0.000000 -0.894427  0.500000 0.046875 0
0  8.200000 0.000000 -2.499999  0.670494 0.000000 -0.741915  0.500000 0.109375 0
seeker
0  -7.400000 0.000000 -3.400001  -0.371390 -0.000000 -0.928477  0.439528 0.969472 0
0  -8.400000 1.500000 -2.598077  -0.371391 0.464237 -0.804085  0.411309 0.923221 0
0  -7.400000 1.700000 -2.944487  -0.371391 0.464238 -0.804084  0.439528 0.920048 0
seeker
0  -7.400000 1.700000 -2.944487  -0.371391 0.464238 -0.804084  0.406494 0.906352 0
0  -8.400000 2.598076 -1.500001  -0.371391 0.804083 -0.464240  0.385352 0.855794 0
0  -7.400000 2.944486 -1.700001  -0.371391 0.804084 -0.464238  0.414397 0.857548 0
seeker
0  -7.400000 2.944486 -1.700001  -0.371391 0.804084 -0.464238  0.414397 0.857548 0
0  -8.400000 3.000000 -0.000001  -0.371391 0.928477 -0.000002  0.378379 0.816394 0
0  -7.400000 3.400000 -0.000001  -0.371391 0.928477 -0.000000  0.406494 0.812895 0
seeker
0  -7.400000 3.400000 -0.000001  -0.371391 0.928477 -0.000000  0.413930 0.587501 0
0  -8.400000 2.598076 1.499999  -0.371391 0.804085 0.464236  0.385711 0.541249 0
0  -7.400000 2.944486 1.699999  -0.371391 0.804084 0.464238  0.413930 0.538076 0
seeker
0  -7.400000 2.944486 1.699999  -0.371391 0.804084 0.464238  0.880887 0.566856 0
0  -8.400000 1.500000 2.598075  -0.371391 0.464240 0.804083  0.860013 0.516265 0
0  -7.400000 1.700000 2.944486  -0.371391 0.464238 0.804084  0.888934 0.518075 0
seeker
0  -7.400000 1.700000 2.944486  -0.371391 0.464238 0.804084  0.888934 0.518075 0
0  -8.400000 0.000000 2.999999  -0.371391 0.000002 0.928476  0.852914 0.476786 0
0  -7.400001 0.000000 3.400000  -0.371391 0.000000 0.928476  0.880887 0.473332 0
seeker
0  -7.400001 0.000000 3.400000  -0.371391 0.000000 0.928476  0.227322 0.924148 0
0  -8.400000 -1.500000 2.598075  -0.371391 -0.464237 0.804085  0.255541 0.970400 0
0  -7.400000 -1.700000 2.944486  -0.371391 -0.464238 0.804084  0.227322 0.973573 0
seeker
0  -7.400000 -1.700000 2.944486  -0.371391 -0.464238 0.804084  0.229421 0.823812 0
0  -8.400000 -2.598076 1.499999  -0.371391 -0.804083 0.464240  0.256886 0.867813 0
0  -7.400000 -2.944486 1.699999  -0.371391 -0.804084 0.464238  0.227322 0.865960 0
seeker
0  -7.400000 -2.944486 1.699999  -0.371391 -0.804084 0.464238  0.227322 0.865960 0
0  -8.400000 -3.000000 -0.000001  -0.371391 -0.928477 0.000002  0.258738 0.911376 0
0  -7.400000 -3.400000 -0.000001  -0.371391 -0.928477 0.000000  0.229421 0.915331 0
seeker
0  -7.400000 -3.400000 -0.000001  -0.371391 -0.928477 0.000000  0.393954 0.394186 0
0  -8.400000 -2.598076 -1.500001  -0.371391 -0.804085 -0.464236  0.415824 0.439911 0
0  -7.400000 -2.944486 -1.700001  -0.371391 -0.804084 -0.464238  0.385711 0.437003 0
seeker
0  -7.400000 -2.944486 -1.700001  -0.371391 -0.804084 -0.464238  0.385711 0.437003 0
0  -8.400000 -1.500000 -2.598077  -0.371391 -0.464240 -0.804083  0.415824 0.483535 0
0  -7.400000 -1.700000 -2.944487  -0.371391 -0.464238 -0.804084  0.385711 0.486443 0
seeker
0  -7.400000 -1.700000 -2.944487  -0.371391 -0.464238 -0.804084  0.385711 0.486443 0
0  -8.400000 0.000000 -3.000001  -0.371390 -0.000002 -0.928477  0.423097 0.521314 0
0  -7.400000 0.000000 -3.400001  -0.371390 -0.000000 -0.928477  0.393954 0.529259 0
seeker
0  -8.400000 0.000000 -3.000001  -0.970142 0.000002 -0.242536  0.778357 0.738562 0
0  -8.600000 1.100000 -1.905257  -0.970142 0.121269 -0.210042  0.800772 0.700794 0
0  -8.400000 1.500000 -2.598077  -0.970142 0.121270 -0.210042  0.815871 0.716880 0
seeker
0  -8.400000 1.500000 -2.598077  -0.970142 0.121270 -0.210042  0.815871 0.716880 0
0  -8.600000 1.905256 -1.100001  -0.970142 0.210043 -0.121268  0.816655 0.673151 0
0  -8.400000 2.598076 -1.500001  -0.970142 0.210044 -0.121267  0.837530 0.679185 0
seeker
0  -8.400000 2.598076 -1.500001  -0.970142 0.210044 -0.121267  0.837530 0.679185 0
0  -8.600000 2.200000 -0.000001  -0.970142 0.242537 0.000001  0.816655 0.641172 0
0  -8.400000 3.000000 -0.000001  -0.970142 0.242537 0.000002  0.837530 0.635577 0
seeker
0  -8.400000 3.000000 -0.000001  -0.970142 0.242537 0.000002  0.837530 0.635577 0
0  -8.600000 1.905256 1.099999  -0.970142 0.210043 0.121269  0.800772 0.613425 0
0  -8.400000 2.598076 1.499999  -0.970142 0.210042 0.121270  0.815871 0.597741 0
seeker
0  -8.400000 2.598076 1.499999  -0.970142 0.210042 0.121270  0.815871 0.597741 0
0  -8.600000 1.100000 1.905255  -0.970142 0.121268 0.210043  0.773261 0.597346 0
0  -8.400000 1.500000 2.598075  -0.970142 0.121267 0.210044  0.778357 0.575814 0
seeker
0  -8.400000 1.500000 2.598075  -0.970142 0.121267 0.210044  0.778357 0.575814 0
0  -8.600000 0.000000 2.199999  -0.970142 -0.000001 0.242537  0.741495 0.597242 0
0  -8.400000 0.000000 2.999999  -0.970142 -0.000002 0.242537  0.735040 0.575673 0
seeker
0  -8.400000 0.000000 2.999999  -0.970142 -0.000002 0.242537  0.735040 0.575673 0
0  -8.600000 -1.100000 1.905255  -0.970142 -0.121269 0.210042  0.713985 0.613142 0
0  -8.400000 -1.500000 2.598075  -0.970142 -0.121270 0.210042  0.697526 0.597355 0
seeker
0  -8.400000 -1.500000 2.598075  -0.970142 -0.121270 0.210042  0.697526 0.597355 0
0  -8.600000 -1.905256 1.099999  -0.970142 -0.210043 0.121268  0.698102 0.640785 0
0  -8.400000 -2.598076 1.499999  -0.970142 -0.210043 0.121267  0.675867 0.635050 0
seeker
0  -8.400000 -2.598076 1.499999  -0.970142 -0.210043 0.121267  0.675867 0.635050 0
0  -8.600000 -2.200000 -0.000001  -0.970142 -0.242537 -0.000001  0.698102 0.672764 0
0  -8.400000 -3.000000 -0.000001  -0.970142 -0.242537 -0.000002  0.675867 0.678658 0
seeker
0  -8.400000 -3.000000 -0.000001  -0.970142 -0.242537 -0.000002  0.675867 0.678658 0
0  -8.600000 -1.905256 -1.100001  -0.970142 -0.210043 -0.121269  0.713985 0.700511 0
0  -8.400000 -2.598076 -1.500001  -0.970142 -0.210042 -0.121270  0.697526 0.716494 0
seeker
0  -8.400000 -2.598076 -1.500001  -0.970142 -0.210042 -0.121270  0.697526 0.716494 0
0  -8.600000 -1.100000 -1.905257  -0.970142 -0.121268 -0.210043  0.741495 0.716590 0
0  -8.400000 -1.500000 -2.598077  -0.970142 -0.121267 -0.210044  0.735040 0.738420 0
seeker
0  -8.400000 -1.500000 -2.598077  -0.970142 -0.121267 -0.210044  0.735040 0.738420 0
0  -8.600000 0.000000 -2.200001  -0.970142 0.000001 -0.242536  0.773261 0.716694 0
0  -8.400000 0.000000 -3.000001  -0.970142 0.000002 -0.242536  0.778357 0.738562 0
seeker
0  -8.600000 0.000000 -2.200001  0.000000 -0.000003 1.000000  0.948893 0.523333 0
0  -7.800000 1.100000 -1.905257  0.000000 -0.499998 0.866027  0.926414 0.491347 0
0  -8.600000 1.100000 -1.905257  0.000000 -0.500003 0.866024  0.948893 0.491353 0
seeker
0  -8.600000 1.100000 -1.905257  0.000000 -0.500003 0.866024  0.948893 0.491353 0
0  -7.800000 1.905256 -1.100001  0.000000 -0.866024 0.500003  0.926238 0.464053 0
0  -8.600000 1.905256 -1.100001  0.000000 -0.866027 0.499997  0.948717 0.464059 0
seeker
0  -8.600000 1.905256 -1.100001  0.000000 -0.866027 0.499997  0.400565 0.976203 0
0  -7.800000 2.200000 -0.000001  0.000000 -1.000000 0.000003  0.379714 0.943441 0
0  -8.600000 2.200000 -0.000001  0.000000 -1.000000 -0.000003  0.401901 0.944256 0
seeker
0  -8.600000 2.200000 -0.000001  0.000000 -1.000000 -0.000003  0.401901 0.944256 0
0  -7.800000 1.905256 1.099999  0.000000 -0.866027 -0.499997  0.378379 0.915170 0
0  -8.600000 1.905256 1.099999  0.000000 -0.866024 -0.500003  0.400565 0.915985 0
seeker
0  -8.600000 1.905256 1.099999  0.000000 -0.866024 -0.500003  0.500857 0.962346 0
0  -7.800000 1.100000 1.905255  0.000000 -0.500003 -0.866024  0.479662 0.930355 0
0  -8.600000 1.100000 1.905255  0.000000 -0.499997 -0.866027  0.500857 0.930355 0
seeker
0  -8.600000 1.100000 1.905255  0.000000 -0.499997 -0.866027  0.956104 0.575673 0
0  -7.800000 0.000000 2.200000  0.000000 -0.000003 -1.000000  0.978406 0.603778 0
0  -8.600000 0.000000 2.199999  0.000000 0.000003 -1.000000  0.955927 0.603772 0
seeker
0  -8.600000 0.000000 2.199999  0.000000 0.000003 -1.000000  0.955927 0.603772 0
0  -7.800000 -1.100000 1.905255  0.000000 0.499997 -0.866027  0.978406 0.635758 0
0  -8.600000 -1.100000 1.905255  0.000000 0.500002 -0.866024  0.955927 0.635752 0
seeker
0  -8.600000 -1.100000 1.905255  0.000000 0.500002 -0.866024  0.955927 0.635752 0
0  -7.800000 -1.905256 1.099999  0.000000 0.866024 -0.500003  0.978583 0.663052 0
0  -8.600000 -1.905256 1.099999  0.000000 0.866027 -0.499998  0.956104 0.663046 0
seeker
0  -8.600000 -1.905256 1.099999  0.000000 0.866027 -0.499998  0.944765 0.813116 0
0  -7.800000 -2.200000 -0.000001  0.000000 1.000000 -0.000004  0.967068 0.841220 0
0  -8.600000 -2.200000 -0.000001  0.000000 1.000000 0.000002  0.944588 0.841214 0
seeker
0  -8.600000 -2.200000 -0.000001  0.000000 1.000000 0.000002  0.944588 0.841214 0
0  -7.800000 -1.905256 -1.100001  0.000000 0.866027 0.499997  0.967068 0.873201 0
0  -8.600000 -1.905256 -1.100001  0.000000 0.866024 0.500003  0.944588 0.873195 0
seeker
0  -8.600000 -1.905256 -1.100001  0.000000 0.866024 0.500003  0.944588 0.873195 0
0  -7.800000 -1.100000 -1.905257  0.000000 0.500003 0.866024  0.967244 0.900495 0
0  -8.600000 -1.100000 -1.905257  0.000000 0.499997 0.866027  0.944765 0.900488 0
seeker
0  -8.600000 -1.100000 -1.905257  0.000000 0.499997 0.866027  0.948717 0.551432 0
0  -7.800000 0.000000 -2.200001  0.000000 0.000003 1.000000  0.926414 0.523327 0
0  -8.600000 0.000000 -2.200001  0.000000 -0.000003 1.000000  0.948893 0.523333 0
seeker
0  2.200001 0.000000 -5.600000  0.242537 0.000003 -0.970142  0.200131 0.895545 0
0  1.600000 2.875000 -4.979646  0.119810 0.496404 -0.859784  0.183317 0.812943 0
0  2.200001 2.800000 -4.849742  0.242536 0.485073 -0.840167  0.200131 0.814140 0
seeker
0  2.200001 2.800000 -4.849742  0.242536 0.485073 -0.840167  0.200131 0.814140 0
0  1.600000 4.979646 -2.875000  0.119809 0.859791 -0.496393  0.182855 0.741608 0
0  2.200000 4.849742 -2.800000  0.242535 0.840169 -0.485069  0.199682 0.744666 0
seeker
0  2.200000 4.849742 -2.800000  0.242535 0.840169 -0.485069  0.948880 0.441773 0
0  1.600000 5.750000 0.000000  0.119809 0.992797 0.000007  0.932308 0.371281 0
0  2.200000 5.600000 0.000000  0.242536 0.970142 0.000003  0.949119 0.370249 0
seeker
0  2.200000 5.600000 0.000000  0.242536 0.970142 0.000003  0.949119 0.370249 0
0  1.600000 4.979646 2.875000  0.119809 0.859784 0.496404  0.932062 0.287696 0
0  2.200000 4.849742 2.800000  0.242536 0.840167 0.485073  0.948880 0.288844 0
seeker
0  2.200000 4.849742 2.800000  0.242536 0.840167 0.485073  0.948880 0.288844 0
0  1.600000 2.875000 4.979646  0.119809 0.496392 0.859791  0.931391 0.216363 0
0  2.200000 2.800000 4.849742  0.242536 0.485069 0.840169  0.948226 0.219371 0
seeker
0  2.200000 2.800000 4.849742  0.242536 0.485069 0.840169  0.000239 0.744703 0
0  1.600000 0.000000 5.750000  0.119810 -0.000007 0.992797  0.016811 0.815195 0
0  2.200000 0.000000 5.600000  0.242537 -0.000002 0.970142  0.000000 0.816228 0
seeker
0  2.200000 0.000000 5.600000  0.242537 -0.000002 0.970142  0.000000 0.816228 0
0  1.600000 -2.875000 4.979646  0.119809 -0.496404 0.859784  0.017057 0.898780 0
0  2.200000 -2.800000 4.849742  0.242536 -0.485073 0.840167  0.000239 0.897632 0
seeker
0  2.200000 -2.800000 4.849742  0.242536 -0.485073 0.840167  0.000239 0.897632 0
0  1.600000 -4.979646 2.875000  0.119809 -0.859791 0.496393  0.017728 0.970114 0
0  2.200000 -4.849742 2.800000  0.242536 -0.840169 0.485069  0.000893 0.967105 0
seeker
0  2.200000 -4.849742 2.800000  0.242536 -0.840169 0.485069  0.846350 0.648348 0
0  1.600000 -5.750000 0.000000  0.119809 -0.992797 -0.000007  0.862361 0.730617 0
0  2.200000 -5.600000 0.000000  0.242536 -0.970142 -0.000002  0.846350 0.729738 0
seeker
0  2.200000 -5.600000 0.000000  0.242536 -0.970142 -0.000002  0.983763 0.216956 0
0  1.600000 -4.979646 -2.875000  0.119809 -0.859784 -0.496404  0.998255 0.299861 0
0  2.200000 -4.849742 -2.800000  0.242535 -0.840167 -0.485073  0.983763 0.298276 0
seeker
0  2.200000 -4.849742 -2.800000  0.242535 -0.840167 -0.485073  0.455791 0.759504 0
0  1.600000 -2.875000 -4.979646  0.119809 -0.496393 -0.859791  0.462929 0.842991 0
0  2.200001 -2.800000 -4.849742  0.242536 -0.485069 -0.840169  0.448545 0.840612 0
seeker
0  2.200001 -2.800000 -4.849742  0.242536 -0.485069 -0.840169  0.199682 0.967069 0
0  1.600001 0.000000 -5.750000  0.119810 0.000007 -0.992797  0.183317 0.896529 0
0  2.200001 0.000000 -5.600000  0.242537 0.000003 -0.970142  0.200131 0.895545 0
seeker
0  1.600001 0.000000 -5.750000  0.119810 0.000007 -0.992797  0.183317 0.896529 0
0  -0.600000 2.875000 -4.979646  -0.119809 0.496392 -0.859791  0.121499 0.812926 0
0  1.600000 2.875000 -4.979646  0.119810 0.496404 -0.859784  0.183317 0.812943 0
seeker
0  1.600000 2.875000 -4.979646  0.119810 0.496404 -0.859784  0.183317 0.812943 0
0  -0.600000 4.979646 -2.875000  -0.119809 0.859784 -0.496404  0.121038 0.741590 0
0  1.600000 4.979646 -2.875000  0.119809 0.859791 -0.496393  0.182855 0.741608 0
seeker
0  1.600000 4.979646 -2.875000  0.119809 0.859791 -0.496393  0.932062 0.444722 0
0  -0.600000 5.750000 -0.000000  -0.119809 0.992797 -0.000007  0.870490 0.371446 0
0  1.600000 5.750000 0.000000  0.119809 0.992797 0.000007  0.932308 0.371281 0
seeker
0  1.600000 5.750000 0.000000  0.119809 0.992797 0.000007  0.932308 0.371281 0
0  -0.600000 4.979646 2.875000  -0.119809 0.859791 0.496393  0.870245 0.287860 0
0  1.600000 4.979646 2.875000  0.119809 0.859784 0.496404  0.932062 0.287696 0
seeker
0  1.600000 4.979646 2.875000  0.119809 0.859784 0.496404  0.932062 0.287696 0
0  -0.600000 2.875000 4.979646  -0.119809 0.496404 0.859784  0.869574 0.216527 0
0  1.600000 2.875000 4.979646  0.119809 0.496392 0.859791  0.931391 0.216363 0
seeker
0  1.600000 2.875000 4.979646  0.119809 0.496392 0.859791  0.017057 0.741755 0
0  -0.600000 0.000000 5.750000  -0.119810 0.000007 0.992797  0.078629 0.815031 0
0  1.600000 0.000000 5.750000  0.119810 -0.000007 0.992797  0.016811 0.815195 0
seeker
0  1.600000 0.000000 5.750000  0.119810 -0.000007 0.992797  0.016811 0.815195 0
0  -0.600000 -2.875000 4.979646  -0.119809 -0.496392 0.859791  0.078874 0.898616 0
0  1.600000 -2.875000 4.979646  0.119809 -0.496404 0.859784  0.017057 0.898780 0
seeker
0  1.600000 -2.875000 4.979646  0.119809 -0.496404 0.859784  0.017057 0.898780 0
0  -0.600000 -4.979646 2.875000  -0.119809 -0.859784 0.496404  0.079545 0.969950 0
0  1.600000 -4.979646 2.875000  0.119809 -0.859791 0.496393  0.017728 0.970114 0
seeker
0  1.600000 -4.979646 2.875000  0.119809 -0.859791 0.496393  0.862361 0.647047 0
0  -0.600000 -5.750000 -0.000000  -0.119809 -0.992797 0.000007  0.923413 0.730309 0
0  1.600000 -5.750000 0.000000  0.119809 -0.992797 -0.000007  0.862361 0.730617 0
seeker
0  1.600000 -5.750000 0.000000  0.119809 -0.992797 -0.000007  0.862361 0.730617 0
0  -0.600000 -4.979646 -2.875000  -0.119809 -0.859791 -0.496393  0.929988 0.803991 0
0  1.600000 -4.979646 -2.875000  0.119809 -0.859784 -0.496404  0.868936 0.804299 0
seeker
0  1.600000 -4.979646 -2.875000  0.119809 -0.859784 -0.496404  0.470370 0.759711 0
0  -0.600000 -2.875000 -4.979646  -0.119809 -0.496404 -0.859784  0.520983 0.848175 0
0  1.600000 -2.875000 -4.979646  0.119809 -0.496393 -0.859791  0.462929 0.842991 0
seeker
0  1.600000 -2.875000 -4.979646  0.119809 -0.496393 -0.859791  0.182855 0.969968 0
0  -0.600000 0.000000 -5.750000  -0.119810 -0.000007 -0.992797  0.121499 0.896511 0
0  1.600001 0.000000 -5.750000  0.119810 0.000007 -0.992797  0.183317 0.896529 0
seeker
0  -0.600000 0.000000 -5.750000  -0.119810 -0.000007 -0.992797  0.121499 0.896511 0
0  -1.200000 2.800000 -4.849742  -0.242536 0.485069 -0.840169  0.104595 0.814114 0
0  -0.600000 2.875000 -4.979646  -0.119809 0.496392 -0.859791  0.121499 0.812926 0
seeker
0  -0.600000 2.875000 -4.979646  -0.119809 0.496392 -0.859791  0.368839 0.907424 0
0  -1.200000 4.849742 -2.800000  -0.242536 0.840167 -0.485073  0.352944 0.824902 0
0  -0.600000 4.979646 -2.875000  -0.119809 0.859784 -0.496404  0.368839 0.823812 0
seeker
0  -0.600000 4.979646 -2.875000  -0.119809 0.859784 -0.496404  0.870245 0.444886 0
0  -1.200000 5.600000 -0.000000  -0.242536 0.970142 -0.000002  0.853583 0.370503 0
0  -0.600000 5.750000 -0.000000  -0.119809 0.992797 -0.000007  0.870490 0.371446 0
seeker
0  -0.600000 5.750000 -0.000000  -0.119809 0.992797 -0.000007  0.870490 0.371446 0
0  -1.200000 4.849742 2.800000  -0.242536 0.840169 0.485069  0.853344 0.289098 0
0  -0.600000 4.979646 2.875000  -0.119809 0.859791 0.496393  0.870245 0.287860 0
seeker
0  -0.600000 4.979646 2.875000  -0.119809 0.859791 0.496393  0.991858 0.997418 0
0  -1.200000 2.800000 4.849742  -0.242536 0.485073 0.840167  0.976064 0.914904 0
0  -0.600000 2.875000 4.979646  -0.119809 0.496404 0.859784  0.991858 0.913806 0
seeker
0  -0.600000 2.875000 4.979646  -0.119809 0.496404 0.859784  0.078874 0.741590 0
0  -1.200001 0.000000 5.600000  -0.242536 0.000002 0.970142  0.095536 0.815974 0
0  -0.600000 0.000000 5.750000  -0.119810 0.000007 0.992797  0.078629 0.815031 0
seeker
0  -0.600000 0.000000 5.750000  -0.119810 0.000007 0.992797  0.078629 0.815031 0
0  -1.200000 -2.800000 4.849742  -0.242536 -0.485069 0.840169  0.095775 0.897378 0
0  -0.600000 -2.875000 4.979646  -0.119809 -0.496392 0.859791  0.078874 0.898616 0
seeker
0  -0.600000 -2.875000 4.979646  -0.119809 -0.496392 0.859791  0.929988 0.575673 0
0  -1.200000 -4.849742 2.800000  -0.242536 -0.840167 0.485073  0.940704 0.647872 0
0  -0.600000 -4.979646 2.875000  -0.119809 -0.859784 0.496404  0.923413 0.646739 0
seeker
0  -0.600000 -4.979646 2.875000  -0.119809 -0.859784 0.496404  0.923413 0.646739 0
0  -1.200000 -5.600000 -0.000000  -0.242536 -0.970142 0.000002  0.940704 0.729262 0
0  -0.600000 -5.750000 -0.000000  -0.119809 -0.992797 0.000007  0.923413 0.730309 0
seeker
0  -0.600000 -5.750000 -0.000000  -0.119809 -0.992797 0.000007  0.923413 0.730309 0
0  -1.200000 -4.849742 -2.800000  -0.242536 -0.840169 -0.485069  0.947107 0.801022 0
0  -0.600000 -4.979646 -2.875000  -0.119809 -0.859791 -0.496393  0.929988 0.803991 0
seeker
0  -0.600000 -4.979646 -2.875000  -0.119809 -0.859791 -0.496393  0.528424 0.764894 0
0  -1.200000 -2.800000 -4.849742  -0.242536 -0.485073 -0.840167  0.538265 0.848623 0
0  -0.600000 -2.875000 -4.979646  -0.119809 -0.496404 -0.859784  0.520983 0.848175 0
seeker
0  -0.600000 -2.875000 -4.979646  -0.119809 -0.496404 -0.859784  0.520983 0.848175 0
0  -1.200000 0.000000 -5.600000  -0.242537 -0.000002 -0.970142  0.545512 0.920072 0
0  -0.600000 0.000000 -5.750000  -0.119810 -0.000007 -0.992797  0.528424 0.921538 0
seeker
0  -3.500000 0.400001 6.600000  0.000000 1.000000 -0.000000  0.378379 0.789888 0
0  3.000000 0.400000 4.600000  0.000000 1.000000 -0.000000  0.433014 0.607449 0
0  -4.000000 0.400000 4.600000  0.000000 1.000000 -0.000000  0.433014 0.804078 0
seeker
0  -4.000000 -0.400000 4.600000  0.000000 -1.000000 0.000000  0.936897 0.194197 0
0  1.000000 -0.400000 6.600000  0.000000 -1.000000 0.000000  0.991621 0.053475 0
0  -3.500000 -0.400000 6.600000  0.000000 -1.000000 0.000000  0.991621 0.178316 0
seeker
0  -4.000000 0.400000 4.600000  0.000000 0.000000 -1.000000  0.216700 0.391166 0
0  3.000000 -0.400000 4.600000  0.000000 0.000000 -1.000000  0.194846 0.587736 0
0  -4.000000 -0.400000 4.600000  0.000000 0.000000 -1.000000  0.194846 0.391108 0
seeker
0  3.000000 0.400000 4.600000  0.707107 0.000000 0.707107  0.814329 0.988269 0
0  1.000000 -0.400000 6.600000  0.707107 0.000000 0.707107  0.836605 0.908922 0
0  3.000000 -0.400000 4.600000  0.707107 0.000000 0.707107  0.836605 0.988349 0
seeker
0  1.000000 0.400001 6.600000  0.000000 0.000000 1.000000  0.216700 0.596670 0
0  -3.500000 -0.400000 6.600000  0.000000 0.000000 1.000000  0.194846 0.723016 0
0  1.000000 -0.400000 6.600000  0.000000 0.000000 1.000000  0.194846 0.596611 0
seeker
0  -3.500000 0.400001 6.600000  -0.970142 0.000000 0.242536  0.470842 0.931028 0
0  -4.000000 -0.400000 4.600000  -0.970142 0.000000 0.242536  0.448545 0.986639 0
0  -3.500000 -0.400000 6.600000  -0.970143 0.000000 0.242536  0.448545 0.930355 0
seeker
0  4.007798 3.516141 -1.165976  0.668062 -0.521616 -0.530669  0.974943 0.324538 0
0  6.217354 6.351904 -1.171739  0.668062 -0.521616 -0.530669  0.957939 0.423897 0
0  4.339752 3.401388 -0.635281  0.668062 -0.521616 -0.530669  0.957939 0.325186 0
seeker
0  3.582645 3.848096 -0.828261  -0.521616 0.180318 -0.833908  0.439528 0.812895 0
0  5.885399 6.466658 -1.702435  -0.521616 0.180318 -0.833907  0.423217 0.911231 0
0  4.007798 3.516141 -1.165976  -0.521616 0.180318 -0.833908  0.423217 0.814615 0
seeker
0  3.914600 -3.733342 -0.297565  0.521616 0.180318 0.833908  0.975266 0.464621 0
0  6.217354 -6.351904 -1.171739  0.521616 0.180318 0.833908  0.957713 0.562066 0
0  4.339752 -3.401388 -0.635281  0.521616 0.180318 0.833908  0.957713 0.464053 0
seeker
0  5.885399 6.466658 -1.702435  0.530669 0.833908 -0.151619  0.896098 0.201149 0
0  5.792202 6.683858 -0.834024  0.530669 0.833908 -0.151619  0.878887 0.182959 0
0  6.217354 6.351904 -1.171739  0.530669 0.833908 -0.151619  0.896098 0.183322 0
seeker
0  4.339752 -3.401388 -0.635281  0.668062 0.521616 -0.530669  0.974943 0.217010 0
0  5.885399 -6.466658 -1.702435  0.668063 0.521616 -0.530668  0.957939 0.315074 0
0  4.007798 -3.516141 -1.165976  0.668062 0.521616 -0.530669  0.957939 0.216363 0
seeker
0  6.217354 -6.351904 -1.171739  0.530669 -0.833907 -0.151620  0.852856 0.183322 0
0  5.460247 -6.798612 -1.364719  0.530669 -0.833907 -0.151620  0.870067 0.200786 0
0  5.885399 -6.466658 -1.702435  0.530669 -0.833908 -0.151621  0.852856 0.201149 0
seeker
0  4.007798 -3.516141 -1.165976  -0.521616 -0.180318 -0.833908  0.785840 0.997880 0
0  5.460247 -6.798612 -1.364719  -0.521616 -0.180318 -0.833908  0.803169 0.912813 0
0  3.582645 -3.848096 -0.828261  -0.521616 -0.180318 -0.833908  0.803169 1.000000 0
seeker
0  3.582645 -3.848096 -0.828261  -0.668063 -0.521616 0.530668  0.666993 0.763988 0
0  5.792202 -6.683859 -0.834024  -0.668063 -0.521616 0.530668  0.652571 0.849509 0
0  3.914600 -3.733342 -0.297565  -0.668063 -0.521616 0.530668  0.652571 0.759504 0
seeker
0  3.914600 -3.733342 -0.297565  -0.530669 0.833908 0.151620  0.904918 0.184840 0
0  4.007798 -3.516141 -1.165976  -0.530669 0.833908 0.151620  0.921062 0.200293 0
0  3.582645 -3.848096 -0.828261  -0.530669 0.833908 0.151619  0.904918 0.202174 0
seeker
0  4.339752 3.401388 -0.635281  0.521617 -0.180318 0.833907  0.993923 0.813116 0
0  5.792202 6.683858 -0.834024  0.521616 -0.180318 0.833908  0.976064 0.904988 0
0  3.914600 3.733342 -0.297565  0.521617 -0.180318 0.833907  0.976064 0.813483 0
seeker
0  3.914600 3.733342 -0.297565  -0.668063 0.521616 0.530668  0.973793 0.671869 0
0  5.460247 6.798612 -1.364719  -0.668062 0.521616 0.530669  0.955927 0.771165 0
0  3.582645 3.848096 -0.828261  -0.668063 0.521617 0.530668  0.955927 0.671911 0
seeker
0  4.339752 3.401388 -0.635281  -0.530669 -0.833908 0.151620  0.826923 0.200135 0
0  3.582645 3.848096 -0.828261  -0.530669 -0.833908 0.151620  0.844036 0.184398 0
0  4.007798 3.516141 -1.165976  -0.530669 -0.833908 0.151619  0.844036 0.201574 0
seeker_glow
0  -7.800000 0.000000 -2.200001  -0.995893 -0.000000 0.090536  0.500000 -0.000000 0
0  -7.600000 0.000000 -0.000001  -1.000000 -0.000000 0.000000  0.500000 0.500000 0
0  -7.800000 1.100000 -1.905257  -0.995893 -0.045268 0.078406  0.750000 0.066987 0
seeker_glow
0  -7.800000 1.100000 -1.905257  -0.995893 -0.045268 0.078406  0.750000 0.066987 0
0  -7.600000 0.000000 -0.000001  -1.000000 -0.000000 0.000000  0.500000 0.500000 0
0  -7.800000 1.905256 -1.100001  -0.995893 -0.078406 0.045268  0.933013 0.250000 0
seeker_glow
0  -7.800000 1.905256 -1.100001  -0.995893 -0.078406 0.045268  0.933013 0.250000 0
0  -7.600000 0.000000 -0.000001  -1.000000 -0.000000 0.000000  0.500000 0.500000 0
0  -7.800000 2.200000 -0.000001  -0.995893 -0.090536 0.000000  1.000000 0.500000 0
seeker_glow
0  -7.800000 2.200000 -0.000001  -0.995893 -0.090536 0.000000  1.000000 0.500000 0
0  -7.600000 0.000000 -0.000001  -1.000000 -0.000000 0.000000  0.500000 0.500000 0
0  -7.800000 1.905256 1.099999  -0.995893 -0.078406 -0.045268  0.933013 0.750000 0
seeker_glow
0  -7.800000 1.905256 1.099999  -0.995893 -0.078406 -0.045268  0.933013 0.750000 0
0  -7.600000 0.000000 -0.000001  -1.000000 -0.000000 0.000000  0.500000 0.500000 0
0  -7.800000 1.100000 1.905255  -0.995893 -0.045268 -0.078406  0.750000 0.933013 0
seeker_glow
0  -7.800000 1.100000 1.905255  -0.995893 -0.045268 -0.078406  0.750000 0.933013 0
0  -7.600000 0.000000 -0.000001  -1.000000 -0.000000 0.000000  0.500000 0.500000 0
0  -7.800000 0.000000 2.200000  -0.995893 0.000000 -0.090536  0.500000 1.000000 0
seeker_glow
0  -7.800000 0.000000 2.200000  -0.995893 0.000000 -0.090536  0.500000 1.000000 0
0  -7.600000 0.000000 -0.000001  -1.000000 -0.000000 0.000000  0.500000 0.500000 0
0  -7.800000 -1.100000 1.905255  -0.995893 0.045269 -0.078406  0.250000 0.933013 0
seeker_glow
0  -7.800000 -1.100000 1.905255  -0.995893 0.045269 -0.078406  0.250000 0.933013 0
0  -7.600000 0.000000 -0.000001  -1.000000 -0.000000 0.000000  0.500000 0.500000 0
0  -7.800000 -1.905256 1.099999  -0.995893 0.078406 -0.045268  0.066987 0.750000 0
seeker_glow
0  -7.800000 -1.905256 1.099999  -0.995893 0.078406 -0.045268  0.066987 0.750000 0
0  -7.600000 0.000000 -0.000001  -1.000000 -0.000000 0.000000  0.500000 0.500000 0
0  -7.800000 -2.200000 -0.000001  -0.995893 0.090535 -0.000000  -0.000000 0.500000 0
seeker_glow
0  -7.800000 -2.200000 -0.000001  -0.995893 0.090535 -0.000000  -0.000000 0.500000 0
0  -7.600000 0.000000 -0.000001  -1.000000 -0.000000 0.000000  0.500000 0.500000 0
0  -7.800000 -1.905256 -1.100001  -0.995893 0.078406 0.045268  0.066987 0.250000 0
seeker_glow
0  -7.800000 -1.905256 -1.100001  -0.995893 0.078406 0.045268  0.066987 0.250000 0
0  -7.600000 0.000000 -0.000001  -1.000000 -0.000000 0.000000  0.500000 0.500000 0
0  -7.800000 -1.100000 -1.905257  -0.995893 0.045267 0.078406  0.250000 0.066987 0
seeker_glow
0  -7.800000 -1.100000 -1.905257  -0.995893 0.045267 0.078406  0.250000 0.066987 0
0  -7.600000 0.000000 -0.000001  -1.000000 -0.000000 0.000000  0.500000 0.500000 0
0  -7.800000 0.000000 -2.200001  -0.995893 -0.000000 0.090536  0.500000 -0.000000 0
seeker
0  7.400000 0.000000 -2.900000  0.759257 0.000003 -0.650791  0.369559 0.782654 0
0  6.200000 0.000000 -4.300000  0.567558 0.000003 -0.823333  0.332238 0.814995 0
0  6.200000 2.150000 -3.723909  0.567558 0.411669 -0.713026  0.299724 0.774920 0
seeker
0  7.400000 1.450000 -2.511473  0.759256 0.325398 -0.563601  0.347631 0.755627 0
0  6.200000 2.150000 -3.723909  0.567558 0.411669 -0.713026  0.299724 0.774920 0
0  6.200000 3.723909 -2.150000  0.567558 0.713029 -0.411664  0.287824 0.716392 0
seeker
0  7.400000 2.511474 -1.449999  0.759257 0.563603 -0.325394  0.339604 0.716155 0
0  6.200000 3.723909 -2.150000  0.567558 0.713029 -0.411664  0.287824 0.716392 0
0  6.200000 4.300000 0.000000  0.567558 0.823333 0.000003  0.299724 0.655094 0
seeker
0  7.400000 2.900000 0.000001  0.759256 0.650792 0.000002  0.347631 0.674814 0
0  6.200000 4.300000 0.000000  0.567558 0.823333 0.000003  0.299724 0.655094 0
0  6.200000 3.723909 2.150001  0.567558 0.713026 0.411669  0.332238 0.607449 0
seeker
0  7.400000 2.511474 1.450001  0.759257 0.563600 0.325398  0.227322 0.501180 0
0  6.200000 3.723909 2.150001  0.567558 0.713026 0.411669  0.228178 0.449767 0
0  6.199999 2.150000 3.723910  0.567558 0.411664 0.713029  0.284910 0.460149 0
seeker
0  7.400000 1.450000 2.511474  0.759256 0.325393 0.563603  0.265583 0.508181 0
0  6.199999 2.150000 3.723910  0.567558 0.411664 0.713029  0.284910 0.460149 0
0  6.199999 0.000000 4.300001  0.567558 -0.000003 0.823333  0.337102 0.494484 0
seeker
0  7.400000 0.000000 2.900001  0.759256 -0.000002 0.650792  0.300783 0.531338 0
0  6.199999 0.000000 4.300001  0.567558 -0.000003 0.823333  0.337102 0.494484 0
0  6.199999 -2.150000 3.723910  0.567558 -0.411669 0.713026  0.370770 0.543575 0
seeker
0  7.400000 -1.450000 2.511474  0.759256 -0.325398 0.563601  0.323489 0.564445 0
0  6.199999 -2.150000 3.723910  0.567558 -0.411669 0.713026  0.370770 0.543575 0
0  6.200000 -3.723909 2.150001  0.567558 -0.713029 0.411664  0.376891 0.594266 0
seeker
0  7.400000 -2.511474 1.450001  0.759257 -0.563603 0.325394  0.675867 0.035233 0
0  6.200000 -3.723909 2.150001  0.567558 -0.713029 0.411664  0.713187 0.000000 0
0  6.200000 -4.300000 0.000000  0.567558 -0.823333 -0.000003  0.745701 0.047645 0
seeker
0  7.400000 -2.900000 0.000001  0.759257 -0.650791 -0.000002  0.697795 0.067365 0
0  6.200000 -4.300000 0.000000  0.567558 -0.823333 -0.000003  0.745701 0.047645 0
0  6.200000 -3.723909 -2.150000  0.567558 -0.713026 -0.411669  0.757602 0.108943 0
seeker
0  7.400000 -2.511474 -1.449999  0.759256 -0.563601 -0.325398  0.705821 0.108706 0
0  6.200000 -3.723909 -2.150000  0.567558 -0.713026 -0.411669  0.757602 0.108943 0
0  6.200000 -2.150000 -3.723909  0.567558 -0.411664 -0.713029  0.745701 0.167471 0
seeker
0  7.400000 -1.450000 -2.511473  0.759257 -0.325394 -0.563603  0.697795 0.148178 0
0  6.200000 -2.150000 -3.723909  0.567558 -0.411664 -0.713029  0.745701 0.167471 0
0  6.200000 0.000000 -4.300000  0.567558 0.000003 -0.823333  0.713187 0.207545 0
seeker
0  6.200000 0.000000 -4.300000  0.567558 0.000003 -0.823333  0.526678 0.750687 0
0  4.000000 0.000000 -5.199999  0.236201 0.000003 -0.971704  0.520767 0.689159 0
0  4.000000 2.600000 -4.503332  0.236201 0.485855 -0.841519  0.596381 0.689159 0
seeker
0  6.200000 2.150000 -3.723909  0.567558 0.411669 -0.713026  0.299724 0.774920 0
0  4.000000 2.600000 -4.503332  0.236201 0.485855 -0.841519  0.241714 0.783597 0
0  4.000000 4.503332 -2.600000  0.236201 0.841522 -0.485849  0.227322 0.712819 0
seeker
0  6.200000 3.723909 -2.150000  0.567558 0.713029 -0.411664  0.287824 0.716392 0
0  4.000000 4.503332 -2.600000  0.236201 0.841522 -0.485849  0.227322 0.712819 0
0  4.000000 5.200000 0.000000  0.236201 0.971704 0.000003  0.241714 0.638691 0
seeker
0  6.200000 4.300000 0.000000  0.567558 0.823333 0.000003  0.588913 0.000000 0
0  4.000000 5.200000 0.000000  0.236201 0.971704 0.000003  0.594825 0.061528 0
0  4.000000 4.503332 2.600000  0.236201 0.841519 0.485855  0.519210 0.061528 0
seeker
0  6.200000 3.723909 2.150001  0.567558 0.713026 0.411669  0.228178 0.449767 0
0  4.000000 4.503332 2.600000  0.236201 0.841519 0.485855  0.245169 0.394186 0
0  4.000000 2.600000 4.503333  0.236201 0.485849 0.841522  0.313775 0.406740 0
seeker
0  6.199999 2.150000 3.723910  0.567558 0.411664 0.713029  0.284910 0.460149 0
0  4.000000 2.600000 4.503333  0.236201 0.485849 0.841522  0.313775 0.406740 0
0  4.000000 0.000000 5.200000  0.236201 -0.000003 0.971704  0.376891 0.448262 0
seeker
0  6.199999 0.000000 4.300001  0.567558 -0.000003 0.823333  0.140369 0.000000 0
0  4.000000 0.000000 5.200000  0.236201 -0.000003 0.971704  0.146280 0.061528 0
0  4.000000 -2.600000 4.503333  0.236201 -0.485855 0.841519  0.070665 0.061528 0
seeker
0  6.199999 -2.150000 3.723910  0.567558 -0.411669 0.713026  0.077841 0.000000 0
0  4.000000 -2.600000 4.503333  0.236201 -0.485855 0.841519  0.070665 0.061528 0
0  4.000000 -4.503332 2.600000  0.236201 -0.841522 0.485849  0.006133 0.061945 0
seeker
0  6.200000 -3.723909 2.150001  0.567558 -0.713029 0.411664  0.271541 0.376672 0
0  4.000000 -4.503332 2.600000  0.236201 -0.841522 0.485849  0.271962 0.318976 0
0  4.000000 -5.200000 0.000000  0.236201 -0.971704 -0.000003  0.346827 0.329494 0
seeker
0  6.200000 -4.300000 0.000000  0.567558 -0.823333 -0.000003  0.745701 0.047645 0
0  4.000000 -5.200000 0.000000  0.236201 -0.971704 -0.000003  0.803712 0.031242 0
0  4.000000 -4.503332 -2.600000  0.236201 -0.841519 -0.485855  0.818103 0.105370 0
seeker
0  6.200000 -3.723909 -2.150000  0.567558 -0.713026 -0.411669  0.757602 0.108943 0
0  4.000000 -4.503332 -2.600000  0.236201 -0.841519 -0.485855  0.818103 0.105370 0
0  4.000000 -2.600000 -4.503332  0.236201 -0.485849 -0.841522  0.803712 0.176148 0
seeker
0  6.200000 -2.150000 -3.723909  0.567558 -0.411664 -0.713029  0.471741 0.750342 0
0  4.000000 -2.600000 -4.503332  0.236201 -0.485849 -0.841522  0.454330 0.688742 0
0  4.000000 0.000000 -5.199999  0.236201 0.000003 -0.971704  0.520767 0.689159 0
seeker
0  4.000000 0.000000 -5.199999  0.236201 0.000003 -0.971704  0.520767 0.689159 0
0  1.000000 0.000000 -5.500000  0.032811 0.000001 -0.999462  0.518814 0.604979 0
0  1.000000 2.750000 -4.763140  0.032811 0.499732 -0.865559  0.598791 0.604979 0
seeker
0  4.000000 2.600000 -4.503332  0.236201 0.485855 -0.841519  0.596381 0.689159 0
0  1.000000 2.750000 -4.763140  0.032811 0.499732 -0.865559  0.598791 0.604979 0
0  1.000000 4.763140 -2.750000  0.032811 0.865560 -0.499730  0.667047 0.604538 0
seeker
0  4.000000 4.503332 -2.600000  0.236201 0.841522 -0.485849  0.661261 0.061945 0
0  1.000000 4.763140 -2.750000  0.032811 0.865560 -0.499730  0.667047 0.146149 0
0  1.000000 5.500000 0.000000  0.032811 0.999462 0.000001  0.596778 0.145708 0
seeker
0  4.000000 5.200000 0.000000  0.236201 0.971704 0.000003  0.594825 0.061528 0
0  1.000000 5.500000 0.000000  0.032811 0.999462 0.000001  0.596778 0.145708 0
0  1.000000 4.763140 2.750000  0.032811 0.865559 0.499731  0.516801 0.145708 0
seeker
0  4.000000 4.503332 2.600000  0.236201 0.841519 0.485855  0.519210 0.061528 0
0  1.000000 4.763140 2.750000  0.032811 0.865559 0.499731  0.516801 0.145708 0
0  1.000000 2.750000 4.763140  0.032811 0.499730 0.865560  0.448545 0.146149 0
seeker
0  4.000000 2.600000 4.503333  0.236201 0.485849 0.841522  0.212716 0.061945 0
0  1.000000 2.750000 4.763140  0.032811 0.499730 0.865560  0.218502 0.146149 0
0  1.000000 0.000000 5.500000  0.032811 -0.000001 0.999462  0.148233 0.145708 0
seeker
0  4.000000 0.000000 5.200000  0.236201 -0.000003 0.971704  0.146280 0.061528 0
0  1.000000 0.000000 5.500000  0.032811 -0.000001 0.999462  0.148233 0.145708 0
0  1.000000 -2.750000 4.763140  0.032811 -0.499732 0.865559  0.068256 0.145708 0
seeker
0  4.000000 -2.600000 4.503333  0.236201 -0.485855 0.841519  0.070665 0.061528 0
0  1.000000 -2.750000 4.763140  0.032811 -0.499732 0.865559  0.068256 0.145708 0
0  1.000000 -4.763140 2.750000  0.032811 -0.865560 0.499730  0.000000 0.146149 0
seeker
0  4.000000 -4.503332 2.600000  0.236201 -0.841522 0.485849  0.271962 0.318976 0
0  1.000000 -4.763140 2.750000  0.032811 -0.865560 0.499730  0.280542 0.237430 0
0  1.000000 -5.500000 0.000000  0.032811 -0.999462 -0.000001  0.359726 0.248554 0
seeker
0  4.000000 -5.200000 0.000000  0.236201 -0.971704 -0.000003  0.346827 0.329494 0
0  1.000000 -5.500000 0.000000  0.032811 -0.999462 -0.000001  0.359726 0.248554 0
0  1.000000 -4.763140 -2.750000  0.032811 -0.865559 -0.499732  0.430417 0.252136 0
seeker
0  4.000000 -4.503332 -2.600000  0.236201 -0.841519 -0.485855  0.000000 0.716044 0
0  1.000000 -4.763140 -2.750000  0.032811 -0.865559 -0.499732  0.014857 0.640722 0
0  1.000000 -2.750000 -4.763140  0.032811 -0.499730 -0.865560  0.092877 0.658417 0
seeker
0  4.000000 -2.600000 -4.503332  0.236201 -0.485849 -0.841522  0.454330 0.688742 0
0  1.000000 -2.750000 -4.763140  0.032811 -0.499730 -0.865560  0.448545 0.604538 0
0  1.000000 0.000000 -5.500000  0.032811 0.000001 -0.999462  0.518814 0.604979 0
seeker
0  1.000000 0.000000 -5.500000  0.032811 0.000001 -0.999462  0.518814 0.604979 0
0  -2.000000 0.000000 -5.400000  -0.113589 -0.000003 -0.993528  0.519496 0.520680 0
0  -2.000000 2.700000 -4.676537  -0.113589 0.496761 -0.860422  0.598019 0.520680 0
seeker
0  1.000000 2.750000 -4.763140  0.032811 0.499732 -0.865559  0.598791 0.604979 0
0  -2.000000 2.700000 -4.676537  -0.113589 0.496761 -0.860422  0.598019 0.520680 0
0  -2.000000 4.676537 -2.700000  -0.113589 0.860419 -0.496766  0.665034 0.520247 0
seeker
0  1.000000 4.763140 -2.750000  0.032811 0.865560 -0.499730  0.667047 0.146149 0
0  -2.000000 4.676537 -2.700000  -0.113589 0.860419 -0.496766  0.665087 0.230440 0
0  -2.000000 5.400000 -0.000000  -0.113589 0.993528 -0.000003  0.596096 0.230007 0
seeker
0  1.000000 5.500000 0.000000  0.032811 0.999462 0.000001  0.596778 0.145708 0
0  -2.000000 5.400000 -0.000000  -0.113589 0.993528 -0.000003  0.596096 0.230007 0
0  -2.000000 4.676537 2.700000  -0.113589 0.860422 0.496761  0.517573 0.230007 0
seeker
0  1.000000 4.763140 2.750000  0.032811 0.865559 0.499731  0.516801 0.145708 0
0  -2.000000 4.676537 2.700000  -0.113589 0.860422 0.496761  0.517573 0.230007 0
0  -2.000000 2.700000 4.676537  -0.113589 0.496767 0.860419  0.450558 0.230440 0
seeker
0  1.000000 2.750000 4.763140  0.032811 0.499730 0.865560  0.218502 0.146149 0
0  -2.000000 2.700000 4.676537  -0.113589 0.496767 0.860419  0.216542 0.230440 0
0  -2.000000 0.000000 5.400000  -0.113589 0.000003 0.993528  0.147551 0.230007 0
seeker
0  1.000000 0.000000 5.500000  0.032811 -0.000001 0.999462  0.148233 0.145708 0
0  -2.000000 0.000000 5.400000  -0.113589 0.000003 0.993528  0.147551 0.230007 0
0  -2.000000 -2.700000 4.676537  -0.113589 -0.496761 0.860422  0.069028 0.230007 0
seeker
0  1.000000 -2.750000 4.763140  0.032811 -0.499732 0.865559  0.068256 0.145708 0
0  -2.000000 -2.700000 4.676537  -0.113589 -0.496761 0.860422  0.069028 0.230007 0
0  -2.000000 -4.676537 2.700000  -0.113589 -0.860419 0.496766  0.002013 0.230440 0
seeker
0  1.000000 -4.763140 2.750000  0.032811 -0.865560 0.499730  0.280542 0.237430 0
0  -2.000000 -4.676537 2.700000  -0.113589 -0.860419 0.496766  0.292575 0.154645 0
0  -2.000000 -5.400000 -0.000000  -0.113589 -0.993528 0.000003  0.370320 0.165567 0
seeker
0  1.000000 -5.500000 0.000000  0.032811 -0.999462 -0.000001  0.359726 0.248554 0
0  -2.000000 -5.400000 -0.000000  -0.113589 -0.993528 0.000003  0.370320 0.165567 0
0  -2.000000 -4.676537 -2.700000  -0.113589 -0.860422 -0.496761  0.439725 0.169084 0
seeker
0  1.000000 -4.763140 -2.750000  0.032811 -0.865559 -0.499732  0.014857 0.640722 0
0  -2.000000 -4.676537 -2.700000  -0.113589 -0.860422 -0.496761  0.033351 0.562515 0
0  -2.000000 -2.700000 -4.676537  -0.113589 -0.496766 -0.860419  0.109953 0.579888 0
seeker
0  1.000000 -2.750000 -4.763140  0.032811 -0.499730 -0.865560  0.448545 0.604538 0
0  -2.000000 -2.700000 -4.676537  -0.113589 -0.496766 -0.860419  0.450504 0.520247 0
0  -2.000000 0.000000 -5.400000  -0.113589 -0.000003 -0.993528  0.519496 0.520680 0
seeker
0  -2.000000 0.000000 -5.400000  -0.113589 -0.000003 -0.993528  0.519496 0.520680 0
0  -5.000000 0.000000 -4.800001  -0.318008 -0.000004 -0.948088  0.523472 0.436231 0
0  -5.000000 2.400000 -4.156922  -0.318008 0.474041 -0.821070  0.593270 0.436231 0
seeker
0  -2.000000 2.700000 -4.676537  -0.113589 0.496761 -0.860422  0.844524 0.350970 0
0  -5.000000 2.400000 -4.156922  -0.318008 0.474041 -0.821070  0.767506 0.346607 0
0  -5.000000 4.156922 -2.400001  -0.318008 0.821067 -0.474047  0.767506 0.276809 0
seeker
0  -2.000000 4.676537 -2.700000  -0.113589 0.860419 -0.496766  0.665087 0.230440 0
0  -5.000000 4.156922 -2.400001  -0.318008 0.821067 -0.474047  0.653445 0.314841 0
0  -5.000000 4.800000 -0.000000  -0.318008 0.948088 -0.000003  0.592120 0.314456 0
seeker
0  -2.000000 5.400000 -0.000000  -0.113589 0.993528 -0.000003  0.596096 0.230007 0
0  -5.000000 4.800000 -0.000000  -0.318008 0.948088 -0.000003  0.592120 0.314456 0
0  -5.000000 4.156922 2.400000  -0.318008 0.821070 0.474041  0.522321 0.314456 0
seeker
0  -2.000000 4.676537 2.700000  -0.113589 0.860422 0.496761  0.844094 0.530602 0
0  -5.000000 4.156922 2.400000  -0.318008 0.821070 0.474041  0.767630 0.526282 0
0  -5.000000 2.400000 4.156921  -0.318008 0.474047 0.821067  0.767630 0.456485 0
seeker
0  -2.000000 2.700000 4.676537  -0.113589 0.496767 0.860419  0.216542 0.230440 0
0  -5.000000 2.400000 4.156921  -0.318008 0.474047 0.821067  0.204901 0.314841 0
0  -5.000000 0.000000 4.800000  -0.318008 0.000004 0.948088  0.143575 0.314456 0
seeker
0  -2.000000 0.000000 5.400000  -0.113589 0.000003 0.993528  0.147551 0.230007 0
0  -5.000000 0.000000 4.800000  -0.318008 0.000004 0.948088  0.143575 0.314456 0
0  -5.000000 -2.400000 4.156921  -0.318008 -0.474041 0.821070  0.073777 0.314456 0
seeker
0  -2.000000 -2.700000 4.676537  -0.113589 -0.496761 0.860422  0.227322 0.139245 0
0  -5.000000 -2.400000 4.156921  -0.318008 -0.474041 0.821070  0.250922 0.056624 0
0  -5.000000 -4.156922 2.400000  -0.318008 -0.821067 0.474047  0.308925 0.070313 0
seeker
0  -2.000000 -4.676537 2.700000  -0.113589 -0.860419 0.496766  0.292575 0.154645 0
0  -5.000000 -4.156922 2.400000  -0.318008 -0.821067 0.474047  0.308925 0.070313 0
0  -5.000000 -4.800000 -0.000000  -0.318008 -0.948088 0.000004  0.378031 0.080022 0
seeker
0  -2.000000 -5.400000 -0.000000  -0.113589 -0.993528 0.000003  0.370320 0.165567 0
0  -5.000000 -4.800000 -0.000000  -0.318008 -0.948088 0.000004  0.378031 0.080022 0
0  -5.000000 -4.156922 -2.400001  -0.318008 -0.821070 -0.474041  0.439725 0.083148 0
seeker
0  -2.000000 -4.676537 -2.700000  -0.113589 -0.860422 -0.496761  0.033351 0.562515 0
0  -5.000000 -4.156922 -2.400001  -0.318008 -0.821070 -0.474041  0.056393 0.480702 0
0  -5.000000 -2.400000 -4.156922  -0.318008 -0.474047 -0.821067  0.124483 0.496145 0
seeker
0  -2.000000 -2.700000 -4.676537  -0.113589 -0.496766 -0.860419  0.109953 0.579888 0
0  -5.000000 -2.400000 -4.156922  -0.318008 -0.474047 -0.821067  0.124483 0.496145 0
0  -5.000000 0.000000 -4.800001  -0.318008 -0.000004 -0.948088  0.186026 0.498174 0
seeker
0  -5.000000 0.000000 -4.800001  -0.318008 -0.000004 -0.948088  0.523472 0.436231 0
0  -7.000000 0.000000 -3.800000  -0.572463 -0.000007 -0.819931  0.530075 0.379752 0
0  -7.000000 1.900000 -3.290897  -0.572462 0.409959 -0.710085  0.585332 0.379752 0
seeker
0  -5.000000 2.400000 -4.156922  -0.318008 0.474041 -0.821070  0.767506 0.346607 0
0  -7.000000 1.900000 -3.290897  -0.572462 0.409959 -0.710085  0.706322 0.339337 0
0  -7.000000 3.290896 -1.900000  -0.572462 0.710077 -0.409972  0.706322 0.284080 0
seeker
0  -5.000000 4.156922 -2.400001  -0.318008 0.821067 -0.474047  0.767506 0.276809 0
0  -7.000000 3.290896 -1.900000  -0.572462 0.710077 -0.409972  0.706322 0.284080 0
0  -7.000000 3.800000 -0.000001  -0.572463 0.819931 -0.000007  0.689626 0.236226 0
seeker
0  -5.000000 4.800000 -0.000000  -0.318008 0.948088 -0.000003  0.592120 0.314456 0
0  -7.000000 3.800000 -0.000001  -0.572463 0.819931 -0.000007  0.585517 0.370935 0
0  -7.000000 3.290896 1.899999  -0.572463 0.710084 0.409959  0.530259 0.370935 0
seeker
0  -5.000000 4.156922 2.400000  -0.318008 0.821070 0.474041  0.767630 0.526282 0
0  -7.000000 3.290896 1.899999  -0.572463 0.710084 0.409959  0.706629 0.519026 0
0  -7.000000 1.900000 3.290896  -0.572463 0.409972 0.710077  0.706629 0.463770 0
seeker
0  -5.000000 2.400000 4.156921  -0.318008 0.474047 0.821067  0.767630 0.456485 0
0  -7.000000 1.900000 3.290896  -0.572463 0.409972 0.710077  0.706629 0.463770 0
0  -7.000000 0.000000 3.799999  -0.572463 0.000007 0.819931  0.689618 0.415892 0
seeker
0  -5.000000 0.000000 4.800000  -0.318008 0.000004 0.948088  0.143575 0.314456 0
0  -7.000000 0.000000 3.799999  -0.572463 0.000007 0.819931  0.136972 0.370935 0
0  -7.000000 -1.900000 3.290896  -0.572463 -0.409959 0.710084  0.081715 0.370935 0
seeker
0  -5.000000 -2.400000 4.156921  -0.318008 -0.474041 0.821070  0.250922 0.056624 0
0  -7.000000 -1.900000 3.290896  -0.572463 -0.409959 0.710084  0.279086 0.001397 0
0  -7.000000 -3.290896 1.899999  -0.572462 -0.710078 0.409971  0.325005 0.012235 0
seeker
0  -5.000000 -4.156922 2.400000  -0.318008 -0.821067 0.474047  0.308925 0.070313 0
0  -7.000000 -3.290896 1.899999  -0.572462 -0.710078 0.409971  0.325005 0.012235 0
0  -7.000000 -3.800000 -0.000001  -0.572463 -0.819931 0.000007  0.379714 0.019921 0
seeker
0  -5.000000 -4.800000 -0.000000  -0.318008 -0.948088 0.000004  0.000000 0.455983 0
0  -7.000000 -3.800000 -0.000001  -0.572463 -0.819931 0.000007  0.032567 0.402264 0
0  -7.000000 -3.290896 -1.900000  -0.572463 -0.710084 -0.409959  0.077211 0.421833 0
seeker
0  -5.000000 -4.156922 -2.400001  -0.318008 -0.821070 -0.474041  0.056393 0.480702 0
0  -7.000000 -3.290896 -1.900000  -0.572463 -0.710084 -0.409959  0.077211 0.421833 0
0  -7.000000 -1.900000 -3.290897  -0.572463 -0.409971 -0.710078  0.131116 0.434059 0
seeker
0  -5.000000 -2.400000 -4.156922  -0.318008 -0.474047 -0.821067  0.124483 0.496145 0
0  -7.000000 -1.900000 -3.290897  -0.572463 -0.409971 -0.710078  0.131116 0.434059 0
0  -7.000000 0.000000 -3.800000  -0.572463 -0.000007 -0.819931  0.179837 0.435665 0
seeker
0  -7.000000 0.000000 -3.800000  -0.572463 -0.000007 -0.819931  0.689626 0.387190 0
0  -7.400000 0.000000 -3.400001  -0.707107 -0.000001 -0.707107  0.675867 0.379245 0
0  -7.400000 1.700000 -2.944487  -0.707106 0.353553 -0.612373  0.690806 0.336428 0
seeker
0  -7.000000 1.900000 -3.290897  -0.572462 0.409959 -0.710085  0.706322 0.339337 0
0  -7.400000 1.700000 -2.944487  -0.707106 0.353553 -0.612373  0.690806 0.336428 0
0  -7.400000 2.944486 -1.700001  -0.707106 0.612373 -0.353554  0.690806 0.286988 0
seeker
0  -7.000000 3.290896 -1.900000  -0.572462 0.710077 -0.409972  0.706322 0.284080 0
0  -7.400000 2.944486 -1.700001  -0.707106 0.612373 -0.353554  0.690806 0.286988 0
0  -7.400000 3.400000 -0.000001  -0.707106 0.707107 -0.000001  0.675867 0.244172 0
seeker
0  -7.000000 3.800000 -0.000001  -0.572463 0.819931 -0.000007  0.689618 0.566856 0
0  -7.400000 3.400000 -0.000001  -0.707106 0.707107 -0.000001  0.675867 0.558911 0
0  -7.400000 2.944486 1.699999  -0.707107 0.612373 0.353553  0.691088 0.516116 0
seeker
0  -7.000000 3.290896 1.899999  -0.572463 0.710084 0.409959  0.706629 0.519026 0
0  -7.400000 2.944486 1.699999  -0.707107 0.612373 0.353553  0.691088 0.516116 0
0  -7.400000 1.700000 2.944486  -0.707107 0.353554 0.612372  0.691088 0.466676 0
seeker
0  -7.000000 1.900000 3.290896  -0.572463 0.409972 0.710077  0.706629 0.463770 0
0  -7.400000 1.700000 2.944486  -0.707107 0.353554 0.612372  0.691088 0.466676 0
0  -7.400001 0.000000 3.400000  -0.707107 0.000000 0.707107  0.675867 0.423838 0
seeker
0  -7.000000 0.000000 3.799999  -0.572463 0.000007 0.819931  0.136972 0.370935 0
0  -7.400001 0.000000 3.400000  -0.707107 0.000000 0.707107  0.134334 0.382291 0
0  -7.400000 -1.700000 2.944486  -0.707107 -0.353553 0.612373  0.084893 0.382291 0
seeker
0  -7.000000 -1.900000 3.290896  -0.572463 -0.409959 0.710084  0.422750 0.538076 0
0  -7.400000 -1.700000 2.944486  -0.707107 -0.353553 0.612373  0.434591 0.540122 0
0  -7.400000 -2.944486 1.699999  -0.707106 -0.612373 0.353553  0.434591 0.589389 0
seeker
0  -7.000000 -3.290896 1.899999  -0.572462 -0.710078 0.409971  0.325005 0.012235 0
0  -7.400000 -2.944486 1.699999  -0.707106 -0.612373 0.353553  0.329948 0.000000 0
0  -7.400000 -3.400000 -0.000001  -0.707107 -0.707107 0.000000  0.378898 0.006877 0
seeker
0  -7.000000 -3.800000 -0.000001  -0.572463 -0.819931 0.000007  0.032567 0.402264 0
0  -7.400000 -3.400000 -0.000001  -0.707107 -0.707107 0.000000  0.043248 0.391108 0
0  -7.400000 -2.944486 -1.700001  -0.707107 -0.612373 -0.353553  0.083194 0.408617 0
seeker
0  -7.000000 -3.290896 -1.900000  -0.572463 -0.710084 -0.409959  0.077211 0.421833 0
0  -7.400000 -2.944486 -1.700001  -0.707107 -0.612373 -0.353553  0.083194 0.408617 0
0  -7.400000 -1.700000 -2.944487  -0.707107 -0.353553 -0.612373  0.131424 0.419555 0
seeker
0  -7.000000 -1.900000 -3.290897  -0.572463 -0.409971 -0.710078  0.131116 0.434059 0
0  -7.400000 -1.700000 -2.944487  -0.707107 -0.353553 -0.612373  0.131424 0.419555 0
0  -7.400000 0.000000 -3.400001  -0.707107 -0.000001 -0.707107  0.175017 0.420993 0
seeker
0  -7.200000 -7.801494 -1.629774  0.000000 0.247404 -0.968912  0.826923 0.000000 0
0  -6.500000 -4.313409 -0.739119  0.000000 0.247404 -0.968912  0.928077 0.019648 0
0  -1.000000 -4.313409 -0.739119  0.000000 0.247404 -0.968912  0.928077 0.174142 0
seeker
0  -6.500000 -4.486592 -0.060881  0.000000 -0.247404 0.968912  0.777020 0.901873 0
0  -7.200000 -7.974676 -0.951535  0.000000 -0.247404 0.968912  0.675867 0.921550 0
0  -4.000000 -7.974676 -0.951535  0.000000 -0.247404 0.968912  0.675867 0.831663 0
seeker
0  -6.500000 -4.313409 -0.739119  0.000000 0.968913 0.247404  0.805509 0.901873 0
0  -6.500000 -4.486592 -0.060881  0.000000 0.968913 0.247403  0.785840 0.901876 0
0  -1.000000 -4.486592 -0.060881  0.000000 0.968912 0.247404  0.785840 0.747382 0
seeker
0  -1.000000 -4.313409 -0.739119  0.768221 -0.620283 -0.158385  0.296013 0.823812 0
0  -1.000000 -4.486592 -0.060881  0.768221 -0.620283 -0.158385  0.315647 0.823879 0
0  -4.000000 -7.974676 -0.951535  0.768221 -0.620283 -0.158384  0.315647 0.955308 0
seeker
0  -4.000000 -7.801494 -1.629774  0.000000 -0.968913 -0.247404  0.944589 0.910738 0
0  -4.000000 -7.974676 -0.951535  0.000000 -0.968913 -0.247404  0.962039 0.909312 0
0  -7.200000 -7.974676 -0.951535  0.000000 -0.968912 -0.247404  0.962039 0.998088 0
seeker
0  -7.200000 -7.801494 -1.629774  -0.981615 0.184936 0.047222  0.344124 0.922128 0
0  -7.200000 -7.974676 -0.951535  -0.981615 0.184936 0.047222  0.324467 0.921902 0
0  -6.500000 -4.486592 -0.060881  -0.981615 0.184936 0.047222  0.324467 0.823812 0
seeker
0  -7.200000 7.801494 -1.629774  0.000000 -0.247404 -0.968912  0.935769 0.813116 0
0  -4.000000 7.801494 -1.629774  0.000000 -0.247404 -0.968912  0.935769 0.903003 0
0  -1.000000 4.313409 -0.739119  0.000000 -0.247404 -0.968912  0.846350 0.986751 0
seeker
0  -6.500000 4.486592 -0.060881  0.000000 0.247404 0.968912  0.554332 0.913998 0
0  -1.000000 4.486592 -0.060881  0.000000 0.247404 0.968912  0.554332 0.759504 0
0  -4.000000 7.974676 -0.951535  0.000000 0.247404 0.968912  0.643751 0.844295 0
seeker
0  -6.500000 4.313409 -0.739119  0.000000 -0.968913 0.247404  0.814329 0.899962 0
0  -1.000000 4.313409 -0.739119  0.000000 -0.968912 0.247404  0.814329 0.747379 0
0  -1.000000 4.486592 -0.060881  0.000000 -0.968912 0.247404  0.833995 0.747442 0
seeker
0  -1.000000 4.313409 -0.739119  0.768221 0.620283 -0.158385  0.287193 0.823812 0
0  -4.000000 7.801494 -1.629774  0.768221 0.620283 -0.158384  0.287193 0.955241 0
0  -4.000000 7.974676 -0.951535  0.768221 0.620283 -0.158384  0.267558 0.955308 0
seeker
0  -4.000000 7.801494 -1.629774  0.000000 0.968913 -0.247404  1.000000 0.671970 0
0  -7.200000 7.801494 -1.629774  0.000000 0.968913 -0.247404  1.000000 0.761858 0
0  -7.200000 7.974676 -0.951535  0.000000 0.968912 -0.247404  0.982613 0.761756 0
seeker
0  -7.200000 7.801494 -1.629774  -0.981615 -0.184936 0.047222  0.897754 0.566821 0
0  -6.500000 4.313409 -0.739119  -0.981615 -0.184936 0.047222  0.897754 0.464053 0
0  -6.500000 4.486592 -0.060881  -0.981615 -0.184936 0.047222  0.917418 0.464088 0
seeker_eye
0  8.800000 0.000000 -1.399999  0.939950 0.000002 -0.341311  0.500000 0.281250 0
0  8.200000 0.000000 -2.499999  0.670494 0.000000 -0.741915  0.500000 0.109375 0
0  8.200000 1.250000 -2.165063  0.670494 0.370958 -0.642517  0.695312 0.161709 0
seeker_eye
0  8.800000 0.700000 -1.212435  0.939950 0.170657 -0.295584  0.609375 0.310557 0
0  8.200000 1.250000 -2.165063  0.670494 0.370958 -0.642517  0.695312 0.161709 0
0  8.200000 2.165064 -1.249999  0.670494 0.642517 -0.370958  0.838291 0.304688 0
seeker_eye
0  8.800000 1.212436 -0.699999  0.939950 0.295584 -0.170655  0.689443 0.390625 0
0  8.200000 2.165064 -1.249999  0.670494 0.642517 -0.370958  0.838291 0.304688 0
0  8.200000 2.500000 0.000001  0.670494 0.741915 -0.000000  0.890625 0.500000 0
seeker_eye
0  8.800000 1.400000 0.000001  0.939950 0.341311 0.000001  0.718750 0.500000 0
0  8.200000 2.500000 0.000001  0.670494 0.741915 -0.000000  0.890625 0.500000 0
0  8.200000 2.165064 1.250001  0.670494 0.642517 0.370958  0.838291 0.695313 0
seeker_eye
0  8.800000 1.212436 0.700001  0.939950 0.295583 0.170656  0.689443 0.609375 0
0  8.200000 2.165064 1.250001  0.670494 0.642517 0.370958  0.838291 0.695313 0
0  8.200000 1.250000 2.165064  0.670493 0.370958 0.642518  0.695312 0.838291 0
seeker_eye
0  8.800000 0.700000 1.212436  0.939950 0.170654 0.295585  0.609375 0.689443 0
0  8.200000 1.250000 2.165064  0.670493 0.370958 0.642518  0.695312 0.838291 0
0  8.200000 0.000000 2.500001  0.670494 -0.000000 0.741915  0.500000 0.890625 0
seeker_eye
0  8.800000 0.000000 1.400001  0.939950 -0.000002 0.341311  0.500000 0.718750 0
0  8.200000 0.000000 2.500001  0.670494 -0.000000 0.741915  0.500000 0.890625 0
0  8.200000 -1.250000 2.165064  0.670493 -0.370958 0.642518  0.304688 0.838291 0
seeker_eye
0  8.800000 -0.700000 1.212436  0.939950 -0.170656 0.295584  0.390625 0.689443 0
0  8.200000 -1.250000 2.165064  0.670493 -0.370958 0.642518  0.304688 0.838291 0
0  8.200000 -2.165064 1.250001  0.670494 -0.642517 0.370958  0.161709 0.695313 0
seeker_eye
0  8.800000 -1.212436 0.700001  0.939950 -0.295584 0.170655  0.310557 0.609375 0
0  8.200000 -2.165064 1.250001  0.670494 -0.642517 0.370958  0.161709 0.695313 0
0  8.200000 -2.500000 0.000001  0.670493 -0.741916 0.000000  0.109375 0.500000 0
seeker_eye
0  8.800000 -1.400000 0.000001  0.939950 -0.341311 -0.000001  0.281250 0.500000 0
0  8.200000 -2.500000 0.000001  0.670493 -0.741916 0.000000  0.109375 0.500000 0
0  8.200000 -2.165064 -1.249999  0.670494 -0.642518 -0.370958  0.161709 0.304688 0
seeker_eye
0  8.800000 -1.212436 -0.699999  0.939950 -0.295583 -0.170656  0.310557 0.390625 0
0  8.200000 -2.165064 -1.249999  0.670494 -0.642518 -0.370958  0.161709 0.304688 0
0  8.200000 -1.250000 -2.165063  0.670494 -0.370958 -0.642518  0.304688 0.161709 0
seeker_eye
0  8.800000 -0.700000 -1.212435  0.939950 -0.170655 -0.295585  0.390625 0.310557 0
0  8.200000 -1.250000 -2.165063  0.670494 -0.370958 -0.642518  0.304688 0.161709 0
0  8.200000 0.000000 -2.499999  0.670494 0.000000 -0.741915  0.500000 0.109375 0
seeker_eye
0  8.200000 0.000000 -2.499999  0.670494 0.000000 -0.741915  0.500000 0.109375 0
0  7.400000 0.000000 -2.900000  0.447214 -0.000000 -0.894427  0.500000 0.046875 0
0  7.400000 1.450000 -2.511473  0.447214 0.447213 -0.774596  0.726562 0.107582 0
seeker_eye
0  8.200000 1.250000 -2.165063  0.670494 0.370958 -0.642517  0.695312 0.161709 0
0  7.400000 1.450000 -2.511473  0.447214 0.447213 -0.774596  0.726562 0.107582 0
0  7.400000 2.511474 -1.449999  0.447214 0.774597 -0.447214  0.892418 0.273438 0
seeker_eye
0  8.200000 2.165064 -1.249999  0.670494 0.642517 -0.370958  0.838291 0.304688 0
0  7.400000 2.511474 -1.449999  0.447214 0.774597 -0.447214  0.892418 0.273438 0
0  7.400000 2.900000 0.000001  0.447214 0.894427 -0.000000  0.953125 0.500000 0
seeker_eye
0  8.200000 2.500000 0.000001  0.670494 0.741915 -0.000000  0.890625 0.500000 0
0  7.400000 2.900000 0.000001  0.447214 0.894427 -0.000000  0.953125 0.500000 0
0  7.400000 2.511474 1.450001  0.447213 0.774597 0.447213  0.892418 0.726563 0
seeker_eye
0  8.200000 2.165064 1.250001  0.670494 0.642517 0.370958  0.838291 0.695313 0
0  7.400000 2.511474 1.450001  0.447213 0.774597 0.447213  0.892418 0.726563 0
0  7.400000 1.450000 2.511474  0.447213 0.447214 0.774596  0.726562 0.892418 0
seeker_eye
0  8.200000 1.250000 2.165064  0.670493 0.370958 0.642518  0.695312 0.838291 0
0  7.400000 1.450000 2.511474  0.447213 0.447214 0.774596  0.726562 0.892418 0
0  7.400000 0.000000 2.900001  0.447214 0.000000 0.894427  0.500000 0.953125 0
seeker_eye
0  8.200000 0.000000 2.500001  0.670494 -0.000000 0.741915  0.500000 0.890625 0
0  7.400000 0.000000 2.900001  0.447214 0.000000 0.894427  0.500000 0.953125 0
0  7.400000 -1.450000 2.511474  0.447213 -0.447214 0.774597  0.273438 0.892418 0
seeker_eye
0  8.200000 -1.250000 2.165064  0.670493 -0.370958 0.642518  0.304688 0.838291 0
0  7.400000 -1.450000 2.511474  0.447213 -0.447214 0.774597  0.273438 0.892418 0
0  7.400000 -2.511474 1.450001  0.447214 -0.774597 0.447214  0.107582 0.726563 0
seeker_eye
0  8.200000 -2.165064 1.250001  0.670494 -0.642517 0.370958  0.161709 0.695313 0
0  7.400000 -2.511474 1.450001  0.447214 -0.774597 0.447214  0.107582 0.726563 0
0  7.400000 -2.900000 0.000001  0.447214 -0.894427 0.000000  0.046875 0.500000 0
seeker_eye
0  8.200000 -2.500000 0.000001  0.670493 -0.741916 0.000000  0.109375 0.500000 0
0  7.400000 -2.900000 0.000001  0.447214 -0.894427 0.000000  0.046875 0.500000 0
0  7.400000 -2.511474 -1.449999  0.447213 -0.774597 -0.447213  0.107582 0.273438 0
seeker_eye
0  8.200000 -2.165064 -1.249999  0.670494 -0.642518 -0.370958  0.161709 0.304688 0
0  7.400000 -2.511474 -1.449999  0.447213 -0.774597 -0.447213  0.107582 0.273438 0
0  7.400000 -1.450000 -2.511473  0.447214 -0.447214 -0.774597  0.273438 0.107582 0
seeker_eye
0  8.200000 -1.250000 -2.165063  0.670494 -0.370958 -0.642518  0.304688 0.161709 0
0  7.400000 -1.450000 -2.511473  0.447214 -0.447214 -0.774597  0.273438 0.107582 0
0  7.400000 0.000000 -2.900000  0.447214 -0.000000 -0.894427  0.500000 0.046875 0
seeker
0  -7.400000 0.000000 -3.400001  -0.371390 -0.000000 -0.928477  0.439528 0.969472 0
0  -8.400000 0.000000 -3.000001  -0.371390 -0.000002 -0.928477  0.411309 0.966830 0
0  -8.400000 1.500000 -2.598077  -0.371391 0.464237 -0.804085  0.411309 0.923221 0
seeker
0  -7.400000 1.700000 -2.944487  -0.371391 0.464238 -0.804084  0.406494 0.906352 0
0  -8.400000 1.500000 -2.598077  -0.371391 0.464237 -0.804085  0.378379 0.898857 0
0  -8.400000 2.598076 -1.500001  -0.371391 0.804083 -0.464240  0.385352 0.855794 0
seeker
0  -7.400000 2.944486 -1.700001  -0.371391 0.804084 -0.464238  0.414397 0.857548 0
0  -8.400000 2.598076 -1.500001  -0.371391 0.804083 -0.464240  0.385352 0.855794 0
0  -8.400000 3.000000 -0.000001  -0.371391 0.928477 -0.000002  0.378379 0.816394 0
seeker
0  -7.400000 3.400000 -0.000001  -0.371391 0.928477 -0.000000  0.413930 0.587501 0
0  -8.400000 3.000000 -0.000001  -0.371391 0.928477 -0.000002  0.385711 0.584859 0
0  -8.400000 2.598076 1.499999  -0.371391 0.804085 0.464236  0.385711 0.541249 0
seeker
0  -7.400000 2.944486 1.699999  -0.371391 0.804084 0.464238  0.880887 0.566856 0
0  -8.400000 2.598076 1.499999  -0.371391 0.804085 0.464236  0.852914 0.559307 0
0  -8.400000 1.500000 2.598075  -0.371391 0.464240 0.804083  0.860013 0.516265 0
seeker
0  -7.400000 1.700000 2.944486  -0.371391 0.464238 0.804084  0.888934 0.518075 0
0  -8.400000 1.500000 2.598075  -0.371391 0.464240 0.804083  0.860013 0.516265 0
0  -8.400000 0.000000 2.999999  -0.371391 0.000002 0.928476  0.852914 0.476786 0
seeker
0  -7.400001 0.000000 3.400000  -0.371391 0.000000 0.928476  0.227322 0.924148 0
0  -8.400000 0.000000 2.999999  -0.371391 0.000002 0.928476  0.255541 0.926790 0
0  -8.400000 -1.500000 2.598075  -0.371391 -0.464237 0.804085  0.255541 0.970400 0
seeker
0  -7.400000 -1.700000 2.944486  -0.371391 -0.464238 0.804084  0.229421 0.823812 0
0  -8.400000 -1.500000 2.598075  -0.371391 -0.464237 0.804085  0.258738 0.830623 0
0  -8.400000 -2.598076 1.499999  -0.371391 -0.804083 0.464240  0.256886 0.867813 0
seeker
0  -7.400000 -2.944486 1.699999  -0.371391 -0.804084 0.464238  0.227322 0.865960 0
0  -8.400000 -2.598076 1.499999  -0.371391 -0.804083 0.464240  0.256886 0.867813 0
0  -8.400000 -3.000000 -0.000001  -0.371391 -0.928477 0.000002  0.258738 0.911376 0
seeker
0  -7.400000 -3.400000 -0.000001  -0.371391 -0.928477 0.000000  0.393954 0.394186 0
0  -8.400000 -3.000000 -0.000001  -0.371391 -0.928477 0.000002  0.423097 0.402132 0
0  -8.400000 -2.598076 -1.500001  -0.371391 -0.804085 -0.464236  0.415824 0.439911 0
seeker
0  -7.400000 -2.944486 -1.700001  -0.371391 -0.804084 -0.464238  0.385711 0.437003 0
0  -8.400000 -2.598076 -1.500001  -0.371391 -0.804085 -0.464236  0.415824 0.439911 0
0  -8.400000 -1.500000 -2.598077  -0.371391 -0.464240 -0.804083  0.415824 0.483535 0
seeker
0  -7.400000 -1.700000 -2.944487  -0.371391 -0.464238 -0.804084  0.385711 0.486443 0
0  -8.400000 -1.500000 -2.598077  -0.371391 -0.464240 -0.804083  0.415824 0.483535 0
0  -8.400000 0.000000 -3.000001  -0.371390 -0.000002 -0.928477  0.423097 0.521314 0
seeker
0  -8.400000 0.000000 -3.000001  -0.970142 0.000002 -0.242536  0.778357 0.738562 0
0  -8.600000 0.000000 -2.200001  -0.970142 0.000001 -0.242536  0.773261 0.716694 0
0  -8.600000 1.100000 -1.905257  -0.970142 0.121269 -0.210042  0.800772 0.700794 0
seeker
0  -8.400000 1.500000 -2.598077  -0.970142 0.121270 -0.210042  0.815871 0.716880 0
0  -8.600000 1.100000 -1.905257  -0.970142 0.121269 -0.210042  0.800772 0.700794 0
0  -8.600000 1.905256 -1.100001  -0.970142 0.210043 -0.121268  0.816655 0.673151 0
seeker
0  -8.400000 2.598076 -1.500001  -0.970142 0.210044 -0.121267  0.837530 0.679185 0
0  -8.600000 1.905256 -1.100001  -0.970142 0.210043 -0.121268  0.816655 0.673151 0
0  -8.600000 2.200000 -0.000001  -0.970142 0.242537 0.000001  0.816655 0.641172 0
seeker
0  -8.400000 3.000000 -0.000001  -0.970142 0.242537 0.000002  0.837530 0.635577 0
0  -8.600000 2.200000 -0.000001  -0.970142 0.242537 0.000001  0.816655 0.641172 0
0  -8.600000 1.905256 1.099999  -0.970142 0.210043 0.121269  0.800772 0.613425 0
seeker
0  -8.400000 2.598076 1.499999  -0.970142 0.210042 0.121270  0.815871 0.597741 0
0  -8.600000 1.905256 1.099999  -0.970142 0.210043 0.121269  0.800772 0.613425 0
0  -8.600000 1.100000 1.905255  -0.970142 0.121268 0.210043  0.773261 0.597346 0
seeker
0  -8.400000 1.500000 2.598075  -0.970142 0.121267 0.210044  0.778357 0.575814 0
0  -8.600000 1.100000 1.905255  -0.970142 0.121268 0.210043  0.773261 0.597346 0
0  -8.600000 0.000000 2.199999  -0.970142 -0.000001 0.242537  0.741495 0.597242 0
seeker
0  -8.400000 0.000000 2.999999  -0.970142 -0.000002 0.242537  0.735040 0.575673 0
0  -8.600000 0.000000 2.199999  -0.970142 -0.000001 0.242537  0.741495 0.597242 0
0  -8.600000 -1.100000 1.905255  -0.970142 -0.121269 0.210042  0.713985 0.613142 0
seeker
0  -8.400000 -1.500000 2.598075  -0.970142 -0.121270 0.210042  0.697526 0.597355 0
0  -8.600000 -1.100000 1.905255  -0.970142 -0.121269 0.210042  0.713985 0.613142 0
0  -8.600000 -1.905256 1.099999  -0.970142 -0.210043 0.121268  0.698102 0.640785 0
seeker
0  -8.400000 -2.598076 1.499999  -0.970142 -0.210043 0.121267  0.675867 0.635050 0
0  -8.600000 -1.905256 1.099999  -0.970142 -0.210043 0.121268  0.698102 0.640785 0
0  -8.600000 -2.200000 -0.000001  -0.970142 -0.242537 -0.000001  0.698102 0.672764 0
seeker
0  -8.400000 -3.000000 -0.000001  -0.970142 -0.242537 -0.000002  0.675867 0.678658 0
0  -8.600000 -2.200000 -0.000001  -0.970142 -0.242537 -0.000001  0.698102 0.672764 0
0  -8.600000 -1.905256 -1.100001  -0.970142 -0.210043 -0.121269  0.713985 0.700511 0
seeker
0  -8.400000 -2.598076 -1.500001  -0.970142 -0.210042 -0.121270  0.697526 0.716494 0
0  -8.600000 -1.905256 -1.100001  -0.970142 -0.210043 -0.121269  0.713985 0.700511 0
0  -8.600000 -1.100000 -1.905257  -0.970142 -0.121268 -0.210043  0.741495 0.716590 0
seeker
0  -8.400000 -1.500000 -2.598077  -0.970142 -0.121267 -0.210044  0.735040 0.738420 0
0  -8.600000 -1.100000 -1.905257  -0.970142 -0.121268 -0.210043  0.741495 0.716590 0
0  -8.600000 0.000000 -2.200001  -0.970142 0.000001 -0.242536  0.773261 0.716694 0
seeker
0  -8.600000 0.000000 -2.200001  0.000000 -0.000003 1.000000  0.948893 0.523333 0
0  -7.800000 0.000000 -2.200001  0.000000 0.000003 1.000000  0.926414 0.523327 0
0  -7.800000 1.100000 -1.905257  0.000000 -0.499998 0.866027  0.926414 0.491347 0
seeker
0  -8.600000 1.100000 -1.905257  0.000000 -0.500003 0.866024  0.948893 0.491353 0
0  -7.800000 1.100000 -1.905257  0.000000 -0.499998 0.866027  0.926414 0.491347 0
0  -7.800000 1.905256 -1.100001  0.000000 -0.866024 0.500003  0.926238 0.464053 0
seeker
0  -8.600000 1.905256 -1.100001  0.000000 -0.866027 0.499997  0.400565 0.976203 0
0  -7.800000 1.905256 -1.100001  0.000000 -0.866024 0.500003  0.378379 0.975388 0
0  -7.800000 2.200000 -0.000001  0.000000 -1.000000 0.000003  0.379714 0.943441 0
seeker
0  -8.600000 2.200000 -0.000001  0.000000 -1.000000 -0.000003  0.401901 0.944256 0
0  -7.800000 2.200000 -0.000001  0.000000 -1.000000 0.000003  0.379714 0.943441 0
0  -7.800000 1.905256 1.099999  0.000000 -0.866027 -0.499997  0.378379 0.915170 0
seeker
0  -8.600000 1.905256 1.099999  0.000000 -0.866024 -0.500003  0.500857 0.962346 0
0  -7.800000 1.905256 1.099999  0.000000 -0.866027 -0.499997  0.479662 0.962346 0
0  -7.800000 1.100000 1.905255  0.000000 -0.500003 -0.866024  0.479662 0.930355 0
seeker
0  -8.600000 1.100000 1.905255  0.000000 -0.499997 -0.866027  0.956104 0.575673 0
0  -7.800000 1.100000 1.905255  0.000000 -0.500003 -0.866024  0.978583 0.575679 0
0  -7.800000 0.000000 2.200000  0.000000 -0.000003 -1.000000  0.978406 0.603778 0
seeker
0  -8.600000 0.000000 2.199999  0.000000 0.000003 -1.000000  0.955927 0.603772 0
0  -7.800000 0.000000 2.200000  0.000000 -0.000003 -1.000000  0.978406 0.603778 0
0  -7.800000 -1.100000 1.905255  0.000000 0.499997 -0.866027  0.978406 0.635758 0
seeker
0  -8.600000 -1.100000 1.905255  0.000000 0.500002 -0.866024  0.955927 0.635752 0
0  -7.800000 -1.100000 1.905255  0.000000 0.499997 -0.866027  0.978406 0.635758 0
0  -7.800000 -1.905256 1.099999  0.000000 0.866024 -0.500003  0.978583 0.663052 0
seeker
0  -8.600000 -1.905256 1.099999  0.000000 0.866027 -0.499998  0.944765 0.813116 0
0  -7.800000 -1.905256 1.099999  0.000000 0.866024 -0.500003  0.967244 0.813122 0
0  -7.800000 -2.200000 -0.000001  0.000000 1.000000 -0.000004  0.967068 0.841220 0
seeker
0  -8.600000 -2.200000 -0.000001  0.000000 1.000000 0.000002  0.944588 0.841214 0
0  -7.800000 -2.200000 -0.000001  0.000000 1.000000 -0.000004  0.967068 0.841220 0
0  -7.800000 -1.905256 -1.100001  0.000000 0.866027 0.499997  0.967068 0.873201 0
seeker
0  -8.600000 -1.905256 -1.100001  0.000000 0.866024 0.500003  0.944588 0.873195 0
0  -7.800000 -1.905256 -1.100001  0.000000 0.866027 0.499997  0.967068 0.873201 0
0  -7.800000 -1.100000 -1.905257  0.000000 0.500003 0.866024  0.967244 0.900495 0
seeker
0  -8.600000 -1.100000 -1.905257  0.000000 0.499997 0.866027  0.948717 0.551432 0
0  -7.800000 -1.100000 -1.905257  0.000000 0.500003 0.866024  0.926238 0.551426 0
0  -7.800000 0.000000 -2.200001  0.000000 0.000003 1.000000  0.926414 0.523327 0
seeker
0  2.200001 0.000000 -5.600000  0.242537 0.000003 -0.970142  0.200131 0.895545 0
0  1.600001 0.000000 -5.750000  0.119810 0.000007 -0.992797  0.183317 0.896529 0
0  1.600000 2.875000 -4.979646  0.119810 0.496404 -0.859784  0.183317 0.812943 0
seeker
0  2.200001 2.800000 -4.849742  0.242536 0.485073 -0.840167  0.200131 0.814140 0
0  1.600000 2.875000 -4.979646  0.119810 0.496404 -0.859784  0.183317 0.812943 0
0  1.600000 4.979646 -2.875000  0.119809 0.859791 -0.496393  0.182855 0.741608 0
seeker
0  2.200000 4.849742 -2.800000  0.242535 0.840169 -0.485069  0.948880 0.441773 0
0  1.600000 4.979646 -2.875000  0.119809 0.859791 -0.496393  0.932062 0.444722 0
0  1.600000 5.750000 0.000000  0.119809 0.992797 0.000007  0.932308 0.371281 0
seeker
0  2.200000 5.600000 0.000000  0.242536 0.970142 0.000003  0.949119 0.370249 0
0  1.600000 5.750000 0.000000  0.119809 0.992797 0.000007  0.932308 0.371281 0
0  1.600000 4.979646 2.875000  0.119809 0.859784 0.496404  0.932062 0.287696 0
seeker
0  2.200000 4.849742 2.800000  0.242536 0.840167 0.485073  0.948880 0.288844 0
0  1.600000 4.979646 2.875000  0.119809 0.859784 0.496404  0.932062 0.287696 0
0  1.600000 2.875000 4.979646  0.119809 0.496392 0.859791  0.931391 0.216363 0
seeker
0  2.200000 2.800000 4.849742  0.242536 0.485069 0.840169  0.000239 0.744703 0
0  1.600000 2.875000 4.979646  0.119809 0.496392 0.859791  0.017057 0.741755 0
0  1.600000 0.000000 5.750000  0.119810 -0.000007 0.992797  0.016811 0.815195 0
seeker
0  2.200000 0.000000 5.600000  0.242537 -0.000002 0.970142  0.000000 0.816228 0
0  1.600000 0.000000 5.750000  0.119810 -0.000007 0.992797  0.016811 0.815195 0
0  1.600000 -2.875000 4.979646  0.119809 -0.496404 0.859784  0.017057 0.898780 0
seeker
0  2.200000 -2.800000 4.849742  0.242536 -0.485073 0.840167  0.000239 0.897632 0
0  1.600000 -2.875000 4.979646  0.119809 -0.496404 0.859784  0.017057 0.898780 0
0  1.600000 -4.979646 2.875000  0.119809 -0.859791 0.496393  0.017728 0.970114 0
seeker
0  2.200000 -4.849742 2.800000  0.242536 -0.840169 0.485069  0.846350 0.648348 0
0  1.600000 -4.979646 2.875000  0.119809 -0.859791 0.496393  0.862361 0.647047 0
0  1.600000 -5.750000 0.000000  0.119809 -0.992797 -0.000007  0.862361 0.730617 0
seeker
0  2.200000 -5.600000 0.000000  0.242536 -0.970142 -0.000002  0.983763 0.216956 0
0  1.600000 -5.750000 0.000000  0.119809 -0.992797 -0.000007  0.998255 0.216363 0
0  1.600000 -4.979646 -2.875000  0.119809 -0.859784 -0.496404  0.998255 0.299861 0
seeker
0  2.200000 -4.849742 -2.800000  0.242535 -0.840167 -0.485073  0.455791 0.759504 0
0  1.600000 -4.979646 -2.875000  0.119809 -0.859784 -0.496404  0.470370 0.759711 0
0  1.600000 -2.875000 -4.979646  0.119809 -0.496393 -0.859791  0.462929 0.842991 0
seeker
0  2.200001 -2.800000 -4.849742  0.242536 -0.485069 -0.840169  0.199682 0.967069 0
0  1.600000 -2.875000 -4.979646  0.119809 -0.496393 -0.859791  0.182855 0.969968 0
0  1.600001 0.000000 -5.750000  0.119810 0.000007 -0.992797  0.183317 0.896529 0
seeker
0  1.600001 0.000000 -5.750000  0.119810 0.000007 -0.992797  0.183317 0.896529 0
0  -0.600000 0.000000 -5.750000  -0.119810 -0.000007 -0.992797  0.121499 0.896511 0
0  -0.600000 2.875000 -4.979646  -0.119809 0.496392 -0.859791  0.121499 0.812926 0
seeker
0  1.600000 2.875000 -4.979646  0.119810 0.496404 -0.859784  0.183317 0.812943 0
0  -0.600000 2.875000 -4.979646  -0.119809 0.496392 -0.859791  0.121499 0.812926 0
0  -0.600000 4.979646 -2.875000  -0.119809 0.859784 -0.496404  0.121038 0.741590 0
seeker
0  1.600000 4.979646 -2.875000  0.119809 0.859791 -0.496393  0.932062 0.444722 0
0  -0.600000 4.979646 -2.875000  -0.119809 0.859784 -0.496404  0.870245 0.444886 0
0  -0.600000 5.750000 -0.000000  -0.119809 0.992797 -0.000007  0.870490 0.371446 0
seeker
0  1.600000 5.750000 0.000000  0.119809 0.992797 0.000007  0.932308 0.371281 0
0  -0.600000 5.750000 -0.000000  -0.119809 0.992797 -0.000007  0.870490 0.371446 0
0  -0.600000 4.979646 2.875000  -0.119809 0.859791 0.496393  0.870245 0.287860 0
seeker
0  1.600000 4.979646 2.875000  0.119809 0.859784 0.496404  0.932062 0.287696 0
0  -0.600000 4.979646 2.875000  -0.119809 0.859791 0.496393  0.870245 0.287860 0
0  -0.600000 2.875000 4.979646  -0.119809 0.496404 0.859784  0.869574 0.216527 0
seeker
0  1.600000 2.875000 4.979646  0.119809 0.496392 0.859791  0.017057 0.741755 0
0  -0.600000 2.875000 4.979646  -0.119809 0.496404 0.859784  0.078874 0.741590 0
0  -0.600000 0.000000 5.750000  -0.119810 0.000007 0.992797  0.078629 0.815031 0
seeker
0  1.600000 0.000000 5.750000  0.119810 -0.000007 0.992797  0.016811 0.815195 0
0  -0.600000 0.000000 5.750000  -0.119810 0.000007 0.992797  0.078629 0.815031 0
0  -0.600000 -2.875000 4.979646  -0.119809 -0.496392 0.859791  0.078874 0.898616 0
seeker
0  1.600000 -2.875000 4.979646  0.119809 -0.496404 0.859784  0.017057 0.898780 0
0  -0.600000 -2.875000 4.979646  -0.119809 -0.496392 0.859791  0.078874 0.898616 0
0  -0.600000 -4.979646 2.875000  -0.119809 -0.859784 0.496404  0.079545 0.969950 0
seeker
0  1.600000 -4.979646 2.875000  0.119809 -0.859791 0.496393  0.862361 0.647047 0
0  -0.600000 -4.979646 2.875000  -0.119809 -0.859784 0.496404  0.923413 0.646739 0
0  -0.600000 -5.750000 -0.000000  -0.119809 -0.992797 0.000007  0.923413 0.730309 0
seeker
0  1.600000 -5.750000 0.000000  0.119809 -0.992797 -0.000007  0.862361 0.730617 0
0  -0.600000 -5.750000 -0.000000  -0.119809 -0.992797 0.000007  0.923413 0.730309 0
0  -0.600000 -4.979646 -2.875000  -0.119809 -0.859791 -0.496393  0.929988 0.803991 0
seeker
0  1.600000 -4.979646 -2.875000  0.119809 -0.859784 -0.496404  0.470370 0.759711 0
0  -0.600000 -4.979646 -2.875000  -0.119809 -0.859791 -0.496393  0.528424 0.764894 0
0  -0.600000 -2.875000 -4.979646  -0.119809 -0.496404 -0.859784  0.520983 0.848175 0
seeker
0  1.600000 -2.875000 -4.979646  0.119809 -0.496393 -0.859791  0.182855 0.969968 0
0  -0.600000 -2.875000 -4.979646  -0.119809 -0.496404 -0.859784  0.121038 0.969951 0
0  -0.600000 0.000000 -5.750000  -0.119810 -0.000007 -0.992797  0.121499 0.896511 0
seeker
0  -0.600000 0.000000 -5.750000  -0.119810 -0.000007 -0.992797  0.121499 0.896511 0
0  -1.200000 0.000000 -5.600000  -0.242537 -0.000002 -0.970142  0.104595 0.895519 0
0  -1.200000 2.800000 -4.849742  -0.242536 0.485069 -0.840169  0.104595 0.814114 0
seeker
0  -0.600000 2.875000 -4.979646  -0.119809 0.496392 -0.859791  0.368839 0.907424 0
0  -1.200000 2.800000 -4.849742  -0.242536 0.485069 -0.840169  0.352944 0.906333 0
0  -1.200000 4.849742 -2.800000  -0.242536 0.840167 -0.485073  0.352944 0.824902 0
seeker
0  -0.600000 4.979646 -2.875000  -0.119809 0.859784 -0.496404  0.870245 0.444886 0
0  -1.200000 4.849742 -2.800000  -0.242536 0.840167 -0.485073  0.853344 0.442027 0
0  -1.200000 5.600000 -0.000000  -0.242536 0.970142 -0.000002  0.853583 0.370503 0
seeker
0  -0.600000 5.750000 -0.000000  -0.119809 0.992797 -0.000007  0.870490 0.371446 0
0  -1.200000 5.600000 -0.000000  -0.242536 0.970142 -0.000002  0.853583 0.370503 0
0  -1.200000 4.849742 2.800000  -0.242536 0.840169 0.485069  0.853344 0.289098 0
seeker
0  -0.600000 4.979646 2.875000  -0.119809 0.859791 0.496393  0.991858 0.997418 0
0  -1.200000 4.849742 2.800000  -0.242536 0.840169 0.485069  0.976064 0.996335 0
0  -1.200000 2.800000 4.849742  -0.242536 0.485073 0.840167  0.976064 0.914904 0
seeker
0  -0.600000 2.875000 4.979646  -0.119809 0.496404 0.859784  0.078874 0.741590 0
0  -1.200000 2.800000 4.849742  -0.242536 0.485073 0.840167  0.095775 0.744449 0
0  -1.200001 0.000000 5.600000  -0.242536 0.000002 0.970142  0.095536 0.815974 0
seeker
0  -0.600000 0.000000 5.750000  -0.119810 0.000007 0.992797  0.078629 0.815031 0
0  -1.200001 0.000000 5.600000  -0.242536 0.000002 0.970142  0.095536 0.815974 0
0  -1.200000 -2.800000 4.849742  -0.242536 -0.485069 0.840169  0.095775 0.897378 0
seeker
0  -0.600000 -2.875000 4.979646  -0.119809 -0.496392 0.859791  0.929988 0.575673 0
0  -1.200000 -2.800000 4.849742  -0.242536 -0.485069 0.840169  0.947107 0.578660 0
0  -1.200000 -4.849742 2.800000  -0.242536 -0.840167 0.485073  0.940704 0.647872 0
seeker
0  -0.600000 -4.979646 2.875000  -0.119809 -0.859784 0.496404  0.923413 0.646739 0
0  -1.200000 -4.849742 2.800000  -0.242536 -0.840167 0.485073  0.940704 0.647872 0
0  -1.200000 -5.600000 -0.000000  -0.242536 -0.970142 0.000002  0.940704 0.729262 0
seeker
0  -0.600000 -5.750000 -0.000000  -0.119809 -0.992797 0.000007  0.923413 0.730309 0
0  -1.200000 -5.600000 -0.000000  -0.242536 -0.970142 0.000002  0.940704 0.729262 0
0  -1.200000 -4.849742 -2.800000  -0.242536 -0.840169 -0.485069  0.947107 0.801022 0
seeker
0  -0.600000 -4.979646 -2.875000  -0.119809 -0.859791 -0.496393  0.528424 0.764894 0
0  -1.200000 -4.849742 -2.800000  -0.242536 -0.840169 -0.485069  0.545512 0.767515 0
0  -1.200000 -2.800000 -4.849742  -0.242536 -0.485073 -0.840167  0.538265 0.848623 0
seeker
0  -0.600000 -2.875000 -4.979646  -0.119809 -0.496404 -0.859784  0.520983 0.848175 0
0  -1.200000 -2.800000 -4.849742  -0.242536 -0.485073 -0.840167  0.538265 0.848623 0
0  -1.200000 0.000000 -5.600000  -0.242537 -0.000002 -0.970142  0.545512 0.920072 0
seeker
0  -3.500000 0.400001 6.600000  0.000000 1.000000 -0.000000  0.378379 0.789888 0
0  1.000000 0.400001 6.600000  0.000000 1.000000 -0.000000  0.378379 0.663484 0
0  3.000000 0.400000 4.600000  0.000000 1.000000 -0.000000  0.433014 0.607449 0
seeker
0  -4.000000 -0.400000 4.600000  0.000000 -1.000000 0.000000  0.936897 0.194197 0
0  3.000000 -0.400000 4.600000  0.000000 -1.000000 0.000000  0.936897 0.000000 0
0  1.000000 -0.400000 6.600000  0.000000 -1.000000 0.000000  0.991621 0.053475 0
seeker
0  -4.000000 0.400000 4.600000  0.000000 0.000000 -1.000000  0.216700 0.391166 0
0  3.000000 0.400000 4.600000  0.000000 0.000000 -1.000000  0.216700 0.587794 0
0  3.000000 -0.400000 4.600000  0.000000 0.000000 -1.000000  0.194846 0.587736 0
seeker
0  3.000000 0.400000 4.600000  0.707107 0.000000 0.707107  0.814329 0.988269 0
0  1.000000 0.400001 6.600000  0.707107 0.000000 0.707107  0.814329 0.908842 0
0  1.000000 -0.400000 6.600000  0.707107 0.000000 0.707107  0.836605 0.908922 0
seeker
0  1.000000 0.400001 6.600000  0.000000 0.000000 1.000000  0.216700 0.596670 0
0  -3.500000 0.400001 6.600000  0.000000 0.000000 1.000000  0.216700 0.723074 0
0  -3.500000 -0.400000 6.600000  0.000000 0.000000 1.000000  0.194846 0.723016 0
seeker
0  -3.500000 0.400001 6.600000  -0.970142 0.000000 0.242536  0.470842 0.931028 0
0  -4.000000 0.400000 4.600000  -0.970142 0.000000 0.242536  0.470842 0.987313 0
0  -4.000000 -0.400000 4.600000  -0.970142 0.000000 0.242536  0.448545 0.986639 0
seeker
0  4.007798 3.516141 -1.165976  0.668062 -0.521616 -0.530669  0.974943 0.324538 0
0  5.885399 6.466658 -1.702435  0.668062 -0.521616 -0.530669  0.974943 0.423249 0
0  6.217354 6.351904 -1.171739  0.668062 -0.521616 -0.530669  0.957939 0.423897 0
seeker
0  3.582645 3.848096 -0.828261  -0.521616 0.180318 -0.833908  0.439528 0.812895 0
0  5.460247 6.798612 -1.364719  -0.521616 0.180318 -0.833908  0.439528 0.909511 0
0  5.885399 6.466658 -1.702435  -0.521616 0.180318 -0.833907  0.423217 0.911231 0
seeker
0  3.914600 -3.733342 -0.297565  0.521616 0.180318 0.833908  0.975266 0.464621 0
0  5.792202 -6.683859 -0.834024  0.521616 0.180318 0.833908  0.975266 0.562634 0
0  6.217354 -6.351904 -1.171739  0.521616 0.180318 0.833908  0.957713 0.562066 0
seeker
0  5.885399 6.466658 -1.702435  0.530669 0.833908 -0.151619  0.896098 0.201149 0
0  5.460247 6.798612 -1.364719  0.530669 0.833908 -0.151619  0.878887 0.200786 0
0  5.792202 6.683858 -0.834024  0.530669 0.833908 -0.151619  0.878887 0.182959 0
seeker
0  4.339752 -3.401388 -0.635281  0.668062 0.521616 -0.530669  0.974943 0.217010 0
0  6.217354 -6.351904 -1.171739  0.668063 0.521616 -0.530668  0.974943 0.315721 0
0  5.885399 -6.466658 -1.702435  0.668063 0.521616 -0.530668  0.957939 0.315074 0
seeker
0  6.217354 -6.351904 -1.171739  0.530669 -0.833907 -0.151620  0.852856 0.183322 0
0  5.792202 -6.683859 -0.834024  0.530669 -0.833907 -0.151619  0.870067 0.182959 0
0  5.460247 -6.798612 -1.364719  0.530669 -0.833907 -0.151620  0.870067 0.200786 0
seeker
0  4.007798 -3.516141 -1.165976  -0.521616 -0.180318 -0.833908  0.785840 0.997880 0
0  5.885399 -6.466658 -1.702435  -0.521616 -0.180318 -0.833908  0.785840 0.910693 0
0  5.460247 -6.798612 -1.364719  -0.521616 -0.180318 -0.833908  0.803169 0.912813 0
seeker
0  3.582645 -3.848096 -0.828261  -0.668063 -0.521616 0.530668  0.666993 0.763988 0
0  5.460247 -6.798612 -1.364719  -0.668063 -0.521616 0.530668  0.666993 0.853993 0
0  5.792202 -6.683859 -0.834024  -0.668063 -0.521616 0.530668  0.652571 0.849509 0
seeker
0  3.914600 -3.733342 -0.297565  -0.530669 0.833908 0.151620  0.904918 0.184840 0
0  4.339752 -3.401388 -0.635281  -0.530669 0.833908 0.151620  0.921062 0.182959 0
0  4.007798 -3.516141 -1.165976  -0.530669 0.833908 0.151620  0.921062 0.200293 0
seeker
0  4.339752 3.401388 -0.635281  0.521617 -0.180318 0.833907  0.993923 0.813116 0
0  6.217354 6.351904 -1.171739  0.521616 -0.180318 0.833908  0.993923 0.904621 0
0  5.792202 6.683858 -0.834024  0.521616 -0.180318 0.833908  0.976064 0.904988 0
seeker
0  3.914600 3.733342 -0.297565  -0.668063 0.521616 0.530668  0.973793 0.671869 0
0  5.792202 6.683858 -0.834024  -0.668062 0.521616 0.530669  0.973793 0.771123 0
0  5.460247 6.798612 -1.364719  -0.668062 0.521616 0.530669  0.955927 0.771165 0
seeker
0  4.339752 3.401388 -0.635281  -0.530669 -0.833908 0.151620  0.826923 0.200135 0
0  3.914600 3.733342 -0.297565  -0.530668 -0.833908 0.151621  0.826923 0.182959 0
0  3.582645 3.848096 -0.828261  -0.530669 -0.833908 0.151620  0.844036 0.184398 0
end
