version 1
nodes
0 "root" -1
end
skeleton
time 0
0 0 0 0 0 0 0
end
triangles
kart_scrap
0  44.360001 26.000000 11.500000  0.000000 -1.000000 0.000000  0.204358 0.308952 0
0  46.349663 26.000000 7.627244  0.000000 -1.000000 0.000000  0.197846 0.318348 0
0  47.119999 26.000000 11.500000  0.000000 -1.000000 0.000000  0.197846 0.307874 0
kart_scrap
0  43.799751 26.000000 8.683451  0.000000 -1.000000 0.000000  0.204358 0.316569 0
0  44.155922 26.000000 4.344079  0.000000 -1.000000 0.000000  0.201481 0.327829 0
0  46.349663 26.000000 7.627244  0.000000 -1.000000 0.000000  0.197846 0.318348 0
kart_scrap
0  42.204308 26.000000 6.295694  0.000000 -1.000000 0.000000  0.207001 0.323465 0
0  40.872757 26.000000 2.150339  0.000000 -1.000000 0.000000  0.208198 0.334874 0
0  44.155922 26.000000 4.344079  0.000000 -1.000000 0.000000  0.201481 0.327829 0
kart_scrap
0  39.816551 26.000000 4.700247  0.000000 -1.000000 0.000000  0.211886 0.328588 0
0  37.000000 26.000000 1.380000  0.000000 -1.000000 0.000000  0.216973 0.338410 0
0  40.872757 26.000000 2.150339  0.000000 -1.000000 0.000000  0.208198 0.334874 0
kart_scrap
0  37.000000 26.000000 4.140000  0.000000 -1.000000 0.000000  0.218268 0.331160 0
0  33.127243 26.000000 2.150339  0.000000 -1.000000 0.000000  0.226472 0.337899 0
0  37.000000 26.000000 1.380000  0.000000 -1.000000 0.000000  0.216973 0.338410 0
kart_scrap
0  34.183449 26.000000 4.700247  0.000000 -1.000000 -0.000000  0.225176 0.330789 0
0  29.844080 26.000000 4.344079  0.000000 -1.000000 -0.000000  0.235247 0.333419 0
0  33.127243 26.000000 2.150339  0.000000 -1.000000 0.000000  0.226472 0.337899 0
kart_scrap
0  31.795694 26.000000 6.295694  0.000000 -1.000000 -0.000000  0.231559 0.327530 0
0  27.650339 26.000000 7.627244  0.000000 -1.000000 -0.000000  0.241964 0.325651 0
0  29.844080 26.000000 4.344079  0.000000 -1.000000 -0.000000  0.235247 0.333419 0
kart_scrap
0  30.200247 26.000000 8.683451  0.000000 -1.000000 0.000000  0.236443 0.321881 0
0  26.880001 26.000000 11.500000  0.000000 -1.000000 0.000000  0.245598 0.315779 0
0  27.650339 26.000000 7.627244  0.000000 -1.000000 -0.000000  0.241964 0.325651 0
kart_scrap
0  29.639999 26.000000 11.500000  0.000000 -1.000000 0.000001  0.239087 0.314701 0
0  27.650339 26.000000 15.372757  0.000000 -1.000000 0.000000  0.245598 0.305305 0
0  26.880001 26.000000 11.500000  0.000000 -1.000000 0.000000  0.245598 0.315779 0
kart_scrap
0  30.200247 26.000000 14.316550  0.000000 -1.000000 0.000000  0.239087 0.307083 0
0  29.844080 26.000000 18.655920  0.000000 -1.000000 0.000000  0.241964 0.295824 0
0  27.650339 26.000000 15.372757  0.000000 -1.000000 0.000000  0.245598 0.305305 0
kart_scrap
0  31.795694 26.000000 16.704306  0.000000 -1.000000 0.000000  0.236443 0.300188 0
0  33.127243 26.000000 20.849661  0.000000 -1.000000 0.000000  0.235247 0.288779 0
0  29.844080 26.000000 18.655920  0.000000 -1.000000 0.000000  0.241964 0.295824 0
kart_scrap
0  34.183449 26.000000 18.299753  0.000000 -1.000000 0.000000  0.231559 0.295064 0
0  37.000000 26.000000 21.619999  0.000000 -1.000000 0.000000  0.226472 0.285242 0
0  33.127243 26.000000 20.849661  0.000000 -1.000000 0.000000  0.235247 0.288779 0
kart_scrap
0  37.000000 26.000000 18.860001  0.000000 -1.000000 0.000000  0.225176 0.292493 0
0  40.872757 26.000000 20.849661  0.000000 -1.000000 0.000000  0.216973 0.285753 0
0  37.000000 26.000000 21.619999  0.000000 -1.000000 0.000000  0.226472 0.285242 0
kart_scrap
0  39.816551 26.000000 18.299753  0.000000 -1.000000 0.000000  0.218268 0.292864 0
0  44.155922 26.000000 18.655920  0.000000 -1.000000 0.000000  0.208198 0.290234 0
0  40.872757 26.000000 20.849661  0.000000 -1.000000 0.000000  0.216973 0.285753 0
kart_scrap
0  42.204308 26.000000 16.704306  0.000000 -1.000000 0.000000  0.211886 0.296123 0
0  46.349663 26.000000 15.372757  0.000000 -1.000000 0.000000  0.201481 0.298001 0
0  44.155922 26.000000 18.655920  0.000000 -1.000000 0.000000  0.208198 0.290234 0
kart_scrap
0  43.799751 26.000000 14.316550  0.000000 -1.000000 0.000000  0.207001 0.301772 0
0  47.119999 26.000000 11.500000  0.000000 -1.000000 0.000000  0.197846 0.307874 0
0  46.349663 26.000000 15.372757  0.000000 -1.000000 0.000000  0.201481 0.298001 0
kart_scrap
0  47.119999 26.000000 11.500000  0.793607 -0.608431 0.000000  0.657927 0.002979 0
0  47.624615 27.799999 7.099141  0.878452 -0.309711 -0.363870  0.646752 0.008284 0
0  48.500000 27.799999 11.500000  0.950831 -0.309711 -0.000004  0.653306 0.000000 0
kart_scrap
0  46.349663 26.000000 7.627244  0.733197 -0.608432 -0.303699  0.652160 0.010269 0
0  45.131729 27.799999 3.368272  0.672336 -0.309712 -0.672341  0.643205 0.019246 0
0  47.624615 27.799999 7.099141  0.878452 -0.309711 -0.363870  0.646752 0.008284 0
kart_scrap
0  44.155922 26.000000 4.344079  0.561164 -0.608433 -0.561163  0.649038 0.019916 0
0  41.400860 27.799999 0.875385  0.363864 -0.309711 -0.878454  0.643205 0.031218 0
0  45.131729 27.799999 3.368272  0.672336 -0.309712 -0.672341  0.643205 0.019246 0
kart_scrap
0  40.872757 26.000000 2.150339  0.303701 -0.608431 -0.733196  0.649038 0.030451 0
0  37.000000 27.799999 0.000000  -0.000004 -0.309711 -0.950831  0.646752 0.042375 0
0  41.400860 27.799999 0.875385  0.363864 -0.309711 -0.878454  0.643205 0.031218 0
kart_scrap
0  37.000000 26.000000 1.380000  0.000001 -0.608432 -0.793606  0.652160 0.040270 0
0  32.599140 27.799999 0.875385  -0.363870 -0.309711 -0.878452  0.653306 0.051021 0
0  37.000000 27.799999 0.000000  -0.000004 -0.309711 -0.950831  0.646752 0.042375 0
kart_scrap
0  33.127243 26.000000 2.150339  -0.303699 -0.608432 -0.733196  0.460910 0.782402 0
0  28.868271 27.799999 3.368272  -0.672341 -0.309712 -0.672336  0.450369 0.777655 0
0  32.599140 27.799999 0.875385  -0.363870 -0.309711 -0.878452  0.462188 0.777635 0
kart_scrap
0  29.844080 26.000000 4.344079  -0.561164 -0.608432 -0.561164  0.235247 0.333419 0
0  26.375385 27.799999 7.099141  -0.878454 -0.309711 -0.363864  0.246798 0.328023 0
0  28.868271 27.799999 3.368272  -0.672341 -0.309712 -0.672336  0.239165 0.336850 0
kart_scrap
0  27.650339 26.000000 7.627244  -0.733196 -0.608432 -0.303701  0.241964 0.325651 0
0  25.500000 27.799999 11.500000  -0.950831 -0.309712 0.000004  0.250928 0.316804 0
0  26.375385 27.799999 7.099141  -0.878454 -0.309711 -0.363864  0.246798 0.328023 0
kart_scrap
0  26.880001 26.000000 11.500000  -0.793606 -0.608433 -0.000000  0.245598 0.315779 0
0  26.375385 27.799999 15.900860  -0.878452 -0.309711 0.363870  0.250928 0.304902 0
0  25.500000 27.799999 11.500000  -0.950831 -0.309712 0.000004  0.250928 0.316804 0
kart_scrap
0  27.650339 26.000000 15.372757  -0.733197 -0.608432 0.303699  0.245598 0.305305 0
0  28.868271 27.799999 19.631729  -0.672336 -0.309712 0.672341  0.246798 0.294128 0
0  26.375385 27.799999 15.900860  -0.878452 -0.309711 0.363870  0.250928 0.304902 0
kart_scrap
0  29.844080 26.000000 18.655920  -0.561164 -0.608432 0.561164  0.241964 0.295824 0
0  32.599140 27.800001 22.124615  -0.363864 -0.309711 0.878454  0.239165 0.286122 0
0  28.868271 27.799999 19.631729  -0.672336 -0.309712 0.672341  0.246798 0.294128 0
kart_scrap
0  33.127243 26.000000 20.849661  -0.303701 -0.608431 0.733196  0.151599 0.534741 0
0  37.000000 27.800001 23.000000  0.000004 -0.309711 0.950831  0.146808 0.545070 0
0  32.599140 27.800001 22.124615  -0.363864 -0.309711 0.878454  0.146808 0.533325 0
kart_scrap
0  37.000000 26.000000 21.619999  -0.000000 -0.608431 0.793606  0.767422 0.304934 0
0  41.400860 27.800001 22.124615  0.363870 -0.309711 0.878452  0.757110 0.312270 0
0  37.000000 27.800001 23.000000  0.000004 -0.309711 0.950831  0.762501 0.302356 0
kart_scrap
0  40.872757 26.000000 20.849661  0.303699 -0.608431 0.733197  0.762678 0.313658 0
0  45.131729 27.799999 19.631729  0.672341 -0.309712 0.672336  0.755217 0.324002 0
0  41.400860 27.800001 22.124615  0.363870 -0.309711 0.878452  0.757110 0.312270 0
kart_scrap
0  44.155922 26.000000 18.655920  0.561164 -0.608432 0.561165  0.761012 0.323982 0
0  47.624615 27.799999 15.900860  0.878454 -0.309712 0.363864  0.757110 0.335765 0
0  45.131729 27.799999 19.631729  0.672341 -0.309712 0.672336  0.755217 0.324002 0
kart_scrap
0  46.349663 26.000000 15.372757  0.733197 -0.608431 0.303701  0.762678 0.334333 0
0  48.500000 27.799999 11.500000  0.950831 -0.309711 -0.000004  0.762501 0.345768 0
0  47.624615 27.799999 15.900860  0.878454 -0.309712 0.363864  0.757110 0.335765 0
kart_scrap
0  48.500000 27.799999 11.500000  0.950831 -0.309711 -0.000004  0.259665 0.696306 0
0  47.624615 33.200001 7.099141  0.878455 0.309711 -0.363864  0.245274 0.707968 0
0  48.500000 33.200001 11.500000  0.950831 0.309711 0.000003  0.245262 0.696304 0
kart_scrap
0  47.624615 27.799999 7.099141  0.878452 -0.309711 -0.363870  0.259677 0.707970 0
0  45.131729 33.200001 3.368272  0.672341 0.309712 -0.672336  0.245309 0.717701 0
0  47.624615 33.200001 7.099141  0.878455 0.309711 -0.363864  0.245274 0.707968 0
kart_scrap
0  45.131729 27.799999 3.368272  0.672336 -0.309712 -0.672341  0.534054 0.709842 0
0  41.400860 33.200001 0.875385  0.363870 0.309712 -0.878451  0.519691 0.719845 0
0  45.131729 33.200001 3.368272  0.672341 0.309712 -0.672336  0.519651 0.709855 0
kart_scrap
0  41.400860 27.799999 0.875385  0.363864 -0.309711 -0.878454  0.534094 0.719831 0
0  37.000000 33.200001 0.000000  0.000004 0.309711 -0.950831  0.519713 0.731603 0
0  41.400860 33.200001 0.875385  0.363870 0.309712 -0.878451  0.519691 0.719845 0
kart_scrap
0  37.000000 27.799999 0.000000  -0.000004 -0.309711 -0.950831  0.534116 0.731589 0
0  32.599140 33.200001 0.875385  -0.363864 0.309711 -0.878454  0.519713 0.743340 0
0  37.000000 33.200001 0.000000  0.000004 0.309711 -0.950831  0.519713 0.731603 0
kart_scrap
0  32.599140 27.799999 0.875385  -0.363870 -0.309711 -0.878452  0.462188 0.777635 0
0  28.868271 33.200001 3.368272  -0.672336 0.309712 -0.672341  0.450369 0.763241 0
0  32.599140 33.200001 0.875385  -0.363864 0.309711 -0.878454  0.462188 0.763220 0
kart_scrap
0  28.868271 27.799999 3.368272  -0.672341 -0.309712 -0.672336  0.450369 0.777655 0
0  26.375385 33.200001 7.099141  -0.878452 0.309711 -0.363870  0.438729 0.763211 0
0  28.868271 33.200001 3.368272  -0.672336 0.309712 -0.672341  0.450369 0.763241 0
kart_scrap
0  26.375385 27.799999 7.099141  -0.878454 -0.309711 -0.363864  0.197846 0.794351 0
0  25.500000 33.200001 11.500000  -0.950831 0.309711 -0.000004  0.212323 0.783387 0
0  26.375385 33.200001 7.099141  -0.878452 0.309711 -0.363870  0.212247 0.794345 0
kart_scrap
0  25.500000 27.799999 11.500000  -0.950831 -0.309712 0.000004  0.197922 0.783393 0
0  26.375385 33.200001 15.900860  -0.878454 0.309711 0.363864  0.212323 0.771412 0
0  25.500000 33.200001 11.500000  -0.950831 0.309711 -0.000004  0.212323 0.783387 0
kart_scrap
0  26.375385 27.799999 15.900860  -0.878452 -0.309711 0.363870  0.197922 0.771418 0
0  28.868271 33.200001 19.631729  -0.672341 0.309712 0.672336  0.212247 0.760244 0
0  26.375385 33.200001 15.900860  -0.878454 0.309711 0.363864  0.212323 0.771412 0
kart_scrap
0  28.868271 27.799999 19.631729  -0.672336 -0.309712 0.672341  0.146795 0.523374 0
0  32.599140 33.200001 22.124615  -0.363870 0.309712 0.878452  0.132405 0.533317 0
0  28.868271 33.200001 19.631729  -0.672341 0.309712 0.672336  0.132392 0.523366 0
kart_scrap
0  32.599140 27.800001 22.124615  -0.363864 -0.309711 0.878454  0.146808 0.533325 0
0  37.000000 33.200001 23.000000  -0.000004 0.309711 0.950831  0.132405 0.545062 0
0  32.599140 33.200001 22.124615  -0.363870 0.309712 0.878452  0.132405 0.533317 0
kart_scrap
0  37.000000 27.800001 23.000000  0.000004 -0.309711 0.950831  0.146808 0.545070 0
0  41.400860 33.200001 22.124615  0.363864 0.309712 0.878454  0.132392 0.556813 0
0  37.000000 33.200001 23.000000  -0.000004 0.309711 0.950831  0.132405 0.545062 0
kart_scrap
0  41.400860 27.800001 22.124615  0.363870 -0.309711 0.878452  0.146795 0.556821 0
0  45.131729 33.200001 19.631729  0.672336 0.309711 0.672341  0.132369 0.566781 0
0  41.400860 33.200001 22.124615  0.363864 0.309712 0.878454  0.132392 0.556813 0
kart_scrap
0  45.131729 27.799999 19.631729  0.672341 -0.309712 0.672336  0.259712 0.674312 0
0  47.624615 33.200001 15.900860  0.878452 0.309711 0.363870  0.245274 0.684485 0
0  45.131729 33.200001 19.631729  0.672336 0.309711 0.672341  0.245309 0.674310 0
kart_scrap
0  47.624615 27.799999 15.900860  0.878454 -0.309712 0.363864  0.259677 0.684487 0
0  48.500000 33.200001 11.500000  0.950831 0.309711 0.000003  0.245262 0.696304 0
0  47.624615 33.200001 15.900860  0.878452 0.309711 0.363870  0.245274 0.684485 0
kart_scrap
0  48.500000 33.200001 11.500000  0.950831 0.309711 0.000003  0.766632 0.478769 0
0  46.349663 35.000000 7.627244  0.733197 0.608431 -0.303701  0.766444 0.490612 0
0  47.119999 35.000000 11.500000  0.793606 0.608432 -0.000001  0.761707 0.481575 0
kart_scrap
0  47.624615 33.200001 7.099141  0.878455 0.309711 -0.363864  0.772015 0.489038 0
0  44.155922 35.000000 4.344079  0.561163 0.608432 -0.561165  0.768108 0.501016 0
0  46.349663 35.000000 7.627244  0.733197 0.608431 -0.303701  0.766444 0.490612 0
kart_scrap
0  45.131729 33.200001 3.368272  0.672341 0.309712 -0.672336  0.773906 0.500862 0
0  40.872757 35.000000 2.150339  0.303699 0.608432 -0.733196  0.766444 0.511205 0
0  44.155922 35.000000 4.344079  0.561163 0.608432 -0.561165  0.768108 0.501016 0
kart_scrap
0  41.400860 33.200001 0.875385  0.363870 0.309712 -0.878451  0.772015 0.512439 0
0  37.000000 35.000000 1.380000  -0.000000 0.608432 -0.793606  0.761707 0.519626 0
0  40.872757 35.000000 2.150339  0.303699 0.608432 -0.733196  0.766444 0.511205 0
kart_scrap
0  37.000000 33.200001 0.000000  0.000004 0.309711 -0.950831  0.519713 0.731603 0
0  33.127243 35.000000 2.150339  -0.303701 0.608432 -0.733196  0.514895 0.741920 0
0  37.000000 35.000000 1.380000  -0.000000 0.608432 -0.793606  0.514895 0.731591 0
kart_scrap
0  32.599140 33.200001 0.875385  -0.363864 0.309711 -0.878454  0.462188 0.763220 0
0  29.844080 35.000000 4.344079  -0.561164 0.608433 -0.561163  0.450510 0.758396 0
0  33.127243 35.000000 2.150339  -0.303701 0.608432 -0.733196  0.460910 0.758378 0
kart_scrap
0  28.868271 33.200001 3.368272  -0.672336 0.309712 -0.672341  0.287149 0.388166 0
0  27.650339 35.000000 7.627244  -0.733196 0.608432 -0.303699  0.284404 0.376978 0
0  29.844080 35.000000 4.344079  -0.561164 0.608433 -0.561163  0.291094 0.384746 0
kart_scrap
0  26.375385 33.200001 7.099141  -0.878452 0.309711 -0.363870  0.279546 0.379339 0
0  26.880001 35.000000 11.500000  -0.793606 0.608432 0.000001  0.280783 0.367105 0
0  27.650339 35.000000 7.627244  -0.733196 0.608432 -0.303699  0.284404 0.376978 0
kart_scrap
0  25.500000 33.200001 11.500000  -0.950831 0.309711 -0.000004  0.275431 0.368118 0
0  27.650339 35.000000 15.372756  -0.733196 0.608432 0.303701  0.280783 0.356627 0
0  26.880001 35.000000 11.500000  -0.793606 0.608432 0.000001  0.280783 0.367105 0
kart_scrap
0  26.375385 33.200001 15.900860  -0.878454 0.309711 0.363864  0.275431 0.356213 0
0  29.844080 35.000000 18.655920  -0.561164 0.608433 0.561164  0.284404 0.347142 0
0  27.650339 35.000000 15.372756  -0.733196 0.608432 0.303701  0.280783 0.356627 0
kart_scrap
0  28.868271 33.200001 19.631729  -0.672341 0.309712 0.672336  0.279546 0.345434 0
0  33.127243 35.000000 20.849661  -0.303699 0.608432 0.733196  0.291094 0.340093 0
0  29.844080 35.000000 18.655920  -0.561164 0.608433 0.561164  0.284404 0.347142 0
kart_scrap
0  32.599140 33.200001 22.124615  -0.363870 0.309712 0.878452  0.132405 0.533317 0
0  37.000000 35.000000 21.619999  0.000000 0.608432 0.793606  0.127594 0.545064 0
0  33.127243 35.000000 20.849661  -0.303699 0.608432 0.733196  0.127594 0.534729 0
kart_scrap
0  37.000000 33.200001 23.000000  -0.000004 0.309711 0.950831  0.767364 0.244739 0
0  40.872757 35.000000 20.849661  0.303701 0.608432 0.733196  0.766059 0.256062 0
0  37.000000 35.000000 21.619999  0.000000 0.608432 0.793606  0.762075 0.247333 0
kart_scrap
0  41.400860 33.200001 22.124615  0.363864 0.309712 0.878454  0.771890 0.254659 0
0  44.155922 35.000000 18.655920  0.561165 0.608432 0.561164  0.767457 0.266388 0
0  40.872757 35.000000 20.849661  0.303701 0.608432 0.733196  0.766059 0.256062 0
kart_scrap
0  45.131729 33.200001 19.631729  0.672336 0.309711 0.672341  0.773480 0.266393 0
0  46.349663 35.000000 15.372756  0.733198 0.608431 0.303699  0.766059 0.276738 0
0  44.155922 35.000000 18.655920  0.561165 0.608432 0.561164  0.767457 0.266388 0
kart_scrap
0  47.624615 33.200001 15.900860  0.878452 0.309711 0.363870  0.771890 0.278154 0
0  47.119999 35.000000 11.500000  0.793606 0.608432 -0.000001  0.762075 0.285537 0
0  46.349663 35.000000 15.372756  0.733198 0.608431 0.303699  0.766059 0.276738 0
kart_scrap
0  47.119999 35.000000 11.500000  0.000000 1.000000 -0.000001  0.328352 0.359181 0
0  43.799751 35.000000 8.683450  0.000000 1.000000 -0.000000  0.321865 0.367881 0
0  44.360001 35.000000 11.500000  0.000000 1.000000 -0.000001  0.321865 0.360262 0
kart_scrap
0  46.349663 35.000000 7.627244  0.000000 1.000000 0.000000  0.328352 0.369658 0
0  42.204308 35.000000 6.295694  0.000000 1.000000 0.000000  0.319231 0.374780 0
0  43.799751 35.000000 8.683450  0.000000 1.000000 -0.000000  0.321865 0.367881 0
kart_scrap
0  44.155922 35.000000 4.344079  0.000000 1.000000 0.000000  0.324731 0.379144 0
0  39.816551 35.000000 4.700247  0.000000 1.000000 0.000000  0.314366 0.379906 0
0  42.204308 35.000000 6.295694  0.000000 1.000000 0.000000  0.319231 0.374780 0
kart_scrap
0  40.872757 35.000000 2.150339  0.000000 1.000000 0.000000  0.318040 0.386193 0
0  37.000000 35.000000 4.140000  0.000000 1.000000 0.000000  0.308008 0.382481 0
0  39.816551 35.000000 4.700247  0.000000 1.000000 0.000000  0.314366 0.379906 0
kart_scrap
0  37.000000 35.000000 1.380000  0.000000 1.000000 0.000000  0.309298 0.389733 0
0  34.183449 35.000000 4.700247  0.000000 1.000000 0.000000  0.301126 0.382112 0
0  37.000000 35.000000 4.140000  0.000000 1.000000 0.000000  0.308008 0.382481 0
kart_scrap
0  33.127243 35.000000 2.150339  0.000000 1.000000 0.000000  0.299836 0.389225 0
0  31.795694 35.000000 6.295694  0.000000 1.000000 0.000000  0.294769 0.378854 0
0  34.183449 35.000000 4.700247  0.000000 1.000000 0.000000  0.301126 0.382112 0
kart_scrap
0  29.844080 35.000000 4.344079  0.000000 1.000000 0.000000  0.291094 0.384746 0
0  30.200247 35.000000 8.683450  0.000000 1.000000 -0.000000  0.289903 0.373205 0
0  31.795694 35.000000 6.295694  0.000000 1.000000 0.000000  0.294769 0.378854 0
kart_scrap
0  27.650339 35.000000 7.627244  0.000000 1.000000 -0.000000  0.284404 0.376978 0
0  29.639999 35.000000 11.500000  0.000000 1.000000 -0.000000  0.287270 0.366024 0
0  30.200247 35.000000 8.683450  0.000000 1.000000 -0.000000  0.289903 0.373205 0
kart_scrap
0  26.880001 35.000000 11.500000  0.000000 1.000000 -0.000000  0.280783 0.367105 0
0  30.200247 35.000000 14.316549  0.000000 1.000000 0.000000  0.287270 0.358404 0
0  29.639999 35.000000 11.500000  0.000000 1.000000 -0.000000  0.287270 0.366024 0
kart_scrap
0  27.650339 35.000000 15.372756  0.000000 1.000000 0.000000  0.280783 0.356627 0
0  31.795694 35.000000 16.704306  0.000000 1.000000 -0.000001  0.289903 0.351506 0
0  30.200247 35.000000 14.316549  0.000000 1.000000 0.000000  0.287270 0.358404 0
kart_scrap
0  29.844080 35.000000 18.655920  0.000000 1.000000 -0.000000  0.284404 0.347142 0
0  34.183449 35.000000 18.299753  0.000000 1.000000 0.000000  0.294769 0.346379 0
0  31.795694 35.000000 16.704306  0.000000 1.000000 -0.000001  0.289903 0.351506 0
kart_scrap
0  33.127243 35.000000 20.849661  0.000000 1.000000 0.000001  0.291094 0.340093 0
0  37.000000 35.000000 18.860001  0.000000 1.000000 0.000000  0.301126 0.343805 0
0  34.183449 35.000000 18.299753  0.000000 1.000000 0.000000  0.294769 0.346379 0
kart_scrap
0  37.000000 35.000000 21.619999  0.000000 1.000000 0.000000  0.299836 0.336553 0
0  39.816551 35.000000 18.299753  0.000000 1.000000 0.000000  0.308008 0.344174 0
0  37.000000 35.000000 18.860001  0.000000 1.000000 0.000000  0.301126 0.343805 0
kart_scrap
0  40.872757 35.000000 20.849661  0.000000 1.000000 0.000000  0.309298 0.337061 0
0  42.204308 35.000000 16.704306  0.000000 1.000000 0.000000  0.314366 0.347432 0
0  39.816551 35.000000 18.299753  0.000000 1.000000 0.000000  0.308008 0.344174 0
kart_scrap
0  44.155922 35.000000 18.655920  0.000000 1.000000 0.000000  0.318040 0.341540 0
0  43.799751 35.000000 14.316549  0.000000 1.000000 0.000000  0.319231 0.353081 0
0  42.204308 35.000000 16.704306  0.000000 1.000000 0.000000  0.314366 0.347432 0
kart_scrap
0  46.349663 35.000000 15.372756  0.000000 1.000000 0.000000  0.324731 0.349307 0
0  44.360001 35.000000 11.500000  0.000000 1.000000 -0.000001  0.321865 0.360262 0
0  43.799751 35.000000 14.316549  0.000000 1.000000 0.000000  0.319231 0.353081 0
kart_scrap
0  44.360001 35.000000 11.500000  -1.000000 0.000000 0.000000  0.296065 0.902048 0
0  43.799751 33.200001 8.683450  -0.923880 0.000000 0.382682  0.291265 0.909714 0
0  44.360001 33.200001 11.500000  -1.000000 0.000000 -0.000001  0.291265 0.902050 0
kart_scrap
0  43.799751 35.000000 8.683450  -0.923880 0.000000 0.382683  0.296065 0.909712 0
0  42.204308 33.200001 6.295694  -0.707108 0.000000 0.707106  0.291313 0.916862 0
0  43.799751 33.200001 8.683450  -0.923880 0.000000 0.382682  0.291265 0.909714 0
kart_scrap
0  42.204308 35.000000 6.295694  -0.707107 0.000000 0.707107  0.628326 0.889818 0
0  39.816551 33.200001 4.700247  -0.382684 0.000000 0.923880  0.633116 0.883449 0
0  42.204308 33.200001 6.295694  -0.707108 0.000000 0.707106  0.633127 0.889818 0
kart_scrap
0  39.816551 35.000000 4.700247  -0.382682 0.000000 0.923880  0.628315 0.883449 0
0  37.000000 33.200001 4.140000  -0.000000 0.000000 1.000000  0.633112 0.875933 0
0  39.816551 33.200001 4.700247  -0.382684 0.000000 0.923880  0.633116 0.883449 0
kart_scrap
0  37.000000 35.000000 4.140000  0.000000 0.000000 1.000000  0.628311 0.875933 0
0  34.183449 33.200001 4.700247  0.382684 0.000000 0.923879  0.633116 0.868412 0
0  37.000000 33.200001 4.140000  -0.000000 0.000000 1.000000  0.633112 0.875933 0
kart_scrap
0  34.183449 35.000000 4.700247  0.382684 0.000000 0.923879  0.628315 0.868412 0
0  31.795694 33.200001 6.295694  0.707107 0.000000 0.707106  0.633127 0.862032 0
0  34.183449 33.200001 4.700247  0.382684 0.000000 0.923879  0.633116 0.868412 0
kart_scrap
0  31.795694 35.000000 6.295694  0.707107 0.000000 0.707107  0.846575 0.886500 0
0  30.200247 33.200001 8.683450  0.923879 0.000000 0.382684  0.851398 0.879988 0
0  31.795694 33.200001 6.295694  0.707107 0.000000 0.707106  0.851376 0.886500 0
kart_scrap
0  30.200247 35.000000 8.683450  0.923879 0.000000 0.382684  0.846597 0.879988 0
0  29.639999 33.200001 11.500000  1.000000 0.000000 0.000000  0.851406 0.872424 0
0  30.200247 33.200001 8.683450  0.923879 0.000000 0.382684  0.851398 0.879988 0
kart_scrap
0  29.639999 35.000000 11.500000  1.000000 -0.000000 -0.000000  0.846605 0.872423 0
0  30.200247 33.200001 14.316550  0.923880 -0.000001 -0.382683  0.851398 0.864959 0
0  29.639999 33.200001 11.500000  1.000000 0.000000 0.000000  0.851406 0.872424 0
kart_scrap
0  30.200247 35.000000 14.316549  0.923879 -0.000001 -0.382684  0.846597 0.864959 0
0  31.795694 33.200001 16.704306  0.707108 0.000000 -0.707106  0.851376 0.858730 0
0  30.200247 33.200001 14.316550  0.923880 -0.000001 -0.382683  0.851398 0.864959 0
kart_scrap
0  31.795694 35.000000 16.704306  0.707106 0.000000 -0.707107  0.140660 0.919252 0
0  34.183449 33.200001 18.299753  0.382684 0.000000 -0.923879  0.145448 0.912863 0
0  31.795694 33.200001 16.704306  0.707108 0.000000 -0.707106  0.145461 0.919256 0
kart_scrap
0  34.183449 35.000000 18.299753  0.382683 0.000000 -0.923880  0.140647 0.912859 0
0  37.000000 33.200001 18.860001  0.000000 0.000000 -1.000000  0.145448 0.905338 0
0  34.183449 33.200001 18.299753  0.382684 0.000000 -0.923879  0.145448 0.912863 0
kart_scrap
0  37.000000 35.000000 18.860001  -0.000000 0.000000 -1.000000  0.140647 0.905333 0
0  39.816551 33.200001 18.299753  -0.382684 0.000000 -0.923879  0.145461 0.897826 0
0  37.000000 33.200001 18.860001  0.000000 0.000000 -1.000000  0.145448 0.905338 0
kart_scrap
0  39.816551 35.000000 18.299753  -0.382684 0.000000 -0.923879  0.942592 0.460812 0
0  42.204308 33.200001 16.704306  -0.707107 0.000000 -0.707106  0.937808 0.468385 0
0  39.816551 33.200001 18.299753  -0.382684 0.000000 -0.923879  0.937792 0.460814 0
kart_scrap
0  42.204308 35.000000 16.704306  -0.707107 -0.000000 -0.707107  0.942609 0.468383 0
0  43.799751 33.200001 14.316550  -0.923880 -0.000000 -0.382683  0.937792 0.475841 0
0  42.204308 33.200001 16.704306  -0.707107 0.000000 -0.707106  0.937808 0.468385 0
kart_scrap
0  43.799751 35.000000 14.316549  -0.923880 -0.000001 -0.382683  0.296113 0.895035 0
0  44.360001 33.200001 11.500000  -1.000000 0.000000 -0.000001  0.291265 0.902050 0
0  43.799751 33.200001 14.316550  -0.923880 -0.000000 -0.382683  0.291313 0.895037 0
kart_scrap
0  44.360001 -26.000000 11.500000  0.000000 1.000000 0.000000  0.174028 0.362725 0
0  46.349663 -26.000000 15.372756  0.000000 1.000000 0.000000  0.176893 0.351771 0
0  47.119999 -26.000000 11.500000  0.000000 1.000000 0.000000  0.180514 0.361645 0
kart_scrap
0  43.799751 -26.000000 14.316549  0.000000 1.000000 0.000000  0.171394 0.355544 0
0  44.155922 -26.000000 18.655920  0.000000 1.000000 0.000000  0.170203 0.344003 0
0  46.349663 -26.000000 15.372756  0.000000 1.000000 0.000000  0.176893 0.351771 0
kart_scrap
0  42.204308 -26.000000 16.704306  0.000000 1.000000 0.000000  0.166528 0.349895 0
0  40.872757 -26.000000 20.849661  0.000000 1.000000 0.000000  0.161461 0.339524 0
0  44.155922 -26.000000 18.655920  0.000000 1.000000 0.000000  0.170203 0.344003 0
kart_scrap
0  39.816551 -26.000000 18.299753  0.000000 1.000000 0.000000  0.160171 0.346638 0
0  37.000000 -26.000000 21.619999  0.000000 1.000000 0.000000  0.151999 0.339016 0
0  40.872757 -26.000000 20.849661  0.000000 1.000000 0.000000  0.161461 0.339524 0
kart_scrap
0  37.000000 -26.000000 18.860001  0.000000 1.000000 0.000000  0.153289 0.346268 0
0  33.127243 -26.000000 20.849661  0.000000 1.000000 0.000000  0.143257 0.342557 0
0  37.000000 -26.000000 21.619999  0.000000 1.000000 0.000000  0.151999 0.339016 0
kart_scrap
0  34.183449 -26.000000 18.299753  0.000000 1.000000 0.000000  0.146932 0.348843 0
0  29.844080 -26.000000 18.655920  0.000000 1.000000 0.000000  0.136567 0.349606 0
0  33.127243 -26.000000 20.849661  0.000000 1.000000 0.000000  0.143257 0.342557 0
kart_scrap
0  31.795694 -26.000000 16.704306  0.000000 1.000000 0.000000  0.142066 0.353970 0
0  27.650339 -26.000000 15.372756  0.000000 1.000000 0.000000  0.132946 0.359091 0
0  29.844080 -26.000000 18.655920  0.000000 1.000000 0.000000  0.136567 0.349606 0
kart_scrap
0  30.200247 -26.000000 14.316549  0.000000 1.000000 -0.000000  0.139432 0.360868 0
0  26.880001 -26.000000 11.500000  0.000000 1.000000 -0.000000  0.132946 0.369568 0
0  27.650339 -26.000000 15.372756  0.000000 1.000000 0.000000  0.132946 0.359091 0
kart_scrap
0  29.639999 -26.000000 11.500000  0.000000 1.000000 -0.000001  0.139432 0.368487 0
0  27.650339 -26.000000 7.627244  0.000000 1.000000 0.000000  0.136567 0.379442 0
0  26.880001 -26.000000 11.500000  0.000000 1.000000 -0.000000  0.132946 0.369568 0
kart_scrap
0  30.200247 -26.000000 8.683450  0.000000 1.000000 0.000000  0.142066 0.375669 0
0  29.844080 -26.000000 4.344079  0.000000 1.000000 0.000000  0.143257 0.387209 0
0  27.650339 -26.000000 7.627244  0.000000 1.000000 0.000000  0.136567 0.379442 0
kart_scrap
0  31.795694 -26.000000 6.295693  0.000000 1.000000 0.000000  0.146932 0.381318 0
0  33.127243 -26.000000 2.150339  0.000000 1.000000 0.000000  0.151999 0.391688 0
0  29.844080 -26.000000 4.344079  0.000000 1.000000 0.000000  0.143257 0.387209 0
kart_scrap
0  34.183449 -26.000000 4.700246  0.000000 1.000000 0.000000  0.153289 0.384575 0
0  37.000000 -26.000000 1.380000  0.000000 1.000000 0.000000  0.161461 0.392196 0
0  33.127243 -26.000000 2.150339  0.000000 1.000000 0.000000  0.151999 0.391688 0
kart_scrap
0  37.000000 -26.000000 4.139999  0.000000 1.000000 0.000000  0.160171 0.384944 0
0  40.872757 -26.000000 2.150339  0.000000 1.000000 0.000000  0.170203 0.388656 0
0  37.000000 -26.000000 1.380000  0.000000 1.000000 0.000000  0.161461 0.392196 0
kart_scrap
0  39.816551 -26.000000 4.700246  0.000000 1.000000 0.000000  0.166528 0.382370 0
0  44.155922 -26.000000 4.344079  0.000000 1.000000 0.000000  0.176893 0.381607 0
0  40.872757 -26.000000 2.150339  0.000000 1.000000 0.000000  0.170203 0.388656 0
kart_scrap
0  42.204308 -26.000000 6.295693  0.000000 1.000000 0.000000  0.171394 0.377243 0
0  46.349663 -26.000000 7.627244  0.000000 1.000000 0.000000  0.180514 0.372122 0
0  44.155922 -26.000000 4.344079  0.000000 1.000000 0.000000  0.176893 0.381607 0
kart_scrap
0  43.799751 -26.000000 8.683450  0.000000 1.000000 0.000000  0.174028 0.370345 0
0  47.119999 -26.000000 11.500000  0.000000 1.000000 0.000000  0.180514 0.361645 0
0  46.349663 -26.000000 7.627244  0.000000 1.000000 0.000000  0.180514 0.372122 0
kart_scrap
0  47.119999 -26.000000 11.500000  0.793606 0.608432 -0.000001  0.762075 0.228540 0
0  47.624615 -27.799999 15.900860  0.878452 0.309711 0.363870  0.771890 0.221157 0
0  48.500000 -27.799999 11.500000  0.950831 0.309711 0.000004  0.767364 0.231156 0
kart_scrap
0  46.349663 -26.000000 15.372756  0.733197 0.608431 0.303699  0.766059 0.219741 0
0  45.131729 -27.799999 19.631729  0.672336 0.309711 0.672341  0.773480 0.209396 0
0  47.624615 -27.799999 15.900860  0.878452 0.309711 0.363870  0.771890 0.221157 0
kart_scrap
0  44.155922 -26.000000 18.655920  0.561165 0.608432 0.561164  0.767457 0.209391 0
0  41.400860 -27.799999 22.124615  0.363864 0.309711 0.878454  0.771890 0.197662 0
0  45.131729 -27.799999 19.631729  0.672336 0.309711 0.672341  0.773480 0.209396 0
kart_scrap
0  40.872757 -26.000000 20.849661  0.303701 0.608432 0.733196  0.766059 0.199066 0
0  37.000000 -27.799999 23.000000  -0.000004 0.309711 0.950831  0.767364 0.187742 0
0  41.400860 -27.799999 22.124615  0.363864 0.309711 0.878454  0.771890 0.197662 0
kart_scrap
0  37.000000 -26.000000 21.619999  0.000000 0.608432 0.793606  0.275431 0.546568 0
0  32.599140 -27.799999 22.124615  -0.363870 0.309711 0.878452  0.280242 0.534821 0
0  37.000000 -27.799999 23.000000  -0.000004 0.309711 0.950831  0.280242 0.546566 0
kart_scrap
0  33.127243 -26.000000 20.849661  -0.303699 0.608432 0.733197  0.143257 0.342557 0
0  28.868271 -27.799999 19.631729  -0.672341 0.309712 0.672336  0.131709 0.347898 0
0  32.599140 -27.799999 22.124615  -0.363870 0.309711 0.878452  0.139312 0.339887 0
kart_scrap
0  29.844080 -26.000000 18.655920  -0.561164 0.608432 0.561164  0.136567 0.349606 0
0  26.375385 -27.799999 15.900860  -0.878454 0.309711 0.363864  0.127594 0.358676 0
0  28.868271 -27.799999 19.631729  -0.672341 0.309712 0.672336  0.131709 0.347898 0
kart_scrap
0  27.650339 -26.000000 15.372756  -0.733196 0.608432 0.303701  0.132946 0.359091 0
0  25.500000 -27.799999 11.500000  -0.950831 0.309711 -0.000004  0.127594 0.370582 0
0  26.375385 -27.799999 15.900860  -0.878454 0.309711 0.363864  0.127594 0.358676 0
kart_scrap
0  26.880001 -26.000000 11.500000  -0.793606 0.608432 0.000000  0.132946 0.369568 0
0  26.375385 -27.799999 7.099141  -0.878452 0.309711 -0.363870  0.131709 0.381802 0
0  25.500000 -27.799999 11.500000  -0.950831 0.309711 -0.000004  0.127594 0.370582 0
kart_scrap
0  27.650339 -26.000000 7.627244  -0.733197 0.608432 -0.303699  0.136567 0.379442 0
0  28.868271 -27.800001 3.368272  -0.672336 0.309712 -0.672341  0.139312 0.390629 0
0  26.375385 -27.799999 7.099141  -0.878452 0.309711 -0.363870  0.131709 0.381802 0
kart_scrap
0  29.844080 -26.000000 4.344079  -0.561164 0.608432 -0.561164  0.526676 0.756942 0
0  32.599140 -27.800001 0.875385  -0.363864 0.309711 -0.878454  0.538354 0.761766 0
0  28.868271 -27.800001 3.368272  -0.672336 0.309712 -0.672341  0.526535 0.761786 0
kart_scrap
0  33.127243 -26.000000 2.150339  -0.303701 0.608431 -0.733197  0.442967 0.743374 0
0  37.000000 -27.800001 0.000000  0.000004 0.309711 -0.950831  0.447785 0.733058 0
0  32.599140 -27.800001 0.875385  -0.363864 0.309711 -0.878454  0.447785 0.744795 0
kart_scrap
0  37.000000 -26.000000 1.380000  -0.000001 0.608431 -0.793607  0.759694 0.741131 0
0  41.400860 -27.800001 0.875385  0.363870 0.309712 -0.878452  0.770002 0.733945 0
0  37.000000 -27.800001 0.000000  0.000004 0.309711 -0.950831  0.764619 0.743514 0
kart_scrap
0  40.872757 -26.000000 2.150339  0.303699 0.608432 -0.733197  0.764431 0.732710 0
0  45.131729 -27.800001 3.368272  0.672341 0.309711 -0.672336  0.771892 0.722367 0
0  41.400860 -27.800001 0.875385  0.363870 0.309712 -0.878452  0.770002 0.733945 0
kart_scrap
0  44.155922 -26.000000 4.344079  0.561164 0.608431 -0.561165  0.766094 0.722522 0
0  47.624615 -27.799999 7.099141  0.878454 0.309711 -0.363864  0.770002 0.710543 0
0  45.131729 -27.800001 3.368272  0.672341 0.309711 -0.672336  0.771892 0.722367 0
kart_scrap
0  46.349663 -26.000000 7.627244  0.733197 0.608431 -0.303700  0.764431 0.712117 0
0  48.500000 -27.799999 11.500000  0.950831 0.309711 0.000004  0.764619 0.700274 0
0  47.624615 -27.799999 7.099141  0.878454 0.309711 -0.363864  0.770002 0.710543 0
kart_scrap
0  48.500000 -27.799999 11.500000  0.950831 0.309711 0.000004  0.560538 0.698450 0
0  47.624615 -33.200001 15.900860  0.878454 -0.309711 0.363864  0.574953 0.686634 0
0  48.500000 -33.200001 11.500000  0.950831 -0.309711 -0.000004  0.574941 0.698453 0
kart_scrap
0  47.624615 -27.799999 15.900860  0.878452 0.309711 0.363870  0.560550 0.686631 0
0  45.131729 -33.200001 19.631729  0.672341 -0.309711 0.672336  0.574988 0.676459 0
0  47.624615 -33.200001 15.900860  0.878454 -0.309711 0.363864  0.574953 0.686634 0
kart_scrap
0  45.131729 -27.799999 19.631729  0.672336 0.309711 0.672341  0.280206 0.568285 0
0  41.400860 -33.200001 22.124615  0.363870 -0.309712 0.878452  0.294633 0.558325 0
0  45.131729 -33.200001 19.631729  0.672341 -0.309711 0.672336  0.294609 0.568293 0
kart_scrap
0  41.400860 -27.799999 22.124615  0.363864 0.309711 0.878454  0.280230 0.558317 0
0  37.000000 -33.200001 23.000000  0.000004 -0.309711 0.950831  0.294645 0.546574 0
0  41.400860 -33.200001 22.124615  0.363870 -0.309712 0.878452  0.294633 0.558325 0
kart_scrap
0  37.000000 -27.799999 23.000000  -0.000004 0.309711 0.950831  0.280242 0.546566 0
0  32.599140 -33.200001 22.124615  -0.363864 -0.309712 0.878454  0.294645 0.534829 0
0  37.000000 -33.200001 23.000000  0.000004 -0.309711 0.950831  0.294645 0.546574 0
kart_scrap
0  32.599140 -27.799999 22.124615  -0.363870 0.309711 0.878452  0.280242 0.534821 0
0  28.868271 -33.200001 19.631729  -0.672336 -0.309712 0.672341  0.294633 0.524878 0
0  32.599140 -33.200001 22.124615  -0.363864 -0.309712 0.878454  0.294645 0.534829 0
kart_scrap
0  28.868271 -27.799999 19.631729  -0.672341 0.309712 0.672336  0.398096 0.765168 0
0  26.375385 -33.200001 15.900860  -0.878452 -0.309711 0.363870  0.383770 0.776342 0
0  28.868271 -33.200001 19.631729  -0.672336 -0.309712 0.672341  0.383694 0.765173 0
kart_scrap
0  26.375385 -27.799999 15.900860  -0.878454 0.309711 0.363864  0.398171 0.776336 0
0  25.500000 -33.200001 11.500000  -0.950831 -0.309712 0.000004  0.383770 0.788317 0
0  26.375385 -33.200001 15.900860  -0.878452 -0.309711 0.363870  0.383770 0.776342 0
kart_scrap
0  25.500000 -27.799999 11.500000  -0.950831 0.309711 -0.000004  0.398171 0.788311 0
0  26.375385 -33.200001 7.099141  -0.878455 -0.309711 -0.363864  0.383694 0.799275 0
0  25.500000 -33.200001 11.500000  -0.950831 -0.309712 0.000004  0.383770 0.788317 0
kart_scrap
0  26.375385 -27.799999 7.099141  -0.878452 0.309711 -0.363870  0.514895 0.761756 0
0  28.868271 -33.200001 3.368272  -0.672341 -0.309712 -0.672336  0.526535 0.776200 0
0  26.375385 -33.200001 7.099141  -0.878455 -0.309711 -0.363864  0.514895 0.776170 0
kart_scrap
0  28.868271 -27.800001 3.368272  -0.672336 0.309712 -0.672341  0.526535 0.761786 0
0  32.599140 -33.200001 0.875385  -0.363871 -0.309712 -0.878451  0.538354 0.776180 0
0  28.868271 -33.200001 3.368272  -0.672341 -0.309712 -0.672336  0.526535 0.776200 0
kart_scrap
0  32.599140 -27.800001 0.875385  -0.363864 0.309711 -0.878454  0.447785 0.744795 0
0  37.000000 -33.200001 0.000000  -0.000004 -0.309711 -0.950831  0.462188 0.733044 0
0  32.599140 -33.200001 0.875385  -0.363871 -0.309712 -0.878451  0.462188 0.744781 0
kart_scrap
0  37.000000 -27.800001 0.000000  0.000004 0.309711 -0.950831  0.447785 0.733058 0
0  41.400860 -33.200001 0.875385  0.363864 -0.309712 -0.878454  0.462166 0.721286 0
0  37.000000 -33.200001 0.000000  -0.000004 -0.309711 -0.950831  0.462188 0.733044 0
kart_scrap
0  41.400860 -27.800001 0.875385  0.363870 0.309712 -0.878452  0.447763 0.721299 0
0  45.131729 -33.200001 3.368272  0.672336 -0.309711 -0.672341  0.462126 0.711296 0
0  41.400860 -33.200001 0.875385  0.363864 -0.309712 -0.878454  0.462166 0.721286 0
kart_scrap
0  45.131729 -27.800001 3.368272  0.672341 0.309711 -0.672336  0.560585 0.719847 0
0  47.624615 -33.200001 7.099141  0.878452 -0.309711 -0.363870  0.574953 0.710117 0
0  45.131729 -33.200001 3.368272  0.672336 -0.309711 -0.672341  0.574988 0.719850 0
kart_scrap
0  47.624615 -27.799999 7.099141  0.878454 0.309711 -0.363864  0.560550 0.710114 0
0  48.500000 -33.200001 11.500000  0.950831 -0.309711 -0.000004  0.574941 0.698453 0
0  47.624615 -33.200001 7.099141  0.878452 -0.309711 -0.363870  0.574953 0.710117 0
kart_scrap
0  48.500000 -33.200001 11.500000  0.950831 -0.309711 -0.000004  0.762501 0.402763 0
0  46.349663 -35.000000 15.372757  0.733197 -0.608430 0.303702  0.762678 0.391329 0
0  47.119999 -35.000000 11.500000  0.793607 -0.608431 0.000001  0.767422 0.400131 0
kart_scrap
0  47.624615 -33.200001 15.900860  0.878454 -0.309711 0.363864  0.757111 0.392760 0
0  44.155922 -35.000000 18.655922  0.561164 -0.608431 0.561166  0.761012 0.380977 0
0  46.349663 -35.000000 15.372757  0.733197 -0.608430 0.303702  0.762678 0.391329 0
kart_scrap
0  45.131729 -33.200001 19.631729  0.672341 -0.309711 0.672336  0.755217 0.380997 0
0  40.872757 -35.000000 20.849661  0.303699 -0.608432 0.733197  0.762678 0.370654 0
0  44.155922 -35.000000 18.655922  0.561164 -0.608431 0.561166  0.761012 0.380977 0
kart_scrap
0  41.400860 -33.200001 22.124615  0.363870 -0.309712 0.878452  0.757111 0.369266 0
0  37.000000 -35.000000 21.619999  -0.000000 -0.608432 0.793606  0.767422 0.361929 0
0  40.872757 -35.000000 20.849661  0.303699 -0.608432 0.733197  0.762678 0.370654 0
kart_scrap
0  37.000000 -33.200001 23.000000  0.000004 -0.309711 0.950831  0.294645 0.546574 0
0  33.127243 -35.000000 20.849661  -0.303700 -0.608432 0.733196  0.299436 0.536246 0
0  37.000000 -35.000000 21.619999  -0.000000 -0.608432 0.793606  0.299436 0.546581 0
kart_scrap
0  32.599140 -33.200001 22.124615  -0.363864 -0.309712 0.878454  0.041319 0.283373 0
0  29.844080 -35.000000 18.655922  -0.561164 -0.608432 0.561163  0.044117 0.293075 0
0  33.127243 -35.000000 20.849661  -0.303700 -0.608432 0.733196  0.037401 0.286030 0
kart_scrap
0  28.868271 -33.200001 19.631729  -0.672336 -0.309712 0.672341  0.048952 0.291379 0
0  27.650339 -35.000000 15.372757  -0.733197 -0.608432 0.303699  0.047752 0.302556 0
0  29.844080 -35.000000 18.655922  -0.561164 -0.608432 0.561163  0.044117 0.293075 0
kart_scrap
0  26.375385 -33.200001 15.900860  -0.878452 -0.309711 0.363870  0.053082 0.302153 0
0  26.880001 -35.000000 11.500000  -0.793606 -0.608433 -0.000001  0.047752 0.313030 0
0  27.650339 -35.000000 15.372757  -0.733197 -0.608432 0.303699  0.047752 0.302556 0
kart_scrap
0  25.500000 -33.200001 11.500000  -0.950831 -0.309712 0.000004  0.053082 0.314056 0
0  27.650339 -35.000000 7.627244  -0.733197 -0.608431 -0.303701  0.044117 0.322903 0
0  26.880001 -35.000000 11.500000  -0.793606 -0.608433 -0.000001  0.047752 0.313030 0
kart_scrap
0  26.375385 -33.200001 7.099141  -0.878455 -0.309711 -0.363864  0.048952 0.325274 0
0  29.844080 -35.000000 4.344080  -0.561164 -0.608432 -0.561165  0.037401 0.330670 0
0  27.650339 -35.000000 7.627244  -0.733197 -0.608431 -0.303701  0.044117 0.322903 0
kart_scrap
0  28.868271 -33.200001 3.368272  -0.672341 -0.309712 -0.672336  0.526535 0.776200 0
0  33.127243 -35.000000 2.150339  -0.303699 -0.608432 -0.733196  0.537077 0.780947 0
0  29.844080 -35.000000 4.344080  -0.561164 -0.608432 -0.561165  0.526676 0.780965 0
kart_scrap
0  32.599140 -33.200001 0.875385  -0.363871 -0.309712 -0.878451  0.637800 0.244747 0
0  37.000000 -35.000000 1.380000  0.000001 -0.608432 -0.793606  0.636654 0.233996 0
0  33.127243 -35.000000 2.150339  -0.303699 -0.608432 -0.733196  0.642421 0.241604 0
kart_scrap
0  37.000000 -33.200001 0.000000  -0.000004 -0.309711 -0.950831  0.631247 0.236101 0
0  40.872757 -35.000000 2.150339  0.303701 -0.608432 -0.733196  0.633533 0.224177 0
0  37.000000 -35.000000 1.380000  0.000001 -0.608432 -0.793606  0.636654 0.233996 0
kart_scrap
0  41.400860 -33.200001 0.875385  0.363864 -0.309712 -0.878454  0.627700 0.224944 0
0  44.155922 -35.000000 4.344080  0.561165 -0.608432 -0.561164  0.633533 0.213642 0
0  40.872757 -35.000000 2.150339  0.303701 -0.608432 -0.733196  0.633533 0.224177 0
kart_scrap
0  45.131729 -33.200001 3.368272  0.672336 -0.309711 -0.672341  0.627700 0.212972 0
0  46.349663 -35.000000 7.627244  0.733197 -0.608431 -0.303699  0.636654 0.203995 0
0  44.155922 -35.000000 4.344080  0.561165 -0.608432 -0.561164  0.633533 0.213642 0
kart_scrap
0  47.624615 -33.200001 7.099141  0.878452 -0.309711 -0.363870  0.631247 0.202010 0
0  47.119999 -35.000000 11.500000  0.793607 -0.608431 0.000001  0.642421 0.196705 0
0  46.349663 -35.000000 7.627244  0.733197 -0.608431 -0.303699  0.636654 0.203995 0
kart_scrap
0  47.119999 -35.000000 11.500000  0.000000 -1.000000 0.000001  0.000000 0.305125 0
0  43.799751 -35.000000 14.316550  0.000000 -1.000000 0.000000  0.009155 0.299023 0
0  44.360001 -35.000000 11.500000  0.000000 -1.000000 0.000001  0.006512 0.306203 0
kart_scrap
0  46.349663 -35.000000 15.372757  0.000000 -1.000000 0.000000  0.003635 0.295253 0
0  42.204308 -35.000000 16.704308  0.000000 -1.000000 0.000000  0.014040 0.293374 0
0  43.799751 -35.000000 14.316550  0.000000 -1.000000 0.000000  0.009155 0.299023 0
kart_scrap
0  44.155922 -35.000000 18.655922  0.000000 -1.000000 0.000000  0.010351 0.287485 0
0  39.816551 -35.000000 18.299753  0.000000 -1.000000 0.000000  0.020422 0.290115 0
0  42.204308 -35.000000 16.704308  0.000000 -1.000000 0.000000  0.014040 0.293374 0
kart_scrap
0  40.872757 -35.000000 20.849661  0.000000 -1.000000 0.000000  0.019127 0.283005 0
0  37.000000 -35.000000 18.860001  0.000000 -1.000000 0.000000  0.027330 0.289744 0
0  39.816551 -35.000000 18.299753  0.000000 -1.000000 0.000000  0.020422 0.290115 0
kart_scrap
0  37.000000 -35.000000 21.619999  0.000000 -1.000000 0.000000  0.028625 0.282494 0
0  34.183449 -35.000000 18.299753  0.000000 -1.000000 0.000000  0.033712 0.292316 0
0  37.000000 -35.000000 18.860001  0.000000 -1.000000 0.000000  0.027330 0.289744 0
kart_scrap
0  33.127243 -35.000000 20.849661  0.000000 -1.000000 0.000000  0.037401 0.286030 0
0  31.795694 -35.000000 16.704308  0.000000 -1.000000 0.000000  0.038597 0.297439 0
0  34.183449 -35.000000 18.299753  0.000000 -1.000000 0.000000  0.033712 0.292316 0
kart_scrap
0  29.844080 -35.000000 18.655922  0.000000 -1.000000 0.000000  0.044117 0.293075 0
0  30.200247 -35.000000 14.316550  0.000000 -1.000000 0.000000  0.041241 0.304335 0
0  31.795694 -35.000000 16.704308  0.000000 -1.000000 0.000000  0.038597 0.297439 0
kart_scrap
0  27.650339 -35.000000 15.372757  0.000000 -1.000000 0.000000  0.047752 0.302556 0
0  29.639999 -35.000000 11.500000  0.000000 -1.000000 0.000000  0.041241 0.311952 0
0  30.200247 -35.000000 14.316550  0.000000 -1.000000 0.000000  0.041241 0.304335 0
kart_scrap
0  26.880001 -35.000000 11.500000  0.000000 -1.000000 0.000000  0.047752 0.313030 0
0  30.200247 -35.000000 8.683451  0.000000 -1.000000 -0.000000  0.038597 0.319132 0
0  29.639999 -35.000000 11.500000  0.000000 -1.000000 0.000000  0.041241 0.311952 0
kart_scrap
0  27.650339 -35.000000 7.627244  0.000000 -1.000000 -0.000000  0.044117 0.322903 0
0  31.795694 -35.000000 6.295694  0.000000 -1.000000 0.000001  0.033712 0.324781 0
0  30.200247 -35.000000 8.683451  0.000000 -1.000000 -0.000000  0.038597 0.319132 0
kart_scrap
0  29.844080 -35.000000 4.344080  0.000000 -1.000000 0.000000  0.037401 0.330670 0
0  34.183449 -35.000000 4.700247  0.000000 -1.000000 -0.000000  0.027330 0.328040 0
0  31.795694 -35.000000 6.295694  0.000000 -1.000000 0.000001  0.033712 0.324781 0
kart_scrap
0  33.127243 -35.000000 2.150339  0.000000 -1.000000 -0.000001  0.028625 0.335151 0
0  37.000000 -35.000000 4.140000  0.000000 -1.000000 0.000000  0.020422 0.328412 0
0  34.183449 -35.000000 4.700247  0.000000 -1.000000 -0.000000  0.027330 0.328040 0
kart_scrap
0  37.000000 -35.000000 1.380000  0.000000 -1.000000 0.000000  0.019127 0.335662 0
0  39.816551 -35.000000 4.700247  0.000000 -1.000000 0.000000  0.014040 0.325840 0
0  37.000000 -35.000000 4.140000  0.000000 -1.000000 0.000000  0.020422 0.328412 0
kart_scrap
0  40.872757 -35.000000 2.150339  0.000000 -1.000000 0.000000  0.010351 0.332126 0
0  42.204308 -35.000000 6.295694  0.000000 -1.000000 0.000000  0.009155 0.320716 0
0  39.816551 -35.000000 4.700247  0.000000 -1.000000 0.000000  0.014040 0.325840 0
kart_scrap
0  44.155922 -35.000000 4.344080  0.000000 -1.000000 0.000000  0.003635 0.325081 0
0  43.799751 -35.000000 8.683451  0.000000 -1.000000 0.000000  0.006512 0.313821 0
0  42.204308 -35.000000 6.295694  0.000000 -1.000000 0.000000  0.009155 0.320716 0
kart_scrap
0  46.349663 -35.000000 7.627244  0.000000 -1.000000 0.000000  0.000000 0.315599 0
0  44.360001 -35.000000 11.500000  0.000000 -1.000000 0.000001  0.006512 0.306203 0
0  43.799751 -35.000000 8.683451  0.000000 -1.000000 0.000000  0.006512 0.313821 0
kart_scrap
0  44.360001 -35.000000 11.500000  -1.000000 0.000000 -0.000000  0.476213 0.902175 0
0  43.799751 -33.200001 14.316550  -0.923880 0.000000 -0.382682  0.481062 0.895160 0
0  44.360001 -33.200001 11.500000  -1.000000 0.000000 0.000001  0.481013 0.902173 0
kart_scrap
0  43.799751 -35.000000 14.316550  -0.923880 -0.000000 -0.382683  0.055692 0.943151 0
0  42.204308 -33.200001 16.704306  -0.707108 -0.000002 -0.707106  0.060509 0.935693 0
0  43.799751 -33.200001 14.316550  -0.923880 0.000000 -0.382682  0.060493 0.943149 0
kart_scrap
0  42.204308 -35.000000 16.704308  -0.707107 -0.000002 -0.707107  0.055709 0.935695 0
0  39.816551 -33.200001 18.299753  -0.382683 -0.000001 -0.923880  0.060493 0.928123 0
0  42.204308 -33.200001 16.704306  -0.707108 -0.000002 -0.707106  0.060509 0.935693 0
kart_scrap
0  39.816551 -35.000000 18.299753  -0.382682 0.000000 -0.923880  0.127075 0.897826 0
0  37.000000 -33.200001 18.860001  -0.000000 0.000000 -1.000000  0.122260 0.905333 0
0  39.816551 -33.200001 18.299753  -0.382683 -0.000001 -0.923880  0.122274 0.897822 0
kart_scrap
0  37.000000 -35.000000 18.860001  0.000000 0.000000 -1.000000  0.127061 0.905338 0
0  34.183449 -33.200001 18.299753  0.382684 0.000000 -0.923879  0.122260 0.912859 0
0  37.000000 -33.200001 18.860001  -0.000000 0.000000 -1.000000  0.122260 0.905333 0
kart_scrap
0  34.183449 -35.000000 18.299753  0.382684 -0.000000 -0.923879  0.127061 0.912863 0
0  31.795694 -33.200001 16.704306  0.707107 -0.000000 -0.707106  0.122274 0.919252 0
0  34.183449 -33.200001 18.299753  0.382684 0.000000 -0.923879  0.122260 0.912859 0
kart_scrap
0  31.795694 -35.000000 16.704308  0.707107 -0.000000 -0.707107  0.886751 0.860370 0
0  30.200247 -33.200001 14.316550  0.923879 0.000000 -0.382684  0.881972 0.866598 0
0  31.795694 -33.200001 16.704306  0.707107 -0.000000 -0.707106  0.881950 0.860369 0
kart_scrap
0  30.200247 -35.000000 14.316550  0.923880 0.000000 -0.382684  0.886773 0.866599 0
0  29.639999 -33.200001 11.500000  1.000000 0.000000 -0.000000  0.881980 0.874063 0
0  30.200247 -33.200001 14.316550  0.923879 0.000000 -0.382684  0.881972 0.866598 0
kart_scrap
0  29.639999 -35.000000 11.500000  1.000000 0.000000 0.000000  0.886781 0.874064 0
0  30.200247 -33.200001 8.683451  0.923880 0.000000 0.382683  0.881972 0.881627 0
0  29.639999 -33.200001 11.500000  1.000000 0.000000 -0.000000  0.881980 0.874063 0
kart_scrap
0  30.200247 -35.000000 8.683451  0.923879 -0.000000 0.382684  0.886773 0.881628 0
0  31.795694 -33.200001 6.295694  0.707108 -0.000000 0.707106  0.881950 0.888139 0
0  30.200247 -33.200001 8.683451  0.923880 0.000000 0.382683  0.881972 0.881627 0
kart_scrap
0  31.795694 -35.000000 6.295694  0.707107 0.000000 0.707107  0.348278 0.862585 0
0  34.183449 -33.200001 4.700247  0.382684 0.000000 0.923879  0.343466 0.868965 0
0  31.795694 -33.200001 6.295694  0.707108 -0.000000 0.707106  0.343477 0.862585 0
kart_scrap
0  34.183449 -35.000000 4.700247  0.382683 0.000000 0.923880  0.348267 0.868965 0
0  37.000000 -33.200001 4.140000  0.000000 0.000000 1.000000  0.343462 0.876485 0
0  34.183449 -33.200001 4.700247  0.382684 0.000000 0.923879  0.343466 0.868965 0
kart_scrap
0  37.000000 -35.000000 4.140000  -0.000000 0.000000 1.000000  0.348263 0.876485 0
0  39.816551 -33.200001 4.700247  -0.382684 0.000002 0.923879  0.343466 0.884002 0
0  37.000000 -33.200001 4.140000  0.000000 0.000000 1.000000  0.343462 0.876485 0
kart_scrap
0  39.816551 -35.000000 4.700247  -0.382684 0.000001 0.923879  0.348267 0.884002 0
0  42.204308 -33.200001 6.295694  -0.707107 0.000000 0.707106  0.343477 0.890371 0
0  39.816551 -33.200001 4.700247  -0.382684 0.000002 0.923879  0.343466 0.884002 0
kart_scrap
0  42.204308 -35.000000 6.295694  -0.707107 -0.000001 0.707107  0.476261 0.916986 0
0  43.799751 -33.200001 8.683451  -0.923880 0.000000 0.382683  0.481013 0.909837 0
0  42.204308 -33.200001 6.295694  -0.707107 0.000000 0.707106  0.481062 0.916985 0
kart_scrap
0  43.799751 -35.000000 8.683451  -0.923880 0.000000 0.382683  0.476213 0.909838 0
0  44.360001 -33.200001 11.500000  -1.000000 0.000000 0.000001  0.481013 0.902173 0
0  43.799751 -33.200001 8.683451  -0.923880 0.000000 0.382683  0.481013 0.909837 0
kart_scrap
0  -29.000000 23.000000 12.500000  0.000000 -1.000000 0.000000  0.139134 0.217444 0
0  -26.837326 23.000000 8.290483  0.000000 -1.000000 0.000000  0.128391 0.223681 0
0  -26.000000 23.000000 12.500000  0.000000 -1.000000 0.000000  0.133223 0.213374 0
kart_scrap
0  -29.608963 23.000000 9.438533  0.000000 -1.000000 0.000000  0.135619 0.224940 0
0  -29.221825 23.000000 4.721826  0.000000 -1.000000 0.000000  0.127594 0.234690 0
0  -26.837326 23.000000 8.290483  0.000000 -1.000000 0.000000  0.128391 0.223681 0
kart_scrap
0  -31.343145 23.000000 6.843146  0.000000 -1.000000 -0.000000  0.135039 0.232947 0
0  -32.790482 23.000000 2.337325  0.000000 -1.000000 -0.000000  0.130953 0.244727 0
0  -29.221825 23.000000 4.721826  0.000000 -1.000000 0.000000  0.127594 0.234690 0
kart_scrap
0  -33.938534 23.000000 5.108964  0.000000 -1.000000 -0.000000  0.137482 0.240246 0
0  -37.000000 23.000000 1.500000  0.000000 -1.000000 0.000000  0.137957 0.252261 0
0  -32.790482 23.000000 2.337325  0.000000 -1.000000 -0.000000  0.130953 0.244727 0
kart_scrap
0  -37.000000 23.000000 4.500000  0.000000 -1.000000 0.000000  0.142576 0.245726 0
0  -41.209518 23.000000 2.337325  0.000000 -1.000000 0.000001  0.147539 0.256148 0
0  -37.000000 23.000000 1.500000  0.000000 -1.000000 0.000000  0.137957 0.252261 0
kart_scrap
0  -40.061466 23.000000 5.108964  0.000000 -1.000000 0.000001  0.149545 0.248552 0
0  -44.778175 23.000000 4.721826  0.000000 -1.000000 0.000000  0.158241 0.255794 0
0  -41.209518 23.000000 2.337325  0.000000 -1.000000 0.000001  0.147539 0.256148 0
kart_scrap
0  -42.656853 23.000000 6.843146  0.000000 -1.000000 -0.000000  0.157328 0.248295 0
0  -47.162674 23.000000 8.290483  0.000000 -1.000000 0.000000  0.168434 0.251255 0
0  -44.778175 23.000000 4.721826  0.000000 -1.000000 0.000000  0.158241 0.255794 0
kart_scrap
0  -44.391037 23.000000 9.438533  0.000000 -1.000000 0.000000  0.164741 0.244994 0
0  -48.000000 23.000000 12.500000  0.000000 -1.000000 0.000000  0.176565 0.243220 0
0  -47.162674 23.000000 8.290483  0.000000 -1.000000 0.000000  0.168434 0.251255 0
kart_scrap
0  -45.000000 23.000000 12.500000  0.000000 -1.000000 0.000000  0.170655 0.239150 0
0  -47.162674 23.000000 16.709518  0.000000 -1.000000 0.000000  0.181397 0.232913 0
0  -48.000000 23.000000 12.500000  0.000000 -1.000000 0.000000  0.176565 0.243220 0
kart_scrap
0  -44.391037 23.000000 15.561468  0.000000 -1.000000 0.000000  0.174169 0.231654 0
0  -44.778175 23.000000 20.278175  0.000000 -1.000000 0.000000  0.182195 0.221904 0
0  -47.162674 23.000000 16.709518  0.000000 -1.000000 0.000000  0.181397 0.232913 0
kart_scrap
0  -42.656853 23.000000 18.156855  0.000000 -1.000000 0.000000  0.174749 0.223647 0
0  -41.209518 23.000000 22.662674  0.000000 -1.000000 0.000000  0.178836 0.211868 0
0  -44.778175 23.000000 20.278175  0.000000 -1.000000 0.000000  0.182195 0.221904 0
kart_scrap
0  -40.061466 23.000000 19.891037  0.000000 -1.000000 0.000000  0.172306 0.216348 0
0  -37.000000 23.000000 23.500000  0.000000 -1.000000 0.000000  0.171832 0.204333 0
0  -41.209518 23.000000 22.662674  0.000000 -1.000000 0.000000  0.178836 0.211868 0
kart_scrap
0  -37.000000 23.000000 20.500000  0.000000 -1.000000 -0.000000  0.167213 0.210868 0
0  -32.790482 23.000000 22.662674  0.000000 -1.000000 -0.000001  0.162249 0.200446 0
0  -37.000000 23.000000 23.500000  0.000000 -1.000000 0.000000  0.171832 0.204333 0
kart_scrap
0  -33.938534 23.000000 19.891037  0.000000 -1.000000 -0.000000  0.160243 0.208042 0
0  -29.221825 23.000000 20.278175  0.000000 -1.000000 0.000000  0.151547 0.200800 0
0  -32.790482 23.000000 22.662674  0.000000 -1.000000 -0.000001  0.162249 0.200446 0
kart_scrap
0  -31.343145 23.000000 18.156855  0.000000 -1.000000 0.000001  0.152460 0.208299 0
0  -26.837326 23.000000 16.709518  0.000000 -1.000000 0.000000  0.141355 0.205339 0
0  -29.221825 23.000000 20.278175  0.000000 -1.000000 0.000000  0.151547 0.200800 0
kart_scrap
0  -29.608963 23.000000 15.561468  0.000000 -1.000000 0.000000  0.145047 0.211600 0
0  -26.000000 23.000000 12.500000  0.000000 -1.000000 0.000000  0.133223 0.213374 0
0  -26.837326 23.000000 16.709518  0.000000 -1.000000 0.000000  0.141355 0.205339 0
kart_scrap
0  -26.000000 23.000000 12.500000  0.847998 -0.529999 -0.000000  0.301058 0.487905 0
0  -25.451506 25.400000 7.716457  0.890335 -0.267014 -0.368790  0.294635 0.500708 0
0  -24.500000 25.400000 12.500000  0.963693 -0.267014 -0.000001  0.294635 0.488030 0
kart_scrap
0  -26.837326 23.000000 8.290483  0.783448 -0.529999 -0.324516  0.047429 0.788745 0
0  -28.161165 25.400000 3.661165  0.681433 -0.267014 -0.681434  0.036948 0.798533 0
0  -25.451506 25.400000 7.716457  0.890335 -0.267014 -0.368790  0.040803 0.786618 0
kart_scrap
0  -29.221825 23.000000 4.721826  0.599625 -0.529999 -0.599626  0.044036 0.799230 0
0  -32.216457 25.400000 0.951506  0.368788 -0.267014 -0.890336  0.036948 0.811545 0
0  -28.161165 25.400000 3.661165  0.681433 -0.267014 -0.681434  0.036948 0.798533 0
kart_scrap
0  -32.790482 23.000000 2.337325  0.324514 -0.529999 -0.783449  0.044036 0.810681 0
0  -37.000000 25.400000 0.000000  -0.000001 -0.267014 -0.963693  0.040803 0.823673 0
0  -32.216457 25.400000 0.951506  0.368788 -0.267014 -0.890336  0.036948 0.811545 0
kart_scrap
0  -37.000000 23.000000 1.500000  -0.000001 -0.529999 -0.847999  0.229863 0.536389 0
0  -41.783543 25.400000 0.951506  -0.368790 -0.267014 -0.890335  0.223468 0.549165 0
0  -37.000000 25.400000 0.000000  -0.000001 -0.267014 -0.963693  0.223480 0.536407 0
kart_scrap
0  -41.209518 23.000000 2.337325  -0.324516 -0.529999 -0.783448  0.407805 0.665424 0
0  -45.838837 25.400000 3.661165  -0.681434 -0.267015 -0.681433  0.396347 0.659081 0
0  -41.783543 25.400000 0.951506  -0.368790 -0.267014 -0.890335  0.409194 0.659058 0
kart_scrap
0  -44.778175 23.000000 4.721826  -0.599626 -0.529999 -0.599625  0.396500 0.665444 0
0  -48.548492 25.400000 7.716457  -0.890336 -0.267014 -0.368788  0.383694 0.659048 0
0  -45.838837 25.400000 3.661165  -0.681434 -0.267015 -0.681433  0.396347 0.659081 0
kart_scrap
0  -47.162674 23.000000 8.290483  -0.783449 -0.529998 -0.324514  0.168434 0.251255 0
0  -49.500000 25.400000 12.500000  -0.963693 -0.267014 0.000001  0.181749 0.247017 0
0  -48.548492 25.400000 7.716457  -0.890336 -0.267014 -0.368788  0.172508 0.256148 0
kart_scrap
0  -48.000000 23.000000 12.500000  -0.847998 -0.529999 0.000001  0.514959 0.503061 0
0  -48.548492 25.400000 17.283543  -0.890335 -0.267014 0.368790  0.521429 0.490916 0
0  -49.500000 25.400000 12.500000  -0.963693 -0.267014 0.000001  0.521424 0.503933 0
kart_scrap
0  -47.162674 23.000000 16.709518  -0.783448 -0.529999 0.324516  0.514963 0.491607 0
0  -45.838837 25.400002 21.338835  -0.681433 -0.267014 0.681434  0.521351 0.478776 0
0  -48.548492 25.400000 17.283543  -0.890335 -0.267014 0.368790  0.521429 0.490916 0
kart_scrap
0  -44.778175 23.000000 20.278175  -0.599625 -0.529999 0.599626  0.159601 0.408628 0
0  -41.783543 25.400002 24.048494  -0.368788 -0.267014 0.890336  0.153222 0.416606 0
0  -45.838837 25.400002 21.338835  -0.681433 -0.267014 0.681434  0.153208 0.405790 0
kart_scrap
0  -41.209518 23.000000 22.662674  -0.324514 -0.529999 0.783449  0.159613 0.418146 0
0  -37.000000 25.400002 25.000000  0.000001 -0.267014 0.963693  0.153222 0.429372 0
0  -41.783543 25.400002 24.048494  -0.368788 -0.267014 0.890336  0.153222 0.416606 0
kart_scrap
0  -37.000000 23.000000 23.500000  0.000001 -0.529999 0.847998  0.159613 0.429381 0
0  -32.216457 25.400002 24.048494  0.368790 -0.267014 0.890335  0.153208 0.442145 0
0  -37.000000 25.400002 25.000000  0.000001 -0.267014 0.963693  0.153222 0.429372 0
kart_scrap
0  -32.790482 23.000000 22.662674  0.324516 -0.529999 0.783448  0.705217 0.790736 0
0  -28.161165 25.400002 21.338835  0.681434 -0.267014 0.681433  0.694739 0.800446 0
0  -32.216457 25.400002 24.048494  0.368790 -0.267014 0.890335  0.698797 0.788184 0
kart_scrap
0  -29.221825 23.000000 20.278175  0.599626 -0.529999 0.599625  0.701647 0.801527 0
0  -25.451506 25.400000 17.283543  0.890336 -0.267015 0.368788  0.694739 0.813397 0
0  -28.161165 25.400002 21.338835  0.681434 -0.267014 0.681433  0.694739 0.800446 0
kart_scrap
0  -26.837326 23.000000 16.709518  0.783448 -0.529999 0.324514  0.701647 0.812923 0
0  -24.500000 25.400000 12.500000  0.963693 -0.267014 -0.000001  0.698797 0.825064 0
0  -25.451506 25.400000 17.283543  0.890336 -0.267015 0.368788  0.694739 0.813397 0
kart_scrap
0  -24.500000 25.400000 12.500000  0.963693 -0.267014 -0.000001  0.294635 0.488030 0
0  -25.451506 32.599998 7.716457  0.890336 0.267014 -0.368788  0.275431 0.500684 0
0  -24.500000 32.599998 12.500000  0.963693 0.267014 0.000001  0.275431 0.488006 0
kart_scrap
0  -25.451506 25.400000 7.716457  0.890335 -0.267014 -0.368790  0.294635 0.500708 0
0  -28.161165 32.599998 3.661165  0.681434 0.267014 -0.681433  0.275458 0.511263 0
0  -25.451506 32.599998 7.716457  0.890336 0.267014 -0.368788  0.275431 0.500684 0
kart_scrap
0  -28.161165 25.400000 3.661165  0.681433 -0.267014 -0.681434  0.223436 0.512768 0
0  -32.216457 32.599998 0.951506  0.368790 0.267014 -0.890335  0.204265 0.523626 0
0  -28.161165 32.599998 3.661165  0.681434 0.267014 -0.681433  0.204232 0.512768 0
kart_scrap
0  -32.216457 25.400000 0.951506  0.368788 -0.267014 -0.890336  0.223469 0.523626 0
0  -37.000000 32.599998 0.000000  0.000001 0.267014 -0.963693  0.204277 0.536407 0
0  -32.216457 32.599998 0.951506  0.368790 0.267014 -0.890335  0.204265 0.523626 0
kart_scrap
0  -37.000000 25.400000 0.000000  -0.000001 -0.267014 -0.963693  0.223480 0.536407 0
0  -41.783543 32.599998 0.951506  -0.368788 0.267014 -0.890336  0.204265 0.549165 0
0  -37.000000 32.599998 0.000000  0.000001 0.267014 -0.963693  0.204277 0.536407 0
kart_scrap
0  -41.783543 25.400000 0.951506  -0.368790 -0.267014 -0.890335  0.409194 0.659058 0
0  -45.838837 32.599998 3.661165  -0.681433 0.267014 -0.681434  0.396347 0.639862 0
0  -41.783543 32.599998 0.951506  -0.368788 0.267014 -0.890336  0.409194 0.639839 0
kart_scrap
0  -45.838837 25.400000 3.661165  -0.681434 -0.267015 -0.681433  0.396347 0.659081 0
0  -48.548492 32.599998 7.716457  -0.890335 0.267014 -0.368790  0.383694 0.639829 0
0  -45.838837 32.599998 3.661165  -0.681433 0.267014 -0.681434  0.396347 0.639862 0
kart_scrap
0  -48.548492 25.400000 7.716457  -0.890336 -0.267014 -0.368788  0.521337 0.515844 0
0  -49.500000 32.599998 12.500000  -0.963692 0.267015 -0.000001  0.540626 0.503933 0
0  -48.548492 32.599998 7.716457  -0.890335 0.267014 -0.368790  0.540539 0.515843 0
kart_scrap
0  -49.500000 25.400000 12.500000  -0.963693 -0.267014 0.000001  0.521424 0.503933 0
0  -48.548492 32.599998 17.283543  -0.890336 0.267014 0.368788  0.540630 0.490916 0
0  -49.500000 32.599998 12.500000  -0.963692 0.267015 -0.000001  0.540626 0.503933 0
kart_scrap
0  -48.548492 25.400000 17.283543  -0.890335 -0.267014 0.368790  0.521429 0.490916 0
0  -45.838837 32.599998 21.338835  -0.681435 0.267014 0.681433  0.540553 0.478776 0
0  -48.548492 32.599998 17.283543  -0.890336 0.267014 0.368788  0.540630 0.490916 0
kart_scrap
0  -45.838837 25.400002 21.338835  -0.681433 -0.267014 0.681434  0.153208 0.405790 0
0  -41.783543 32.599998 24.048494  -0.368790 0.267014 0.890336  0.134018 0.416596 0
0  -45.838837 32.599998 21.338835  -0.681435 0.267014 0.681433  0.134004 0.405780 0
kart_scrap
0  -41.783543 25.400002 24.048494  -0.368788 -0.267014 0.890336  0.153222 0.416606 0
0  -37.000000 32.599998 25.000000  -0.000001 0.267014 0.963693  0.134018 0.429362 0
0  -41.783543 32.599998 24.048494  -0.368790 0.267014 0.890336  0.134018 0.416596 0
kart_scrap
0  -37.000000 25.400002 25.000000  0.000001 -0.267014 0.963693  0.153222 0.429372 0
0  -32.216457 32.599998 24.048494  0.368788 0.267014 0.890336  0.134004 0.442135 0
0  -37.000000 32.599998 25.000000  -0.000001 0.267014 0.963693  0.134018 0.429362 0
kart_scrap
0  -32.216457 25.400002 24.048494  0.368790 -0.267014 0.890335  0.153208 0.442145 0
0  -28.161165 32.599998 21.338835  0.681433 0.267014 0.681434  0.133979 0.452969 0
0  -32.216457 32.599998 24.048494  0.368788 0.267014 0.890336  0.134004 0.442135 0
kart_scrap
0  -28.161165 25.400002 21.338835  0.681434 -0.267014 0.681433  0.294712 0.464123 0
0  -25.451506 32.599998 17.283543  0.890335 0.267014 0.368790  0.275458 0.475159 0
0  -28.161165 32.599998 21.338835  0.681433 0.267014 0.681434  0.275508 0.464100 0
kart_scrap
0  -25.451506 25.400000 17.283543  0.890336 -0.267015 0.368788  0.294662 0.475183 0
0  -24.500000 32.599998 12.500000  0.963693 0.267014 0.000001  0.275431 0.488006 0
0  -25.451506 32.599998 17.283543  0.890335 0.267014 0.368790  0.275458 0.475159 0
kart_scrap
0  -24.500000 32.599998 12.500000  0.963693 0.267014 0.000001  0.634778 0.767795 0
0  -26.837326 35.000000 8.290482  0.783449 0.529998 -0.324515  0.631844 0.780448 0
0  -26.000000 35.000000 12.500000  0.847998 0.529999 0.000001  0.628311 0.769935 0
kart_scrap
0  -25.451506 32.599998 7.716457  0.890336 0.267014 -0.368788  0.638793 0.779742 0
0  -29.221825 35.000000 4.721825  0.599626 0.529999 -0.599625  0.631844 0.791902 0
0  -26.837326 35.000000 8.290482  0.783449 0.529998 -0.324515  0.631844 0.780448 0
kart_scrap
0  -28.161165 32.599998 3.661165  0.681434 0.267014 -0.681433  0.638793 0.792757 0
0  -32.790482 35.000000 2.337325  0.324515 0.529998 -0.783449  0.628311 0.802551 0
0  -29.221825 35.000000 4.721825  0.599626 0.529999 -0.599625  0.631844 0.791902 0
kart_scrap
0  -32.216457 32.599998 0.951506  0.368790 0.267014 -0.890335  0.204265 0.523626 0
0  -37.000000 35.000000 1.500000  0.000001 0.529999 -0.847998  0.197857 0.536389 0
0  -32.790482 35.000000 2.337325  0.324515 0.529998 -0.783449  0.197847 0.525141 0
kart_scrap
0  -37.000000 32.599998 0.000000  0.000001 0.267014 -0.963693  0.204277 0.536407 0
0  -41.209518 35.000000 2.337325  -0.324514 0.529999 -0.783449  0.197846 0.547616 0
0  -37.000000 35.000000 1.500000  0.000001 0.529999 -0.847998  0.197857 0.536389 0
kart_scrap
0  -41.783543 32.599998 0.951506  -0.368788 0.267014 -0.890336  0.409194 0.639839 0
0  -44.778175 35.000000 4.721825  -0.599625 0.529998 -0.599626  0.396500 0.633412 0
0  -41.209518 35.000000 2.337325  -0.324514 0.529999 -0.783449  0.407805 0.633392 0
kart_scrap
0  -45.838837 32.599998 3.661165  -0.681433 0.267014 -0.681434  0.396347 0.639862 0
0  -47.162674 35.000000 8.290482  -0.783448 0.529998 -0.324516  0.385366 0.633383 0
0  -44.778175 35.000000 4.721825  -0.599625 0.529998 -0.599626  0.396500 0.633412 0
kart_scrap
0  -48.548492 32.599998 7.716457  -0.890335 0.267014 -0.368790  0.285118 0.253699 0
0  -48.000000 35.000000 12.500000  -0.847998 0.529999 -0.000001  0.281099 0.240766 0
0  -47.162674 35.000000 8.290482  -0.783448 0.529998 -0.324516  0.289225 0.248801 0
kart_scrap
0  -49.500000 32.599998 12.500000  -0.963692 0.267015 -0.000001  0.540626 0.503933 0
0  -47.162674 35.000000 16.709518  -0.783449 0.529998 0.324514  0.546966 0.491607 0
0  -48.000000 35.000000 12.500000  -0.847998 0.529999 -0.000001  0.546961 0.503061 0
kart_scrap
0  -48.548492 32.599998 17.283543  -0.890336 0.267014 0.368788  0.540630 0.490916 0
0  -44.778175 35.000000 20.278173  -0.599626 0.529999 0.599625  0.546897 0.480924 0
0  -47.162674 35.000000 16.709518  -0.783449 0.529998 0.324514  0.546966 0.491607 0
kart_scrap
0  -45.838837 32.599998 21.338835  -0.681435 0.267014 0.681433  0.134004 0.405780 0
0  -41.209518 35.000000 22.662674  -0.324515 0.529998 0.783449  0.127606 0.418129 0
0  -44.778175 35.000000 20.278173  -0.599626 0.529999 0.599625  0.127594 0.408611 0
kart_scrap
0  -41.783543 32.599998 24.048494  -0.368790 0.267014 0.890336  0.134018 0.416596 0
0  -37.000000 35.000000 23.500000  -0.000001 0.529999 0.847998  0.127606 0.429364 0
0  -41.209518 35.000000 22.662674  -0.324515 0.529998 0.783449  0.127606 0.418129 0
kart_scrap
0  -37.000000 32.599998 25.000000  -0.000001 0.267014 0.963693  0.693267 0.416636 0
0  -32.790482 35.000000 22.662674  0.324514 0.529998 0.783449  0.690982 0.428937 0
0  -37.000000 35.000000 23.500000  -0.000001 0.529999 0.847998  0.686652 0.419448 0
kart_scrap
0  -32.216457 32.599998 24.048494  0.368788 0.267014 0.890336  0.698187 0.427418 0
0  -29.221825 35.000000 20.278173  0.599625 0.529999 0.599626  0.692502 0.440161 0
0  -32.790482 35.000000 22.662674  0.324514 0.529998 0.783449  0.690982 0.428937 0
kart_scrap
0  -28.161165 32.599998 21.338835  0.681433 0.267014 0.681434  0.699915 0.440172 0
0  -26.837326 35.000000 16.709518  0.783448 0.529999 0.324515  0.690982 0.451411 0
0  -29.221825 35.000000 20.278173  0.599625 0.529999 0.599626  0.692502 0.440161 0
kart_scrap
0  -25.451506 32.599998 17.283543  0.890335 0.267014 0.368790  0.698187 0.452956 0
0  -26.000000 35.000000 12.500000  0.847998 0.529999 0.000001  0.686652 0.460974 0
0  -26.837326 35.000000 16.709518  0.783448 0.529999 0.324515  0.690982 0.451411 0
kart_scrap
0  -26.000000 35.000000 12.500000  0.000000 1.000000 0.000000  0.324222 0.210944 0
0  -29.608963 35.000000 9.438532  0.000000 1.000000 0.000000  0.321864 0.222505 0
0  -29.000000 35.000000 12.500000  0.000000 1.000000 0.000000  0.318341 0.215011 0
kart_scrap
0  -26.837326 35.000000 8.290482  0.000000 1.000000 0.000000  0.329066 0.221249 0
0  -31.343145 35.000000 6.843145  0.000000 1.000000 0.000001  0.322463 0.230509 0
0  -29.608963 35.000000 9.438532  0.000000 1.000000 0.000000  0.321864 0.222505 0
kart_scrap
0  -29.221825 35.000000 4.721825  0.000000 1.000000 0.000000  0.329890 0.232255 0
0  -33.938534 35.000000 5.108963  0.000000 1.000000 0.000000  0.320048 0.237805 0
0  -31.343145 35.000000 6.843145  0.000000 1.000000 0.000001  0.322463 0.230509 0
kart_scrap
0  -32.790482 35.000000 2.337325  0.000000 1.000000 -0.000000  0.326568 0.242287 0
0  -37.000000 35.000000 4.500000  0.000000 1.000000 0.000000  0.314985 0.243282 0
0  -33.938534 35.000000 5.108963  0.000000 1.000000 0.000000  0.320048 0.237805 0
kart_scrap
0  -37.000000 35.000000 1.500000  0.000000 1.000000 -0.000000  0.319607 0.249817 0
0  -40.061466 35.000000 5.108963  0.000000 1.000000 -0.000000  0.308046 0.246105 0
0  -37.000000 35.000000 4.500000  0.000000 1.000000 0.000000  0.314985 0.243282 0
kart_scrap
0  -41.209518 35.000000 2.337325  0.000000 1.000000 -0.000000  0.310065 0.253699 0
0  -42.656853 35.000000 6.843145  0.000000 1.000000 0.000000  0.300287 0.245846 0
0  -40.061466 35.000000 5.108963  0.000000 1.000000 -0.000000  0.308046 0.246105 0
kart_scrap
0  -44.778175 35.000000 4.721825  0.000000 1.000000 0.000000  0.299397 0.253342 0
0  -44.391037 35.000000 9.438532  0.000000 1.000000 0.000000  0.292889 0.242543 0
0  -42.656853 35.000000 6.843145  0.000000 1.000000 0.000000  0.300287 0.245846 0
kart_scrap
0  -47.162674 35.000000 8.290482  0.000000 1.000000 0.000000  0.289225 0.248801 0
0  -45.000000 35.000000 12.500000  0.000000 1.000000 0.000000  0.286979 0.236699 0
0  -44.391037 35.000000 9.438532  0.000000 1.000000 0.000000  0.292889 0.242543 0
kart_scrap
0  -48.000000 35.000000 12.500000  0.000000 1.000000 0.000000  0.281099 0.240766 0
0  -44.391037 35.000000 15.561467  0.000000 1.000000 0.000001  0.283456 0.229205 0
0  -45.000000 35.000000 12.500000  0.000000 1.000000 0.000000  0.286979 0.236699 0
kart_scrap
0  -47.162674 35.000000 16.709518  0.000000 1.000000 0.000000  0.276255 0.230461 0
0  -42.656853 35.000000 18.156853  0.000000 1.000000 -0.000000  0.282857 0.221201 0
0  -44.391037 35.000000 15.561467  0.000000 1.000000 0.000001  0.283456 0.229205 0
kart_scrap
0  -44.778175 35.000000 20.278173  0.000000 1.000000 -0.000000  0.275431 0.219455 0
0  -40.061466 35.000000 19.891035  0.000000 1.000000 0.000000  0.285273 0.213905 0
0  -42.656853 35.000000 18.156853  0.000000 1.000000 -0.000000  0.282857 0.221201 0
kart_scrap
0  -41.209518 35.000000 22.662674  0.000000 1.000000 0.000000  0.278753 0.209424 0
0  -37.000000 35.000000 20.500000  0.000000 1.000000 0.000000  0.290336 0.208428 0
0  -40.061466 35.000000 19.891035  0.000000 1.000000 0.000000  0.285273 0.213905 0
kart_scrap
0  -37.000000 35.000000 23.500000  0.000000 1.000000 0.000000  0.285714 0.201893 0
0  -33.938534 35.000000 19.891035  0.000000 1.000000 0.000000  0.297275 0.205605 0
0  -37.000000 35.000000 20.500000  0.000000 1.000000 0.000000  0.290336 0.208428 0
kart_scrap
0  -32.790482 35.000000 22.662674  0.000000 1.000000 0.000000  0.295255 0.198011 0
0  -31.343145 35.000000 18.156853  0.000000 1.000000 0.000000  0.305034 0.205864 0
0  -33.938534 35.000000 19.891035  0.000000 1.000000 0.000000  0.297275 0.205605 0
kart_scrap
0  -29.221825 35.000000 20.278173  0.000000 1.000000 0.000000  0.305924 0.198368 0
0  -29.608963 35.000000 15.561467  0.000000 1.000000 0.000000  0.312431 0.209167 0
0  -31.343145 35.000000 18.156853  0.000000 1.000000 0.000000  0.305034 0.205864 0
kart_scrap
0  -26.837326 35.000000 16.709518  0.000000 1.000000 0.000000  0.316096 0.202909 0
0  -29.000000 35.000000 12.500000  0.000000 1.000000 0.000000  0.318341 0.215011 0
0  -29.608963 35.000000 15.561467  0.000000 1.000000 0.000000  0.312431 0.209167 0
kart_scrap
0  -29.000000 35.000000 12.500000  -1.000000 0.000000 0.000003  0.597691 0.877974 0
0  -29.608963 32.599998 9.438532  -0.923881 0.000000 0.382680  0.591291 0.886307 0
0  -29.000000 32.599998 12.500000  -1.000000 0.000000 -0.000004  0.591291 0.877976 0
kart_scrap
0  -29.608963 35.000000 9.438532  -0.923878 -0.000000 0.382687  0.597691 0.886304 0
0  -31.343145 32.599998 6.843146  -0.707109 -0.000000 0.707105  0.591343 0.894076 0
0  -29.608963 32.599998 9.438532  -0.923881 0.000000 0.382680  0.591291 0.886307 0
kart_scrap
0  -31.343145 35.000000 6.843145  -0.707104 0.000000 0.707109  0.725379 0.863246 0
0  -33.938534 32.599998 5.108964  -0.382687 0.000000 0.923878  0.731768 0.856324 0
0  -31.343145 32.599998 6.843146  -0.707109 -0.000000 0.707105  0.731781 0.863246 0
kart_scrap
0  -33.938534 35.000000 5.108963  -0.382680 0.000000 0.923881  0.725367 0.856324 0
0  -37.000000 32.599998 4.500000  -0.000004 0.000000 1.000000  0.731764 0.848154 0
0  -33.938534 32.599998 5.108964  -0.382687 0.000000 0.923878  0.731768 0.856324 0
kart_scrap
0  -37.000000 35.000000 4.500000  0.000004 0.000000 1.000000  0.725363 0.848154 0
0  -40.061466 32.599998 5.108964  0.382680 -0.000001 0.923881  0.731768 0.839979 0
0  -37.000000 32.599998 4.500000  -0.000004 0.000000 1.000000  0.731764 0.848154 0
kart_scrap
0  -40.061466 35.000000 5.108963  0.382687 -0.000000 0.923878  0.725367 0.839979 0
0  -42.656853 32.599998 6.843146  0.707104 -0.000001 0.707110  0.731781 0.833045 0
0  -40.061466 32.599998 5.108964  0.382680 -0.000001 0.923881  0.731768 0.839979 0
kart_scrap
0  -42.656853 35.000000 6.843145  0.707109 0.000000 0.707105  0.759694 0.861794 0
0  -44.391037 32.599998 9.438532  0.923878 -0.000000 0.382687  0.766120 0.854717 0
0  -42.656853 32.599998 6.843146  0.707104 -0.000001 0.707110  0.766095 0.861796 0
kart_scrap
0  -44.391037 35.000000 9.438532  0.923881 0.000000 0.382680  0.759718 0.854716 0
0  -45.000000 32.599998 12.500000  1.000000 0.000000 0.000004  0.766128 0.846495 0
0  -44.391037 32.599998 9.438532  0.923878 -0.000000 0.382687  0.766120 0.854717 0
kart_scrap
0  -45.000000 35.000000 12.500000  1.000000 0.000000 -0.000003  0.759727 0.846494 0
0  -44.391037 32.599998 15.561467  0.923881 0.000000 -0.382680  0.766120 0.838381 0
0  -45.000000 32.599998 12.500000  1.000000 0.000000 0.000004  0.766128 0.846495 0
kart_scrap
0  -44.391037 35.000000 15.561467  0.923878 -0.000000 -0.382687  0.759718 0.838380 0
0  -42.656853 32.599998 18.156855  0.707109 -0.000001 -0.707104  0.766095 0.831611 0
0  -44.391037 32.599998 15.561467  0.923881 0.000000 -0.382680  0.766120 0.838381 0
kart_scrap
0  -42.656853 35.000000 18.156853  0.707104 -0.000001 -0.707110  0.418737 0.898820 0
0  -40.061466 32.599998 19.891037  0.382687 -0.000001 -0.923878  0.425124 0.891877 0
0  -42.656853 32.599998 18.156855  0.707109 -0.000001 -0.707104  0.425139 0.898826 0
kart_scrap
0  -40.061466 35.000000 19.891035  0.382680 -0.000000 -0.923881  0.418722 0.891871 0
0  -37.000000 32.599998 20.500000  0.000004 -0.000000 -1.000000  0.425124 0.883697 0
0  -40.061466 32.599998 19.891037  0.382687 -0.000001 -0.923878  0.425124 0.891877 0
kart_scrap
0  -37.000000 35.000000 20.500000  -0.000004 -0.000000 -1.000000  0.418722 0.883692 0
0  -33.938534 32.599998 19.891037  -0.382680 -0.000000 -0.923881  0.425139 0.875532 0
0  -37.000000 32.599998 20.500000  0.000004 -0.000000 -1.000000  0.425124 0.883697 0
kart_scrap
0  -33.938534 35.000000 19.891035  -0.382687 -0.000001 -0.923878  0.425123 0.912410 0
0  -31.343145 32.599998 18.156855  -0.707104 -0.000001 -0.707109  0.418740 0.920641 0
0  -33.938534 32.599998 19.891037  -0.382680 -0.000000 -0.923881  0.418722 0.912412 0
kart_scrap
0  -31.343145 35.000000 18.156853  -0.707110 -0.000001 -0.707104  0.425141 0.920638 0
0  -29.608963 32.599998 15.561467  -0.923878 -0.000000 -0.382687  0.418722 0.928745 0
0  -31.343145 32.599998 18.156855  -0.707104 -0.000001 -0.707109  0.418740 0.920641 0
kart_scrap
0  -29.608963 35.000000 15.561467  -0.923881 0.000000 -0.382680  0.597744 0.870351 0
0  -29.000000 32.599998 12.500000  -1.000000 0.000000 -0.000004  0.591291 0.877976 0
0  -29.608963 32.599998 15.561467  -0.923878 -0.000000 -0.382687  0.591343 0.870353 0
kart_scrap
0  -29.000000 -23.000000 12.500000  0.000000 1.000000 0.000000  0.318341 0.284282 0
0  -26.837326 -23.000000 16.709518  0.000000 1.000000 0.000000  0.316096 0.272180 0
0  -26.000000 -23.000000 12.500000  0.000000 1.000000 0.000000  0.324222 0.280215 0
kart_scrap
0  -29.608963 -23.000000 15.561467  0.000000 1.000000 0.000000  0.312431 0.278438 0
0  -29.221825 -23.000000 20.278173  0.000000 1.000000 0.000000  0.305924 0.267639 0
0  -26.837326 -23.000000 16.709518  0.000000 1.000000 0.000000  0.316096 0.272180 0
kart_scrap
0  -31.343145 -23.000000 18.156853  0.000000 1.000000 0.000000  0.305034 0.275135 0
0  -32.790482 -23.000000 22.662674  0.000000 1.000000 0.000000  0.295255 0.267282 0
0  -29.221825 -23.000000 20.278173  0.000000 1.000000 0.000000  0.305924 0.267639 0
kart_scrap
0  -33.938534 -23.000000 19.891035  0.000000 1.000000 0.000000  0.297275 0.274876 0
0  -37.000000 -23.000000 23.500000  0.000000 1.000000 0.000000  0.285714 0.271164 0
0  -32.790482 -23.000000 22.662674  0.000000 1.000000 0.000000  0.295255 0.267282 0
kart_scrap
0  -37.000000 -23.000000 20.500000  0.000000 1.000000 -0.000000  0.290336 0.277699 0
0  -41.209518 -23.000000 22.662674  0.000000 1.000000 -0.000001  0.278753 0.278694 0
0  -37.000000 -23.000000 23.500000  0.000000 1.000000 0.000000  0.285714 0.271164 0
kart_scrap
0  -40.061466 -23.000000 19.891035  0.000000 1.000000 -0.000001  0.285273 0.283176 0
0  -44.778175 -23.000000 20.278173  0.000000 1.000000 -0.000000  0.275431 0.288726 0
0  -41.209518 -23.000000 22.662674  0.000000 1.000000 -0.000001  0.278753 0.278694 0
kart_scrap
0  -42.656853 -23.000000 18.156853  0.000000 1.000000 0.000000  0.282857 0.290471 0
0  -47.162674 -23.000000 16.709518  0.000000 1.000000 0.000000  0.276255 0.299732 0
0  -44.778175 -23.000000 20.278173  0.000000 1.000000 -0.000000  0.275431 0.288726 0
kart_scrap
0  -44.391037 -23.000000 15.561467  0.000000 1.000000 0.000000  0.283456 0.298476 0
0  -48.000000 -23.000000 12.500000  0.000000 1.000000 0.000000  0.281099 0.310037 0
0  -47.162674 -23.000000 16.709518  0.000000 1.000000 0.000000  0.276255 0.299732 0
kart_scrap
0  -45.000000 -23.000000 12.500000  0.000000 1.000000 0.000000  0.286979 0.305970 0
0  -47.162674 -23.000000 8.290482  0.000000 1.000000 0.000000  0.289225 0.318071 0
0  -48.000000 -23.000000 12.500000  0.000000 1.000000 0.000000  0.281099 0.310037 0
kart_scrap
0  -44.391037 -23.000000 9.438532  0.000000 1.000000 0.000000  0.292889 0.311814 0
0  -44.778175 -23.000000 4.721825  0.000000 1.000000 0.000000  0.299397 0.322613 0
0  -47.162674 -23.000000 8.290482  0.000000 1.000000 0.000000  0.289225 0.318071 0
kart_scrap
0  -42.656853 -23.000000 6.843145  0.000000 1.000000 0.000000  0.300287 0.315116 0
0  -41.209518 -23.000000 2.337325  0.000000 1.000000 0.000000  0.310065 0.322970 0
0  -44.778175 -23.000000 4.721825  0.000000 1.000000 0.000000  0.299397 0.322613 0
kart_scrap
0  -40.061466 -23.000000 5.108963  0.000000 1.000000 0.000000  0.308046 0.315376 0
0  -37.000000 -23.000000 1.500000  0.000000 1.000000 0.000000  0.319607 0.319087 0
0  -41.209518 -23.000000 2.337325  0.000000 1.000000 0.000000  0.310065 0.322970 0
kart_scrap
0  -37.000000 -23.000000 4.500000  0.000000 1.000000 0.000000  0.314985 0.312552 0
0  -32.790482 -23.000000 2.337325  0.000000 1.000000 0.000001  0.326568 0.311557 0
0  -37.000000 -23.000000 1.500000  0.000000 1.000000 0.000000  0.319607 0.319087 0
kart_scrap
0  -33.938534 -23.000000 5.108963  0.000000 1.000000 0.000000  0.320048 0.307076 0
0  -29.221825 -23.000000 4.721825  0.000000 1.000000 -0.000000  0.329890 0.301526 0
0  -32.790482 -23.000000 2.337325  0.000000 1.000000 0.000001  0.326568 0.311557 0
kart_scrap
0  -31.343145 -23.000000 6.843145  0.000000 1.000000 -0.000001  0.322463 0.299780 0
0  -26.837326 -23.000000 8.290482  0.000000 1.000000 0.000000  0.329066 0.290520 0
0  -29.221825 -23.000000 4.721825  0.000000 1.000000 -0.000000  0.329890 0.301526 0
kart_scrap
0  -29.608963 -23.000000 9.438532  0.000000 1.000000 0.000000  0.321864 0.291776 0
0  -26.000000 -23.000000 12.500000  0.000000 1.000000 0.000000  0.324222 0.280215 0
0  -26.837326 -23.000000 8.290482  0.000000 1.000000 0.000000  0.329066 0.290520 0
kart_scrap
0  -26.000000 -23.000000 12.500000  0.847998 0.529999 0.000000  0.705960 0.044339 0
0  -25.451506 -25.400000 17.283543  0.890335 0.267014 0.368790  0.717495 0.036321 0
0  -24.500000 -25.400000 12.500000  0.963692 0.267015 0.000001  0.712575 0.047188 0
kart_scrap
0  -26.837326 -23.000000 16.709518  0.783448 0.529998 0.324516  0.710289 0.034775 0
0  -28.161165 -25.400000 21.338835  0.681433 0.267015 0.681434  0.719222 0.023537 0
0  -25.451506 -25.400000 17.283543  0.890335 0.267014 0.368790  0.717495 0.036321 0
kart_scrap
0  -29.221825 -23.000000 20.278173  0.599625 0.529999 0.599626  0.711810 0.023525 0
0  -32.216457 -25.400000 24.048494  0.368788 0.267014 0.890336  0.717495 0.010782 0
0  -28.161165 -25.400000 21.338835  0.681433 0.267015 0.681434  0.719222 0.023537 0
kart_scrap
0  -32.790482 -23.000000 22.662674  0.324514 0.529999 0.783449  0.710289 0.012301 0
0  -37.000000 -25.400000 25.000000  -0.000001 0.267014 0.963693  0.712575 0.000000 0
0  -32.216457 -25.400000 24.048494  0.368788 0.267014 0.890336  0.717495 0.010782 0
kart_scrap
0  -37.000000 -23.000000 23.500000  -0.000001 0.529999 0.847998  0.275443 0.426900 0
0  -41.783543 -25.400000 24.048494  -0.368790 0.267014 0.890335  0.281855 0.414132 0
0  -37.000000 -25.400000 25.000000  -0.000001 0.267014 0.963693  0.281855 0.426898 0
kart_scrap
0  -41.209518 -23.000000 22.662674  -0.324516 0.529999 0.783448  0.275443 0.415666 0
0  -45.838837 -25.400000 21.338835  -0.681434 0.267015 0.681433  0.281842 0.403316 0
0  -41.783543 -25.400000 24.048494  -0.368790 0.267014 0.890335  0.281855 0.414132 0
kart_scrap
0  -44.778175 -23.000000 20.278173  -0.599626 0.529999 0.599625  0.535866 0.251158 0
0  -48.548492 -25.400000 17.283543  -0.890336 0.267014 0.368788  0.529599 0.261150 0
0  -45.838837 -25.400000 21.338835  -0.681434 0.267015 0.681433  0.529521 0.249010 0
kart_scrap
0  -47.162674 -23.000000 16.709518  -0.783448 0.529999 0.324515  0.535934 0.261841 0
0  -49.500000 -25.400000 12.500000  -0.963693 0.267014 -0.000001  0.529594 0.274167 0
0  -48.548492 -25.400000 17.283543  -0.890336 0.267014 0.368788  0.529599 0.261150 0
kart_scrap
0  -48.000000 -23.000000 12.500000  -0.847998 0.529999 -0.000001  0.281099 0.310037 0
0  -48.548492 -25.400002 7.716456  -0.890335 0.267014 -0.368790  0.285118 0.322970 0
0  -49.500000 -25.400000 12.500000  -0.963693 0.267014 -0.000001  0.275883 0.313839 0
kart_scrap
0  -47.162674 -23.000000 8.290482  -0.783448 0.529999 -0.324516  0.001811 0.638736 0
0  -45.838837 -25.400002 3.661165  -0.681433 0.267014 -0.681434  0.012793 0.645215 0
0  -48.548492 -25.400002 7.716456  -0.890335 0.267014 -0.368790  0.000140 0.645182 0
kart_scrap
0  -44.778175 -23.000000 4.721825  -0.599625 0.529998 -0.599626  0.012946 0.638765 0
0  -41.783543 -25.400002 0.951506  -0.368788 0.267014 -0.890336  0.025639 0.645192 0
0  -45.838837 -25.400002 3.661165  -0.681433 0.267014 -0.681434  0.012793 0.645215 0
kart_scrap
0  -41.209518 -23.000000 2.337325  -0.324514 0.529999 -0.783448  0.522811 0.034848 0
0  -37.000000 -25.400002 0.000000  0.000001 0.267014 -0.963693  0.529242 0.023639 0
0  -41.783543 -25.400002 0.951506  -0.368788 0.267014 -0.890336  0.529230 0.036397 0
kart_scrap
0  -37.000000 -23.000000 1.500000  0.000001 0.529999 -0.847998  0.522822 0.023621 0
0  -32.216457 -25.400002 0.951506  0.368790 0.267014 -0.890336  0.529230 0.010858 0
0  -37.000000 -25.400002 0.000000  0.000001 0.267014 -0.963693  0.529242 0.023639 0
kart_scrap
0  -32.790482 -23.000000 2.337325  0.324516 0.529998 -0.783448  0.795459 0.570349 0
0  -28.161165 -25.400002 3.661165  0.681434 0.267014 -0.681433  0.805942 0.560555 0
0  -32.216457 -25.400002 0.951506  0.368790 0.267014 -0.890336  0.801926 0.572657 0
kart_scrap
0  -29.221825 -23.000000 4.721825  0.599626 0.529999 -0.599625  0.798993 0.559699 0
0  -25.451506 -25.400002 7.716456  0.890336 0.267014 -0.368788  0.805942 0.547540 0
0  -28.161165 -25.400002 3.661165  0.681434 0.267014 -0.681433  0.805942 0.560555 0
kart_scrap
0  -26.837326 -23.000000 8.290482  0.783449 0.529998 -0.324514  0.798993 0.548246 0
0  -24.500000 -25.400000 12.500000  0.963692 0.267015 0.000001  0.801926 0.535592 0
0  -25.451506 -25.400002 7.716456  0.890336 0.267014 -0.368788  0.805942 0.547540 0
kart_scrap
0  -24.500000 -25.400000 12.500000  0.963692 0.267015 0.000001  0.483613 0.023906 0
0  -25.451506 -32.599998 17.283543  0.890336 -0.267014 0.368788  0.502844 0.011083 0
0  -24.500000 -32.599998 12.500000  0.963693 -0.267014 -0.000001  0.502817 0.023930 0
kart_scrap
0  -25.451506 -25.400000 17.283543  0.890335 0.267014 0.368790  0.483640 0.011060 0
0  -28.161165 -32.599998 21.338835  0.681435 -0.267014 0.681433  0.502894 0.000024 0
0  -25.451506 -32.599998 17.283543  0.890336 -0.267014 0.368788  0.502844 0.011083 0
kart_scrap
0  -28.161165 -25.400000 21.338835  0.681433 0.267015 0.681434  0.281816 0.450506 0
0  -32.216457 -32.599998 24.048494  0.368790 -0.267014 0.890336  0.301046 0.439681 0
0  -28.161165 -32.599998 21.338835  0.681435 -0.267014 0.681433  0.301021 0.450516 0
kart_scrap
0  -32.216457 -25.400000 24.048494  0.368788 0.267014 0.890336  0.281842 0.439671 0
0  -37.000000 -32.599998 25.000000  0.000001 -0.267014 0.963693  0.301059 0.426909 0
0  -32.216457 -32.599998 24.048494  0.368790 -0.267014 0.890336  0.301046 0.439681 0
kart_scrap
0  -37.000000 -25.400000 25.000000  -0.000001 0.267014 0.963693  0.281855 0.426898 0
0  -41.783543 -32.599998 24.048494  -0.368788 -0.267014 0.890336  0.301059 0.414143 0
0  -37.000000 -32.599998 25.000000  0.000001 -0.267014 0.963693  0.301059 0.426909 0
kart_scrap
0  -41.783543 -25.400000 24.048494  -0.368790 0.267014 0.890335  0.281855 0.414132 0
0  -45.838837 -32.599998 21.338835  -0.681433 -0.267014 0.681434  0.301046 0.403326 0
0  -41.783543 -32.599998 24.048494  -0.368788 -0.267014 0.890336  0.301059 0.414143 0
kart_scrap
0  -45.838837 -25.400000 21.338835  -0.681434 0.267015 0.681433  0.529521 0.249010 0
0  -48.548492 -32.599998 17.283543  -0.890336 -0.267014 0.368790  0.510397 0.261150 0
0  -45.838837 -32.599998 21.338835  -0.681433 -0.267014 0.681434  0.510319 0.249010 0
kart_scrap
0  -48.548492 -25.400000 17.283543  -0.890336 0.267014 0.368788  0.529599 0.261150 0
0  -49.500000 -32.599998 12.500000  -0.963693 -0.267014 0.000001  0.510392 0.274167 0
0  -48.548492 -32.599998 17.283543  -0.890336 -0.267014 0.368790  0.510397 0.261150 0
kart_scrap
0  -49.500000 -25.400000 12.500000  -0.963693 0.267014 -0.000001  0.529594 0.274167 0
0  -48.548492 -32.599998 7.716457  -0.890337 -0.267014 -0.368788  0.510305 0.286077 0
0  -49.500000 -32.599998 12.500000  -0.963693 -0.267014 0.000001  0.510392 0.274167 0
kart_scrap
0  -48.548492 -25.400002 7.716456  -0.890335 0.267014 -0.368790  0.000140 0.645182 0
0  -45.838837 -32.600002 3.661165  -0.681435 -0.267015 -0.681432  0.012793 0.664434 0
0  -48.548492 -32.599998 7.716457  -0.890337 -0.267014 -0.368788  0.000140 0.664401 0
kart_scrap
0  -45.838837 -25.400002 3.661165  -0.681433 0.267014 -0.681434  0.012793 0.645215 0
0  -41.783543 -32.600002 0.951506  -0.368790 -0.267014 -0.890336  0.025639 0.664411 0
0  -45.838837 -32.600002 3.661165  -0.681435 -0.267015 -0.681432  0.012793 0.664434 0
kart_scrap
0  -41.783543 -25.400002 0.951506  -0.368788 0.267014 -0.890336  0.529230 0.036397 0
0  -37.000000 -32.600002 0.000000  -0.000001 -0.267014 -0.963693  0.548446 0.023639 0
0  -41.783543 -32.600002 0.951506  -0.368790 -0.267014 -0.890336  0.548434 0.036397 0
kart_scrap
0  -37.000000 -25.400002 0.000000  0.000001 0.267014 -0.963693  0.529242 0.023639 0
0  -32.216457 -32.600002 0.951506  0.368788 -0.267014 -0.890336  0.548434 0.010858 0
0  -37.000000 -32.600002 0.000000  -0.000001 -0.267014 -0.963693  0.548446 0.023639 0
kart_scrap
0  -32.216457 -25.400002 0.951506  0.368790 0.267014 -0.890336  0.529230 0.010858 0
0  -28.161165 -32.600002 3.661165  0.681433 -0.267015 -0.681435  0.548401 0.000000 0
0  -32.216457 -32.600002 0.951506  0.368788 -0.267014 -0.890336  0.548434 0.010858 0
kart_scrap
0  -28.161165 -25.400002 3.661165  0.681434 0.267014 -0.681433  0.483640 0.047164 0
0  -25.451506 -32.599998 7.716457  0.890335 -0.267014 -0.368790  0.502817 0.036608 0
0  -28.161165 -32.600002 3.661165  0.681433 -0.267015 -0.681435  0.502844 0.047188 0
kart_scrap
0  -25.451506 -25.400002 7.716456  0.890336 0.267014 -0.368788  0.483613 0.036585 0
0  -24.500000 -32.599998 12.500000  0.963693 -0.267014 -0.000001  0.502817 0.023930 0
0  -25.451506 -32.599998 7.716457  0.890335 -0.267014 -0.368790  0.502817 0.036608 0
kart_scrap
0  -24.500000 -32.599998 12.500000  0.963693 -0.267014 -0.000001  0.078601 0.826964 0
0  -26.837326 -35.000000 16.709518  0.783449 -0.529999 0.324515  0.081450 0.814823 0
0  -26.000000 -35.000000 12.500000  0.847998 -0.529999 -0.000001  0.085021 0.825091 0
kart_scrap
0  -25.451506 -32.599998 17.283543  0.890336 -0.267014 0.368788  0.074543 0.815297 0
0  -29.221825 -35.000000 20.278175  0.599626 -0.529998 0.599625  0.081450 0.803427 0
0  -26.837326 -35.000000 16.709518  0.783449 -0.529999 0.324515  0.081450 0.814823 0
kart_scrap
0  -28.161165 -32.599998 21.338835  0.681435 -0.267014 0.681433  0.074543 0.802346 0
0  -32.790482 -35.000000 22.662674  0.324515 -0.529998 0.783449  0.085021 0.792636 0
0  -29.221825 -35.000000 20.278175  0.599626 -0.529998 0.599625  0.081450 0.803427 0
kart_scrap
0  -32.216457 -32.599998 24.048494  0.368790 -0.267014 0.890336  0.301046 0.439681 0
0  -37.000000 -35.000000 23.500000  0.000001 -0.529999 0.847998  0.307450 0.426917 0
0  -32.790482 -35.000000 22.662674  0.324515 -0.529998 0.783449  0.307438 0.438157 0
kart_scrap
0  -37.000000 -32.599998 25.000000  0.000001 -0.267014 0.963693  0.301059 0.426909 0
0  -41.209518 -35.000000 22.662674  -0.324514 -0.529999 0.783449  0.307450 0.415683 0
0  -37.000000 -35.000000 23.500000  0.000001 -0.529999 0.847998  0.307450 0.426917 0
kart_scrap
0  -41.783543 -32.599998 24.048494  -0.368788 -0.267014 0.890336  0.301059 0.414143 0
0  -44.778175 -35.000000 20.278175  -0.599625 -0.529998 0.599626  0.307438 0.406165 0
0  -41.209518 -35.000000 22.662674  -0.324514 -0.529999 0.783449  0.307450 0.415683 0
kart_scrap
0  -45.838837 -32.599998 21.338835  -0.681433 -0.267014 0.681434  0.510319 0.249010 0
0  -47.162674 -35.000000 16.709518  -0.783448 -0.529999 0.324516  0.503931 0.261841 0
0  -44.778175 -35.000000 20.278175  -0.599625 -0.529998 0.599626  0.503863 0.251158 0
kart_scrap
0  -48.548492 -32.599998 17.283543  -0.890336 -0.267014 0.368790  0.510397 0.261150 0
0  -48.000000 -35.000000 12.500000  -0.847998 -0.529999 0.000001  0.503927 0.273295 0
0  -47.162674 -35.000000 16.709518  -0.783448 -0.529999 0.324516  0.503931 0.261841 0
kart_scrap
0  -49.500000 -32.599998 12.500000  -0.963693 -0.267014 0.000001  0.181749 0.316303 0
0  -47.162674 -35.000000 8.290483  -0.783449 -0.529998 -0.324514  0.168434 0.320540 0
0  -48.000000 -35.000000 12.500000  -0.847998 -0.529999 0.000001  0.176565 0.312505 0
kart_scrap
0  -48.548492 -32.599998 7.716457  -0.890337 -0.267014 -0.368788  0.000140 0.664401 0
0  -44.778175 -35.000000 4.721826  -0.599626 -0.529999 -0.599624  0.012946 0.670797 0
0  -47.162674 -35.000000 8.290483  -0.783449 -0.529998 -0.324514  0.001811 0.670768 0
kart_scrap
0  -45.838837 -32.600002 3.661165  -0.681435 -0.267015 -0.681432  0.012793 0.664434 0
0  -41.209518 -35.000000 2.337325  -0.324515 -0.529999 -0.783448  0.024251 0.670777 0
0  -44.778175 -35.000000 4.721826  -0.599626 -0.529999 -0.599624  0.012946 0.670797 0
kart_scrap
0  -41.783543 -32.600002 0.951506  -0.368790 -0.267014 -0.890336  0.548434 0.036397 0
0  -37.000000 -35.000000 1.500000  -0.000000 -0.529999 -0.847998  0.554828 0.023621 0
0  -41.209518 -35.000000 2.337325  -0.324515 -0.529999 -0.783448  0.554818 0.034848 0
kart_scrap
0  -37.000000 -32.600002 0.000000  -0.000001 -0.267014 -0.963693  0.595146 0.824365 0
0  -32.790482 -35.000000 2.337325  0.324515 -0.529999 -0.783448  0.598380 0.811373 0
0  -37.000000 -35.000000 1.500000  -0.000000 -0.529999 -0.847998  0.601772 0.822045 0
kart_scrap
0  -32.216457 -32.600002 0.951506  0.368788 -0.267014 -0.890336  0.591291 0.812237 0
0  -29.221825 -35.000000 4.721826  0.599625 -0.530000 -0.599625  0.598380 0.799922 0
0  -32.790482 -35.000000 2.337325  0.324515 -0.529999 -0.783448  0.598380 0.811373 0
kart_scrap
0  -28.161165 -32.600002 3.661165  0.681433 -0.267015 -0.681435  0.591291 0.799225 0
0  -26.837326 -35.000000 8.290483  0.783448 -0.529999 -0.324516  0.601772 0.789436 0
0  -29.221825 -35.000000 4.721826  0.599625 -0.530000 -0.599625  0.598380 0.799922 0
kart_scrap
0  -25.451506 -32.599998 7.716457  0.890335 -0.267014 -0.368790  0.502817 0.036608 0
0  -26.000000 -35.000000 12.500000  0.847998 -0.529999 -0.000001  0.509239 0.023805 0
0  -26.837326 -35.000000 8.290483  0.783448 -0.529999 -0.324516  0.509239 0.034962 0
kart_scrap
0  -26.000000 -35.000000 12.500000  0.000000 -1.000000 0.000000  0.133223 0.282659 0
0  -29.608963 -35.000000 15.561468  0.000000 -1.000000 0.000000  0.145047 0.280886 0
0  -29.000000 -35.000000 12.500000  0.000000 -1.000000 0.000000  0.139134 0.286729 0
kart_scrap
0  -26.837326 -35.000000 16.709518  0.000000 -1.000000 0.000000  0.141355 0.274625 0
0  -31.343145 -35.000000 18.156855  0.000000 -1.000000 -0.000001  0.152460 0.277584 0
0  -29.608963 -35.000000 15.561468  0.000000 -1.000000 0.000000  0.145047 0.280886 0
kart_scrap
0  -29.221825 -35.000000 20.278175  0.000000 -1.000000 -0.000000  0.151547 0.270085 0
0  -33.938534 -35.000000 19.891037  0.000000 -1.000000 -0.000000  0.160244 0.277327 0
0  -31.343145 -35.000000 18.156855  0.000000 -1.000000 -0.000001  0.152460 0.277584 0
kart_scrap
0  -32.790482 -35.000000 22.662674  0.000000 -1.000000 0.000000  0.162249 0.269731 0
0  -37.000000 -35.000000 20.500000  0.000000 -1.000000 0.000000  0.167213 0.280154 0
0  -33.938534 -35.000000 19.891037  0.000000 -1.000000 -0.000000  0.160244 0.277327 0
kart_scrap
0  -37.000000 -35.000000 23.500000  0.000000 -1.000000 0.000000  0.171832 0.273618 0
0  -40.061466 -35.000000 19.891037  0.000000 -1.000000 0.000000  0.172306 0.285634 0
0  -37.000000 -35.000000 20.500000  0.000000 -1.000000 0.000000  0.167213 0.280154 0
kart_scrap
0  -41.209518 -35.000000 22.662674  0.000000 -1.000000 0.000000  0.178836 0.281153 0
0  -42.656853 -35.000000 18.156855  0.000000 -1.000000 0.000000  0.174749 0.292933 0
0  -40.061466 -35.000000 19.891037  0.000000 -1.000000 0.000000  0.172306 0.285634 0
kart_scrap
0  -44.778175 -35.000000 20.278175  0.000000 -1.000000 0.000000  0.182195 0.291189 0
0  -44.391037 -35.000000 15.561468  0.000000 -1.000000 0.000000  0.174169 0.300939 0
0  -42.656853 -35.000000 18.156855  0.000000 -1.000000 0.000000  0.174749 0.292933 0
kart_scrap
0  -47.162674 -35.000000 16.709518  0.000000 -1.000000 0.000000  0.181397 0.302198 0
0  -45.000000 -35.000000 12.500000  0.000000 -1.000000 0.000000  0.170655 0.308435 0
0  -44.391037 -35.000000 15.561468  0.000000 -1.000000 0.000000  0.174169 0.300939 0
kart_scrap
0  -48.000000 -35.000000 12.500000  0.000000 -1.000000 0.000000  0.176565 0.312505 0
0  -44.391037 -35.000000 9.438533  0.000000 -1.000000 -0.000001  0.164741 0.314279 0
0  -45.000000 -35.000000 12.500000  0.000000 -1.000000 0.000000  0.170655 0.308435 0
kart_scrap
0  -47.162674 -35.000000 8.290483  0.000000 -1.000000 -0.000000  0.168434 0.320540 0
0  -42.656853 -35.000000 6.843146  0.000000 -1.000000 0.000000  0.157328 0.317580 0
0  -44.391037 -35.000000 9.438533  0.000000 -1.000000 -0.000001  0.164741 0.314279 0
kart_scrap
0  -44.778175 -35.000000 4.721826  0.000000 -1.000000 0.000000  0.158241 0.325080 0
0  -40.061466 -35.000000 5.108964  0.000000 -1.000000 -0.000000  0.149545 0.317837 0
0  -42.656853 -35.000000 6.843146  0.000000 -1.000000 0.000000  0.157328 0.317580 0
kart_scrap
0  -41.209518 -35.000000 2.337325  0.000000 -1.000000 -0.000000  0.147539 0.325433 0
0  -37.000000 -35.000000 4.500000  0.000000 -1.000000 0.000000  0.142576 0.315011 0
0  -40.061466 -35.000000 5.108964  0.000000 -1.000000 -0.000000  0.149545 0.317837 0
kart_scrap
0  -37.000000 -35.000000 1.500000  0.000000 -1.000000 -0.000000  0.137957 0.321547 0
0  -33.938534 -35.000000 5.108964  0.000000 -1.000000 -0.000000  0.137482 0.309531 0
0  -37.000000 -35.000000 4.500000  0.000000 -1.000000 0.000000  0.142576 0.315011 0
kart_scrap
0  -32.790482 -35.000000 2.337325  0.000000 -1.000000 -0.000000  0.130953 0.314012 0
0  -31.343145 -35.000000 6.843146  0.000000 -1.000000 0.000000  0.135039 0.302232 0
0  -33.938534 -35.000000 5.108964  0.000000 -1.000000 -0.000000  0.137482 0.309531 0
kart_scrap
0  -29.221825 -35.000000 4.721826  0.000000 -1.000000 0.000000  0.127594 0.303976 0
0  -29.608963 -35.000000 9.438533  0.000000 -1.000000 0.000000  0.135619 0.294225 0
0  -31.343145 -35.000000 6.843146  0.000000 -1.000000 0.000000  0.135039 0.302232 0
kart_scrap
0  -26.837326 -35.000000 8.290483  0.000000 -1.000000 0.000000  0.128391 0.292966 0
0  -29.000000 -35.000000 12.500000  0.000000 -1.000000 0.000000  0.139134 0.286729 0
0  -29.608963 -35.000000 9.438533  0.000000 -1.000000 0.000000  0.135619 0.294225 0
kart_scrap
0  -29.000000 -35.000000 12.500000  -1.000000 0.000000 -0.000003  0.888315 0.137101 0
0  -29.608963 -32.599998 15.561468  -0.923881 0.000000 -0.382680  0.894769 0.129475 0
0  -29.000000 -32.599998 12.500000  -1.000000 0.000000 0.000004  0.894716 0.137098 0
kart_scrap
0  -29.608963 -35.000000 15.561468  -0.923878 0.000000 -0.382687  0.438729 0.928982 0
0  -31.343145 -32.599998 18.156855  -0.707109 0.000000 -0.707104  0.445147 0.920875 0
0  -29.608963 -32.599998 15.561468  -0.923881 0.000000 -0.382680  0.445130 0.928979 0
kart_scrap
0  -31.343145 -35.000000 18.156855  -0.707104 0.000000 -0.707109  0.438746 0.920877 0
0  -33.938534 -32.599998 19.891037  -0.382687 0.000000 -0.923878  0.445130 0.912646 0
0  -31.343145 -32.599998 18.156855  -0.707109 0.000000 -0.707104  0.445147 0.920875 0
kart_scrap
0  -33.938534 -35.000000 19.891037  -0.382680 0.000000 -0.923881  0.731779 0.876835 0
0  -37.000000 -32.599998 20.500000  -0.000004 0.000000 -1.000000  0.725363 0.884995 0
0  -33.938534 -32.599998 19.891037  -0.382687 0.000000 -0.923878  0.725378 0.876830 0
kart_scrap
0  -37.000000 -35.000000 20.500000  0.000004 0.000000 -1.000000  0.731764 0.885000 0
0  -40.061466 -32.599998 19.891037  0.382680 0.000000 -0.923881  0.725363 0.893174 0
0  -37.000000 -32.599998 20.500000  -0.000004 0.000000 -1.000000  0.725363 0.884995 0
kart_scrap
0  -40.061466 -35.000000 19.891037  0.382687 0.000000 -0.923878  0.731764 0.893180 0
0  -42.656853 -32.599998 18.156855  0.707104 0.000000 -0.707110  0.725378 0.900124 0
0  -40.061466 -32.599998 19.891037  0.382680 0.000000 -0.923881  0.725363 0.893174 0
kart_scrap
0  -42.656853 -35.000000 18.156855  0.707109 0.000000 -0.707105  0.425124 0.831758 0
0  -44.391037 -32.599998 15.561468  0.923878 0.000000 -0.382687  0.418747 0.838528 0
0  -42.656853 -32.599998 18.156855  0.707104 0.000000 -0.707110  0.418722 0.831757 0
kart_scrap
0  -44.391037 -35.000000 15.561468  0.923881 0.000000 -0.382680  0.425148 0.838529 0
0  -45.000000 -32.599998 12.500000  1.000000 0.000000 -0.000004  0.418755 0.846642 0
0  -44.391037 -32.599998 15.561468  0.923878 0.000000 -0.382687  0.418747 0.838528 0
kart_scrap
0  -45.000000 -35.000000 12.500000  1.000000 0.000000 0.000003  0.425157 0.846643 0
0  -44.391037 -32.599998 9.438533  0.923881 0.000000 0.382680  0.418747 0.854864 0
0  -45.000000 -32.599998 12.500000  1.000000 0.000000 -0.000004  0.418755 0.846642 0
kart_scrap
0  -44.391037 -35.000000 9.438533  0.923878 0.000000 0.382687  0.425148 0.854865 0
0  -42.656853 -32.599998 6.843146  0.707109 0.000000 0.707104  0.418722 0.861942 0
0  -44.391037 -32.599998 9.438533  0.923881 0.000000 0.382680  0.418747 0.854864 0
kart_scrap
0  -42.656853 -35.000000 6.843146  0.707104 0.000000 0.707110  0.043366 0.837257 0
0  -40.061466 -32.599998 5.108964  0.382686 0.000000 0.923878  0.036952 0.844191 0
0  -42.656853 -32.599998 6.843146  0.707109 0.000000 0.707104  0.036964 0.837257 0
kart_scrap
0  -40.061466 -35.000000 5.108964  0.382680 0.000000 0.923881  0.043353 0.844191 0
0  -37.000000 -32.600002 4.500000  0.000004 0.000000 1.000000  0.036948 0.852365 0
0  -40.061466 -32.599998 5.108964  0.382686 0.000000 0.923878  0.036952 0.844191 0
kart_scrap
0  -37.000000 -35.000000 4.500000  -0.000003 0.000000 1.000000  0.043349 0.852365 0
0  -33.938534 -32.599998 5.108964  -0.382680 0.000000 0.923881  0.036952 0.860536 0
0  -37.000000 -32.600002 4.500000  0.000004 0.000000 1.000000  0.036948 0.852365 0
kart_scrap
0  -33.938534 -35.000000 5.108964  -0.382686 0.000000 0.923878  0.043353 0.860536 0
0  -31.343145 -32.599998 6.843146  -0.707104 0.000000 0.707110  0.036964 0.867458 0
0  -33.938534 -32.599998 5.108964  -0.382680 0.000000 0.923881  0.036952 0.860536 0
kart_scrap
0  -31.343145 -35.000000 6.843146  -0.707110 0.000000 0.707104  0.888368 0.153201 0
0  -29.608963 -32.599998 9.438533  -0.923878 0.000000 0.382686  0.894716 0.145429 0
0  -31.343145 -32.599998 6.843146  -0.707104 0.000000 0.707110  0.894769 0.153198 0
kart_scrap
0  -29.608963 -35.000000 9.438533  -0.923881 0.000000 0.382680  0.888315 0.145431 0
0  -29.000000 -32.599998 12.500000  -1.000000 0.000000 0.000004  0.894716 0.137098 0
0  -29.608963 -32.599998 9.438533  -0.923878 0.000000 0.382686  0.894716 0.145429 0
kart_scrap
0  10.612660 6.741341 26.741131  0.110600 -0.915961 0.385724  0.077279 0.919683 0
0  7.709340 3.874556 20.765976  0.110601 -0.915961 0.385724  0.074543 0.938472 0
0  11.502246 6.613638 26.182810  0.110600 -0.915961 0.385724  0.074543 0.919835 0
kart_scrap
0  7.154909 1.061027 19.552874  0.868461 0.038631 -0.494249  0.291265 0.949339 0
0  8.255677 -5.954519 20.938726  0.868461 0.038631 -0.494250  0.293736 0.930445 0
0  6.684604 0.658211 18.695002  0.868461 0.038631 -0.494249  0.293736 0.949019 0
kart_scrap
0  14.978431 -1.050459 30.684700  0.785509 -0.023207 -0.618415  0.949699 0.590061 0
0  14.019542 5.966411 29.203402  0.785508 -0.023208 -0.618416  0.947479 0.609044 0
0  15.590615 -0.646320 31.447126  0.785509 -0.023207 -0.618415  0.947479 0.590471 0
kart_scrap
0  13.127051 4.756762 30.794682  -0.833832 -0.397841 0.382683  0.949705 0.676651 0
0  9.497754 6.613638 24.817190  -0.833832 -0.397841 0.382683  0.946987 0.694839 0
0  13.290660 3.874556 30.234022  -0.833833 -0.397841 0.382683  0.946987 0.676914 0
kart_scrap
0  14.566431 4.963388 29.891298  0.583690 0.811974 0.001879  0.216977 0.931116 0
0  10.122616 8.168780 25.166033  0.583691 0.811974 0.001879  0.214199 0.949372 0
0  13.915522 5.429697 30.582865  0.583690 0.811974 0.001878  0.214199 0.931276 0
kart_scrap
0  15.590615 -0.646320 31.447126  0.793033 0.356112 0.494249  0.182546 0.932719 0
0  13.418315 6.114649 30.061274  0.793033 0.356112 0.494250  0.179798 0.950366 0
0  14.989388 -0.498082 32.305000  0.793033 0.356112 0.494249  0.179798 0.932492 0
kart_scrap
0  13.915522 5.429697 30.582865  -0.404737 0.670084 0.622234  0.385997 0.935987 0
0  9.334146 7.495845 25.377850  -0.404736 0.670084 0.622235  0.383301 0.951815 0
0  13.127051 4.756762 30.794682  -0.404737 0.670084 0.622234  0.383301 0.936486 0
kart_scrap
0  8.572220 5.460738 22.172358  0.975592 -0.205746 -0.076739  0.936292 0.860395 0
0  6.994374 -0.810605 18.927235  0.975592 -0.205746 -0.076739  0.933472 0.878987 0
0  8.565447 5.802126 21.170958  0.975592 -0.205746 -0.076739  0.933472 0.860369 0
kart_scrap
0  14.989388 -0.498082 32.305000  -0.295390 0.243296 0.923879  0.946401 0.500935 0
0  12.434552 5.802126 29.829041  -0.295385 0.243297 0.923880  0.943657 0.518888 0
0  14.005626 -0.810605 32.072765  -0.295391 0.243296 0.923878  0.943657 0.500730 0
kart_scrap
0  13.407357 5.562272 28.440975  -0.219498 0.923880 -0.313476  0.971370 0.789525 0
0  12.427779 5.460738 28.827642  -0.219500 0.923879 -0.313476  0.969274 0.791183 0
0  12.434552 5.802126 29.829041  -0.219498 0.923880 -0.313476  0.967115 0.789525 0
kart_scrap
0  6.426369 1.146633 20.315300  0.691130 0.374032 0.618416  0.162778 0.950608 0
0  8.725983 -5.551703 21.796598  0.691130 0.374032 0.618416  0.165593 0.932802 0
0  7.154909 1.061027 19.552874  0.691130 0.374032 0.618416  0.165593 0.950676 0
kart_scrap
0  14.005626 -0.810605 32.072765  -0.975592 -0.205747 0.076740  0.367821 0.915728 0
0  12.427779 5.460738 28.827642  -0.975592 -0.205746 0.076739  0.365053 0.934743 0
0  13.998853 -1.151993 31.071367  -0.975592 -0.205747 0.076740  0.365053 0.915800 0
kart_scrap
0  10.710107 -7.188287 24.258869  0.834709 -0.393037 -0.385724  0.947537 0.773260 0
0  14.344479 -5.333816 30.234022  0.834707 -0.393040 -0.385724  0.950326 0.757097 0
0  10.551573 -8.072899 24.817190  0.834709 -0.393037 -0.385724  0.950326 0.773021 0
kart_scrap
0  13.923124 -5.816007 28.827642  0.963881 -0.255040 0.076739  0.933481 0.394433 0
0  15.334600 0.494863 32.072765  0.963881 -0.255040 0.076739  0.936282 0.375739 0
0  13.763527 -6.117868 29.829042  0.963881 -0.255039 0.076739  0.936282 0.394357 0
kart_scrap
0  13.998853 -1.151993 31.071367  -0.307568 -0.370454 -0.876451  0.947126 0.018123 0
0  13.407357 5.562272 28.440975  -0.307563 -0.370455 -0.876452  0.949724 0.000349 0
0  14.978431 -1.050459 30.684700  -0.307569 -0.370454 -0.876450  0.949724 0.018472 0
kart_scrap
0  15.590615 -0.646320 31.447126  0.219498 -0.923880 0.313476  0.966321 0.379419 0
0  14.005626 -0.810605 32.072765  0.219498 -0.923880 0.313476  0.968922 0.375739 0
0  13.998853 -1.151993 31.071367  0.219498 -0.923880 0.313476  0.970530 0.378034 0
kart_scrap
0  6.684604 0.658211 18.695002  -0.154390 -0.350157 -0.923880  0.313071 0.931082 0
0  7.236472 -6.117867 21.170959  -0.154393 -0.350157 -0.923880  0.310329 0.948994 0
0  5.665400 0.494863 18.927233  -0.154389 -0.350157 -0.923880  0.310329 0.930871 0
kart_scrap
0  13.290660 3.874556 30.234022  0.529915 -0.382684 0.756798  0.974488 0.322610 0
0  14.180246 4.002258 29.675701  0.529918 -0.382683 0.756796  0.975439 0.325266 0
0  14.566431 4.963388 29.891298  0.529916 -0.382683 0.756797  0.973627 0.326908 0
kart_scrap
0  13.290660 3.874556 30.234022  -0.110598 -0.915961 -0.385724  0.940777 0.418416 0
0  10.387341 6.741341 24.258869  -0.110599 -0.915961 -0.385724  0.938281 0.437567 0
0  14.180246 4.002258 29.675701  -0.110598 -0.915961 -0.385724  0.938281 0.418489 0
kart_scrap
0  10.226475 7.702471 26.525534  -0.765479 -0.168256 0.621073  0.950067 0.034752 0
0  6.819754 4.002258 21.324297  -0.765479 -0.168254 0.621073  0.947392 0.052909 0
0  10.612660 6.741341 26.741131  -0.765479 -0.168256 0.621073  0.947392 0.035075 0
kart_scrap
0  11.502246 6.613638 26.182810  0.833833 -0.397840 -0.382683  0.101379 0.935153 0
0  7.872949 4.756762 20.205318  0.833832 -0.397840 -0.382684  0.098593 0.951324 0
0  11.665855 7.495845 25.622152  0.833833 -0.397840 -0.382683  0.098593 0.935401 0
kart_scrap
0  14.180246 4.002258 29.675701  0.765479 -0.168254 -0.621073  0.402534 0.935258 0
0  10.773525 7.702471 24.474466  0.765479 -0.168254 -0.621074  0.400002 0.951823 0
0  14.566431 4.963388 29.891298  0.765479 -0.168254 -0.621073  0.400002 0.935952 0
kart_scrap
0  9.334146 7.495845 25.377850  -0.529916 0.382683 -0.756798  0.970553 0.633136 0
0  10.122616 8.168780 25.166033  -0.529916 0.382683 -0.756798  0.972105 0.635275 0
0  10.773525 7.702471 24.474466  -0.529916 0.382684 -0.756798  0.970553 0.637629 0
kart_scrap
0  7.935255 -4.251597 20.417135  0.763367 -0.173475 -0.622235  0.274565 0.952128 0
0  11.337326 -7.950770 25.622150  0.763368 -0.173474 -0.622235  0.277090 0.935554 0
0  7.544420 -5.211688 20.205318  0.763367 -0.173475 -0.622235  0.277090 0.951426 0
kart_scrap
0  11.502246 6.613638 26.182810  0.529915 0.382684 0.756798  0.441390 0.970472 0
0  10.877385 8.168780 25.833967  0.529916 0.382683 0.756798  0.437194 0.971504 0
0  10.226475 7.702471 26.525534  0.529915 0.382684 0.756798  0.437194 0.968799 0
kart_scrap
0  11.665855 7.495845 25.622152  0.404738 0.670082 -0.622235  0.942395 0.342053 0
0  7.084479 5.429697 20.417133  0.404738 0.670083 -0.622235  0.939585 0.360379 0
0  10.877385 8.168780 25.833967  0.404738 0.670082 -0.622235  0.939585 0.342130 0
kart_scrap
0  7.592642 5.562272 22.559025  0.307561 -0.370455 0.876452  0.947093 0.085084 0
0  7.001146 -1.151993 19.928633  0.307563 -0.370455 0.876452  0.949698 0.067301 0
0  8.572220 5.460738 22.172358  0.307561 -0.370455 0.876452  0.949698 0.085427 0
kart_scrap
0  8.565447 5.802126 21.170958  0.295383 0.243297 -0.923880  0.946270 0.535791 0
0  6.010611 -0.498082 18.695002  0.295385 0.243297 -0.923880  0.943522 0.553769 0
0  7.581683 6.114649 20.938726  0.295383 0.243298 -0.923880  0.943522 0.535592 0
kart_scrap
0  10.877385 8.168780 25.833967  -0.583691 0.811974 -0.001879  0.926013 0.342085 0
0  6.433568 4.963388 21.108700  -0.583691 0.811973 -0.001879  0.923216 0.361088 0
0  10.226475 7.702471 26.525534  -0.583691 0.811974 -0.001879  0.923216 0.342053 0
kart_scrap
0  6.819754 4.002258 21.324297  -0.529916 -0.382683 -0.756798  0.725363 0.969615 0
0  6.433568 4.963388 21.108700  -0.529913 -0.382684 -0.756799  0.727851 0.968944 0
0  7.084479 5.429697 20.417133  -0.529916 -0.382683 -0.756798  0.729389 0.971304 0
kart_scrap
0  7.001146 -1.151993 19.928633  -0.219498 -0.923880 -0.313476  0.968368 0.900642 0
0  5.409384 -0.646320 19.552874  -0.219498 -0.923879 -0.313476  0.970879 0.904395 0
0  6.010611 -0.498082 18.695002  -0.219498 -0.923879 -0.313476  0.968368 0.905202 0
kart_scrap
0  13.002557 -5.466098 28.440975  0.441318 0.192534 -0.876452  0.946191 0.734750 0
0  15.494198 0.796724 31.071367  0.441322 0.192533 -0.876451  0.948800 0.716905 0
0  13.923124 -5.816007 28.827642  0.441318 0.192534 -0.876453  0.948800 0.735082 0
kart_scrap
0  7.581683 6.114649 20.938726  -0.793034 0.356111 -0.494249  0.631060 0.932647 0
0  5.409384 -0.646320 19.552874  -0.793032 0.356113 -0.494251  0.628311 0.950640 0
0  6.980457 5.966411 21.796598  -0.793034 0.356111 -0.494249  0.628311 0.932883 0
kart_scrap
0  6.980457 5.966411 21.796598  -0.785507 -0.023208 0.618417  0.937774 0.633136 0
0  6.021569 -1.050459 20.315300  -0.785508 -0.023208 0.618416  0.935196 0.652178 0
0  7.592642 5.562272 22.559025  -0.785507 -0.023208 0.618417  0.935196 0.633322 0
kart_scrap
0  7.581683 6.114649 20.938726  0.219498 0.923880 0.313476  0.695718 0.974963 0
0  6.980457 5.966411 21.796598  0.219498 0.923880 0.313475  0.694740 0.972315 0
0  7.592642 5.562272 22.559025  0.219498 0.923880 0.313476  0.696724 0.970678 0
kart_scrap
0  13.763527 -6.117868 29.829042  0.154389 -0.350157 0.923880  0.478959 0.930776 0
0  14.315395 0.658212 32.304996  0.154389 -0.350156 0.923880  0.476213 0.948696 0
0  12.744322 -5.954519 30.061274  0.154389 -0.350157 0.923880  0.476213 0.930570 0
kart_scrap
0  6.684604 0.658211 18.695002  -0.219498 0.923880 -0.313476  0.458817 0.971929 0
0  5.505802 0.796724 19.928633  -0.219499 0.923879 -0.313476  0.456197 0.968580 0
0  6.426369 1.146633 20.315300  -0.219499 0.923879 -0.313476  0.458817 0.967572 0
kart_scrap
0  5.665400 0.494863 18.927233  -0.963881 -0.255040 -0.076739  0.644926 0.701101 0
0  7.076875 -5.816007 22.172358  -0.963881 -0.255039 -0.076739  0.647568 0.682028 0
0  5.505802 0.796724 19.928633  -0.963881 -0.255040 -0.076739  0.647568 0.700971 0
kart_scrap
0  7.287907 -3.780356 21.108702  0.587218 0.809426 -0.001879  0.197846 0.949367 0
0  11.728161 -6.990680 25.833967  0.587219 0.809426 -0.001879  0.200627 0.931116 0
0  7.935255 -4.251597 20.417135  0.587218 0.809426 -0.001879  0.200627 0.949213 0
kart_scrap
0  7.544420 -5.211688 20.205318  -0.115431 -0.916640 -0.382683  0.938354 0.206775 0
0  10.448427 -8.072899 26.182810  -0.115433 -0.916640 -0.382683  0.940855 0.187858 0
0  6.655521 -5.333816 20.765978  -0.115431 -0.916640 -0.382683  0.940855 0.206890 0
kart_scrap
0  5.505802 0.796724 19.928633  -0.441321 0.192533 0.876451  0.327087 0.949380 0
0  7.997442 -5.466098 22.559025  -0.441317 0.192534 0.876453  0.329690 0.931562 0
0  6.426369 1.146633 20.315300  -0.441321 0.192533 0.876451  0.329690 0.949720 0
kart_scrap
0  7.997442 -5.466098 22.559025  0.219497 -0.923880 0.313476  0.966321 0.396083 0
0  7.076875 -5.816007 22.172358  0.219497 -0.923880 0.313476  0.967959 0.393891 0
0  7.236472 -6.117867 21.170959  0.219498 -0.923880 0.313476  0.970609 0.394830 0
kart_scrap
0  7.544420 -5.211688 20.205318  -0.529916 0.382684 -0.756797  0.968107 0.105729 0
0  6.655521 -5.333816 20.765978  -0.529916 0.382683 -0.756798  0.968107 0.102951 0
0  6.496987 -4.449204 21.324299  -0.529916 0.382684 -0.756797  0.970616 0.101920 0
kart_scrap
0  6.655521 -5.333816 20.765978  -0.834707 -0.393040 0.385724  0.514895 0.950265 0
0  10.289893 -7.188287 26.741131  -0.834708 -0.393038 0.385724  0.517617 0.932082 0
0  6.496987 -4.449204 21.324299  -0.834707 -0.393041 0.385724  0.517617 0.950007 0
kart_scrap
0  9.919188 -6.519439 24.474466  0.400447 0.673728 -0.621074  0.941731 0.147796 0
0  14.503013 -4.449204 29.675701  0.400446 0.673728 -0.621074  0.944543 0.129475 0
0  10.710107 -7.188287 24.258869  0.400447 0.673728 -0.621074  0.944543 0.147724 0
kart_scrap
0  10.551573 -8.072899 24.817190  0.115434 -0.916640 0.382683  0.934269 0.919428 0
0  13.455580 -5.211688 30.794682  0.115432 -0.916640 0.382684  0.937010 0.900642 0
0  9.662674 -7.950770 25.377850  0.115434 -0.916640 0.382683  0.937010 0.919279 0
kart_scrap
0  6.496987 -4.449204 21.324299  -0.400446 0.673729 0.621074  0.239567 0.952872 0
0  11.080812 -6.519439 26.525534  -0.400446 0.673729 0.621073  0.242268 0.937053 0
0  7.287907 -3.780356 21.108702  -0.400446 0.673728 0.621074  0.242268 0.952382 0
kart_scrap
0  11.337326 -7.950770 25.622150  0.529918 -0.382683 0.756797  0.974324 0.961956 0
0  11.728161 -6.990680 25.833967  0.529913 -0.382685 0.756799  0.972065 0.962894 0
0  11.080812 -6.519439 26.525534  0.529915 -0.382684 0.756798  0.970668 0.960653 0
kart_scrap
0  14.503013 -4.449204 29.675701  0.529916 0.382684 0.756797  0.968259 0.937356 0
0  13.712093 -3.780356 29.891298  0.529916 0.382682 0.756798  0.967482 0.934671 0
0  13.064745 -4.251597 30.582865  0.529917 0.382684 0.756797  0.969615 0.933011 0
kart_scrap
0  9.662674 -7.950770 25.377850  -0.763368 -0.173475 0.622234  0.947278 0.826770 0
0  13.064745 -4.251597 30.582865  -0.763368 -0.173474 0.622235  0.949948 0.808608 0
0  9.271839 -6.990680 25.166033  -0.763368 -0.173475 0.622234  0.949948 0.826442 0
kart_scrap
0  9.271839 -6.990680 25.166033  -0.587218 0.809426 0.001879  0.927290 0.519765 0
0  13.712093 -3.780356 29.891298  -0.587219 0.809426 0.001880  0.930085 0.500764 0
0  9.919188 -6.519439 24.474466  -0.587218 0.809426 0.001879  0.930085 0.519799 0
kart_scrap
0  9.271839 -6.990680 25.166033  -0.529916 -0.382684 -0.756797  0.036904 0.969588 0
0  9.919188 -6.519439 24.474466  -0.529916 -0.382682 -0.756798  0.039530 0.970601 0
0  10.710107 -7.188287 24.258869  -0.529916 -0.382683 -0.756797  0.039530 0.973230 0
kart_scrap
0  12.744322 -5.954519 30.061274  -0.219498 -0.923879 -0.313476  0.716001 0.171389 0
0  12.274016 -5.551703 29.203402  -0.219498 -0.923880 -0.313475  0.715200 0.174075 0
0  13.002557 -5.466098 28.440975  -0.219499 -0.923880 -0.313475  0.712565 0.174075 0
kart_scrap
0  12.744322 -5.954519 30.061274  -0.868461 0.038631 0.494249  0.694739 0.936833 0
0  13.845090 1.061028 31.447126  -0.868461 0.038631 0.494249  0.697469 0.917861 0
0  12.274016 -5.551703 29.203402  -0.868461 0.038631 0.494250  0.697469 0.936717 0
kart_scrap
0  12.274016 -5.551703 29.203402  -0.691130 0.374032 -0.618417  0.122260 0.950666 0
0  14.573630 1.146633 30.684700  -0.691129 0.374032 -0.618417  0.125076 0.932840 0
0  13.002557 -5.466098 28.440975  -0.691130 0.374032 -0.618417  0.125076 0.950597 0
kart_scrap
0  14.573630 1.146633 30.684700  0.219498 0.923880 0.313476  0.969994 0.660201 0
0  14.315395 0.658212 32.304996  0.219497 0.923880 0.313476  0.974093 0.658437 0
0  15.334600 0.494863 32.072765  0.219498 0.923880 0.313476  0.974093 0.661143 0
kart_scrap
0  44.590000 26.719999 11.500000  1.000000 -0.000000 0.000005  0.714904 0.760479 0
0  44.012245 34.279999 8.595432  0.923878 -0.000000 -0.382688  0.694749 0.768177 0
0  44.590000 34.279999 11.500000  1.000000 0.000000 -0.000005  0.694739 0.760479 0
kart_scrap
0  44.012245 26.719999 8.595433  0.923881 -0.000000 -0.382679  0.714913 0.768177 0
0  42.366940 34.279999 6.133060  0.707103 0.000000 -0.707110  0.694773 0.774601 0
0  44.012245 34.279999 8.595432  0.923878 -0.000000 -0.382688  0.694749 0.768177 0
kart_scrap
0  42.366940 26.719999 6.133060  0.707110 0.000000 -0.707103  0.678455 0.794016 0
0  39.904568 34.279999 4.487754  0.382679 0.000000 -0.923881  0.658311 0.800609 0
0  42.366940 34.279999 6.133060  0.707103 0.000000 -0.707110  0.658291 0.794016 0
kart_scrap
0  39.904568 26.719999 4.487754  0.382688 0.000000 -0.923878  0.678475 0.800609 0
0  37.000000 34.279999 3.910000  -0.000005 0.000000 -1.000000  0.658318 0.808369 0
0  39.904568 34.279999 4.487754  0.382679 0.000000 -0.923881  0.658311 0.800609 0
kart_scrap
0  37.000000 26.719999 3.910000  0.000005 0.000000 -1.000000  0.678482 0.808369 0
0  34.095432 34.279999 4.487754  -0.382688 0.000000 -0.923878  0.658311 0.816116 0
0  37.000000 34.279999 3.910000  -0.000005 0.000000 -1.000000  0.658318 0.808369 0
kart_scrap
0  34.095432 26.719999 4.487754  -0.382679 0.000000 -0.923881  0.015623 0.835745 0
0  31.633060 34.279999 6.133060  -0.707111 0.000000 -0.707103  0.007823 0.815579 0
0  34.095432 34.279999 4.487754  -0.382688 0.000000 -0.923878  0.015623 0.815565 0
kart_scrap
0  31.633060 26.719999 6.133060  -0.707103 -0.000000 -0.707110  0.007823 0.835759 0
0  29.987755 34.279999 8.595432  -0.923881 -0.000000 -0.382679  0.000140 0.815559 0
0  31.633060 34.279999 6.133060  -0.707111 0.000000 -0.707103  0.007823 0.815579 0
kart_scrap
0  29.987755 26.719999 8.595433  -0.923877 -0.000000 -0.382688  0.787052 0.286570 0
0  29.410000 34.279999 11.500000  -1.000000 -0.000000 0.000005  0.807266 0.279338 0
0  29.987755 34.279999 8.595432  -0.923881 -0.000000 -0.382679  0.807213 0.286570 0
kart_scrap
0  29.410000 26.719999 11.500000  -1.000000 0.000000 -0.000005  0.787105 0.279338 0
0  29.987755 34.279999 14.404567  -0.923878 0.000000 0.382688  0.807269 0.271434 0
0  29.410000 34.279999 11.500000  -1.000000 -0.000000 0.000005  0.807266 0.279338 0
kart_scrap
0  29.987755 26.720001 14.404568  -0.923881 0.000000 0.382679  0.787108 0.271434 0
0  31.633060 34.279999 16.866940  -0.707103 0.000000 0.707110  0.807222 0.264063 0
0  29.987755 34.279999 14.404567  -0.923878 0.000000 0.382688  0.807269 0.271434 0
kart_scrap
0  31.633060 26.720001 16.866940  -0.707110 0.000000 0.707103  0.781871 0.535592 0
0  34.095432 34.279999 18.512245  -0.382679 0.000000 0.923881  0.761719 0.542160 0
0  31.633060 34.279999 16.866940  -0.707103 0.000000 0.707110  0.761707 0.535592 0
kart_scrap
0  34.095432 26.720001 18.512245  -0.382688 0.000000 0.923877  0.781883 0.542160 0
0  37.000000 34.279999 19.090000  0.000005 0.000000 1.000000  0.761723 0.549912 0
0  34.095432 34.279999 18.512245  -0.382679 0.000000 0.923881  0.761719 0.542160 0
kart_scrap
0  37.000000 26.720001 19.090000  -0.000005 0.000000 1.000000  0.781887 0.549912 0
0  39.904568 34.279999 18.512245  0.382688 0.000000 0.923877  0.761719 0.557667 0
0  37.000000 34.279999 19.090000  0.000005 0.000000 1.000000  0.761723 0.549912 0
kart_scrap
0  39.904568 26.720001 18.512245  0.382679 0.000000 0.923881  0.781883 0.557667 0
0  42.366940 34.279999 16.866940  0.707110 0.000000 0.707103  0.761707 0.564246 0
0  39.904568 34.279999 18.512245  0.382688 0.000000 0.923877  0.761719 0.557667 0
kart_scrap
0  42.366940 26.720001 16.866940  0.707103 0.000000 0.707110  0.714932 0.745963 0
0  44.012245 34.279999 14.404567  0.923881 0.000000 0.382679  0.694746 0.752679 0
0  42.366940 34.279999 16.866940  0.707110 0.000000 0.707103  0.694768 0.745963 0
kart_scrap
0  44.012245 26.720001 14.404568  0.923878 0.000000 0.382688  0.714910 0.752679 0
0  44.590000 34.279999 11.500000  1.000000 0.000000 -0.000005  0.694739 0.760479 0
0  44.012245 34.279999 14.404567  0.923881 0.000000 0.382679  0.694746 0.752679 0
kart_scrap
0  44.590000 34.279999 11.500000  -0.684572 0.728945 -0.000000  0.692388 0.018841 0
0  42.949783 33.200001 9.035519  -0.551847 0.802006 0.228583  0.687185 0.025431 0
0  43.439999 33.200001 11.500000  -0.597315 0.802007 0.000000  0.688353 0.018868 0
kart_scrap
0  44.012245 34.279999 8.595432  -0.632463 0.728944 0.261975  0.691011 0.026577 0
0  41.553768 33.200001 6.946232  -0.422366 0.802007 0.422365  0.683859 0.030970 0
0  42.949783 33.200001 9.035519  -0.551847 0.802006 0.228583  0.687185 0.025431 0
kart_scrap
0  42.366940 34.279999 6.133060  -0.484067 0.728944 0.484065  0.687092 0.033104 0
0  39.464481 33.200001 5.550216  -0.228582 0.802007 0.551847  0.678881 0.034639 0
0  41.553768 33.200001 6.946232  -0.422366 0.802007 0.422365  0.683859 0.030970 0
kart_scrap
0  39.904568 34.279999 4.487754  -0.261974 0.728945 0.632463  0.520823 0.827856 0
0  37.000000 33.200001 5.060000  0.000001 0.802006 0.597315  0.520822 0.821276 0
0  39.464481 33.200001 5.550216  -0.228582 0.802007 0.551847  0.524085 0.825446 0
kart_scrap
0  37.000000 34.279999 3.910000  -0.000000 0.728944 0.684574  0.516976 0.822942 0
0  34.535519 33.200001 5.550216  0.228583 0.802007 0.551846  0.519055 0.815430 0
0  37.000000 33.200001 5.060000  0.000001 0.802006 0.597315  0.520822 0.821276 0
kart_scrap
0  34.095432 34.279999 4.487754  0.261974 0.728945 0.632463  0.514895 0.816052 0
0  32.446232 33.200001 6.946232  0.422366 0.802007 0.422365  0.519055 0.808799 0
0  34.535519 33.200001 5.550216  0.228583 0.802007 0.551846  0.519055 0.815430 0
kart_scrap
0  31.633060 34.279999 6.133060  0.484066 0.728945 0.484066  0.514895 0.808237 0
0  31.050217 33.200001 9.035519  0.551847 0.802007 0.228582  0.520822 0.802392 0
0  32.446232 33.200001 6.946232  0.422366 0.802007 0.422365  0.519055 0.808799 0
kart_scrap
0  29.987755 34.279999 8.595432  0.632462 0.728945 0.261975  0.516976 0.800686 0
0  30.559999 33.200001 11.500000  0.597315 0.802006 0.000000  0.524085 0.797185 0
0  31.050217 33.200001 9.035519  0.551847 0.802007 0.228582  0.520822 0.802392 0
kart_scrap
0  29.410000 34.279999 11.500000  0.684573 0.728944 0.000000  0.731726 0.781610 0
0  31.050217 33.200001 13.964481  0.551847 0.802007 -0.228583  0.733340 0.773755 0
0  30.559999 33.200001 11.500000  0.597315 0.802006 0.000000  0.735469 0.779890 0
kart_scrap
0  29.987755 34.279999 14.404567  0.632463 0.728944 -0.261974  0.729216 0.774381 0
0  32.446232 33.200001 16.053768  0.422365 0.802007 -0.422365  0.733273 0.767050 0
0  31.050217 33.200001 13.964481  0.551847 0.802007 -0.228583  0.733340 0.773755 0
kart_scrap
0  31.633060 34.279999 16.866940  0.484066 0.728945 -0.484065  0.729138 0.766478 0
0  34.535519 33.200001 17.449783  0.228582 0.802007 -0.551847  0.735280 0.760795 0
0  32.446232 33.200001 16.053768  0.422365 0.802007 -0.422365  0.733273 0.767050 0
kart_scrap
0  34.095432 34.279999 18.512245  0.261975 0.728944 -0.632463  0.731503 0.759106 0
0  37.000000 33.200001 17.940001  -0.000001 0.802006 -0.597316  0.739055 0.755942 0
0  34.535519 33.200001 17.449783  0.228582 0.802007 -0.551847  0.735280 0.760795 0
kart_scrap
0  37.000000 34.279999 19.090000  -0.000000 0.728944 -0.684574  0.735952 0.753387 0
0  39.464481 33.200001 17.449783  -0.228583 0.802007 -0.551847  0.744023 0.753231 0
0  37.000000 33.200001 17.940001  -0.000001 0.802006 -0.597316  0.739055 0.755942 0
kart_scrap
0  39.904568 34.279999 18.512245  -0.261975 0.728945 -0.632463  0.681225 0.000000 0
0  41.553768 33.200001 16.053768  -0.422366 0.802007 -0.422365  0.683859 0.006664 0
0  39.464481 33.200001 17.449783  -0.228583 0.802007 -0.551847  0.678881 0.002882 0
kart_scrap
0  42.366940 34.279999 16.866940  -0.484067 0.728944 -0.484066  0.687092 0.004457 0
0  42.949783 33.200001 13.964481  -0.551849 0.802005 -0.228583  0.687185 0.012277 0
0  41.553768 33.200001 16.053768  -0.422366 0.802007 -0.422365  0.683859 0.006664 0
kart_scrap
0  44.012245 34.279999 14.404567  -0.632465 0.728942 -0.261976  0.691011 0.011073 0
0  43.439999 33.200001 11.500000  -0.597315 0.802007 0.000000  0.688353 0.018868 0
0  42.949783 33.200001 13.964481  -0.551849 0.802005 -0.228583  0.687185 0.012277 0
kart_scrap
0  43.439999 33.200001 11.500000  -0.597315 0.802007 0.000000  0.688353 0.018868 0
0  40.824860 31.940001 9.915690  -0.443882 0.877020 0.183861  0.680611 0.023093 0
0  41.139999 31.940001 11.500000  -0.480454 0.877020 -0.000001  0.681362 0.018873 0
kart_scrap
0  42.949783 33.200001 9.035519  -0.551847 0.802006 0.228583  0.687185 0.025431 0
0  39.927422 31.940001 8.572578  -0.339734 0.877020 0.339730  0.678473 0.026653 0
0  40.824860 31.940001 9.915690  -0.443882 0.877020 0.183861  0.680611 0.023093 0
kart_scrap
0  41.553768 33.200001 6.946232  -0.422366 0.802007 0.422365  0.683859 0.030970 0
0  38.584309 31.940001 7.675138  -0.183864 0.877020 0.443880  0.675273 0.029012 0
0  39.927422 31.940001 8.572578  -0.339734 0.877020 0.339730  0.678473 0.026653 0
kart_scrap
0  39.464481 33.200001 5.550216  -0.228582 0.802007 0.551847  0.678881 0.034639 0
0  37.000000 31.940001 7.360000  -0.000002 0.877019 0.480455  0.671499 0.029810 0
0  38.584309 31.940001 7.675138  -0.183864 0.877020 0.443880  0.675273 0.029012 0
kart_scrap
0  37.000000 33.200001 5.060000  0.000001 0.802006 0.597315  0.520822 0.821276 0
0  35.415691 31.940001 7.675138  0.183859 0.877020 0.443882  0.525636 0.813937 0
0  37.000000 31.940001 7.360000  -0.000002 0.877019 0.480455  0.526771 0.817695 0
kart_scrap
0  34.535519 33.200001 5.550216  0.228583 0.802007 0.551846  0.519055 0.815430 0
0  34.072578 31.940001 8.572578  0.339730 0.877020 0.339733  0.525636 0.809674 0
0  35.415691 31.940001 7.675138  0.183859 0.877020 0.443882  0.525636 0.813937 0
kart_scrap
0  32.446232 33.200001 6.946232  0.422366 0.802007 0.422365  0.519055 0.808799 0
0  33.175140 31.940001 9.915690  0.443881 0.877020 0.183863  0.526771 0.805555 0
0  34.072578 31.940001 8.572578  0.339730 0.877020 0.339733  0.525636 0.809674 0
kart_scrap
0  31.050217 33.200001 9.035519  0.551847 0.802007 0.228582  0.739338 0.784519 0
0  32.860001 31.940001 11.500000  0.480454 0.877020 0.000001  0.741536 0.776411 0
0  33.175140 31.940001 9.915690  0.443881 0.877020 0.183863  0.744023 0.779388 0
kart_scrap
0  30.559999 33.200001 11.500000  0.597315 0.802006 0.000000  0.735469 0.779890 0
0  33.175140 31.940001 13.084310  0.443882 0.877020 -0.183861  0.740167 0.772468 0
0  32.860001 31.940001 11.500000  0.480454 0.877020 0.000001  0.741536 0.776411 0
kart_scrap
0  31.050217 33.200001 13.964481  0.551847 0.802007 -0.228583  0.733340 0.773755 0
0  34.072578 31.940001 14.427422  0.339734 0.877020 -0.339731  0.740124 0.768157 0
0  33.175140 31.940001 13.084310  0.443882 0.877020 -0.183861  0.740167 0.772468 0
kart_scrap
0  32.446232 33.200001 16.053768  0.422365 0.802007 -0.422365  0.733273 0.767050 0
0  35.415691 31.940001 15.324862  0.183864 0.877020 -0.443881  0.741414 0.764136 0
0  34.072578 31.940001 14.427422  0.339734 0.877020 -0.339731  0.740124 0.768157 0
kart_scrap
0  34.535519 33.200001 17.449783  0.228582 0.802007 -0.551847  0.735280 0.760795 0
0  37.000000 31.940001 15.639999  0.000002 0.877019 -0.480455  0.743841 0.761017 0
0  35.415691 31.940001 15.324862  0.183864 0.877020 -0.443881  0.741414 0.764136 0
kart_scrap
0  37.000000 33.200001 17.940001  -0.000001 0.802006 -0.597316  0.673010 0.001507 0
0  38.584309 31.940001 15.324862  -0.183860 0.877020 -0.443882  0.675273 0.008596 0
0  37.000000 31.940001 15.639999  0.000002 0.877019 -0.480455  0.671499 0.007713 0
kart_scrap
0  39.464481 33.200001 17.449783  -0.228583 0.802007 -0.551847  0.678881 0.002882 0
0  39.927422 31.940001 14.427422  -0.339730 0.877020 -0.339733  0.678473 0.011028 0
0  38.584309 31.940001 15.324862  -0.183860 0.877020 -0.443882  0.675273 0.008596 0
kart_scrap
0  41.553768 33.200001 16.053768  -0.422366 0.802007 -0.422365  0.683859 0.006664 0
0  40.824860 31.940001 13.084310  -0.443881 0.877020 -0.183863  0.680611 0.014636 0
0  39.927422 31.940001 14.427422  -0.339730 0.877020 -0.339733  0.678473 0.011028 0
kart_scrap
0  42.949783 33.200001 13.964481  -0.551849 0.802005 -0.228583  0.687185 0.012277 0
0  41.139999 31.940001 11.500000  -0.480454 0.877020 -0.000001  0.681362 0.018873 0
0  40.824860 31.940001 13.084310  -0.443881 0.877020 -0.183863  0.680611 0.014636 0
kart_scrap
0  41.139999 31.940001 11.500000  0.364399 0.931243 0.000001  0.486444 0.217022 0
0  39.124924 32.660000 10.619828  0.222592 0.970542 -0.092200  0.482756 0.221971 0
0  39.299999 32.660000 11.500000  0.240932 0.970542 0.000002  0.482017 0.219772 0
kart_scrap
0  40.824860 31.940001 9.915690  0.336661 0.931243 -0.139450  0.487774 0.220979 0
0  38.626347 32.660000 9.873654  0.170364 0.970542 -0.170363  0.482756 0.224366 0
0  39.124924 32.660000 10.619828  0.222592 0.970542 -0.092200  0.482756 0.221971 0
kart_scrap
0  39.927422 31.940001 8.572578  0.257670 0.931243 -0.257669  0.487774 0.225289 0
0  37.880173 32.660000 9.375077  0.092201 0.970542 -0.222592  0.482017 0.226592 0
0  38.626347 32.660000 9.873654  0.170364 0.970542 -0.170363  0.482756 0.224366 0
kart_scrap
0  38.584309 31.940001 7.675138  0.139450 0.931243 -0.336659  0.486444 0.229298 0
0  37.000000 32.660000 9.200000  0.000001 0.970542 -0.240932  0.480652 0.228312 0
0  37.880173 32.660000 9.375077  0.092201 0.970542 -0.222592  0.482017 0.226592 0
kart_scrap
0  37.000000 31.940001 7.360000  0.000001 0.931243 -0.364399  0.126046 0.833283 0
0  36.119827 32.660000 9.375077  -0.092200 0.970542 -0.222592  0.128174 0.828127 0
0  37.000000 32.660000 9.200000  0.000001 0.970542 -0.240932  0.129604 0.829739 0
kart_scrap
0  35.415691 31.940001 7.675138  -0.139448 0.931243 -0.336661  0.123472 0.830381 0
0  35.373653 32.660000 9.873654  -0.170364 0.970542 -0.170364  0.127501 0.825997 0
0  36.119827 32.660000 9.375077  -0.092200 0.970542 -0.222592  0.128174 0.828127 0
kart_scrap
0  34.072578 31.940001 8.572578  -0.257668 0.931243 -0.257668  0.122260 0.826548 0
0  34.875076 32.660000 10.619828  -0.222592 0.970542 -0.092202  0.127686 0.823674 0
0  35.373653 32.660000 9.873654  -0.170364 0.970542 -0.170364  0.127501 0.825997 0
kart_scrap
0  33.175140 31.940001 9.915690  -0.336661 0.931243 -0.139450  0.122594 0.822366 0
0  34.700001 32.660000 11.500000  -0.240932 0.970542 -0.000002  0.128702 0.821510 0
0  34.875076 32.660000 10.619828  -0.222592 0.970542 -0.092202  0.127686 0.823674 0
kart_scrap
0  32.860001 31.940001 11.500000  -0.364400 0.931243 -0.000001  0.124423 0.818472 0
0  34.875076 32.660000 12.380172  -0.222592 0.970542 0.092200  0.130394 0.819836 0
0  34.700001 32.660000 11.500000  -0.240932 0.970542 -0.000002  0.128702 0.821510 0
kart_scrap
0  33.175140 31.940001 13.084310  -0.336662 0.931242 0.139451  0.127469 0.815459 0
0  35.373653 32.660000 13.126346  -0.170365 0.970542 0.170363  0.132505 0.818907 0
0  34.875076 32.660000 12.380172  -0.222592 0.970542 0.092200  0.130394 0.819836 0
kart_scrap
0  34.072578 31.940001 14.427422  -0.257670 0.931243 0.257669  0.131267 0.813785 0
0  36.119827 32.660000 13.624923  -0.092201 0.970542 0.222591  0.134712 0.818863 0
0  35.373653 32.660000 13.126346  -0.170365 0.970542 0.170363  0.132505 0.818907 0
kart_scrap
0  35.415691 31.940001 15.324862  -0.139450 0.931243 0.336660  0.135241 0.813706 0
0  37.000000 32.660000 13.800000  -0.000001 0.970542 0.240932  0.136681 0.819711 0
0  36.119827 32.660000 13.624923  -0.092201 0.970542 0.222591  0.134712 0.818863 0
kart_scrap
0  37.000000 31.940001 15.639999  -0.000001 0.931242 0.364401  0.945934 0.161379 0
0  37.880173 32.660000 13.624923  0.092199 0.970542 0.222592  0.942362 0.166412 0
0  37.000000 32.660000 13.800000  -0.000001 0.970542 0.240932  0.941731 0.164324 0
kart_scrap
0  38.584309 31.940001 15.324862  0.139448 0.931243 0.336661  0.947069 0.165137 0
0  38.626347 32.660000 13.126346  0.170363 0.970542 0.170363  0.942362 0.168780 0
0  37.880173 32.660000 13.624923  0.092199 0.970542 0.222592  0.942362 0.166412 0
kart_scrap
0  39.927422 31.940001 14.427422  0.257668 0.931243 0.257669  0.947069 0.169400 0
0  39.124924 32.660000 12.380172  0.222591 0.970542 0.092201  0.941731 0.171068 0
0  38.626347 32.660000 13.126346  0.170363 0.970542 0.170363  0.942362 0.168780 0
kart_scrap
0  40.824860 31.940001 13.084310  0.336661 0.931243 0.139450  0.483986 0.214021 0
0  39.299999 32.660000 11.500000  0.240932 0.970542 0.000002  0.482017 0.219772 0
0  39.124924 32.660000 12.380172  0.222591 0.970542 0.092201  0.480652 0.218105 0
kart_scrap
0  39.124924 32.660000 10.619828  0.222592 0.970542 -0.092200  0.135890 0.829614 0
0  37.000000 32.840000 11.500000  -0.000000 1.000000 -0.000000  0.133324 0.824842 0
0  39.299999 32.660000 11.500000  0.240932 0.970542 0.000002  0.137582 0.827940 0
kart_scrap
0  38.626347 32.660000 9.873654  0.170364 0.970542 -0.170363  0.133780 0.830543 0
0  37.000000 32.840000 11.500000  -0.000000 1.000000 -0.000000  0.133324 0.824842 0
0  39.124924 32.660000 10.619828  0.222592 0.970542 -0.092200  0.135890 0.829614 0
kart_scrap
0  37.880173 32.660000 9.375077  0.092201 0.970542 -0.222592  0.131572 0.830587 0
0  37.000000 32.840000 11.500000  -0.000000 1.000000 -0.000000  0.133324 0.824842 0
0  38.626347 32.660000 9.873654  0.170364 0.970542 -0.170363  0.133780 0.830543 0
kart_scrap
0  37.000000 32.660000 9.200000  0.000001 0.970542 -0.240932  0.129604 0.829739 0
0  37.000000 32.840000 11.500000  -0.000000 1.000000 -0.000000  0.133324 0.824842 0
0  37.880173 32.660000 9.375077  0.092201 0.970542 -0.222592  0.131572 0.830587 0
kart_scrap
0  36.119827 32.660000 9.375077  -0.092200 0.970542 -0.222592  0.128174 0.828127 0
0  37.000000 32.840000 11.500000  -0.000000 1.000000 -0.000000  0.133324 0.824842 0
0  37.000000 32.660000 9.200000  0.000001 0.970542 -0.240932  0.129604 0.829739 0
kart_scrap
0  35.373653 32.660000 9.873654  -0.170364 0.970542 -0.170364  0.127501 0.825997 0
0  37.000000 32.840000 11.500000  -0.000000 1.000000 -0.000000  0.133324 0.824842 0
0  36.119827 32.660000 9.375077  -0.092200 0.970542 -0.222592  0.128174 0.828127 0
kart_scrap
0  34.875076 32.660000 10.619828  -0.222592 0.970542 -0.092202  0.127686 0.823674 0
0  37.000000 32.840000 11.500000  -0.000000 1.000000 -0.000000  0.133324 0.824842 0
0  35.373653 32.660000 9.873654  -0.170364 0.970542 -0.170364  0.127501 0.825997 0
kart_scrap
0  34.700001 32.660000 11.500000  -0.240932 0.970542 -0.000002  0.128702 0.821510 0
0  37.000000 32.840000 11.500000  -0.000000 1.000000 -0.000000  0.133324 0.824842 0
0  34.875076 32.660000 10.619828  -0.222592 0.970542 -0.092202  0.127686 0.823674 0
kart_scrap
0  34.875076 32.660000 12.380172  -0.222592 0.970542 0.092200  0.130394 0.819836 0
0  37.000000 32.840000 11.500000  -0.000000 1.000000 -0.000000  0.133324 0.824842 0
0  34.700001 32.660000 11.500000  -0.240932 0.970542 -0.000002  0.128702 0.821510 0
kart_scrap
0  35.373653 32.660000 13.126346  -0.170365 0.970542 0.170363  0.132505 0.818907 0
0  37.000000 32.840000 11.500000  -0.000000 1.000000 -0.000000  0.133324 0.824842 0
0  34.875076 32.660000 12.380172  -0.222592 0.970542 0.092200  0.130394 0.819836 0
kart_scrap
0  36.119827 32.660000 13.624923  -0.092201 0.970542 0.222591  0.134712 0.818863 0
0  37.000000 32.840000 11.500000  -0.000000 1.000000 -0.000000  0.133324 0.824842 0
0  35.373653 32.660000 13.126346  -0.170365 0.970542 0.170363  0.132505 0.818907 0
kart_scrap
0  37.000000 32.660000 13.800000  -0.000001 0.970542 0.240932  0.136681 0.819711 0
0  37.000000 32.840000 11.500000  -0.000000 1.000000 -0.000000  0.133324 0.824842 0
0  36.119827 32.660000 13.624923  -0.092201 0.970542 0.222591  0.134712 0.818863 0
kart_scrap
0  37.880173 32.660000 13.624923  0.092199 0.970542 0.222592  0.138110 0.821323 0
0  37.000000 32.840000 11.500000  -0.000000 1.000000 -0.000000  0.133324 0.824842 0
0  37.000000 32.660000 13.800000  -0.000001 0.970542 0.240932  0.136681 0.819711 0
kart_scrap
0  38.626347 32.660000 13.126346  0.170363 0.970542 0.170363  0.138784 0.823453 0
0  37.000000 32.840000 11.500000  -0.000000 1.000000 -0.000000  0.133324 0.824842 0
0  37.880173 32.660000 13.624923  0.092199 0.970542 0.222592  0.138110 0.821323 0
kart_scrap
0  39.124924 32.660000 12.380172  0.222591 0.970542 0.092201  0.138598 0.825776 0
0  37.000000 32.840000 11.500000  -0.000000 1.000000 -0.000000  0.133324 0.824842 0
0  38.626347 32.660000 13.126346  0.170363 0.970542 0.170363  0.138784 0.823453 0
kart_scrap
0  39.299999 32.660000 11.500000  0.240932 0.970542 0.000002  0.137582 0.827940 0
0  37.000000 32.840000 11.500000  -0.000000 1.000000 -0.000000  0.133324 0.824842 0
0  39.124924 32.660000 12.380172  0.222591 0.970542 0.092201  0.138598 0.825776 0
kart_scrap
0  37.000000 27.799999 11.500000  -0.000000 -1.000000 0.000000  0.627356 0.019784 0
0  44.012245 26.719999 8.595433  -0.130150 -0.990028 0.053910  0.610975 0.030727 0
0  44.590000 26.719999 11.500000  -0.140873 -0.990028 0.000001  0.608261 0.023356 0
kart_scrap
0  37.000000 27.799999 11.500000  -0.000000 -1.000000 0.000000  0.627356 0.019784 0
0  42.366940 26.719999 6.133060  -0.099613 -0.990028 0.099613  0.615989 0.036456 0
0  44.012245 26.719999 8.595433  -0.130150 -0.990028 0.053910  0.610975 0.030727 0
kart_scrap
0  37.000000 27.799999 11.500000  -0.000000 -1.000000 0.000000  0.627356 0.019784 0
0  39.904568 26.719999 4.487754  -0.053910 -0.990028 0.130150  0.622541 0.039671 0
0  42.366940 26.719999 6.133060  -0.099613 -0.990028 0.099613  0.615989 0.036456 0
kart_scrap
0  37.000000 27.799999 11.500000  -0.000000 -1.000000 0.000000  0.627356 0.019784 0
0  37.000000 26.719999 3.910000  -0.000000 -0.990028 0.140873  0.629633 0.039882 0
0  39.904568 26.719999 4.487754  -0.053910 -0.990028 0.130150  0.622541 0.039671 0
kart_scrap
0  37.000000 27.799999 11.500000  -0.000000 -1.000000 0.000000  0.627700 0.278653 0
0  34.095432 26.719999 4.487754  0.053910 -0.990028 0.130150  0.646277 0.279258 0
0  37.000000 26.719999 3.910000  -0.000000 -0.990028 0.140873  0.645570 0.286673 0
kart_scrap
0  37.000000 27.799999 11.500000  -0.000000 -1.000000 0.000000  0.627700 0.278653 0
0  31.633060 26.719999 6.133060  0.099613 -0.990028 0.099613  0.644390 0.271645 0
0  34.095432 26.719999 4.487754  0.053910 -0.990028 0.130150  0.646277 0.279258 0
kart_scrap
0  37.000000 27.799999 11.500000  -0.000000 -1.000000 0.000000  0.627700 0.278653 0
0  29.987755 26.719999 8.595433  0.130150 -0.990028 0.053910  0.640198 0.264995 0
0  31.633060 26.719999 6.133060  0.099613 -0.990028 0.099613  0.644390 0.271645 0
kart_scrap
0  37.000000 27.799999 11.500000  -0.000000 -1.000000 0.000000  0.627700 0.278653 0
0  29.410000 26.719999 11.500000  0.140873 -0.990028 0.000001  0.634337 0.260319 0
0  29.987755 26.719999 8.595433  0.130150 -0.990028 0.053910  0.640198 0.264995 0
kart_scrap
0  37.000000 27.799999 11.500000  -0.000000 -1.000000 0.000000  0.627700 0.278653 0
0  29.987755 26.720001 14.404568  0.130150 -0.990028 -0.053909  0.627700 0.258331 0
0  29.410000 26.719999 11.500000  0.140873 -0.990028 0.000001  0.634337 0.260319 0
kart_scrap
0  37.000000 27.799999 11.500000  -0.000000 -1.000000 0.000000  0.604675 0.856768 0
0  31.633060 26.720001 16.866940  0.099613 -0.990028 -0.099612  0.597529 0.840532 0
0  29.987755 26.720001 14.404568  0.130150 -0.990028 -0.053909  0.604675 0.837948 0
kart_scrap
0  37.000000 27.799999 11.500000  -0.000000 -1.000000 0.000000  0.604675 0.856768 0
0  34.095432 26.720001 18.512245  0.053910 -0.990028 -0.130150  0.591291 0.845374 0
0  31.633060 26.720001 16.866940  0.099613 -0.990028 -0.099612  0.597529 0.840532 0
kart_scrap
0  37.000000 27.799999 11.500000  -0.000000 -1.000000 0.000000  0.627356 0.019784 0
0  37.000000 26.720001 19.090000  -0.000000 -0.990028 -0.140873  0.622541 0.000000 0
0  34.095432 26.720001 18.512245  0.053910 -0.990028 -0.130150  0.629633 0.000211 0
kart_scrap
0  37.000000 27.799999 11.500000  -0.000000 -1.000000 0.000000  0.627356 0.019784 0
0  39.904568 26.720001 18.512245  -0.053910 -0.990028 -0.130150  0.615989 0.002825 0
0  37.000000 26.720001 19.090000  -0.000000 -0.990028 -0.140873  0.622541 0.000000 0
kart_scrap
0  37.000000 27.799999 11.500000  -0.000000 -1.000000 0.000000  0.627356 0.019784 0
0  42.366940 26.720001 16.866940  -0.099612 -0.990028 -0.099612  0.610975 0.008256 0
0  39.904568 26.720001 18.512245  -0.053910 -0.990028 -0.130150  0.615989 0.002825 0
kart_scrap
0  37.000000 27.799999 11.500000  -0.000000 -1.000000 0.000000  0.627356 0.019784 0
0  44.012245 26.720001 14.404568  -0.130150 -0.990028 -0.053909  0.608261 0.015465 0
0  42.366940 26.720001 16.866940  -0.099612 -0.990028 -0.099612  0.610975 0.008256 0
kart_scrap
0  37.000000 27.799999 11.500000  -0.000000 -1.000000 0.000000  0.627356 0.019784 0
0  44.590000 26.719999 11.500000  -0.140873 -0.990028 0.000001  0.608261 0.023356 0
0  44.012245 26.720001 14.404568  -0.130150 -0.990028 -0.053909  0.608261 0.015465 0
kart_scrap
0  44.590000 -26.719999 11.500000  1.000000 0.000000 -0.000005  0.074543 0.762379 0
0  44.012245 -34.279999 14.404568  0.923878 0.000000 0.382688  0.094714 0.754579 0
0  44.590000 -34.279999 11.500000  1.000000 0.000000 0.000005  0.094707 0.762379 0
kart_scrap
0  44.012245 -26.719999 14.404567  0.923881 0.000000 0.382679  0.074550 0.754579 0
0  42.366940 -34.279999 16.866941  0.707103 0.000001 0.707110  0.094736 0.747863 0
0  44.012245 -34.279999 14.404568  0.923878 0.000000 0.382688  0.094714 0.754579 0
kart_scrap
0  42.366940 -26.719999 16.866940  0.707110 0.000000 0.707103  0.476213 0.782075 0
0  39.904568 -34.279999 18.512245  0.382679 0.000000 0.923881  0.496389 0.775496 0
0  42.366940 -34.279999 16.866941  0.707103 0.000001 0.707110  0.496377 0.782075 0
kart_scrap
0  39.904568 -26.719999 18.512245  0.382688 0.000000 0.923878  0.476225 0.775496 0
0  37.000000 -34.279999 19.090000  -0.000005 0.000000 1.000000  0.496393 0.767741 0
0  39.904568 -34.279999 18.512245  0.382679 0.000000 0.923881  0.496389 0.775496 0
kart_scrap
0  37.000000 -26.719999 19.090000  0.000005 0.000000 1.000000  0.476229 0.767741 0
0  34.095432 -34.279999 18.512245  -0.382688 0.000000 0.923878  0.496389 0.759989 0
0  37.000000 -34.279999 19.090000  -0.000005 0.000000 1.000000  0.496393 0.767741 0
kart_scrap
0  34.095432 -26.719999 18.512245  -0.382679 0.000000 0.923881  0.476225 0.759989 0
0  31.633060 -34.279999 16.866941  -0.707110 0.000000 0.707103  0.496377 0.753422 0
0  34.095432 -34.279999 18.512245  -0.382688 0.000000 0.923878  0.496389 0.759989 0
kart_scrap
0  31.633060 -26.719999 16.866940  -0.707103 0.000000 0.707110  0.182948 0.785755 0
0  29.987755 -34.279999 14.404568  -0.923881 0.000000 0.382679  0.162833 0.793126 0
0  31.633060 -34.279999 16.866941  -0.707110 0.000000 0.707103  0.162786 0.785755 0
kart_scrap
0  29.987755 -26.719999 14.404567  -0.923877 0.000000 0.382688  0.182995 0.793126 0
0  29.410000 -34.279999 11.500000  -1.000000 0.000000 -0.000005  0.162831 0.801030 0
0  29.987755 -34.279999 14.404568  -0.923881 0.000000 0.382679  0.162833 0.793126 0
kart_scrap
0  29.410000 -26.719999 11.500000  -1.000000 -0.000000 0.000005  0.182992 0.801030 0
0  29.987755 -34.279999 8.595433  -0.923878 -0.000000 -0.382688  0.162778 0.808262 0
0  29.410000 -34.279999 11.500000  -1.000000 0.000000 -0.000005  0.162831 0.801030 0
kart_scrap
0  29.987755 -26.720001 8.595432  -0.923881 -0.000000 -0.382679  0.820841 0.264063 0
0  31.633060 -34.279999 6.133060  -0.707103 0.000000 -0.707110  0.828524 0.284263 0
0  29.987755 -34.279999 8.595433  -0.923878 -0.000000 -0.382688  0.820841 0.284243 0
kart_scrap
0  31.633060 -26.720001 6.133059  -0.707110 -0.000000 -0.707103  0.828524 0.264083 0
0  34.095432 -34.279999 4.487755  -0.382679 -0.000000 -0.923881  0.836324 0.284249 0
0  31.633060 -34.279999 6.133060  -0.707103 0.000000 -0.707110  0.828524 0.284263 0
kart_scrap
0  34.095432 -26.720001 4.487754  -0.382688 -0.000000 -0.923878  0.794471 0.169374 0
0  37.000000 -34.279999 3.910000  0.000005 -0.000000 -1.000000  0.814642 0.161627 0
0  34.095432 -34.279999 4.487755  -0.382679 -0.000000 -0.923881  0.814635 0.169374 0
kart_scrap
0  37.000000 -26.720001 3.909999  -0.000005 -0.000000 -1.000000  0.794478 0.161627 0
0  39.904568 -34.279999 4.487755  0.382688 -0.000000 -0.923878  0.814635 0.153866 0
0  37.000000 -34.279999 3.910000  0.000005 -0.000000 -1.000000  0.814642 0.161627 0
kart_scrap
0  39.904568 -26.720001 4.487754  0.382679 -0.000000 -0.923881  0.794471 0.153866 0
0  42.366940 -34.279999 6.133060  0.707111 -0.000000 -0.707103  0.814615 0.147273 0
0  39.904568 -34.279999 4.487755  0.382688 -0.000000 -0.923878  0.814635 0.153866 0
kart_scrap
0  42.366940 -26.720001 6.133059  0.707103 -0.000000 -0.707110  0.074577 0.776501 0
0  44.012245 -34.279999 8.595433  0.923881 -0.000000 -0.382679  0.094717 0.770077 0
0  42.366940 -34.279999 6.133060  0.707111 -0.000000 -0.707103  0.094741 0.776501 0
kart_scrap
0  44.012245 -26.720001 8.595432  0.923878 -0.000000 -0.382688  0.074553 0.770077 0
0  44.590000 -34.279999 11.500000  1.000000 0.000000 0.000005  0.094707 0.762379 0
0  44.012245 -34.279999 8.595433  0.923881 -0.000000 -0.382679  0.094717 0.770077 0
kart_scrap
0  44.590000 -34.279999 11.500000  -0.684572 -0.728945 0.000000  0.310329 0.696679 0
0  42.949783 -33.200001 13.964481  -0.551848 -0.802006 -0.228583  0.315528 0.690120 0
0  43.439999 -33.200001 11.500000  -0.597315 -0.802006 -0.000000  0.314355 0.696711 0
kart_scrap
0  44.012245 -34.279999 14.404568  -0.632463 -0.728944 -0.261975  0.311711 0.688910 0
0  41.553768 -33.200001 16.053768  -0.422366 -0.802007 -0.422365  0.318866 0.684501 0
0  42.949783 -33.200001 13.964481  -0.551848 -0.802006 -0.228583  0.315528 0.690120 0
kart_scrap
0  42.366940 -34.279999 16.866941  -0.484066 -0.728945 -0.484065  0.315645 0.682288 0
0  39.464481 -33.200001 17.449783  -0.228582 -0.802007 -0.551847  0.323861 0.680710 0
0  41.553768 -33.200001 16.053768  -0.422366 -0.802007 -0.422365  0.318866 0.684501 0
kart_scrap
0  39.904568 -34.279999 18.512245  -0.261974 -0.728944 -0.632463  0.793372 0.700274 0
0  37.000000 -33.200001 17.940001  0.000001 -0.802006 -0.597315  0.793900 0.707706 0
0  39.464481 -33.200001 17.449783  -0.228582 -0.802007 -0.551847  0.790230 0.702864 0
kart_scrap
0  37.000000 -34.279999 19.090000  0.000000 -0.728944 -0.684573  0.797698 0.705980 0
0  34.535519 -33.200001 17.449783  0.228583 -0.802007 -0.551847  0.795886 0.713954 0
0  37.000000 -33.200001 17.940001  0.000001 -0.802006 -0.597315  0.793900 0.707706 0
kart_scrap
0  34.095432 -34.279999 18.512245  0.261974 -0.728945 -0.632463  0.800039 0.713344 0
0  32.446232 -33.200001 16.053768  0.422366 -0.802007 -0.422365  0.795886 0.720658 0
0  34.535519 -33.200001 17.449783  0.228583 -0.802007 -0.551847  0.795886 0.713954 0
kart_scrap
0  31.633060 -34.279999 16.866941  0.484066 -0.728945 -0.484066  0.800039 0.721245 0
0  31.050217 -33.200001 13.964481  0.551847 -0.802007 -0.228582  0.793900 0.726797 0
0  32.446232 -33.200001 16.053768  0.422366 -0.802007 -0.422365  0.795886 0.720658 0
kart_scrap
0  29.987755 -34.279999 14.404568  0.632462 -0.728945 -0.261975  0.797698 0.728481 0
0  30.559999 -33.200001 11.500000  0.597315 -0.802006 -0.000000  0.790230 0.731436 0
0  31.050217 -33.200001 13.964481  0.551847 -0.802007 -0.228582  0.793900 0.726797 0
kart_scrap
0  29.410000 -34.279999 11.500000  0.684573 -0.728944 -0.000000  0.130035 0.766695 0
0  31.050217 -33.200001 9.035519  0.551847 -0.802007 0.228583  0.130855 0.774448 0
0  30.559999 -33.200001 11.500000  0.597315 -0.802006 -0.000000  0.126982 0.769400 0
kart_scrap
0  29.987755 -34.279999 8.595433  0.632463 -0.728944 0.261974  0.134599 0.772645 0
0  32.446232 -33.200001 6.946232  0.422365 -0.802007 0.422365  0.132951 0.780782 0
0  31.050217 -33.200001 9.035519  0.551847 -0.802007 0.228583  0.130855 0.774448 0
kart_scrap
0  31.633060 -34.279999 6.133060  0.484067 -0.728945 0.484065  0.137070 0.780110 0
0  34.535519 -33.200001 5.550216  0.228582 -0.802007 0.551847  0.132951 0.787437 0
0  32.446232 -33.200001 6.946232  0.422365 -0.802007 0.422365  0.132951 0.780782 0
kart_scrap
0  34.095432 -34.279999 4.487755  0.261975 -0.728944 0.632463  0.137070 0.787953 0
0  37.000000 -33.200001 5.060000  -0.000001 -0.802006 0.597315  0.130855 0.793399 0
0  34.535519 -33.200001 5.550216  0.228582 -0.802007 0.551847  0.132951 0.787437 0
kart_scrap
0  37.000000 -34.279999 3.910000  -0.000000 -0.728944 0.684574  0.134599 0.794981 0
0  39.464481 -33.200001 5.550216  -0.228583 -0.802007 0.551846  0.126982 0.797762 0
0  37.000000 -33.200001 5.060000  -0.000001 -0.802006 0.597315  0.130855 0.793399 0
kart_scrap
0  39.904568 -34.279999 4.487755  -0.261974 -0.728945 0.632463  0.321533 0.715246 0
0  41.553768 -33.200001 6.946232  -0.422367 -0.802006 0.422365  0.318866 0.708805 0
0  39.464481 -33.200001 5.550216  -0.228583 -0.802007 0.551846  0.323861 0.712465 0
kart_scrap
0  42.366940 -34.279999 6.133060  -0.484067 -0.728944 0.484066  0.315645 0.710932 0
0  42.949783 -33.200001 9.035519  -0.551849 -0.802005 0.228582  0.315528 0.703273 0
0  41.553768 -33.200001 6.946232  -0.422367 -0.802006 0.422365  0.318866 0.708805 0
kart_scrap
0  44.012245 -34.279999 8.595433  -0.632464 -0.728943 0.261975  0.311711 0.704412 0
0  43.439999 -33.200001 11.500000  -0.597315 -0.802006 -0.000000  0.314355 0.696711 0
0  42.949783 -33.200001 9.035519  -0.551849 -0.802005 0.228582  0.315528 0.703273 0
kart_scrap
0  43.439999 -33.200001 11.500000  -0.597315 -0.802006 -0.000000  0.314355 0.696711 0
0  40.824860 -31.940001 13.084310  -0.443882 -0.877020 -0.183861  0.322098 0.692482 0
0  41.139999 -31.940001 11.500000  -0.480454 -0.877020 0.000001  0.321344 0.696719 0
kart_scrap
0  42.949783 -33.200001 13.964481  -0.551848 -0.802006 -0.228583  0.315528 0.690120 0
0  39.927422 -31.940001 14.427422  -0.339734 -0.877020 -0.339730  0.324244 0.688870 0
0  40.824860 -31.940001 13.084310  -0.443882 -0.877020 -0.183861  0.322098 0.692482 0
kart_scrap
0  41.553768 -33.200001 16.053768  -0.422366 -0.802007 -0.422365  0.318866 0.684501 0
0  38.584309 -31.940001 15.324862  -0.183864 -0.877020 -0.443881  0.327455 0.686433 0
0  39.927422 -31.940001 14.427422  -0.339734 -0.877020 -0.339730  0.324244 0.688870 0
kart_scrap
0  39.464481 -33.200001 17.449783  -0.228582 -0.802007 -0.551847  0.790230 0.702864 0
0  37.000000 -31.940001 15.639999  -0.000002 -0.877020 -0.480455  0.787824 0.711094 0
0  38.584309 -31.940001 15.324862  -0.183864 -0.877020 -0.443881  0.785464 0.707981 0
kart_scrap
0  37.000000 -33.200001 17.940001  0.000001 -0.802006 -0.597315  0.793900 0.707706 0
0  35.415691 -31.940001 15.324862  0.183859 -0.877020 -0.443882  0.789101 0.715111 0
0  37.000000 -31.940001 15.639999  -0.000002 -0.877020 -0.480455  0.787824 0.711094 0
kart_scrap
0  34.535519 -33.200001 17.449783  0.228583 -0.802007 -0.551847  0.795886 0.713954 0
0  34.072578 -31.940001 14.427422  0.339730 -0.877020 -0.339733  0.789101 0.719420 0
0  35.415691 -31.940001 15.324862  0.183859 -0.877020 -0.443882  0.789101 0.715111 0
kart_scrap
0  32.446232 -33.200001 16.053768  0.422366 -0.802007 -0.422365  0.795886 0.720658 0
0  33.175140 -31.940001 13.084310  0.443881 -0.877020 -0.183863  0.787824 0.723367 0
0  34.072578 -31.940001 14.427422  0.339730 -0.877020 -0.339733  0.789101 0.719420 0
kart_scrap
0  31.050217 -33.200001 13.964481  0.551847 -0.802007 -0.228582  0.793900 0.726797 0
0  32.860001 -31.940001 11.500000  0.480454 -0.877020 -0.000002  0.785464 0.726349 0
0  33.175140 -31.940001 13.084310  0.443881 -0.877020 -0.183863  0.787824 0.723367 0
kart_scrap
0  30.559999 -33.200001 11.500000  0.597315 -0.802006 -0.000000  0.126982 0.769400 0
0  33.175140 -31.940001 9.915690  0.443882 -0.877020 0.183861  0.124750 0.777808 0
0  32.860001 -31.940001 11.500000  0.480454 -0.877020 -0.000002  0.122260 0.774563 0
kart_scrap
0  31.050217 -33.200001 9.035519  0.551847 -0.802007 0.228583  0.130855 0.774448 0
0  34.072578 -31.940001 8.572578  0.339734 -0.877020 0.339731  0.126097 0.781880 0
0  33.175140 -31.940001 9.915690  0.443882 -0.877020 0.183861  0.124750 0.777808 0
kart_scrap
0  32.446232 -33.200001 6.946232  0.422365 -0.802007 0.422365  0.132951 0.780782 0
0  35.415691 -31.940001 7.675138  0.183864 -0.877020 0.443881  0.126097 0.786158 0
0  34.072578 -31.940001 8.572578  0.339734 -0.877020 0.339731  0.126097 0.781880 0
kart_scrap
0  34.535519 -33.200001 5.550216  0.228582 -0.802007 0.551847  0.132951 0.787437 0
0  37.000000 -31.940001 7.360000  0.000002 -0.877019 0.480455  0.124750 0.789991 0
0  35.415691 -31.940001 7.675138  0.183864 -0.877020 0.443881  0.126097 0.786158 0
kart_scrap
0  37.000000 -33.200001 5.060000  -0.000001 -0.802006 0.597315  0.130855 0.793399 0
0  38.584309 -31.940001 7.675138  -0.183860 -0.877020 0.443882  0.122260 0.792796 0
0  37.000000 -31.940001 7.360000  0.000002 -0.877019 0.480455  0.124750 0.789991 0
kart_scrap
0  39.464481 -33.200001 5.550216  -0.228583 -0.802007 0.551846  0.323861 0.712465 0
0  39.927422 -31.940001 8.572578  -0.339731 -0.877020 0.339734  0.324244 0.704493 0
0  38.584309 -31.940001 7.675138  -0.183860 -0.877020 0.443882  0.327455 0.706846 0
kart_scrap
0  41.553768 -33.200001 6.946232  -0.422367 -0.802006 0.422365  0.318866 0.708805 0
0  40.824860 -31.940001 9.915690  -0.443881 -0.877020 0.183864  0.322098 0.700937 0
0  39.927422 -31.940001 8.572578  -0.339731 -0.877020 0.339734  0.324244 0.704493 0
kart_scrap
0  42.949783 -33.200001 9.035519  -0.551849 -0.802005 0.228582  0.315528 0.703273 0
0  41.139999 -31.940001 11.500000  -0.480454 -0.877020 0.000001  0.321344 0.696719 0
0  40.824860 -31.940001 9.915690  -0.443881 -0.877020 0.183864  0.322098 0.700937 0
kart_scrap
0  41.139999 -31.940001 11.500000  0.364400 -0.931243 -0.000001  0.762316 0.893379 0
0  39.124924 -32.660000 12.380172  0.222592 -0.970542 0.092200  0.765176 0.887911 0
0  39.299999 -32.660000 11.500000  0.240931 -0.970542 -0.000002  0.766254 0.889911 0
kart_scrap
0  40.824860 -31.940001 13.084310  0.336661 -0.931243 0.139450  0.760375 0.889778 0
0  38.626347 -32.660000 13.126346  0.170365 -0.970542 0.170363  0.764797 0.885558 0
0  39.124924 -32.660000 12.380172  0.222592 -0.970542 0.092200  0.765176 0.887911 0
kart_scrap
0  39.927422 -31.940001 14.427422  0.257670 -0.931243 0.257669  0.759694 0.885543 0
0  37.880173 -32.660000 13.624924  0.092201 -0.970542 0.222591  0.765175 0.883212 0
0  38.626347 -32.660000 13.126346  0.170365 -0.970542 0.170363  0.764797 0.885558 0
kart_scrap
0  38.584309 -31.940001 15.324862  0.139451 -0.931243 0.336660  0.760375 0.881320 0
0  37.000000 -32.660000 13.800000  0.000001 -0.970542 0.240931  0.766254 0.881229 0
0  37.880173 -32.660000 13.624924  0.092201 -0.970542 0.222591  0.765175 0.883212 0
kart_scrap
0  37.000000 -31.940001 15.639999  0.000001 -0.931243 0.364400  0.762316 0.877750 0
0  36.119827 -32.660000 13.624924  -0.092200 -0.970542 0.222592  0.767867 0.879911 0
0  37.000000 -32.660000 13.800000  0.000001 -0.970542 0.240931  0.766254 0.881229 0
kart_scrap
0  35.415691 -31.940001 15.324862  -0.139448 -0.931243 0.336661  0.815531 0.827948 0
0  35.373653 -32.660000 13.126346  -0.170364 -0.970542 0.170364  0.818360 0.833088 0
0  36.119827 -32.660000 13.624924  -0.092200 -0.970542 0.222592  0.816149 0.833088 0
kart_scrap
0  34.072578 -31.940001 14.427422  -0.257668 -0.931244 0.257668  0.819511 0.827948 0
0  34.875076 -32.660000 12.380172  -0.222592 -0.970542 0.092202  0.820488 0.833978 0
0  35.373653 -32.660000 13.126346  -0.170364 -0.970542 0.170364  0.818360 0.833088 0
kart_scrap
0  33.175140 -31.940001 13.084310  -0.336661 -0.931243 0.139450  0.823341 0.829549 0
0  34.700001 -32.660000 11.500000  -0.240932 -0.970542 0.000002  0.822209 0.835621 0
0  34.875076 -32.660000 12.380172  -0.222592 -0.970542 0.092202  0.820488 0.833978 0
kart_scrap
0  32.860001 -31.940001 11.500000  -0.364400 -0.931243 0.000001  0.826439 0.832507 0
0  34.875076 -32.660000 10.619828  -0.222592 -0.970542 -0.092200  0.823261 0.837768 0
0  34.700001 -32.660000 11.500000  -0.240932 -0.970542 0.000002  0.822209 0.835621 0
kart_scrap
0  33.175140 -31.940001 9.915690  -0.336662 -0.931242 -0.139451  0.828332 0.836372 0
0  35.373653 -32.660000 9.873654  -0.170364 -0.970542 -0.170363  0.823483 0.840092 0
0  34.875076 -32.660000 10.619828  -0.222592 -0.970542 -0.092200  0.823261 0.837768 0
kart_scrap
0  34.072578 -31.940001 8.572578  -0.257670 -0.931243 -0.257669  0.828732 0.840555 0
0  36.119827 -32.660000 9.375077  -0.092201 -0.970542 -0.222591  0.822842 0.842239 0
0  35.373653 -32.660000 9.873654  -0.170364 -0.970542 -0.170363  0.823483 0.840092 0
kart_scrap
0  35.415691 -31.940001 7.675138  -0.139450 -0.931243 -0.336660  0.792696 0.928646 0
0  37.000000 -32.660000 9.200001  -0.000001 -0.970542 -0.240932  0.795568 0.923216 0
0  36.119827 -32.660000 9.375077  -0.092201 -0.970542 -0.222591  0.796601 0.925124 0
kart_scrap
0  37.000000 -31.940001 7.360000  -0.000001 -0.931242 -0.364400  0.790835 0.925211 0
0  37.880173 -32.660000 9.375077  0.092199 -0.970542 -0.222592  0.795205 0.920903 0
0  37.000000 -32.660000 9.200001  -0.000001 -0.970542 -0.240932  0.795568 0.923216 0
kart_scrap
0  38.584309 -31.940001 7.675138  0.139448 -0.931243 -0.336661  0.790182 0.921047 0
0  38.626347 -32.660000 9.873654  0.170363 -0.970542 -0.170363  0.795568 0.918536 0
0  37.880173 -32.660000 9.375077  0.092199 -0.970542 -0.222592  0.795205 0.920903 0
kart_scrap
0  39.927422 -31.940001 8.572578  0.257668 -0.931243 -0.257669  0.790835 0.916787 0
0  39.124924 -32.660000 10.619828  0.222591 -0.970542 -0.092201  0.796601 0.916477 0
0  38.626347 -32.660000 9.873654  0.170363 -0.970542 -0.170363  0.795568 0.918536 0
kart_scrap
0  40.824860 -31.940001 9.915690  0.336661 -0.931243 -0.139450  0.765220 0.895798 0
0  39.299999 -32.660000 11.500000  0.240931 -0.970542 -0.000002  0.766254 0.889911 0
0  39.124924 -32.660000 10.619828  0.222591 -0.970542 -0.092201  0.767867 0.891255 0
kart_scrap
0  39.124924 -32.660000 12.380172  0.222592 -0.970542 0.092200  0.812367 0.840092 0
0  37.000000 -32.840000 11.500000  0.000000 -1.000000 -0.000000  0.817635 0.839046 0
0  39.299999 -32.660000 11.500000  0.240931 -0.970542 -0.000002  0.813418 0.842239 0
kart_scrap
0  38.626347 -32.660000 13.126346  0.170365 -0.970542 0.170363  0.812144 0.837768 0
0  37.000000 -32.840000 11.500000  0.000000 -1.000000 -0.000000  0.817635 0.839046 0
0  39.124924 -32.660000 12.380172  0.222592 -0.970542 0.092200  0.812367 0.840092 0
kart_scrap
0  37.880173 -32.660000 13.624924  0.092201 -0.970542 0.222591  0.812785 0.835621 0
0  37.000000 -32.840000 11.500000  0.000000 -1.000000 -0.000000  0.817635 0.839046 0
0  38.626347 -32.660000 13.126346  0.170365 -0.970542 0.170363  0.812144 0.837768 0
kart_scrap
0  37.000000 -32.660000 13.800000  0.000001 -0.970542 0.240931  0.814191 0.833978 0
0  37.000000 -32.840000 11.500000  0.000000 -1.000000 -0.000000  0.817635 0.839046 0
0  37.880173 -32.660000 13.624924  0.092201 -0.970542 0.222591  0.812785 0.835621 0
kart_scrap
0  36.119827 -32.660000 13.624924  -0.092200 -0.970542 0.222592  0.816149 0.833088 0
0  37.000000 -32.840000 11.500000  0.000000 -1.000000 -0.000000  0.817635 0.839046 0
0  37.000000 -32.660000 13.800000  0.000001 -0.970542 0.240931  0.814191 0.833978 0
kart_scrap
0  35.373653 -32.660000 13.126346  -0.170364 -0.970542 0.170364  0.818360 0.833088 0
0  37.000000 -32.840000 11.500000  0.000000 -1.000000 -0.000000  0.817635 0.839046 0
0  36.119827 -32.660000 13.624924  -0.092200 -0.970542 0.222592  0.816149 0.833088 0
kart_scrap
0  34.875076 -32.660000 12.380172  -0.222592 -0.970542 0.092202  0.820488 0.833978 0
0  37.000000 -32.840000 11.500000  0.000000 -1.000000 -0.000000  0.817635 0.839046 0
0  35.373653 -32.660000 13.126346  -0.170364 -0.970542 0.170364  0.818360 0.833088 0
kart_scrap
0  34.700001 -32.660000 11.500000  -0.240932 -0.970542 0.000002  0.822209 0.835621 0
0  37.000000 -32.840000 11.500000  0.000000 -1.000000 -0.000000  0.817635 0.839046 0
0  34.875076 -32.660000 12.380172  -0.222592 -0.970542 0.092202  0.820488 0.833978 0
kart_scrap
0  34.875076 -32.660000 10.619828  -0.222592 -0.970542 -0.092200  0.823261 0.837768 0
0  37.000000 -32.840000 11.500000  0.000000 -1.000000 -0.000000  0.817635 0.839046 0
0  34.700001 -32.660000 11.500000  -0.240932 -0.970542 0.000002  0.822209 0.835621 0
kart_scrap
0  35.373653 -32.660000 9.873654  -0.170364 -0.970542 -0.170363  0.823483 0.840092 0
0  37.000000 -32.840000 11.500000  0.000000 -1.000000 -0.000000  0.817635 0.839046 0
0  34.875076 -32.660000 10.619828  -0.222592 -0.970542 -0.092200  0.823261 0.837768 0
kart_scrap
0  36.119827 -32.660000 9.375077  -0.092201 -0.970542 -0.222591  0.822842 0.842239 0
0  37.000000 -32.840000 11.500000  0.000000 -1.000000 -0.000000  0.817635 0.839046 0
0  35.373653 -32.660000 9.873654  -0.170364 -0.970542 -0.170363  0.823483 0.840092 0
kart_scrap
0  37.000000 -32.660000 9.200001  -0.000001 -0.970542 -0.240932  0.821436 0.843882 0
0  37.000000 -32.840000 11.500000  0.000000 -1.000000 -0.000000  0.817635 0.839046 0
0  36.119827 -32.660000 9.375077  -0.092201 -0.970542 -0.222591  0.822842 0.842239 0
kart_scrap
0  37.880173 -32.660000 9.375077  0.092199 -0.970542 -0.222592  0.819478 0.844772 0
0  37.000000 -32.840000 11.500000  0.000000 -1.000000 -0.000000  0.817635 0.839046 0
0  37.000000 -32.660000 9.200001  -0.000001 -0.970542 -0.240932  0.821436 0.843882 0
kart_scrap
0  38.626347 -32.660000 9.873654  0.170363 -0.970542 -0.170363  0.817267 0.844772 0
0  37.000000 -32.840000 11.500000  0.000000 -1.000000 -0.000000  0.817635 0.839046 0
0  37.880173 -32.660000 9.375077  0.092199 -0.970542 -0.222592  0.819478 0.844772 0
kart_scrap
0  39.124924 -32.660000 10.619828  0.222591 -0.970542 -0.092201  0.815139 0.843882 0
0  37.000000 -32.840000 11.500000  0.000000 -1.000000 -0.000000  0.817635 0.839046 0
0  38.626347 -32.660000 9.873654  0.170363 -0.970542 -0.170363  0.817267 0.844772 0
kart_scrap
0  39.299999 -32.660000 11.500000  0.240931 -0.970542 -0.000002  0.813418 0.842239 0
0  37.000000 -32.840000 11.500000  0.000000 -1.000000 -0.000000  0.817635 0.839046 0
0  39.124924 -32.660000 10.619828  0.222591 -0.970542 -0.092201  0.815139 0.843882 0
kart_scrap
0  37.000000 -27.799999 11.500000  -0.000000 1.000000 -0.000000  0.470674 0.269397 0
0  44.012245 -26.719999 14.404567  -0.130150 0.990028 -0.053910  0.484895 0.255978 0
0  44.590000 -26.719999 11.500000  -0.140873 0.990028 -0.000001  0.488889 0.262779 0
kart_scrap
0  37.000000 -27.799999 11.500000  -0.000000 1.000000 -0.000000  0.470674 0.269397 0
0  42.366940 -26.719999 16.866940  -0.099613 0.990028 -0.099613  0.478918 0.251143 0
0  44.012245 -26.719999 14.404567  -0.130150 0.990028 -0.053910  0.484895 0.255978 0
kart_scrap
0  37.000000 -27.799999 11.500000  -0.000000 1.000000 -0.000000  0.470674 0.269397 0
0  39.904568 -26.719999 18.512245  -0.053910 0.990028 -0.130150  0.471868 0.249010 0
0  42.366940 -26.719999 16.866940  -0.099613 0.990028 -0.099613  0.478918 0.251143 0
kart_scrap
0  37.000000 -27.799999 11.500000  -0.000000 1.000000 -0.000000  0.470674 0.269397 0
0  37.000000 -26.719999 19.090000  -0.000000 0.990028 -0.140873  0.464817 0.249904 0
0  39.904568 -26.719999 18.512245  -0.053910 0.990028 -0.130150  0.471868 0.249010 0
kart_scrap
0  37.000000 -27.799999 11.500000  -0.000000 1.000000 -0.000000  0.470674 0.269397 0
0  34.095432 -26.719999 18.512245  0.053910 0.990028 -0.130150  0.458840 0.253688 0
0  37.000000 -26.719999 19.090000  -0.000000 0.990028 -0.140873  0.464817 0.249904 0
kart_scrap
0  37.000000 -27.799999 11.500000  -0.000000 1.000000 -0.000000  0.778514 0.797933 0
0  31.633060 -26.719999 16.866940  0.099613 0.990028 -0.099613  0.761577 0.804324 0
0  34.095432 -26.719999 18.512245  0.053910 0.990028 -0.130150  0.759694 0.796815 0
kart_scrap
0  37.000000 -27.799999 11.500000  -0.000000 1.000000 -0.000000  0.778514 0.797933 0
0  29.987755 -26.719999 14.404567  0.130150 0.990028 -0.053910  0.765814 0.810993 0
0  31.633060 -26.719999 16.866940  0.099613 0.990028 -0.099613  0.761577 0.804324 0
kart_scrap
0  37.000000 -27.799999 11.500000  -0.000000 1.000000 -0.000000  0.778514 0.797933 0
0  29.410000 -26.719999 11.500000  0.140873 0.990028 -0.000001  0.771762 0.815804 0
0  29.987755 -26.719999 14.404567  0.130150 0.990028 -0.053910  0.765814 0.810993 0
kart_scrap
0  37.000000 -27.799999 11.500000  -0.000000 1.000000 -0.000000  0.778514 0.797933 0
0  29.987755 -26.720001 8.595432  0.130150 0.990028 0.053909  0.778514 0.818026 0
0  29.410000 -26.719999 11.500000  0.140873 0.990028 -0.000001  0.771762 0.815804 0
kart_scrap
0  37.000000 -27.799999 11.500000  -0.000000 1.000000 -0.000000  0.470674 0.269397 0
0  31.633060 -26.720001 6.133059  0.099612 0.990028 0.099612  0.464817 0.286640 0
0  29.987755 -26.720001 8.595432  0.130150 0.990028 0.053909  0.458840 0.281805 0
kart_scrap
0  37.000000 -27.799999 11.500000  -0.000000 1.000000 -0.000000  0.470674 0.269397 0
0  34.095432 -26.720001 4.487754  0.053910 0.990028 0.130150  0.471867 0.288773 0
0  31.633060 -26.720001 6.133059  0.099612 0.990028 0.099612  0.464817 0.286640 0
kart_scrap
0  37.000000 -27.799999 11.500000  -0.000000 1.000000 -0.000000  0.470674 0.269397 0
0  37.000000 -26.720001 3.909999  0.000000 0.990028 0.140873  0.478918 0.287879 0
0  34.095432 -26.720001 4.487754  0.053910 0.990028 0.130150  0.471867 0.288773 0
kart_scrap
0  37.000000 -27.799999 11.500000  -0.000000 1.000000 -0.000000  0.470674 0.269397 0
0  39.904568 -26.720001 4.487754  -0.053910 0.990028 0.130150  0.484895 0.284094 0
0  37.000000 -26.720001 3.909999  0.000000 0.990028 0.140873  0.478918 0.287879 0
kart_scrap
0  37.000000 -27.799999 11.500000  -0.000000 1.000000 -0.000000  0.470674 0.269397 0
0  42.366940 -26.720001 6.133059  -0.099613 0.990028 0.099612  0.488889 0.277995 0
0  39.904568 -26.720001 4.487754  -0.053910 0.990028 0.130150  0.484895 0.284094 0
kart_scrap
0  37.000000 -27.799999 11.500000  -0.000000 1.000000 -0.000000  0.470674 0.269397 0
0  44.012245 -26.720001 8.595432  -0.130150 0.990028 0.053909  0.490291 0.270510 0
0  42.366940 -26.720001 6.133059  -0.099613 0.990028 0.099612  0.488889 0.277995 0
kart_scrap
0  37.000000 -27.799999 11.500000  -0.000000 1.000000 -0.000000  0.470674 0.269397 0
0  44.590000 -26.719999 11.500000  -0.140873 0.990028 -0.000001  0.488889 0.262779 0
0  44.012245 -26.720001 8.595432  -0.130150 0.990028 0.053909  0.490291 0.270510 0
kart_scrap
0  -28.750000 23.959999 12.500000  1.000000 -0.000000 0.000005  0.635618 0.449843 0
0  -29.377995 34.040001 9.342861  0.923878 -0.000000 -0.382688  0.608743 0.458211 0
0  -28.750000 34.040001 12.500000  1.000000 0.000000 -0.000005  0.608733 0.449843 0
kart_scrap
0  -29.377995 23.959999 9.342862  0.923882 -0.000000 -0.382679  0.635629 0.458211 0
0  -31.166368 34.040001 6.666369  0.707103 0.000000 -0.707110  0.608770 0.465193 0
0  -29.377995 34.040001 9.342861  0.923878 -0.000000 -0.382688  0.608743 0.458211 0
kart_scrap
0  -31.166368 23.959999 6.666369  0.707110 0.000000 -0.707103  0.407696 0.751555 0
0  -33.842861 34.040001 4.877994  0.382679 0.000000 -0.923882  0.400536 0.724669 0
0  -31.166368 34.040001 6.666369  0.707103 0.000000 -0.707110  0.407696 0.724647 0
kart_scrap
0  -33.842861 23.959999 4.877994  0.382688 0.000000 -0.923878  0.400536 0.751577 0
0  -37.000000 34.040001 4.250000  -0.000005 0.000000 -1.000000  0.392108 0.724677 0
0  -33.842861 34.040001 4.877994  0.382679 0.000000 -0.923882  0.400536 0.724669 0
kart_scrap
0  -37.000000 23.959999 4.250000  0.000005 0.000000 -1.000000  0.392108 0.751585 0
0  -40.157139 34.040001 4.877994  -0.382688 0.000000 -0.923877  0.383694 0.724669 0
0  -37.000000 34.040001 4.250000  -0.000005 0.000000 -1.000000  0.392108 0.724677 0
kart_scrap
0  -40.157139 23.959999 4.877994  -0.382679 0.000000 -0.923881  0.577367 0.809879 0
0  -42.833630 34.040001 6.666369  -0.707110 0.000000 -0.707103  0.568889 0.782987 0
0  -40.157139 34.040001 4.877994  -0.382688 0.000000 -0.923877  0.577367 0.782973 0
kart_scrap
0  -42.833630 23.959999 6.666369  -0.707103 0.000000 -0.707110  0.568889 0.809894 0
0  -44.622005 34.040001 9.342861  -0.923881 0.000000 -0.382679  0.560538 0.782966 0
0  -42.833630 34.040001 6.666369  -0.707110 0.000000 -0.707103  0.568889 0.782987 0
kart_scrap
0  -44.622005 23.959999 9.342862  -0.923878 0.000000 -0.382688  0.222290 0.746661 0
0  -45.250000 34.040001 12.500000  -1.000000 0.000000 0.000005  0.214436 0.719699 0
0  -44.622005 34.040001 9.342861  -0.923881 0.000000 -0.382679  0.222290 0.719756 0
kart_scrap
0  -45.250000 23.959999 12.500000  -1.000000 0.000000 -0.000005  0.214436 0.746603 0
0  -44.622005 34.040001 15.657138  -0.923877 0.000000 0.382688  0.205852 0.719695 0
0  -45.250000 34.040001 12.500000  -1.000000 0.000000 0.000005  0.214436 0.719699 0
kart_scrap
0  -44.622005 23.959999 15.657139  -0.923881 0.000000 0.382679  0.205852 0.746600 0
0  -42.833630 34.040001 18.333632  -0.707103 0.000000 0.707111  0.197846 0.719747 0
0  -44.622005 34.040001 15.657138  -0.923877 0.000000 0.382688  0.205852 0.719695 0
kart_scrap
0  -42.833630 23.960001 18.333632  -0.707111 0.000000 0.707103  0.302317 0.633092 0
0  -40.157139 34.040001 20.122005  -0.382678 0.000000 0.923882  0.275444 0.640231 0
0  -42.833630 34.040001 18.333632  -0.707103 0.000000 0.707111  0.275431 0.633092 0
kart_scrap
0  -40.157139 23.960001 20.122005  -0.382689 0.000000 0.923877  0.302330 0.640231 0
0  -37.000000 34.040001 20.750000  0.000005 0.000000 1.000000  0.275448 0.648657 0
0  -40.157139 34.040001 20.122005  -0.382678 0.000000 0.923882  0.275444 0.640231 0
kart_scrap
0  -37.000000 23.960001 20.750000  -0.000005 0.000000 1.000000  0.302334 0.648657 0
0  -33.842861 34.040001 20.122005  0.382688 0.000000 0.923878  0.275444 0.657087 0
0  -37.000000 34.040001 20.750000  0.000005 0.000000 1.000000  0.275448 0.648657 0
kart_scrap
0  -33.842861 23.960001 20.122005  0.382678 0.000000 0.923882  0.302330 0.657087 0
0  -31.166368 34.040001 18.333632  0.707111 0.000000 0.707103  0.275431 0.664238 0
0  -33.842861 34.040001 20.122005  0.382688 0.000000 0.923878  0.275444 0.657087 0
kart_scrap
0  -31.166368 23.960001 18.333632  0.707103 -0.000000 0.707111  0.635650 0.434065 0
0  -29.377995 34.040001 15.657138  0.923882 0.000000 0.382679  0.608740 0.441364 0
0  -31.166368 34.040001 18.333632  0.707111 0.000000 0.707103  0.608764 0.434065 0
kart_scrap
0  -29.377995 23.959999 15.657139  0.923878 -0.000000 0.382688  0.635626 0.441364 0
0  -28.750000 34.040001 12.500000  1.000000 0.000000 -0.000005  0.608733 0.449843 0
0  -29.377995 34.040001 15.657138  0.923882 0.000000 0.382679  0.608740 0.441364 0
kart_scrap
0  -28.750000 34.040001 12.500000  -0.755171 0.655528 0.000000  0.673080 0.443620 0
0  -30.532843 32.599998 9.821216  -0.620162 0.741223 0.256879  0.667106 0.450798 0
0  -30.000000 32.599998 12.500000  -0.671259 0.741223 -0.000001  0.668375 0.443663 0
kart_scrap
0  -29.377995 34.040001 9.342861  -0.697686 0.655529 0.288992  0.671584 0.452029 0
0  -32.050251 32.599998 7.550252  -0.474652 0.741223 0.474651  0.663491 0.456818 0
0  -30.532843 32.599998 9.821216  -0.620162 0.741223 0.256879  0.667106 0.450798 0
kart_scrap
0  -31.166368 34.040001 6.666369  -0.533986 0.655528 0.533987  0.667323 0.459123 0
0  -34.321217 32.599998 6.032843  -0.256880 0.741223 0.620162  0.658080 0.460806 0
0  -32.050251 32.599998 7.550252  -0.474652 0.741223 0.474651  0.663491 0.456818 0
kart_scrap
0  -33.842861 34.040001 4.877994  -0.288991 0.655529 0.697686  0.959842 0.544020 0
0  -37.000000 32.599998 5.500000  -0.000001 0.741223 0.671259  0.963692 0.535592 0
0  -34.321217 32.599998 6.032843  -0.256880 0.741223 0.620162  0.963692 0.542742 0
kart_scrap
0  -37.000000 34.040001 4.250000  0.000000 0.655528 0.755171  0.765443 0.030862 0
0  -39.678783 32.599998 6.032843  0.256879 0.741223 0.620162  0.768218 0.022771 0
0  -37.000000 32.599998 5.500000  -0.000001 0.741223 0.671259  0.770137 0.029125 0
kart_scrap
0  -40.157139 34.040001 4.877994  0.288992 0.655528 0.697687  0.763181 0.023374 0
0  -41.949749 32.599998 7.550252  0.474651 0.741223 0.474652  0.768218 0.015564 0
0  -39.678783 32.599998 6.032843  0.256879 0.741223 0.620162  0.768218 0.022771 0
kart_scrap
0  -42.833630 34.040001 6.666369  0.533986 0.655529 0.533985  0.763181 0.014879 0
0  -43.467155 32.599998 9.821216  0.620162 0.741223 0.256880  0.770137 0.008600 0
0  -41.949749 32.599998 7.550252  0.474651 0.741223 0.474652  0.768218 0.015564 0
kart_scrap
0  -44.622005 34.040001 9.342861  0.697686 0.655529 0.288991  0.765443 0.006671 0
0  -44.000000 32.599998 12.500000  0.671259 0.741223 0.000000  0.773684 0.002939 0
0  -43.467155 32.599998 9.821216  0.620162 0.741223 0.256880  0.770137 0.008600 0
kart_scrap
0  -45.250000 34.040001 12.500000  0.755171 0.655528 -0.000001  0.170481 0.772171 0
0  -43.467155 32.599998 15.178783  0.620162 0.741224 -0.256879  0.169945 0.763388 0
0  -44.000000 32.599998 12.500000  0.671259 0.741223 0.000000  0.174186 0.769028 0
kart_scrap
0  -44.622005 34.040001 15.657138  0.697686 0.655530 -0.288991  0.165483 0.765524 0
0  -41.949749 32.599998 17.449747  0.474652 0.741223 -0.474652  0.167650 0.756470 0
0  -43.467155 32.599998 15.178783  0.620162 0.741224 -0.256879  0.169945 0.763388 0
kart_scrap
0  -42.833630 34.040001 18.333632  0.533986 0.655527 -0.533988  0.162778 0.757372 0
0  -39.678783 32.599998 18.967157  0.256880 0.741223 -0.620162  0.167650 0.749330 0
0  -41.949749 32.599998 17.449747  0.474652 0.741223 -0.474652  0.167650 0.756470 0
kart_scrap
0  -40.157139 34.040001 20.122005  0.288991 0.655529 -0.697686  0.162778 0.748956 0
0  -37.000000 32.599998 19.500000  0.000001 0.741223 -0.671259  0.169945 0.743052 0
0  -39.678783 32.599998 18.967157  0.256880 0.741223 -0.620162  0.167650 0.749330 0
kart_scrap
0  -37.000000 34.040001 20.750000  -0.000001 0.655528 -0.755171  0.365053 0.956746 0
0  -34.321217 32.599998 18.967157  -0.256879 0.741223 -0.620162  0.368910 0.949613 0
0  -37.000000 32.599998 19.500000  0.000001 0.741223 -0.671259  0.368910 0.956758 0
kart_scrap
0  -33.842861 34.040001 20.122005  -0.288992 0.655528 -0.697687  0.660947 0.423141 0
0  -32.050251 32.599998 17.449747  -0.474651 0.741223 -0.474652  0.663491 0.430398 0
0  -34.321217 32.599998 18.967157  -0.256879 0.741223 -0.620162  0.658080 0.426287 0
kart_scrap
0  -31.166368 34.040001 18.333632  -0.533987 0.655529 -0.533986  0.667323 0.427986 0
0  -30.532843 32.599998 15.178783  -0.620162 0.741223 -0.256880  0.667106 0.436500 0
0  -32.050251 32.599998 17.449747  -0.474651 0.741223 -0.474652  0.663491 0.430398 0
kart_scrap
0  -29.377995 34.040001 15.657138  -0.697686 0.655529 -0.288991  0.671584 0.435177 0
0  -30.000000 32.599998 12.500000  -0.671259 0.741223 -0.000001  0.668375 0.443663 0
0  -30.532843 32.599998 15.178783  -0.620162 0.741223 -0.256880  0.667106 0.436500 0
kart_scrap
0  -30.000000 32.599998 12.500000  -0.671259 0.741223 -0.000001  0.668375 0.443663 0
0  -32.842541 30.920000 10.777925  -0.515304 0.830002 0.213444  0.659588 0.448272 0
0  -32.500000 30.920000 12.500000  -0.557761 0.830002 -0.000003  0.660404 0.443686 0
kart_scrap
0  -30.532843 32.599998 9.821216  -0.620162 0.741223 0.256879  0.667106 0.450798 0
0  -33.818020 30.920000 9.318020  -0.394398 0.830003 0.394393  0.657264 0.452142 0
0  -32.842541 30.920000 10.777925  -0.515304 0.830002 0.213444  0.659588 0.448272 0
kart_scrap
0  -32.050251 32.599998 7.550252  -0.474652 0.741223 0.474651  0.663491 0.456818 0
0  -35.277924 30.920000 8.342543  -0.213448 0.830002 0.515302  0.653786 0.454706 0
0  -33.818020 30.920000 9.318020  -0.394398 0.830003 0.394393  0.657264 0.452142 0
kart_scrap
0  -34.321217 32.599998 6.032843  -0.256880 0.741223 0.620162  0.773684 0.033658 0
0  -37.000000 30.920000 8.000000  -0.000003 0.830001 0.557761  0.777204 0.025319 0
0  -35.277924 30.920000 8.342543  -0.213448 0.830002 0.515302  0.779485 0.028233 0
kart_scrap
0  -37.000000 32.599998 5.500000  -0.000001 0.741223 0.671259  0.770137 0.029125 0
0  -38.722076 30.920000 8.342543  0.213444 0.830002 0.515305  0.775970 0.021234 0
0  -37.000000 30.920000 8.000000  -0.000003 0.830001 0.557761  0.777204 0.025319 0
kart_scrap
0  -39.678783 32.599998 6.032843  0.256879 0.741223 0.620162  0.768218 0.022771 0
0  -40.181980 30.920000 9.318020  0.394394 0.830002 0.394398  0.775970 0.016601 0
0  -38.722076 30.920000 8.342543  0.213444 0.830002 0.515305  0.775970 0.021234 0
kart_scrap
0  -41.949749 32.599998 7.550252  0.474651 0.741223 0.474652  0.768218 0.015564 0
0  -41.157459 30.920000 10.777925  0.515303 0.830001 0.213449  0.777204 0.012124 0
0  -40.181980 30.920000 9.318020  0.394394 0.830002 0.394398  0.775970 0.016601 0
kart_scrap
0  -43.467155 32.599998 9.821216  0.620162 0.741223 0.256880  0.770137 0.008600 0
0  -41.500000 30.920000 12.500000  0.557761 0.830002 0.000003  0.779485 0.008485 0
0  -41.157459 30.920000 10.777925  0.515303 0.830001 0.213449  0.777204 0.012124 0
kart_scrap
0  -44.000000 32.599998 12.500000  0.671259 0.741223 0.000000  0.174186 0.769028 0
0  -41.157459 30.920000 14.222075  0.515304 0.830002 -0.213444  0.177053 0.759647 0
0  -41.500000 30.920000 12.500000  0.557761 0.830002 0.000003  0.179780 0.763272 0
kart_scrap
0  -43.467155 32.599998 15.178783  0.620162 0.741224 -0.256879  0.169945 0.763388 0
0  -40.181980 30.920000 15.681980  0.394398 0.830002 -0.394393  0.175578 0.755200 0
0  -41.157459 30.920000 14.222075  0.515304 0.830002 -0.213444  0.177053 0.759647 0
kart_scrap
0  -41.949749 32.599998 17.449747  0.474652 0.741223 -0.474652  0.167650 0.756470 0
0  -38.722076 30.920000 16.657457  0.213448 0.830002 -0.515302  0.175578 0.750609 0
0  -40.181980 30.920000 15.681980  0.394398 0.830002 -0.394393  0.175578 0.755200 0
kart_scrap
0  -39.678783 32.599998 18.967157  0.256880 0.741223 -0.620162  0.167650 0.749330 0
0  -37.000000 30.920000 17.000000  0.000002 0.830002 -0.557761  0.177053 0.746574 0
0  -38.722076 30.920000 16.657457  0.213448 0.830002 -0.515302  0.175578 0.750609 0
kart_scrap
0  -37.000000 32.599998 19.500000  0.000001 0.741223 -0.671259  0.169945 0.743052 0
0  -35.277924 30.920000 16.657457  -0.213443 0.830002 -0.515305  0.179780 0.743708 0
0  -37.000000 30.920000 17.000000  0.000002 0.830002 -0.557761  0.177053 0.746574 0
kart_scrap
0  -34.321217 32.599998 18.967157  -0.256879 0.741223 -0.620162  0.658080 0.426287 0
0  -33.818020 30.920000 15.681980  -0.394394 0.830002 -0.394399  0.657264 0.435158 0
0  -35.277924 30.920000 16.657457  -0.213443 0.830002 -0.515305  0.653786 0.432516 0
kart_scrap
0  -32.050251 32.599998 17.449747  -0.474651 0.741223 -0.474652  0.663491 0.430398 0
0  -32.842541 30.920000 14.222075  -0.515303 0.830002 -0.213449  0.659588 0.439081 0
0  -33.818020 30.920000 15.681980  -0.394394 0.830002 -0.394399  0.657264 0.435158 0
kart_scrap
0  -30.532843 32.599998 15.178783  -0.620162 0.741223 -0.256880  0.667106 0.436500 0
0  -32.500000 30.920000 12.500000  -0.557761 0.830002 -0.000003  0.660404 0.443686 0
0  -32.842541 30.920000 14.222075  -0.515303 0.830002 -0.213449  0.659588 0.439081 0
kart_scrap
0  -32.500000 30.920000 12.500000  0.432732 0.901523 0.000002  0.443865 0.172847 0
0  -34.690300 31.880001 11.543291  0.266388 0.957529 -0.110340  0.437102 0.174047 0
0  -34.500000 31.880001 12.500000  0.288336 0.957529 0.000001  0.438075 0.171722 0
kart_scrap
0  -32.842541 30.920000 10.777925  0.399793 0.901522 -0.165598  0.442114 0.177033 0
0  -35.232231 31.880001 10.732233  0.203885 0.957529 -0.203884  0.435385 0.176003 0
0  -34.690300 31.880001 11.543291  0.266388 0.957529 -0.110340  0.437102 0.174047 0
kart_scrap
0  -33.818020 30.920000 9.318020  0.305988 0.901522 -0.305989  0.439023 0.180553 0
0  -36.043293 31.880001 10.190301  0.110342 0.957529 -0.266387  0.433186 0.177290 0
0  -35.232231 31.880001 10.732233  0.203885 0.957529 -0.203884  0.435385 0.176003 0
kart_scrap
0  -35.277924 30.920000 8.342543  0.165601 0.901522 -0.399792  0.435064 0.182870 0
0  -37.000000 31.880001 10.000000  0.000001 0.957529 -0.288336  0.430838 0.177713 0
0  -36.043293 31.880001 10.190301  0.110342 0.957529 -0.266387  0.433186 0.177290 0
kart_scrap
0  -37.000000 30.920000 8.000000  0.000002 0.901523 -0.432732  0.201815 0.829011 0
0  -37.956707 31.880001 10.190301  -0.110341 0.957529 -0.266389  0.204416 0.823572 0
0  -37.000000 31.880001 10.000000  0.000001 0.957529 -0.288336  0.205935 0.825355 0
kart_scrap
0  -38.722076 30.920000 8.342543  -0.165598 0.901523 -0.399793  0.199081 0.825802 0
0  -38.767769 31.880001 10.732233  -0.203884 0.957529 -0.203886  0.203730 0.821243 0
0  -37.956707 31.880001 10.190301  -0.110341 0.957529 -0.266389  0.204416 0.823572 0
kart_scrap
0  -40.181980 30.920000 9.318020  -0.305987 0.901523 -0.305989  0.197846 0.821610 0
0  -39.309700 31.880001 11.543291  -0.266388 0.957529 -0.110343  0.203982 0.818722 0
0  -38.767769 31.880001 10.732233  -0.203884 0.957529 -0.203886  0.203730 0.821243 0
kart_scrap
0  -41.157459 30.920000 10.777925  -0.399792 0.901522 -0.165602  0.198299 0.817073 0
0  -39.500000 31.880001 12.500000  -0.288336 0.957529 -0.000001  0.205133 0.816393 0
0  -39.309700 31.880001 11.543291  -0.266388 0.957529 -0.110343  0.203982 0.818722 0
kart_scrap
0  -41.500000 30.920000 12.500000  -0.432732 0.901523 -0.000002  0.200371 0.812880 0
0  -39.309700 31.880001 13.456709  -0.266388 0.957529 0.110340  0.207008 0.814611 0
0  -39.500000 31.880001 12.500000  -0.288336 0.957529 -0.000001  0.205133 0.816393 0
kart_scrap
0  -41.157459 30.920000 14.222075  -0.399793 0.901523 0.165598  0.203745 0.809671 0
0  -38.767769 31.880001 14.267767  -0.203885 0.957529 0.203884  0.209321 0.813646 0
0  -39.309700 31.880001 13.456709  -0.266388 0.957529 0.110340  0.207008 0.814611 0
kart_scrap
0  -40.181980 30.920000 15.681980  -0.305989 0.901522 0.305989  0.207909 0.807935 0
0  -37.956707 31.880001 14.809698  -0.110342 0.957529 0.266387  0.211721 0.813646 0
0  -38.767769 31.880001 14.267767  -0.203885 0.957529 0.203884  0.209321 0.813646 0
kart_scrap
0  -38.722076 30.920000 16.657457  -0.165601 0.901523 0.399792  0.212229 0.807934 0
0  -37.000000 31.880001 15.000000  -0.000001 0.957529 0.288335  0.213842 0.814610 0
0  -37.956707 31.880001 14.809698  -0.110342 0.957529 0.266387  0.211721 0.813646 0
kart_scrap
0  -37.000000 30.920000 17.000000  -0.000002 0.901523 0.432732  0.891980 0.729045 0
0  -36.043293 31.880001 14.809698  0.110341 0.957529 0.266388  0.887754 0.734466 0
0  -37.000000 31.880001 15.000000  -0.000001 0.957529 0.288335  0.887069 0.732196 0
kart_scrap
0  -35.277924 30.920000 16.657457  0.165598 0.901523 0.399792  0.893214 0.733130 0
0  -35.232231 31.880001 14.267767  0.203884 0.957529 0.203886  0.887754 0.737040 0
0  -36.043293 31.880001 14.809698  0.110341 0.957529 0.266388  0.887754 0.734466 0
kart_scrap
0  -33.818020 30.920000 15.681980  0.305986 0.901523 0.305988  0.893214 0.737763 0
0  -34.690300 31.880001 13.456709  0.266388 0.957529 0.110343  0.887069 0.739527 0
0  -35.232231 31.880001 14.267767  0.203884 0.957529 0.203886  0.887754 0.737040 0
kart_scrap
0  -32.842541 30.920000 14.222075  0.399792 0.901522 0.165601  0.444010 0.168633 0
0  -34.500000 31.880001 12.500000  0.288336 0.957529 0.000001  0.438075 0.171722 0
0  -34.690300 31.880001 13.456709  0.266388 0.957529 0.110343  0.438156 0.169380 0
kart_scrap
0  -34.690300 31.880001 11.543291  0.266388 0.957529 -0.110340  0.437102 0.174047 0
0  -37.000000 32.119999 12.500000  -0.000000 1.000000 -0.000000  0.431939 0.171356 0
0  -34.500000 31.880001 12.500000  0.288336 0.957529 0.000001  0.438075 0.171722 0
kart_scrap
0  -35.232231 31.880001 10.732233  0.203885 0.957529 -0.203884  0.435385 0.176003 0
0  -37.000000 32.119999 12.500000  -0.000000 1.000000 -0.000000  0.431939 0.171356 0
0  -34.690300 31.880001 11.543291  0.266388 0.957529 -0.110340  0.437102 0.174047 0
kart_scrap
0  -36.043293 31.880001 10.190301  0.110342 0.957529 -0.266387  0.208056 0.826319 0
0  -37.000000 32.119999 12.500000  -0.000000 1.000000 -0.000000  0.210128 0.820143 0
0  -35.232231 31.880001 10.732233  0.203885 0.957529 -0.203884  0.210456 0.826319 0
kart_scrap
0  -37.000000 31.880001 10.000000  0.000001 0.957529 -0.288336  0.205935 0.825355 0
0  -37.000000 32.119999 12.500000  -0.000000 1.000000 -0.000000  0.210128 0.820143 0
0  -36.043293 31.880001 10.190301  0.110342 0.957529 -0.266387  0.208056 0.826319 0
kart_scrap
0  -37.956707 31.880001 10.190301  -0.110341 0.957529 -0.266389  0.204416 0.823572 0
0  -37.000000 32.119999 12.500000  -0.000000 1.000000 -0.000000  0.210128 0.820143 0
0  -37.000000 31.880001 10.000000  0.000001 0.957529 -0.288336  0.205935 0.825355 0
kart_scrap
0  -38.767769 31.880001 10.732233  -0.203884 0.957529 -0.203886  0.203730 0.821243 0
0  -37.000000 32.119999 12.500000  -0.000000 1.000000 -0.000000  0.210128 0.820143 0
0  -37.956707 31.880001 10.190301  -0.110341 0.957529 -0.266389  0.204416 0.823572 0
kart_scrap
0  -39.309700 31.880001 11.543291  -0.266388 0.957529 -0.110343  0.203982 0.818722 0
0  -37.000000 32.119999 12.500000  -0.000000 1.000000 -0.000000  0.210128 0.820143 0
0  -38.767769 31.880001 10.732233  -0.203884 0.957529 -0.203886  0.203730 0.821243 0
kart_scrap
0  -39.500000 31.880001 12.500000  -0.288336 0.957529 -0.000001  0.205133 0.816393 0
0  -37.000000 32.119999 12.500000  -0.000000 1.000000 -0.000000  0.210128 0.820143 0
0  -39.309700 31.880001 11.543291  -0.266388 0.957529 -0.110343  0.203982 0.818722 0
kart_scrap
0  -39.309700 31.880001 13.456709  -0.266388 0.957529 0.110340  0.207008 0.814611 0
0  -37.000000 32.119999 12.500000  -0.000000 1.000000 -0.000000  0.210128 0.820143 0
0  -39.500000 31.880001 12.500000  -0.288336 0.957529 -0.000001  0.205133 0.816393 0
kart_scrap
0  -38.767769 31.880001 14.267767  -0.203885 0.957529 0.203884  0.209321 0.813646 0
0  -37.000000 32.119999 12.500000  -0.000000 1.000000 -0.000000  0.210128 0.820143 0
0  -39.309700 31.880001 13.456709  -0.266388 0.957529 0.110340  0.207008 0.814611 0
kart_scrap
0  -37.956707 31.880001 14.809698  -0.110342 0.957529 0.266387  0.211721 0.813646 0
0  -37.000000 32.119999 12.500000  -0.000000 1.000000 -0.000000  0.210128 0.820143 0
0  -38.767769 31.880001 14.267767  -0.203885 0.957529 0.203884  0.209321 0.813646 0
kart_scrap
0  -37.000000 31.880001 15.000000  -0.000001 0.957529 0.288335  0.213842 0.814610 0
0  -37.000000 32.119999 12.500000  -0.000000 1.000000 -0.000000  0.210128 0.820143 0
0  -37.956707 31.880001 14.809698  -0.110342 0.957529 0.266387  0.211721 0.813646 0
kart_scrap
0  -36.043293 31.880001 14.809698  0.110341 0.957529 0.266388  0.215361 0.816393 0
0  -37.000000 32.119999 12.500000  -0.000000 1.000000 -0.000000  0.210128 0.820143 0
0  -37.000000 31.880001 15.000000  -0.000001 0.957529 0.288335  0.213842 0.814610 0
kart_scrap
0  -35.232231 31.880001 14.267767  0.203884 0.957529 0.203886  0.216047 0.818722 0
0  -37.000000 32.119999 12.500000  -0.000000 1.000000 -0.000000  0.210128 0.820143 0
0  -36.043293 31.880001 14.809698  0.110341 0.957529 0.266388  0.215361 0.816393 0
kart_scrap
0  -34.690300 31.880001 13.456709  0.266388 0.957529 0.110343  0.215795 0.821243 0
0  -37.000000 32.119999 12.500000  -0.000000 1.000000 -0.000000  0.210128 0.820143 0
0  -35.232231 31.880001 14.267767  0.203884 0.957529 0.203886  0.216047 0.818722 0
kart_scrap
0  -34.500000 31.880001 12.500000  0.288336 0.957529 0.000001  0.214644 0.823572 0
0  -37.000000 32.119999 12.500000  -0.000000 1.000000 -0.000000  0.210128 0.820143 0
0  -34.690300 31.880001 13.456709  0.266388 0.957529 0.110343  0.215795 0.821243 0
kart_scrap
0  -37.000000 25.400000 12.500000  0.000000 -1.000000 0.000000  0.570574 0.264193 0
0  -29.377995 23.959999 9.342862  -0.158857 -0.985106 0.065801  0.552456 0.276127 0
0  -28.750000 23.959999 12.500000  -0.171946 -0.985106 0.000000  0.549506 0.268115 0
kart_scrap
0  -37.000000 25.400000 12.500000  0.000000 -1.000000 0.000000  0.570574 0.264193 0
0  -31.166368 23.959999 6.666369  -0.121584 -0.985106 0.121584  0.557907 0.282354 0
0  -29.377995 23.959999 9.342862  -0.158857 -0.985106 0.065801  0.552456 0.276127 0
kart_scrap
0  -37.000000 25.400000 12.500000  0.000000 -1.000000 0.000000  0.570574 0.264193 0
0  -33.842861 23.959999 4.877994  -0.065801 -0.985106 0.158858  0.565028 0.285848 0
0  -31.166368 23.959999 6.666369  -0.121584 -0.985106 0.121584  0.557907 0.282354 0
kart_scrap
0  -37.000000 25.400000 12.500000  0.000000 -1.000000 0.000000  0.570574 0.264193 0
0  -37.000000 23.959999 4.250000  -0.000000 -0.985106 0.171946  0.572737 0.286077 0
0  -33.842861 23.959999 4.877994  -0.065801 -0.985106 0.158858  0.565028 0.285848 0
kart_scrap
0  -37.000000 25.400000 12.500000  0.000000 -1.000000 0.000000  0.275431 0.745703 0
0  -40.157139 23.959999 4.877994  0.065801 -0.985106 0.158858  0.296008 0.745840 0
0  -37.000000 23.959999 4.250000  -0.000000 -0.985106 0.171946  0.295377 0.753913 0
kart_scrap
0  -37.000000 25.400000 12.500000  0.000000 -1.000000 0.000000  0.275431 0.745703 0
0  -42.833630 23.959999 6.666369  0.121584 -0.985106 0.121584  0.293817 0.737601 0
0  -40.157139 23.959999 4.877994  0.065801 -0.985106 0.158858  0.296008 0.745840 0
kart_scrap
0  -37.000000 25.400000 12.500000  0.000000 -1.000000 0.000000  0.275431 0.745703 0
0  -44.622005 23.959999 9.342862  0.158857 -0.985106 0.065801  0.289137 0.730452 0
0  -42.833630 23.959999 6.666369  0.121584 -0.985106 0.121584  0.293817 0.737601 0
kart_scrap
0  -37.000000 25.400000 12.500000  0.000000 -1.000000 0.000000  0.275431 0.745703 0
0  -45.250000 23.959999 12.500000  0.171946 -0.985106 -0.000000  0.282681 0.725479 0
0  -44.622005 23.959999 9.342862  0.158857 -0.985106 0.065801  0.289137 0.730452 0
kart_scrap
0  -37.000000 25.400000 12.500000  0.000000 -1.000000 0.000000  0.275431 0.745703 0
0  -44.622005 23.959999 15.657139  0.158857 -0.985106 -0.065801  0.275431 0.723441 0
0  -45.250000 23.959999 12.500000  0.171946 -0.985106 -0.000000  0.282681 0.725479 0
kart_scrap
0  -37.000000 25.400000 12.500000  0.000000 -1.000000 0.000000  0.239817 0.836803 0
0  -42.833630 23.960001 18.333632  0.121584 -0.985106 -0.121584  0.248223 0.818971 0
0  -44.622005 23.959999 15.657139  0.158857 -0.985106 -0.065801  0.255408 0.823048 0
kart_scrap
0  -37.000000 25.400000 12.500000  0.000000 -1.000000 0.000000  0.239817 0.836803 0
0  -40.157139 23.960001 20.122005  0.065801 -0.985106 -0.158857  0.239817 0.817244 0
0  -42.833630 23.960001 18.333632  0.121584 -0.985106 -0.121584  0.248223 0.818971 0
kart_scrap
0  -37.000000 25.400000 12.500000  0.000000 -1.000000 0.000000  0.570574 0.264193 0
0  -37.000000 23.960001 20.750000  -0.000000 -0.985106 -0.171946  0.565028 0.242728 0
0  -40.157139 23.960001 20.122005  0.065801 -0.985106 -0.158857  0.572737 0.242957 0
kart_scrap
0  -37.000000 25.400000 12.500000  0.000000 -1.000000 0.000000  0.570574 0.264193 0
0  -33.842861 23.960001 20.122005  -0.065801 -0.985106 -0.158857  0.557907 0.245798 0
0  -37.000000 23.960001 20.750000  -0.000000 -0.985106 -0.171946  0.565028 0.242728 0
kart_scrap
0  -37.000000 25.400000 12.500000  0.000000 -1.000000 0.000000  0.570574 0.264193 0
0  -31.166368 23.960001 18.333632  -0.121584 -0.985106 -0.121584  0.552456 0.251701 0
0  -33.842861 23.960001 20.122005  -0.065801 -0.985106 -0.158857  0.557907 0.245798 0
kart_scrap
0  -37.000000 25.400000 12.500000  0.000000 -1.000000 0.000000  0.570574 0.264193 0
0  -29.377995 23.959999 15.657139  -0.158857 -0.985106 -0.065801  0.549506 0.259537 0
0  -31.166368 23.960001 18.333632  -0.121584 -0.985106 -0.121584  0.552456 0.251701 0
kart_scrap
0  -37.000000 25.400000 12.500000  0.000000 -1.000000 0.000000  0.570574 0.264193 0
0  -28.750000 23.959999 12.500000  -0.171946 -0.985106 0.000000  0.549506 0.268115 0
0  -29.377995 23.959999 15.657139  -0.158857 -0.985106 -0.065801  0.549506 0.259537 0
kart_scrap
0  -28.750000 -23.959999 12.500000  1.000000 0.000000 -0.000005  0.127594 0.647112 0
0  -29.377995 -34.040001 15.657139  0.923878 -0.000000 0.382688  0.154487 0.638633 0
0  -28.750000 -34.040001 12.500000  1.000000 -0.000000 0.000005  0.154479 0.647112 0
kart_scrap
0  -29.377995 -23.959999 15.657138  0.923881 0.000000 0.382679  0.127601 0.638633 0
0  -31.166368 -34.040001 18.333632  0.707103 -0.000000 0.707110  0.154511 0.631334 0
0  -29.377995 -34.040001 15.657139  0.923878 -0.000000 0.382688  0.154487 0.638633 0
kart_scrap
0  -31.166368 -23.959999 18.333630  0.707110 0.000000 0.707103  0.560538 0.662873 0
0  -33.842861 -34.040001 20.122005  0.382679 0.000000 0.923881  0.587436 0.655722 0
0  -31.166368 -34.040001 18.333632  0.707103 -0.000000 0.707110  0.587424 0.662873 0
kart_scrap
0  -33.842861 -23.959999 20.122005  0.382688 0.000000 0.923878  0.560551 0.655722 0
0  -37.000000 -34.040001 20.750000  -0.000005 0.000000 1.000000  0.587441 0.647292 0
0  -33.842861 -34.040001 20.122005  0.382679 0.000000 0.923881  0.587436 0.655722 0
kart_scrap
0  -37.000000 -23.959999 20.750000  0.000005 0.000000 1.000000  0.560555 0.647292 0
0  -40.157139 -34.040001 20.122005  -0.382688 0.000000 0.923878  0.587436 0.638866 0
0  -37.000000 -34.040001 20.750000  -0.000005 0.000000 1.000000  0.587441 0.647292 0
kart_scrap
0  -40.157139 -23.959999 20.122005  -0.382679 0.000000 0.923881  0.560551 0.638866 0
0  -42.833630 -34.040001 18.333632  -0.707110 0.000000 0.707103  0.587424 0.631728 0
0  -40.157139 -34.040001 20.122005  -0.382688 0.000000 0.923878  0.587436 0.638866 0
kart_scrap
0  -42.833630 -23.959999 18.333630  -0.707103 0.000000 0.707110  0.476213 0.712924 0
0  -44.622005 -34.040001 15.657139  -0.923881 0.000000 0.382679  0.484219 0.739778 0
0  -42.833630 -34.040001 18.333632  -0.707110 0.000000 0.707103  0.476213 0.739829 0
kart_scrap
0  -44.622005 -23.959999 15.657138  -0.923877 0.000000 0.382688  0.484219 0.712873 0
0  -45.250000 -34.040001 12.500000  -1.000000 0.000000 -0.000005  0.492802 0.739781 0
0  -44.622005 -34.040001 15.657139  -0.923881 0.000000 0.382679  0.484219 0.739778 0
kart_scrap
0  -45.250000 -23.959999 12.500000  -1.000000 -0.000000 0.000005  0.492802 0.712876 0
0  -44.622005 -34.040001 9.342862  -0.923877 -0.000000 -0.382688  0.500657 0.739838 0
0  -45.250000 -34.040001 12.500000  -1.000000 0.000000 -0.000005  0.492802 0.739781 0
kart_scrap
0  -44.622005 -23.959999 9.342861  -0.923881 -0.000000 -0.382679  0.793057 0.000000 0
0  -42.833630 -34.040001 6.666369  -0.707103 -0.000000 -0.707111  0.801407 0.026928 0
0  -44.622005 -34.040001 9.342862  -0.923877 -0.000000 -0.382688  0.793057 0.026907 0
kart_scrap
0  -42.833630 -23.960001 6.666368  -0.707110 -0.000000 -0.707103  0.801407 0.000022 0
0  -40.157139 -34.040001 4.877995  -0.382679 -0.000000 -0.923881  0.809886 0.026914 0
0  -42.833630 -34.040001 6.666369  -0.707103 -0.000000 -0.707111  0.801407 0.026928 0
kart_scrap
0  -40.157139 -23.960001 4.877994  -0.382688 -0.000000 -0.923877  0.122260 0.726196 0
0  -37.000000 -34.040001 4.250000  0.000005 -0.000000 -1.000000  0.130673 0.753112 0
0  -40.157139 -34.040001 4.877995  -0.382679 -0.000000 -0.923881  0.122260 0.753104 0
kart_scrap
0  -37.000000 -23.960001 4.250000  -0.000005 -0.000000 -1.000000  0.130673 0.726204 0
0  -33.842861 -34.040001 4.877995  0.382688 -0.000000 -0.923878  0.139102 0.753105 0
0  -37.000000 -34.040001 4.250000  0.000005 -0.000000 -1.000000  0.130673 0.753112 0
kart_scrap
0  -33.842861 -23.960001 4.877994  0.382679 -0.000000 -0.923881  0.139102 0.726197 0
0  -31.166368 -34.040001 6.666369  0.707111 -0.000000 -0.707103  0.146262 0.753083 0
0  -33.842861 -34.040001 4.877995  0.382688 -0.000000 -0.923878  0.139102 0.753105 0
kart_scrap
0  -31.166368 -23.960001 6.666368  0.707103 0.000000 -0.707110  0.127631 0.662462 0
0  -29.377995 -34.040001 9.342862  0.923882 -0.000000 -0.382679  0.154490 0.655480 0
0  -31.166368 -34.040001 6.666369  0.707111 -0.000000 -0.707103  0.154516 0.662462 0
kart_scrap
0  -29.377995 -23.959999 9.342861  0.923878 0.000000 -0.382688  0.127604 0.655480 0
0  -28.750000 -34.040001 12.500000  1.000000 -0.000000 0.000005  0.154479 0.647112 0
0  -29.377995 -34.040001 9.342862  0.923882 -0.000000 -0.382679  0.154490 0.655480 0
kart_scrap
0  -28.750000 -34.040001 12.500000  -0.755171 -0.655528 -0.000000  0.343462 0.648095 0
0  -30.532843 -32.599998 15.178784  -0.620162 -0.741223 -0.256879  0.349426 0.640982 0
0  -30.000000 -32.599998 12.500000  -0.671259 -0.741223 0.000001  0.348152 0.648147 0
kart_scrap
0  -29.377995 -34.040001 15.657139  -0.697686 -0.655529 -0.288992  0.344963 0.639651 0
0  -32.050251 -32.599998 17.449749  -0.474652 -0.741223 -0.474651  0.353055 0.634875 0
0  -30.532843 -32.599998 15.178784  -0.620162 -0.741223 -0.256879  0.349426 0.640982 0
kart_scrap
0  -31.166368 -34.040001 18.333632  -0.533986 -0.655528 -0.533987  0.349239 0.632453 0
0  -34.321217 -32.599998 18.967157  -0.256880 -0.741223 -0.620162  0.358485 0.630755 0
0  -32.050251 -32.599998 17.449749  -0.474652 -0.741223 -0.474651  0.353055 0.634875 0
kart_scrap
0  -33.842861 -34.040001 20.122005  -0.288991 -0.655529 -0.697686  0.742363 0.000000 0
0  -37.000000 -32.599998 19.500000  -0.000000 -0.741223 -0.671259  0.742487 0.008096 0
0  -34.321217 -32.599998 18.967157  -0.256880 -0.741223 -0.620162  0.738498 0.002834 0
kart_scrap
0  -37.000000 -34.040001 20.750000  0.000001 -0.655528 -0.755171  0.747064 0.006202 0
0  -39.678783 -32.599998 18.967157  0.256879 -0.741223 -0.620162  0.744646 0.014888 0
0  -37.000000 -32.599998 19.500000  -0.000000 -0.741223 -0.671259  0.742487 0.008096 0
kart_scrap
0  -40.157139 -34.040001 20.122005  0.288992 -0.655528 -0.697686  0.749609 0.014207 0
0  -41.949749 -32.599998 17.449749  0.474651 -0.741223 -0.474652  0.744646 0.022175 0
0  -39.678783 -32.599998 18.967157  0.256879 -0.741223 -0.620162  0.744646 0.014888 0
kart_scrap
0  -42.833630 -34.040001 18.333632  0.533986 -0.655529 -0.533985  0.749609 0.022795 0
0  -43.467155 -32.599998 15.178784  0.620162 -0.741224 -0.256880  0.742487 0.028848 0
0  -41.949749 -32.599998 17.449749  0.474651 -0.741223 -0.474652  0.744646 0.022175 0
kart_scrap
0  -44.622005 -34.040001 15.657139  0.697686 -0.655529 -0.288990  0.747064 0.030659 0
0  -44.000000 -32.599998 12.500000  0.671259 -0.741223 -0.000000  0.738498 0.033890 0
0  -43.467155 -32.599998 15.178784  0.620162 -0.741224 -0.256880  0.742487 0.028848 0
kart_scrap
0  -45.250000 -34.040001 12.500000  0.755171 -0.655528 0.000001  0.738476 0.700274 0
0  -43.467155 -32.599998 9.821217  0.620162 -0.741224 0.256879  0.738958 0.708774 0
0  -44.000000 -32.599998 12.500000  0.671259 -0.741223 -0.000000  0.734748 0.703286 0
kart_scrap
0  -44.622005 -34.040001 9.342862  0.697686 -0.655530 0.288991  0.743437 0.706741 0
0  -41.949749 -32.599998 7.550253  0.474652 -0.741223 0.474652  0.741236 0.715658 0
0  -43.467155 -32.599998 9.821217  0.620162 -0.741224 0.256879  0.738958 0.708774 0
kart_scrap
0  -42.833630 -34.040001 6.666369  0.533986 -0.655528 0.533988  0.746122 0.714855 0
0  -39.678783 -32.599998 6.032844  0.256880 -0.741223 0.620162  0.741236 0.722892 0
0  -41.949749 -32.599998 7.550253  0.474652 -0.741223 0.474652  0.741236 0.715658 0
kart_scrap
0  -40.157139 -34.040001 4.877995  0.288991 -0.655529 0.697686  0.746122 0.723380 0
0  -37.000000 -32.599998 5.500000  0.000001 -0.741223 0.671258  0.738958 0.729373 0
0  -39.678783 -32.599998 6.032844  0.256880 -0.741223 0.620162  0.741236 0.722892 0
kart_scrap
0  -37.000000 -34.040001 4.250000  -0.000001 -0.655528 0.755171  0.743437 0.731019 0
0  -34.321217 -32.599998 6.032844  -0.256879 -0.741224 0.620162  0.734748 0.734115 0
0  -37.000000 -32.599998 5.500000  0.000001 -0.741223 0.671258  0.738958 0.729373 0
kart_scrap
0  -33.842861 -34.040001 4.877995  -0.288992 -0.655528 0.697686  0.355639 0.668277 0
0  -32.050251 -32.599998 7.550253  -0.474651 -0.741223 0.474652  0.353055 0.661292 0
0  -34.321217 -32.599998 6.032844  -0.256879 -0.741224 0.620162  0.358485 0.665271 0
kart_scrap
0  -31.166368 -34.040001 6.666369  -0.533987 -0.655528 0.533986  0.349239 0.663588 0
0  -30.532843 -32.599998 9.821217  -0.620162 -0.741223 0.256880  0.349426 0.655279 0
0  -32.050251 -32.599998 7.550253  -0.474651 -0.741223 0.474652  0.353055 0.661292 0
kart_scrap
0  -29.377995 -34.040001 9.342862  -0.697687 -0.655528 0.288991  0.344963 0.656501 0
0  -30.000000 -32.599998 12.500000  -0.671259 -0.741223 0.000001  0.348152 0.648147 0
0  -30.532843 -32.599998 9.821217  -0.620162 -0.741223 0.256880  0.349426 0.655279 0
kart_scrap
0  -30.000000 -32.599998 12.500000  -0.671259 -0.741223 0.000001  0.348152 0.648147 0
0  -32.842541 -30.920000 14.222075  -0.515304 -0.830002 -0.213444  0.356935 0.643569 0
0  -32.500000 -30.920000 12.500000  -0.557760 -0.830002 0.000003  0.356115 0.648175 0
kart_scrap
0  -30.532843 -32.599998 15.178784  -0.620162 -0.741223 -0.256879  0.349426 0.640982 0
0  -33.818020 -30.920000 15.681981  -0.394398 -0.830003 -0.394393  0.359267 0.639643 0
0  -32.842541 -30.920000 14.222075  -0.515304 -0.830002 -0.213444  0.356935 0.643569 0
kart_scrap
0  -32.050251 -32.599998 17.449749  -0.474652 -0.741223 -0.474651  0.353055 0.634875 0
0  -35.277924 -30.920000 16.657457  -0.213448 -0.830002 -0.515302  0.362758 0.636994 0
0  -33.818020 -30.920000 15.681981  -0.394398 -0.830003 -0.394393  0.359267 0.639643 0
kart_scrap
0  -34.321217 -32.599998 18.967157  -0.256880 -0.741223 -0.620162  0.738498 0.002834 0
0  -37.000000 -30.920000 17.000000  -0.000002 -0.830001 -0.557761  0.735359 0.011801 0
0  -35.277924 -30.920000 16.657457  -0.213448 -0.830002 -0.515302  0.732794 0.008418 0
kart_scrap
0  -37.000000 -32.599998 19.500000  -0.000000 -0.741223 -0.671259  0.742487 0.008096 0
0  -38.722076 -30.920000 16.657457  0.213443 -0.830002 -0.515304  0.736747 0.016167 0
0  -37.000000 -30.920000 17.000000  -0.000002 -0.830001 -0.557761  0.735359 0.011801 0
kart_scrap
0  -39.678783 -32.599998 18.967157  0.256879 -0.741223 -0.620162  0.744646 0.014888 0
0  -40.181980 -30.920000 15.681981  0.394393 -0.830002 -0.394398  0.736747 0.020851 0
0  -38.722076 -30.920000 16.657457  0.213443 -0.830002 -0.515304  0.736747 0.016167 0
kart_scrap
0  -41.949749 -32.599998 17.449749  0.474651 -0.741223 -0.474652  0.744646 0.022175 0
0  -41.157459 -30.920000 14.222075  0.515303 -0.830001 -0.213449  0.735359 0.025141 0
0  -40.181980 -30.920000 15.681981  0.394393 -0.830002 -0.394398  0.736747 0.020851 0
kart_scrap
0  -43.467155 -32.599998 15.178784  0.620162 -0.741224 -0.256880  0.742487 0.028848 0
0  -41.500000 -30.920000 12.500000  0.557761 -0.830001 -0.000003  0.732794 0.028382 0
0  -41.157459 -30.920000 14.222075  0.515303 -0.830001 -0.213449  0.735359 0.025141 0
kart_scrap
0  -44.000000 -32.599998 12.500000  0.671259 -0.741223 -0.000000  0.734748 0.703286 0
0  -41.157459 -30.920000 10.777925  0.515305 -0.830002 0.213444  0.731844 0.712511 0
0  -41.500000 -30.920000 12.500000  0.557761 -0.830001 -0.000003  0.729138 0.708983 0
kart_scrap
0  -43.467155 -32.599998 9.821217  0.620162 -0.741224 0.256879  0.738958 0.708774 0
0  -40.181980 -30.920000 9.318020  0.394398 -0.830002 0.394393  0.733309 0.716936 0
0  -41.157459 -30.920000 10.777925  0.515305 -0.830002 0.213444  0.731844 0.712511 0
kart_scrap
0  -41.949749 -32.599998 7.550253  0.474652 -0.741223 0.474652  0.741236 0.715658 0
0  -38.722076 -30.920000 8.342543  0.213448 -0.830002 0.515303  0.733309 0.721586 0
0  -40.181980 -30.920000 9.318020  0.394398 -0.830002 0.394393  0.733309 0.716936 0
kart_scrap
0  -39.678783 -32.599998 6.032844  0.256880 -0.741223 0.620162  0.741236 0.722892 0
0  -37.000000 -30.920000 8.000000  0.000003 -0.830002 0.557761  0.731844 0.725753 0
0  -38.722076 -30.920000 8.342543  0.213448 -0.830002 0.515303  0.733309 0.721586 0
kart_scrap
0  -37.000000 -32.599998 5.500000  0.000001 -0.741223 0.671258  0.738958 0.729373 0
0  -35.277924 -30.920000 8.342543  -0.213444 -0.830002 0.515304  0.729138 0.728802 0
0  -37.000000 -30.920000 8.000000  0.000003 -0.830002 0.557761  0.731844 0.725753 0
kart_scrap
0  -34.321217 -32.599998 6.032844  -0.256879 -0.741224 0.620162  0.358485 0.665271 0
0  -33.818020 -30.920000 9.318020  -0.394394 -0.830002 0.394398  0.359267 0.656625 0
0  -35.277924 -30.920000 8.342543  -0.213444 -0.830002 0.515304  0.362758 0.659183 0
kart_scrap
0  -32.050251 -32.599998 7.550253  -0.474651 -0.741223 0.474652  0.353055 0.661292 0
0  -32.842541 -30.920000 10.777925  -0.515303 -0.830002 0.213449  0.356935 0.652760 0
0  -33.818020 -30.920000 9.318020  -0.394394 -0.830002 0.394398  0.359267 0.656625 0
kart_scrap
0  -30.532843 -32.599998 9.821217  -0.620162 -0.741223 0.256880  0.349426 0.655279 0
0  -32.500000 -30.920000 12.500000  -0.557760 -0.830002 0.000003  0.356115 0.648175 0
0  -32.842541 -30.920000 10.777925  -0.515303 -0.830002 0.213449  0.356935 0.652760 0
kart_scrap
0  -32.500000 -30.920000 12.500000  0.432732 -0.901523 -0.000002  0.572737 0.229144 0
0  -34.690300 -31.880001 13.456709  0.266388 -0.957529 0.110342  0.570272 0.222759 0
0  -34.500000 -31.880001 12.500000  0.288336 -0.957529 -0.000001  0.572697 0.223225 0
kart_scrap
0  -32.842541 -30.920000 14.222075  0.399793 -0.901522 0.165598  0.568373 0.228306 0
0  -35.232231 -31.879999 14.267767  0.203884 -0.957529 0.203886  0.568032 0.221462 0
0  -34.690300 -31.880001 13.456709  0.266388 -0.957529 0.110342  0.570272 0.222759 0
kart_scrap
0  -33.818020 -30.920000 15.681981  0.305989 -0.901523 0.305987  0.564341 0.225970 0
0  -36.043293 -31.879999 14.809699  0.110342 -0.957529 0.266387  0.566318 0.219530 0
0  -35.232231 -31.879999 14.267767  0.203884 -0.957529 0.203886  0.568032 0.221462 0
kart_scrap
0  -35.277924 -30.920000 16.657457  0.165601 -0.901523 0.399790  0.561256 0.222494 0
0  -37.000000 -31.879999 15.000000  0.000001 -0.957529 0.288336  0.565390 0.217259 0
0  -36.043293 -31.879999 14.809699  0.110342 -0.957529 0.266387  0.566318 0.219530 0
kart_scrap
0  -37.000000 -30.920000 17.000000  0.000002 -0.901523 0.432732  0.559586 0.218406 0
0  -37.956707 -31.879999 14.809699  -0.110341 -0.957529 0.266389  0.565390 0.214994 0
0  -37.000000 -31.879999 15.000000  0.000001 -0.957529 0.288336  0.565390 0.217259 0
kart_scrap
0  -38.722076 -30.920000 16.657457  -0.165597 -0.901523 0.399792  0.387551 0.812858 0
0  -38.767769 -31.879999 14.267767  -0.203883 -0.957529 0.203886  0.390451 0.818560 0
0  -37.956707 -31.879999 14.809699  -0.110341 -0.957529 0.266389  0.388047 0.818560 0
kart_scrap
0  -40.181980 -30.920000 15.681981  -0.305986 -0.901523 0.305989  0.391877 0.812858 0
0  -39.309700 -31.880001 13.456709  -0.266388 -0.957529 0.110343  0.392764 0.819527 0
0  -38.767769 -31.879999 14.267767  -0.203883 -0.957529 0.203886  0.390451 0.818560 0
kart_scrap
0  -41.157459 -30.920000 14.222075  -0.399792 -0.901522 0.165602  0.396041 0.814598 0
0  -39.500000 -31.880001 12.500000  -0.288336 -0.957529 0.000001  0.394635 0.821313 0
0  -39.309700 -31.880001 13.456709  -0.266388 -0.957529 0.110343  0.392764 0.819527 0
kart_scrap
0  -41.500000 -30.920000 12.500000  -0.432732 -0.901523 0.000002  0.399408 0.817814 0
0  -39.309700 -31.880001 11.543292  -0.266388 -0.957529 -0.110339  0.395778 0.823647 0
0  -39.500000 -31.880001 12.500000  -0.288336 -0.957529 0.000001  0.394635 0.821313 0
kart_scrap
0  -41.157459 -30.920000 10.777925  -0.399793 -0.901523 -0.165598  0.401465 0.822014 0
0  -38.767769 -31.880001 10.732233  -0.203885 -0.957529 -0.203884  0.396019 0.826173 0
0  -39.309700 -31.880001 11.543292  -0.266388 -0.957529 -0.110339  0.395778 0.823647 0
kart_scrap
0  -40.181980 -30.920000 9.318020  -0.305989 -0.901522 -0.305989  0.401900 0.826561 0
0  -37.956707 -31.880001 10.190302  -0.110342 -0.957529 -0.266387  0.395323 0.828507 0
0  -38.767769 -31.880001 10.732233  -0.203885 -0.957529 -0.203884  0.396019 0.826173 0
kart_scrap
0  -38.722076 -30.920000 8.342543  -0.165601 -0.901523 -0.399792  0.794134 0.899497 0
0  -37.000000 -31.880001 10.000000  -0.000001 -0.957529 -0.288335  0.796625 0.893177 0
0  -37.956707 -31.880001 10.190302  -0.110342 -0.957529 -0.266387  0.798050 0.895056 0
kart_scrap
0  -37.000000 -30.920000 8.000000  -0.000002 -0.901523 -0.432732  0.791570 0.896114 0
0  -36.043293 -31.880001 10.190302  0.110341 -0.957529 -0.266388  0.795854 0.890751 0
0  -37.000000 -31.880001 10.000000  -0.000001 -0.957529 -0.288335  0.796625 0.893177 0
kart_scrap
0  -35.277924 -30.920000 8.342543  0.165598 -0.901523 -0.399792  0.790182 0.891747 0
0  -35.232231 -31.880001 10.732233  0.203884 -0.957529 -0.203886  0.795854 0.888149 0
0  -36.043293 -31.880001 10.190302  0.110341 -0.957529 -0.266388  0.795854 0.890751 0
kart_scrap
0  -33.818020 -30.920000 9.318020  0.305986 -0.901523 -0.305988  0.790182 0.887063 0
0  -34.690300 -31.880001 11.543292  0.266388 -0.957529 -0.110343  0.796625 0.885766 0
0  -35.232231 -31.880001 10.732233  0.203884 -0.957529 -0.203886  0.795854 0.888149 0
kart_scrap
0  -32.842541 -30.920000 10.777925  0.399792 -0.901522 -0.165602  0.791570 0.882774 0
0  -34.500000 -31.880001 12.500000  0.288336 -0.957529 -0.000001  0.798050 0.883965 0
0  -34.690300 -31.880001 11.543292  0.266388 -0.957529 -0.110343  0.796625 0.885766 0
kart_scrap
0  -34.690300 -31.880001 13.456709  0.266388 -0.957529 0.110342  0.570272 0.222759 0
0  -37.000000 -32.119999 12.500000  -0.000000 -1.000000 0.000000  0.571717 0.217003 0
0  -34.500000 -31.880001 12.500000  0.288336 -0.957529 -0.000001  0.572697 0.223225 0
kart_scrap
0  -35.232231 -31.879999 14.267767  0.203884 -0.957529 0.203886  0.568032 0.221462 0
0  -37.000000 -32.119999 12.500000  -0.000000 -1.000000 0.000000  0.571717 0.217003 0
0  -34.690300 -31.880001 13.456709  0.266388 -0.957529 0.110342  0.570272 0.222759 0
kart_scrap
0  -36.043293 -31.879999 14.809699  0.110342 -0.957529 0.266387  0.384391 0.821313 0
0  -37.000000 -32.119999 12.500000  -0.000000 -1.000000 0.000000  0.389619 0.825065 0
0  -35.232231 -31.879999 14.267767  0.203884 -0.957529 0.203886  0.383694 0.823647 0
kart_scrap
0  -37.000000 -31.879999 15.000000  0.000001 -0.957529 0.288336  0.385919 0.819527 0
0  -37.000000 -32.119999 12.500000  -0.000000 -1.000000 0.000000  0.389619 0.825065 0
0  -36.043293 -31.879999 14.809699  0.110342 -0.957529 0.266387  0.384391 0.821313 0
kart_scrap
0  -37.956707 -31.879999 14.809699  -0.110341 -0.957529 0.266389  0.388047 0.818560 0
0  -37.000000 -32.119999 12.500000  -0.000000 -1.000000 0.000000  0.389619 0.825065 0
0  -37.000000 -31.879999 15.000000  0.000001 -0.957529 0.288336  0.385919 0.819527 0
kart_scrap
0  -38.767769 -31.879999 14.267767  -0.203883 -0.957529 0.203886  0.390451 0.818560 0
0  -37.000000 -32.119999 12.500000  -0.000000 -1.000000 0.000000  0.389619 0.825065 0
0  -37.956707 -31.879999 14.809699  -0.110341 -0.957529 0.266389  0.388047 0.818560 0
kart_scrap
0  -39.309700 -31.880001 13.456709  -0.266388 -0.957529 0.110343  0.392764 0.819527 0
0  -37.000000 -32.119999 12.500000  -0.000000 -1.000000 0.000000  0.389619 0.825065 0
0  -38.767769 -31.879999 14.267767  -0.203883 -0.957529 0.203886  0.390451 0.818560 0
kart_scrap
0  -39.500000 -31.880001 12.500000  -0.288336 -0.957529 0.000001  0.394635 0.821313 0
0  -37.000000 -32.119999 12.500000  -0.000000 -1.000000 0.000000  0.389619 0.825065 0
0  -39.309700 -31.880001 13.456709  -0.266388 -0.957529 0.110343  0.392764 0.819527 0
kart_scrap
0  -39.309700 -31.880001 11.543292  -0.266388 -0.957529 -0.110339  0.395778 0.823647 0
0  -37.000000 -32.119999 12.500000  -0.000000 -1.000000 0.000000  0.389619 0.825065 0
0  -39.500000 -31.880001 12.500000  -0.288336 -0.957529 0.000001  0.394635 0.821313 0
kart_scrap
0  -38.767769 -31.880001 10.732233  -0.203885 -0.957529 -0.203884  0.396019 0.826173 0
0  -37.000000 -32.119999 12.500000  -0.000000 -1.000000 0.000000  0.389619 0.825065 0
0  -39.309700 -31.880001 11.543292  -0.266388 -0.957529 -0.110339  0.395778 0.823647 0
kart_scrap
0  -37.956707 -31.880001 10.190302  -0.110342 -0.957529 -0.266387  0.395323 0.828507 0
0  -37.000000 -32.119999 12.500000  -0.000000 -1.000000 0.000000  0.389619 0.825065 0
0  -38.767769 -31.880001 10.732233  -0.203885 -0.957529 -0.203884  0.396019 0.826173 0
kart_scrap
0  -37.000000 -31.880001 10.000000  -0.000001 -0.957529 -0.288335  0.393794 0.830293 0
0  -37.000000 -32.119999 12.500000  -0.000000 -1.000000 0.000000  0.389619 0.825065 0
0  -37.956707 -31.880001 10.190302  -0.110342 -0.957529 -0.266387  0.395323 0.828507 0
kart_scrap
0  -36.043293 -31.880001 10.190302  0.110341 -0.957529 -0.266388  0.391666 0.831259 0
0  -37.000000 -32.119999 12.500000  -0.000000 -1.000000 0.000000  0.389619 0.825065 0
0  -37.000000 -31.880001 10.000000  -0.000001 -0.957529 -0.288335  0.393794 0.830293 0
kart_scrap
0  -35.232231 -31.880001 10.732233  0.203884 -0.957529 -0.203886  0.389263 0.831260 0
0  -37.000000 -32.119999 12.500000  -0.000000 -1.000000 0.000000  0.389619 0.825065 0
0  -36.043293 -31.880001 10.190302  0.110341 -0.957529 -0.266388  0.391666 0.831259 0
kart_scrap
0  -34.690300 -31.880001 11.543292  0.266388 -0.957529 -0.110343  0.386950 0.830293 0
0  -37.000000 -32.119999 12.500000  -0.000000 -1.000000 0.000000  0.389619 0.825065 0
0  -35.232231 -31.880001 10.732233  0.203884 -0.957529 -0.203886  0.389263 0.831260 0
kart_scrap
0  -34.500000 -31.880001 12.500000  0.288336 -0.957529 -0.000001  0.385079 0.828507 0
0  -37.000000 -32.119999 12.500000  -0.000000 -1.000000 0.000000  0.389619 0.825065 0
0  -34.690300 -31.880001 11.543292  0.266388 -0.957529 -0.110343  0.386950 0.830293 0
kart_scrap
0  -37.000000 -25.400000 12.500000  0.000000 1.000000 -0.000000  0.133665 0.488847 0
0  -29.377995 -23.959999 15.657138  -0.158857 0.985106 -0.065801  0.149418 0.474137 0
0  -28.750000 -23.959999 12.500000  -0.171946 0.985106 -0.000000  0.153759 0.481529 0
kart_scrap
0  -37.000000 -25.400000 12.500000  0.000000 1.000000 -0.000000  0.133665 0.488847 0
0  -31.166368 -23.959999 18.333630  -0.121584 0.985106 -0.121584  0.142921 0.468881 0
0  -29.377995 -23.959999 15.657138  -0.158857 0.985106 -0.065801  0.149418 0.474137 0
kart_scrap
0  -37.000000 -25.400000 12.500000  0.000000 1.000000 -0.000000  0.133665 0.488847 0
0  -33.842861 -23.959999 20.122005  -0.065801 0.985106 -0.158858  0.135257 0.466563 0
0  -31.166368 -23.959999 18.333630  -0.121584 0.985106 -0.121584  0.142921 0.468881 0
kart_scrap
0  -37.000000 -25.400000 12.500000  0.000000 1.000000 -0.000000  0.133665 0.488847 0
0  -37.000000 -23.959999 20.750000  -0.000000 0.985106 -0.171947  0.127594 0.467534 0
0  -33.842861 -23.959999 20.122005  -0.065801 0.985106 -0.158858  0.135257 0.466563 0
kart_scrap
0  -37.000000 -25.400000 12.500000  0.000000 1.000000 -0.000000  0.534950 0.673931 0
0  -40.157139 -23.959999 20.122005  0.065801 0.985106 -0.158858  0.515405 0.666686 0
0  -37.000000 -23.959999 20.750000  -0.000000 0.985106 -0.171947  0.518554 0.659465 0
kart_scrap
0  -37.000000 -25.400000 12.500000  0.000000 1.000000 -0.000000  0.534950 0.673931 0
0  -42.833630 -23.959999 18.333630  0.121584 0.985106 -0.121584  0.514895 0.675086 0
0  -40.157139 -23.959999 20.122005  0.065801 0.985106 -0.158858  0.515405 0.666686 0
kart_scrap
0  -37.000000 -25.400000 12.500000  0.000000 1.000000 -0.000000  0.534950 0.673931 0
0  -44.622005 -23.959999 15.657138  0.158857 0.985106 -0.065801  0.517101 0.683388 0
0  -42.833630 -23.959999 18.333630  0.121584 0.985106 -0.121584  0.514895 0.675086 0
kart_scrap
0  -37.000000 -25.400000 12.500000  0.000000 1.000000 -0.000000  0.534950 0.673931 0
0  -45.250000 -23.959999 12.500000  0.171946 0.985106 -0.000000  0.521686 0.690327 0
0  -44.622005 -23.959999 15.657138  0.158857 0.985106 -0.065801  0.517101 0.683388 0
kart_scrap
0  -37.000000 -25.400000 12.500000  0.000000 1.000000 -0.000000  0.534950 0.673931 0
0  -44.622005 -23.959999 9.342861  0.158857 0.985106 0.065801  0.527955 0.694846 0
0  -45.250000 -23.959999 12.500000  0.171946 0.985106 -0.000000  0.521686 0.690327 0
kart_scrap
0  -37.000000 -25.400000 12.500000  0.000000 1.000000 -0.000000  0.534950 0.673931 0
0  -42.833630 -23.960001 6.666368  0.121584 0.985106 0.121584  0.534950 0.696259 0
0  -44.622005 -23.959999 9.342861  0.158857 0.985106 0.065801  0.527955 0.694846 0
kart_scrap
0  -37.000000 -25.400000 12.500000  0.000000 1.000000 -0.000000  0.133665 0.488847 0
0  -40.157139 -23.960001 4.877994  0.065801 0.985106 0.158857  0.135257 0.509783 0
0  -42.833630 -23.960001 6.666368  0.121584 0.985106 0.121584  0.127594 0.507464 0
kart_scrap
0  -37.000000 -25.400000 12.500000  0.000000 1.000000 -0.000000  0.133665 0.488847 0
0  -37.000000 -23.960001 4.250000  0.000000 0.985106 0.171946  0.142921 0.508811 0
0  -40.157139 -23.960001 4.877994  0.065801 0.985106 0.158857  0.135257 0.509783 0
kart_scrap
0  -37.000000 -25.400000 12.500000  0.000000 1.000000 -0.000000  0.133665 0.488847 0
0  -33.842861 -23.960001 4.877994  -0.065801 0.985106 0.158857  0.149418 0.504698 0
0  -37.000000 -23.960001 4.250000  0.000000 0.985106 0.171946  0.142921 0.508811 0
kart_scrap
0  -37.000000 -25.400000 12.500000  0.000000 1.000000 -0.000000  0.133665 0.488847 0
0  -31.166368 -23.960001 6.666368  -0.121584 0.985106 0.121584  0.153759 0.498069 0
0  -33.842861 -23.960001 4.877994  -0.065801 0.985106 0.158857  0.149418 0.504698 0
kart_scrap
0  -37.000000 -25.400000 12.500000  0.000000 1.000000 -0.000000  0.133665 0.488847 0
0  -29.377995 -23.959999 9.342861  -0.158857 0.985106 0.065801  0.155283 0.489933 0
0  -31.166368 -23.960001 6.666368  -0.121584 0.985106 0.121584  0.153759 0.498069 0
kart_scrap
0  -37.000000 -25.400000 12.500000  0.000000 1.000000 -0.000000  0.133665 0.488847 0
0  -28.750000 -23.959999 12.500000  -0.171946 0.985106 -0.000000  0.153759 0.481529 0
0  -29.377995 -23.959999 9.342861  -0.158857 0.985106 0.065801  0.155283 0.489933 0
kart_scrap
0  37.000000 24.000000 6.500000  -0.500001 -0.866025 0.000000  0.098593 0.921565 0
0  36.133976 24.500000 16.500000  -0.499999 -0.866026 0.000000  0.101254 0.894884 0
0  36.133976 24.500000 6.500000  -0.500002 -0.866024 0.000000  0.101254 0.921570 0
kart_scrap
0  40.105000 -32.300003 12.200000  0.500001 0.000000 0.866025  0.138650 0.984516 0
0  40.711216 -33.500000 11.850000  0.500000 0.000000 0.866025  0.141848 0.986135 0
0  40.711216 -32.300003 11.850000  0.500002 0.000000 0.866024  0.138648 0.986135 0
kart_scrap
0  40.105000 32.300003 10.800000  0.500001 0.000000 -0.866025  0.997749 0.070161 0
0  40.711216 33.500000 11.150000  0.500000 0.000000 -0.866025  0.999370 0.066953 0
0  40.711216 32.300003 11.150000  0.500002 0.000000 -0.866024  0.999370 0.070157 0
kart_scrap
0  38.565716 32.300003 14.803031  0.500001 0.000000 0.866025  0.985488 0.037989 0
0  37.959499 33.500000 15.153030  0.500000 0.000000 0.866025  0.982290 0.036369 0
0  37.959499 32.300003 15.153030  0.500002 0.000000 0.866024  0.985491 0.036369 0
kart_scrap
0  36.133976 24.500000 6.500000  0.000000 0.000000 -1.000000  0.851195 0.968331 0
0  36.133976 25.500000 6.500000  0.000000 0.000000 -1.000000  0.848885 0.969665 0
0  37.000000 26.000000 6.500000  0.000000 0.000000 -1.000000  0.846575 0.968331 0
kart_scrap
0  40.711216 32.300003 11.150000  1.000000 0.000000 0.000000  0.856596 0.518135 0
0  40.711216 33.500000 11.850000  1.000000 0.000000 0.000000  0.858462 0.514931 0
0  40.711216 32.300003 11.850000  1.000000 0.000000 0.000000  0.858462 0.518135 0
kart_scrap
0  34.488003 32.300003 8.974927  0.500000 0.000000 -0.866025  0.994536 0.223681 0
0  35.094219 33.500000 9.324926  0.500001 0.000000 -0.866025  0.996157 0.220474 0
0  35.094219 32.300003 9.324926  0.500000 0.000000 -0.866025  0.996157 0.223677 0
kart_scrap
0  37.959499 32.300003 7.846970  0.500001 0.000000 -0.866025  0.913768 1.000000 0
0  38.565716 33.500000 8.196969  0.500000 0.000000 -0.866026  0.915389 0.996792 0
0  38.565716 32.300003 8.196969  0.500003 0.000000 -0.866023  0.915389 0.999996 0
kart_scrap
0  40.711216 32.300003 11.850000  0.500001 0.000000 0.866025  0.815345 0.985914 0
0  40.105000 33.500000 12.200000  0.500000 0.000000 0.866025  0.812147 0.984294 0
0  40.105000 32.300003 12.200000  0.500002 0.000000 0.866024  0.815347 0.984294 0
kart_scrap
0  34.488003 32.300003 12.625073  0.500000 0.000000 -0.866025  0.772262 0.459708 0
0  35.094219 33.500000 12.975073  0.500001 0.000000 -0.866025  0.773884 0.456501 0
0  35.094219 32.300003 12.975073  0.500000 0.000000 -0.866025  0.773884 0.459704 0
kart_scrap
0  38.565716 32.300003 14.103030  1.000000 0.000000 0.000000  0.729573 0.172932 0
0  38.565716 33.500000 14.803031  1.000000 0.000000 0.000000  0.731439 0.169729 0
0  38.565716 32.300003 14.803031  1.000000 0.000000 0.000000  0.731439 0.172932 0
kart_scrap
0  40.105000 32.300003 12.200000  -0.500001 0.000000 0.866025  0.815347 0.984294 0
0  39.498783 33.500000 11.850000  -0.500000 0.000000 0.866025  0.812144 0.982677 0
0  39.498783 32.300003 11.850000  -0.500002 0.000000 0.866024  0.815345 0.982677 0
kart_scrap
0  39.498783 33.500000 11.850000  0.000000 1.000000 0.000000  0.977264 0.536510 0
0  40.105000 33.500000 12.200000  0.000000 1.000000 0.000000  0.978708 0.535592 0
0  40.711216 33.500000 11.850000  0.000000 1.000000 0.000000  0.980152 0.536543 0
kart_scrap
0  37.959499 32.300003 13.753031  0.500001 0.000000 -0.866025  0.997628 0.760305 0
0  38.565716 33.500000 14.103030  0.500000 0.000000 -0.866025  0.999249 0.757097 0
0  38.565716 32.300003 14.103030  0.500002 0.000000 -0.866024  0.999249 0.760301 0
kart_scrap
0  39.498783 32.300003 11.850000  -1.000000 0.000000 0.000000  0.606685 0.986883 0
0  39.498783 33.500000 11.150000  -1.000000 0.000000 0.000000  0.608507 0.983687 0
0  39.498783 32.300003 11.150000  -1.000000 0.000000 0.000000  0.608507 0.986890 0
kart_scrap
0  38.565716 32.300003 8.896970  0.500000 0.000000 0.866025  0.832120 0.985914 0
0  37.959499 33.500000 9.246969  0.500001 0.000000 0.866025  0.828922 0.984294 0
0  37.959499 32.300003 9.246969  0.500000 0.000000 0.866025  0.832123 0.984294 0
kart_scrap
0  38.565716 32.300003 8.196969  1.000000 0.000000 0.000000  0.982311 0.086948 0
0  38.565716 33.500000 8.896970  1.000000 0.000000 0.000000  0.984177 0.083744 0
0  38.565716 32.300003 8.896970  1.000000 0.000000 0.000000  0.984177 0.086948 0
kart_scrap
0  39.498783 32.300003 11.150000  -0.500001 0.000000 -0.866025  0.989011 0.325817 0
0  40.105000 33.500000 10.800000  -0.500000 0.000000 -0.866025  0.990832 0.322610 0
0  40.105000 32.300003 10.800000  -0.500002 0.000000 -0.866024  0.990832 0.325813 0
kart_scrap
0  39.498783 32.300003 11.850000  0.000000 -1.000000 0.000000  0.976669 0.439589 0
0  39.498783 32.300003 11.150000  0.000000 -1.000000 0.000000  0.976669 0.441457 0
0  40.711216 32.300003 11.150000  0.000000 -1.000000 0.000000  0.973770 0.441495 0
kart_scrap
0  37.959499 32.300003 9.246969  -0.500001 0.000000 0.866025  0.832123 0.984294 0
0  37.353283 33.500000 8.896970  -0.500000 0.000000 0.866026  0.828919 0.982677 0
0  37.353283 32.300003 8.896970  -0.500003 0.000000 0.866023  0.832120 0.982677 0
kart_scrap
0  37.353283 33.500000 8.196969  0.000000 1.000000 0.000000  0.977479 0.132261 0
0  37.353283 33.500000 8.896970  0.000000 1.000000 0.000000  0.977479 0.130393 0
0  37.959499 33.500000 9.246969  0.000000 1.000000 0.000000  0.978924 0.129475 0
kart_scrap
0  -38.583538 17.600000 12.388617  -0.600001 0.000000 -0.800000  0.201047 0.891247 0
0  -30.663540 16.400000 6.448615  -0.600000 0.000000 -0.800000  0.197846 0.917529 0
0  -38.583538 16.400000 12.388617  -0.600001 0.000000 -0.800000  0.197846 0.891244 0
kart_scrap
0  37.353283 32.300003 8.896970  -1.000000 0.000000 0.000000  0.456197 0.988715 0
0  37.353283 33.500000 8.196969  -1.000000 0.000000 0.000000  0.458019 0.985519 0
0  37.353283 32.300003 8.196969  -1.000000 0.000000 0.000000  0.458019 0.988722 0
kart_scrap
0  35.094219 32.300003 10.024927  0.500001 0.000000 0.866025  0.003341 0.986327 0
0  34.488003 33.500000 10.374927  0.500000 0.000000 0.866026  0.000143 0.984708 0
0  34.488003 32.300003 10.374927  0.500003 0.000000 0.866023  0.003343 0.984708 0
kart_scrap
0  35.094219 32.300003 9.324926  1.000000 0.000000 0.000000  0.982190 0.760301 0
0  35.094219 33.500000 10.024927  1.000000 0.000000 0.000000  0.984056 0.757097 0
0  35.094219 32.300003 10.024927  1.000000 0.000000 0.000000  0.984056 0.760301 0
kart_scrap
0  37.353283 32.300003 8.196969  -0.500000 0.000000 -0.866025  0.990246 0.421624 0
0  37.959499 33.500000 7.846970  -0.500001 0.000000 -0.866025  0.992066 0.418416 0
0  37.959499 32.300003 7.846970  -0.500000 0.000000 -0.866025  0.992066 0.421619 0
kart_scrap
0  38.565716 32.300003 8.196969  0.000000 -1.000000 0.000000  0.973774 0.421237 0
0  38.565716 32.300003 8.896970  0.000000 -1.000000 0.000000  0.973774 0.419369 0
0  37.353283 32.300003 8.896970  0.000000 -1.000000 0.000000  0.976674 0.419331 0
kart_scrap
0  34.488003 32.300003 10.374927  -0.500000 0.000000 0.866025  0.003343 0.984708 0
0  33.881786 33.500000 10.024927  -0.500001 0.000000 0.866025  0.000140 0.983091 0
0  33.881786 32.300003 10.024927  -0.500000 0.000000 0.866025  0.003341 0.983091 0
kart_scrap
0  33.881786 33.500000 10.024927  0.000000 1.000000 0.000000  0.975253 0.481760 0
0  34.488003 33.500000 10.374927  0.000000 1.000000 0.000000  0.976697 0.480843 0
0  35.094219 33.500000 10.024927  0.000000 1.000000 0.000000  0.978141 0.481793 0
kart_scrap
0  40.711216 -32.300003 11.150000  0.500001 0.000000 -0.866025  0.056337 0.994063 0
0  40.105000 -33.500000 10.800000  0.500000 0.000000 -0.866025  0.054716 0.997271 0
0  40.105000 -32.300003 10.800000  0.500002 0.000000 -0.866024  0.054716 0.994068 0
kart_scrap
0  33.881786 32.300003 10.024927  -1.000000 0.000000 0.000000  0.437194 0.989325 0
0  33.881786 33.500000 9.324926  -1.000000 0.000000 0.000000  0.439016 0.986128 0
0  33.881786 32.300003 9.324926  -1.000000 0.000000 0.000000  0.439016 0.989331 0
kart_scrap
0  35.094219 32.300003 13.675074  0.500002 0.000000 0.866024  0.217400 0.986146 0
0  34.488003 33.500000 14.025073  0.499999 0.000000 0.866026  0.214201 0.984527 0
0  34.488003 32.300003 14.025073  0.500005 0.000000 0.866023  0.217402 0.984527 0
kart_scrap
0  35.094219 32.300003 12.975073  1.000000 0.000000 0.000000  0.897491 0.048820 0
0  35.094219 33.500000 13.675074  1.000000 0.000000 0.000000  0.899357 0.045617 0
0  35.094219 32.300003 13.675074  1.000000 0.000000 0.000000  0.899357 0.048820 0
kart_scrap
0  33.881786 32.300003 9.324926  -0.500001 0.000000 -0.866025  0.990241 0.441882 0
0  34.488003 33.500000 8.974927  -0.500000 0.000000 -0.866026  0.992062 0.438674 0
0  34.488003 32.300003 8.974927  -0.500003 0.000000 -0.866023  0.992062 0.441877 0
kart_scrap
0  33.881786 32.300003 9.324926  0.000000 -1.000000 0.000000  0.929547 0.574658 0
0  34.488003 32.300003 8.974927  0.000000 -1.000000 0.000000  0.928097 0.575611 0
0  35.094219 32.300003 9.324926  0.000000 -1.000000 0.000000  0.926648 0.574696 0
kart_scrap
0  34.488003 32.300003 14.025073  -0.500000 0.000000 0.866026  0.217402 0.984527 0
0  33.881786 33.500000 13.675074  -0.500001 0.000000 0.866025  0.214199 0.982910 0
0  33.881786 32.300003 13.675074  -0.499998 0.000000 0.866026  0.217400 0.982910 0
kart_scrap
0  38.565716 -32.300003 14.103030  0.500001 0.000000 -0.866025  0.999764 0.808607 0
0  37.959499 -33.500000 13.753031  0.500000 0.000000 -0.866025  0.998143 0.811815 0
0  37.959499 -32.300003 13.753031  0.500002 0.000000 -0.866024  0.998143 0.808612 0
kart_scrap
0  33.881786 32.300003 13.675074  0.000000 -1.000000 0.000000  0.329690 0.964218 0
0  33.881786 32.300003 12.975073  0.000000 -1.000000 0.000000  0.329690 0.966087 0
0  34.488003 32.300003 12.625073  0.000000 -1.000000 0.000000  0.328240 0.967039 0
kart_scrap
0  33.881786 32.300003 13.675074  -1.000000 0.000000 0.000000  0.985283 0.936214 0
0  33.881786 33.500000 12.975073  -1.000000 0.000000 0.000000  0.987105 0.933018 0
0  33.881786 32.300003 12.975073  -1.000000 0.000000 0.000000  0.987105 0.936221 0
kart_scrap
0  40.711216 -32.300003 11.850000  1.000000 0.000000 0.000000  0.933180 0.843570 0
0  40.711216 -33.500000 11.150000  1.000000 0.000000 0.000000  0.931314 0.846774 0
0  40.711216 -32.300003 11.150000  1.000000 0.000000 0.000000  0.931314 0.843571 0
kart_scrap
0  37.959499 -32.300003 15.153030  0.500001 0.000000 0.866025  0.475839 0.984187 0
0  38.565716 -33.500000 14.803031  0.500000 0.000000 0.866025  0.479037 0.985806 0
0  38.565716 -32.300003 14.803031  0.500002 0.000000 0.866024  0.475836 0.985806 0
kart_scrap
0  33.881786 32.300003 12.975073  -0.500001 0.000000 -0.866025  0.694739 0.991754 0
0  34.488003 33.500000 12.625073  -0.500000 0.000000 -0.866026  0.696560 0.988547 0
0  34.488003 32.300003 12.625073  -0.500003 0.000000 -0.866023  0.696560 0.991750 0
kart_scrap
0  33.881786 33.500000 12.975073  0.000000 1.000000 0.000000  0.981688 0.568577 0
0  33.881786 33.500000 13.675074  0.000000 1.000000 0.000000  0.983247 0.567551 0
0  35.094219 33.500000 13.675074  0.000000 1.000000 0.000000  0.984807 0.569984 0
kart_scrap
0  37.959499 32.300003 15.153030  -0.500001 0.000000 0.866025  0.985491 0.036369 0
0  37.353283 33.500000 14.803031  -0.500000 0.000000 0.866025  0.982287 0.034752 0
0  37.353283 32.300003 14.803031  -0.500002 0.000000 0.866024  0.985488 0.034752 0
kart_scrap
0  35.094219 -32.300003 12.975073  0.500001 0.000000 -0.866025  0.928153 0.169145 0
0  34.488003 -33.500000 12.625073  0.500000 0.000000 -0.866026  0.926532 0.172352 0
0  34.488003 -32.300003 12.625073  0.500003 0.000000 -0.866023  0.926532 0.169149 0
kart_scrap
0  37.353283 32.300003 14.103030  0.000000 -1.000000 0.000000  0.346582 0.982988 0
0  37.959499 32.300003 13.753031  0.000000 -1.000000 0.000000  0.346582 0.984724 0
0  38.565716 32.300003 14.103030  0.000000 -1.000000 0.000000  0.345022 0.985434 0
kart_scrap
0  37.353283 32.300003 14.803031  -1.000000 0.000000 0.000000  0.987129 0.979680 0
0  37.353283 33.500000 14.103030  -1.000000 0.000000 0.000000  0.988951 0.976484 0
0  37.353283 32.300003 14.103030  -1.000000 0.000000 0.000000  0.988951 0.979687 0
kart_scrap
0  38.565716 -32.300003 14.803031  1.000000 0.000000 0.000000  0.985165 0.878597 0
0  38.565716 -33.500000 14.103030  1.000000 0.000000 0.000000  0.983299 0.881800 0
0  38.565716 -32.300003 14.103030  1.000000 0.000000 0.000000  0.983299 0.878597 0
kart_scrap
0  34.488003 -32.300003 14.025073  0.500000 0.000000 0.866026  0.982274 0.001617 0
0  35.094219 -33.500000 13.675074  0.500001 0.000000 0.866025  0.985472 0.003237 0
0  35.094219 -32.300003 13.675074  0.499998 0.000000 0.866026  0.982271 0.003237 0
kart_scrap
0  37.353283 32.300003 14.103030  -0.500001 0.000000 -0.866025  0.992939 0.275687 0
0  37.959499 33.500000 13.753031  -0.500000 0.000000 -0.866025  0.994759 0.272479 0
0  37.959499 32.300003 13.753031  -0.500002 0.000000 -0.866024  0.994759 0.275682 0
kart_scrap
0  37.353283 33.500000 14.103030  0.000000 1.000000 0.000000  0.978076 0.223259 0
0  37.353283 33.500000 14.803031  0.000000 1.000000 0.000000  0.978076 0.221391 0
0  38.565716 33.500000 14.803031  0.000000 1.000000 0.000000  0.980964 0.221424 0
kart_scrap
0  40.105000 -32.300003 10.800000  -0.500001 0.000000 -0.866025  0.382267 0.988216 0
0  39.498783 -33.500000 11.150000  -0.500000 0.000000 -0.866025  0.380446 0.991423 0
0  39.498783 -32.300003 11.150000  -0.500002 0.000000 -0.866024  0.380446 0.988220 0
kart_scrap
0  35.094219 -32.300003 9.324926  0.500001 0.000000 -0.866025  0.972289 0.993797 0
0  34.488003 -33.500000 8.974927  0.500000 0.000000 -0.866026  0.970668 0.997005 0
0  34.488003 -32.300003 8.974927  0.500003 0.000000 -0.866023  0.970668 0.993801 0
kart_scrap
0  40.711216 -32.300003 11.850000  0.000000 1.000000 0.000000  0.954132 0.979223 0
0  40.711216 -32.300003 11.150000  0.000000 1.000000 0.000000  0.954132 0.981091 0
0  39.498783 -32.300003 11.150000  0.000000 1.000000 0.000000  0.951243 0.981058 0
kart_scrap
0  39.498783 -32.300003 11.150000  -1.000000 0.000000 0.000000  0.986273 0.900649 0
0  39.498783 -33.500000 11.850000  -1.000000 0.000000 0.000000  0.984451 0.903845 0
0  39.498783 -32.300003 11.850000  -1.000000 0.000000 0.000000  0.984451 0.900643 0
kart_scrap
0  35.094219 -32.300003 13.675074  1.000000 0.000000 0.000000  0.951720 0.401132 0
0  35.094219 -33.500000 12.975073  1.000000 0.000000 0.000000  0.949854 0.404336 0
0  35.094219 -32.300003 12.975073  1.000000 0.000000 0.000000  0.949854 0.401133 0
kart_scrap
0  34.488003 -32.300003 10.374927  0.500000 0.000000 0.866025  0.016918 0.984708 0
0  35.094219 -33.500000 10.024927  0.500001 0.000000 0.866025  0.020116 0.986327 0
0  35.094219 -32.300003 10.024927  0.500000 0.000000 0.866025  0.016915 0.986327 0
kart_scrap
0  39.498783 -32.300003 11.850000  -0.500001 0.000000 0.866025  0.138648 0.982899 0
0  40.105000 -33.500000 12.200000  -0.500000 0.000000 0.866025  0.141851 0.984516 0
0  40.105000 -32.300003 12.200000  -0.500002 0.000000 0.866024  0.138650 0.984516 0
kart_scrap
0  39.498783 -33.500000 11.850000  0.000000 -1.000000 0.000000  0.883510 0.980552 0
0  39.498783 -33.500000 11.150000  0.000000 -1.000000 0.000000  0.885070 0.981578 0
0  40.711216 -33.500000 11.150000  0.000000 -1.000000 0.000000  0.883510 0.984024 0
kart_scrap
0  37.959499 -32.300003 13.753031  -0.500001 0.000000 -0.866025  0.992197 0.187742 0
0  37.353283 -33.500000 14.103030  -0.500000 0.000000 -0.866025  0.990377 0.190950 0
0  37.353283 -32.300003 14.103030  -0.500002 0.000000 -0.866024  0.990377 0.187747 0
kart_scrap
0  38.565716 -32.300003 8.196969  0.500000 0.000000 -0.866025  0.997169 0.500730 0
0  37.959499 -33.500000 7.846970  0.500001 0.000000 -0.866025  0.995547 0.503938 0
0  37.959499 -32.300003 7.846970  0.500000 0.000000 -0.866025  0.995547 0.500734 0
kart_scrap
0  38.565716 -32.300003 14.803031  0.000000 1.000000 0.000000  0.981975 0.501680 0
0  38.565716 -32.300003 14.103030  0.000000 1.000000 0.000000  0.981975 0.503549 0
0  37.353283 -32.300003 14.103030  0.000000 1.000000 0.000000  0.979087 0.503516 0
kart_scrap
0  37.353283 -32.300003 14.103030  -1.000000 0.000000 0.000000  0.593113 0.983687 0
0  37.353283 -33.500000 14.803031  -1.000000 0.000000 0.000000  0.591291 0.986883 0
0  37.353283 -32.300003 14.803031  -1.000000 0.000000 0.000000  0.591291 0.983680 0
kart_scrap
0  35.094219 -32.300003 10.024927  1.000000 0.000000 0.000000  0.516761 0.982992 0
0  35.094219 -33.500000 9.324926  1.000000 0.000000 0.000000  0.514895 0.986195 0
0  35.094219 -32.300003 9.324926  1.000000 0.000000 0.000000  0.514895 0.982992 0
kart_scrap
0  37.959499 -32.300003 9.246969  0.500001 0.000000 0.866025  0.522814 0.051597 0
0  38.565716 -33.500000 8.896970  0.500000 0.000000 0.866026  0.526012 0.053217 0
0  38.565716 -32.300003 8.896970  0.500003 0.000000 0.866023  0.522811 0.053217 0
kart_scrap
0  37.353283 -32.300003 14.803031  -0.500001 0.000000 0.866025  0.475836 0.982570 0
0  37.959499 -33.500000 15.153030  -0.500000 0.000000 0.866025  0.479039 0.984187 0
0  37.959499 -32.300003 15.153030  -0.500002 0.000000 0.866024  0.475839 0.984187 0
kart_scrap
0  37.353283 -33.500000 14.803031  0.000000 -1.000000 0.000000  0.976805 0.188658 0
0  37.353283 -33.500000 14.103030  0.000000 -1.000000 0.000000  0.976805 0.190526 0
0  38.565716 -33.500000 14.103030  0.000000 -1.000000 0.000000  0.973906 0.190563 0
kart_scrap
0  34.488003 -32.300003 12.625073  -0.500000 0.000000 -0.866025  0.993828 0.460812 0
0  33.881786 -33.500000 12.975073  -0.500001 0.000000 -0.866025  0.992008 0.464020 0
0  33.881786 -32.300003 12.975073  -0.500000 0.000000 -0.866025  0.992008 0.460817 0
kart_scrap
0  -33.018784 31.400002 12.850000  0.500000 0.000000 0.866026  0.985220 0.699798 0
0  -33.625000 32.599998 13.200000  0.500000 0.000000 0.866026  0.982022 0.698179 0
0  -33.625000 31.400002 13.200000  0.500000 0.000000 0.866026  0.985222 0.698179 0
kart_scrap
0  35.094219 -32.300003 13.675074  0.000000 1.000000 0.000000  0.973557 0.977428 0
0  35.094219 -32.300003 12.975073  0.000000 1.000000 0.000000  0.973557 0.979296 0
0  33.881786 -32.300003 12.975073  0.000000 1.000000 0.000000  0.970668 0.979263 0
kart_scrap
0  33.881786 -32.300003 12.975073  -1.000000 0.000000 0.000000  0.985906 0.860376 0
0  33.881786 -33.500000 13.675074  -1.000000 0.000000 0.000000  0.984083 0.863572 0
0  33.881786 -32.300003 13.675074  -1.000000 0.000000 0.000000  0.984083 0.860369 0
kart_scrap
0  38.565716 -32.300003 8.896970  1.000000 0.000000 0.000000  0.630177 0.983146 0
0  38.565716 -33.500000 8.196969  1.000000 0.000000 0.000000  0.628311 0.986350 0
0  38.565716 -32.300003 8.196969  1.000000 0.000000 0.000000  0.628311 0.983146 0
kart_scrap
0  -33.625000 31.400002 11.800000  0.500000 0.000000 -0.866026  0.995548 0.520728 0
0  -33.018784 32.599998 12.150000  0.500000 0.000000 -0.866026  0.997169 0.517521 0
0  -33.018784 31.400002 12.150000  0.500000 0.000000 -0.866026  0.997169 0.520724 0
kart_scrap
0  33.881786 -32.300003 13.675074  -0.500002 0.000000 0.866024  0.982271 0.000000 0
0  34.488003 -33.500000 14.025073  -0.499999 0.000000 0.866026  0.985475 0.001617 0
0  34.488003 -32.300003 14.025073  -0.500005 0.000000 0.866023  0.982274 0.001617 0
kart_scrap
0  33.881786 -33.500000 13.675074  0.000000 -1.000000 0.000000  0.984571 0.811041 0
0  33.881786 -33.500000 12.975073  0.000000 -1.000000 0.000000  0.982992 0.812038 0
0  35.094219 -33.500000 12.975073  0.000000 -1.000000 0.000000  0.981414 0.809604 0
kart_scrap
0  34.488003 -32.300003 8.974927  -0.500000 0.000000 -0.866025  0.993534 0.480843 0
0  33.881786 -33.500000 9.324926  -0.500001 0.000000 -0.866025  0.991713 0.484050 0
0  33.881786 -32.300003 9.324926  -0.500000 0.000000 -0.866025  0.991713 0.480847 0
kart_scrap
0  -35.350853 31.400002 9.640184  0.500000 0.000000 0.866026  0.793383 0.986068 0
0  -35.957069 32.599998 9.990184  0.500000 0.000000 0.866026  0.790185 0.984448 0
0  -35.957069 31.400002 9.990184  0.500000 0.000000 0.866026  0.793385 0.984448 0
kart_scrap
0  35.094219 -32.300003 10.024927  0.000000 1.000000 0.000000  0.057605 0.977694 0
0  35.094219 -32.300003 9.324926  0.000000 1.000000 0.000000  0.057605 0.979562 0
0  33.881786 -32.300003 9.324926  0.000000 1.000000 0.000000  0.054716 0.979529 0
kart_scrap
0  33.881786 -32.300003 9.324926  -1.000000 0.000000 0.000000  0.761516 0.984882 0
0  33.881786 -33.500000 10.024927  -1.000000 0.000000 0.000000  0.759694 0.988078 0
0  33.881786 -32.300003 10.024927  -1.000000 0.000000 0.000000  0.759694 0.984875 0
kart_scrap
0  -33.018784 31.400002 12.150000  1.000000 0.000000 0.000000  0.540343 0.986420 0
0  -33.018784 32.599998 12.850000  1.000000 0.000000 0.000000  0.542209 0.983216 0
0  -33.018784 31.400002 12.850000  1.000000 0.000000 0.000000  0.542209 0.986420 0
kart_scrap
0  -35.957069 31.400002 8.590184  0.500000 0.000000 -0.866026  0.996214 0.164587 0
0  -35.350853 32.599998 8.940184  0.500000 0.000000 -0.866026  0.997835 0.161379 0
0  -35.350853 31.400002 8.940184  0.500000 0.000000 -0.866026  0.997835 0.164583 0
kart_scrap
0  33.881786 -32.300003 10.024927  -0.500001 0.000000 0.866025  0.016915 0.983091 0
0  34.488003 -33.500000 10.374927  -0.500000 0.000000 0.866026  0.020119 0.984708 0
0  34.488003 -32.300003 10.374927  -0.500003 0.000000 0.866023  0.016918 0.984708 0
kart_scrap
0  33.881786 -33.500000 10.024927  0.000000 -1.000000 0.000000  0.745860 0.969859 0
0  33.881786 -33.500000 9.324926  0.000000 -1.000000 0.000000  0.745860 0.971727 0
0  35.094219 -33.500000 9.324926  0.000000 -1.000000 0.000000  0.742961 0.971764 0
kart_scrap
0  37.959499 -32.300003 7.846970  -0.500001 0.000000 -0.866025  0.076364 0.989629 0
0  37.353283 -33.500000 8.196969  -0.500000 0.000000 -0.866026  0.074543 0.992836 0
0  37.353283 -32.300003 8.196969  -0.500003 0.000000 -0.866023  0.074543 0.989633 0
kart_scrap
0  -39.124214 31.400002 10.866225  0.500000 0.000000 0.866026  0.310754 0.985890 0
0  -39.730431 32.599998 11.216225  0.500000 0.000000 0.866026  0.307556 0.984271 0
0  -39.730431 31.400002 11.216225  0.500000 0.000000 0.866026  0.310756 0.984271 0
kart_scrap
0  38.565716 -32.300003 8.896970  0.000000 1.000000 0.000000  0.981975 0.519000 0
0  38.565716 -32.300003 8.196969  0.000000 1.000000 0.000000  0.981975 0.520868 0
0  37.353283 -32.300003 8.196969  0.000000 1.000000 0.000000  0.979087 0.520835 0
kart_scrap
0  37.353283 -32.300003 8.196969  -1.000000 0.000000 0.000000  0.986385 0.840360 0
0  37.353283 -33.500000 8.896970  -1.000000 0.000000 0.000000  0.984563 0.843556 0
0  37.353283 -32.300003 8.896970  -1.000000 0.000000 0.000000  0.984563 0.840353 0
kart_scrap
0  -35.350853 31.400002 8.940184  1.000000 0.000000 0.000000  0.098593 0.987034 0
0  -35.350853 32.599998 9.640184  1.000000 0.000000 0.000000  0.100459 0.983830 0
0  -35.350853 31.400002 9.640184  1.000000 0.000000 0.000000  0.100459 0.987033 0
kart_scrap
0  -39.730431 31.400002 9.816225  0.500000 0.000000 -0.866026  0.987129 0.996478 0
0  -39.124214 32.599998 10.166224  0.500000 0.000000 -0.866026  0.988750 0.993271 0
0  -39.124214 31.400002 10.166224  0.500000 0.000000 -0.866026  0.988750 0.996474 0
kart_scrap
0  37.353283 -32.300003 8.896970  -0.500000 0.000000 0.866025  0.522811 0.049980 0
0  37.959499 -33.500000 9.246969  -0.500001 0.000000 0.866025  0.526015 0.051597 0
0  37.959499 -32.300003 9.246969  -0.500000 0.000000 0.866025  0.522814 0.051597 0
kart_scrap
0  37.353283 -33.500000 8.896970  0.000000 -1.000000 0.000000  0.974858 0.303271 0
0  37.353283 -33.500000 8.196969  0.000000 -1.000000 0.000000  0.974858 0.305139 0
0  38.565716 -33.500000 8.196969  0.000000 -1.000000 0.000000  0.971959 0.305177 0
kart_scrap
0  -33.625000 31.400002 13.200000  -0.500000 0.000000 0.866026  0.985222 0.698179 0
0  -34.231216 32.599998 12.850000  -0.500000 0.000000 0.866026  0.982019 0.696562 0
0  -34.231216 31.400002 12.850000  -0.500000 0.000000 0.866026  0.985220 0.696562 0
kart_scrap
0  -39.124214 31.400002 14.833776  0.500000 0.000000 0.866026  0.985472 0.020056 0
0  -39.730431 32.599998 15.183775  0.500000 0.000000 0.866026  0.982274 0.018437 0
0  -39.730431 31.400002 15.183775  0.500000 0.000000 0.866026  0.985475 0.018437 0
kart_scrap
0  -33.018784 31.400002 12.150000  0.000000 -1.000000 0.000000  0.851278 0.358942 0
0  -33.018784 31.400002 12.850000  0.000000 -1.000000 0.000000  0.851278 0.357074 0
0  -34.231216 31.400002 12.850000  0.000000 -1.000000 0.000000  0.854177 0.357036 0
kart_scrap
0  -34.231216 31.400002 12.850000  -1.000000 0.000000 0.000000  0.274565 0.987529 0
0  -34.231216 32.599998 12.150000  -1.000000 0.000000 0.000000  0.276387 0.984333 0
0  -34.231216 31.400002 12.150000  -1.000000 0.000000 0.000000  0.276387 0.987536 0
kart_scrap
0  -39.124214 31.400002 10.166224  1.000000 0.000000 0.000000  0.198761 0.966154 0
0  -39.124214 32.599998 10.866225  1.000000 0.000000 0.000000  0.200627 0.962951 0
0  -39.124214 31.400002 10.866225  1.000000 0.000000 0.000000  0.200627 0.966154 0
kart_scrap
0  -39.730431 31.400002 13.783775  0.500001 0.000000 -0.866025  0.951243 0.998799 0
0  -39.124214 32.599998 14.133775  0.499998 0.000000 -0.866026  0.952864 0.995592 0
0  -39.124214 31.400002 14.133775  0.500003 0.000000 -0.866024  0.952864 0.998795 0
kart_scrap
0  -34.231216 31.400002 12.150000  -0.500000 0.000000 -0.866026  0.993724 0.538800 0
0  -33.625000 32.599998 11.800000  -0.500000 0.000000 -0.866026  0.995545 0.535592 0
0  -33.625000 31.400002 11.800000  -0.500000 0.000000 -0.866026  0.995545 0.538796 0
kart_scrap
0  -34.231216 32.599998 12.150000  0.000000 1.000000 0.000000  0.981826 0.677677 0
0  -34.231216 32.599998 12.850000  0.000000 1.000000 0.000000  0.983386 0.676651 0
0  -33.018784 32.599998 12.850000  0.000000 1.000000 0.000000  0.984945 0.679084 0
kart_scrap
0  -35.957069 31.400002 9.990184  -0.500000 0.000000 0.866026  0.793385 0.984448 0
0  -36.563286 32.599998 9.640184  -0.500000 0.000000 0.866026  0.790182 0.982831 0
0  -36.563286 31.400002 9.640184  -0.500000 0.000000 0.866026  0.793383 0.982831 0
kart_scrap
0  -35.350853 31.400002 16.059816  0.500001 0.000000 0.866025  0.182999 0.986242 0
0  -35.957069 32.599998 16.409817  0.500002 0.000000 0.866024  0.179800 0.984623 0
0  -35.957069 31.400002 16.409817  0.500000 0.000000 0.866026  0.183001 0.984623 0
kart_scrap
0  -35.350853 31.400002 8.940184  0.000000 -1.000000 0.000000  0.745027 0.682814 0
0  -35.350853 31.400002 9.640184  0.000000 -1.000000 0.000000  0.745027 0.680946 0
0  -36.563286 31.400002 9.640184  0.000000 -1.000000 0.000000  0.747926 0.680909 0
kart_scrap
0  -36.563286 31.400002 9.640184  -1.000000 0.000000 0.000000  0.985738 0.105123 0
0  -36.563286 32.599998 8.940184  -1.000000 0.000000 0.000000  0.987561 0.101927 0
0  -36.563286 31.400002 8.940184  -1.000000 0.000000 0.000000  0.987561 0.105130 0
kart_scrap
0  -39.124214 31.400002 14.133775  1.000000 0.000000 0.000000  0.019125 0.966830 0
0  -39.124214 32.599998 14.833776  1.000000 0.000000 0.000000  0.020991 0.963627 0
0  -39.124214 31.400002 14.833776  1.000000 0.000000 0.000000  0.020991 0.966830 0
kart_scrap
0  -35.957069 31.400002 15.009816  0.500000 0.000000 -0.866026  0.998189 0.739766 0
0  -35.350853 32.599998 15.359816  0.500000 0.000000 -0.866026  0.999810 0.736558 0
0  -35.350853 31.400002 15.359816  0.500000 0.000000 -0.866026  0.999810 0.739762 0
kart_scrap
0  -36.563286 31.400002 8.940184  -0.500000 0.000000 -0.866026  0.035280 0.990633 0
0  -35.957069 32.599998 8.590184  -0.500000 0.000000 -0.866026  0.037101 0.987425 0
0  -35.957069 31.400002 8.590184  -0.500000 0.000000 -0.866026  0.037101 0.990628 0
kart_scrap
0  -36.563286 32.599998 8.940184  0.000000 1.000000 0.000000  0.975627 0.244289 0
0  -36.563286 32.599998 9.640184  0.000000 1.000000 0.000000  0.975627 0.242421 0
0  -35.350853 32.599998 9.640184  0.000000 1.000000 0.000000  0.978516 0.242454 0
kart_scrap
0  -39.730431 31.400002 11.216225  -0.500000 0.000000 0.866026  0.310756 0.984271 0
0  -40.336647 32.599998 10.866225  -0.500000 0.000000 0.866026  0.307553 0.982654 0
0  -40.336647 31.400002 10.866225  -0.500000 0.000000 0.866026  0.310754 0.982654 0
kart_scrap
0  -33.018784 -31.400002 12.150000  0.500000 0.000000 -0.866026  0.832836 0.963434 0
0  -33.625000 -32.599998 11.800000  0.500000 0.000000 -0.866026  0.831215 0.966642 0
0  -33.625000 -31.400002 11.800000  0.500000 0.000000 -0.866026  0.831215 0.963439 0
kart_scrap
0  -39.124214 31.400002 10.166224  0.000000 -1.000000 0.000000  0.933320 0.982859 0
0  -39.124214 31.400002 10.866225  0.000000 -1.000000 0.000000  0.934899 0.981863 0
0  -40.336647 31.400002 10.866225  0.000000 -1.000000 0.000000  0.936478 0.984297 0
kart_scrap
0  -40.336647 31.400002 10.866225  -1.000000 0.000000 0.000000  0.289959 0.987529 0
0  -40.336647 32.599998 10.166224  -1.000000 0.000000 0.000000  0.291782 0.984333 0
0  -40.336647 31.400002 10.166224  -1.000000 0.000000 0.000000  0.291782 0.987536 0
kart_scrap
0  -35.350853 31.400002 15.359816  1.000000 0.000000 0.000000  0.675330 0.986372 0
0  -35.350853 32.599998 16.059816  1.000000 0.000000 0.000000  0.677196 0.983169 0
0  -35.350853 31.400002 16.059816  1.000000 0.000000 0.000000  0.677196 0.986372 0
kart_scrap
0  -33.625000 -31.400002 13.200000  0.500000 0.000000 0.866026  0.539589 0.051597 0
0  -33.018784 -32.599998 12.850000  0.500000 0.000000 0.866026  0.542787 0.053217 0
0  -33.018784 -31.400002 12.850000  0.500000 0.000000 0.866026  0.539587 0.053217 0
kart_scrap
0  -40.336647 31.400002 10.166224  -0.500000 0.000000 -0.866026  0.987896 0.961537 0
0  -39.730431 32.599998 9.816225  -0.500000 0.000000 -0.866026  0.989717 0.958329 0
0  -39.730431 31.400002 9.816225  -0.500000 0.000000 -0.866026  0.989717 0.961532 0
kart_scrap
0  -40.336647 32.599998 10.166224  0.000000 1.000000 0.000000  0.983471 0.610529 0
0  -40.336647 32.599998 10.866225  0.000000 1.000000 0.000000  0.981895 0.609528 0
0  -39.124214 32.599998 10.866225  0.000000 1.000000 0.000000  0.983471 0.607105 0
kart_scrap
0  -39.730431 31.400002 15.183775  -0.500000 0.000000 0.866026  0.985475 0.018437 0
0  -40.336647 32.599998 14.833776  -0.500000 0.000000 0.866026  0.982272 0.016820 0
0  -40.336647 31.400002 14.833776  -0.500000 0.000000 0.866026  0.985472 0.016820 0
kart_scrap
0  -35.350853 -31.400002 15.359816  0.500000 0.000000 -0.866026  0.999838 0.716573 0
0  -35.957069 -32.599998 15.009816  0.500000 0.000000 -0.866026  0.998217 0.719781 0
0  -35.957069 -31.400002 15.009816  0.500000 0.000000 -0.866026  0.998217 0.716577 0
kart_scrap
0  -39.124214 31.400002 14.133775  0.000000 -1.000000 0.000000  0.326732 0.982959 0
0  -39.124214 31.400002 14.833776  0.000000 -1.000000 0.000000  0.328311 0.981963 0
0  -40.336647 31.400002 14.833776  0.000000 -1.000000 0.000000  0.329890 0.984397 0
kart_scrap
0  -40.336647 31.400002 14.833776  -1.000000 0.000000 0.000000  0.985677 0.636339 0
0  -40.336647 32.599998 14.133775  -1.000000 0.000000 0.000000  0.987499 0.633143 0
0  -40.336647 31.400002 14.133775  -1.000000 0.000000 0.000000  0.987499 0.636346 0
kart_scrap
0  -33.018784 -31.400002 12.850000  1.000000 0.000000 0.000000  0.986047 0.393891 0
0  -33.018784 -32.599998 12.150000  1.000000 0.000000 0.000000  0.984181 0.397095 0
0  -33.018784 -31.400002 12.150000  1.000000 0.000000 0.000000  0.984181 0.393891 0
kart_scrap
0  -35.957069 -31.400002 16.409817  0.500002 0.000000 0.866024  0.418246 0.984537 0
0  -35.350853 -32.599998 16.059816  0.500001 0.000000 0.866025  0.421444 0.986157 0
0  -35.350853 -31.400002 16.059816  0.500003 0.000000 0.866024  0.418243 0.986157 0
kart_scrap
0  -40.336647 31.400002 14.133775  -0.499998 0.000000 -0.866026  0.365053 0.991423 0
0  -39.730431 32.599998 13.783775  -0.500001 0.000000 -0.866025  0.366874 0.988216 0
0  -39.730431 31.400002 13.783775  -0.499996 0.000000 -0.866028  0.366874 0.991419 0
kart_scrap
0  -40.336647 32.599998 14.133775  0.000000 1.000000 0.000000  0.913768 0.982259 0
0  -40.336647 32.599998 14.833776  0.000000 1.000000 0.000000  0.913768 0.980391 0
0  -39.124214 32.599998 14.833776  0.000000 1.000000 0.000000  0.916656 0.980423 0
kart_scrap
0  -35.957069 31.400002 16.409817  -0.500002 0.000000 0.866024  0.183001 0.984623 0
0  -36.563286 32.599998 16.059816  -0.500001 0.000000 0.866025  0.179798 0.983006 0
0  -36.563286 31.400002 16.059816  -0.500003 0.000000 0.866024  0.182999 0.983006 0
kart_scrap
0  -39.124214 -31.400002 14.133775  0.499998 0.000000 -0.866026  0.711753 0.988547 0
0  -39.730431 -32.599998 13.783775  0.500001 0.000000 -0.866025  0.710132 0.991754 0
0  -39.730431 -31.400002 13.783775  0.499996 0.000000 -0.866028  0.710132 0.988551 0
kart_scrap
0  -35.350853 31.400002 15.359816  0.000000 -1.000000 0.000000  0.738447 0.401364 0
0  -35.350853 31.400002 16.059816  0.000000 -1.000000 0.000000  0.738447 0.399496 0
0  -36.563286 31.400002 16.059816  0.000000 -1.000000 0.000000  0.741346 0.399458 0
kart_scrap
0  -36.563286 31.400002 16.059816  -1.000000 0.000000 0.000000  0.237745 0.987775 0
0  -36.563286 32.599998 15.359816  -1.000000 0.000000 0.000000  0.239567 0.984578 0
0  -36.563286 31.400002 15.359816  -1.000000 0.000000 0.000000  0.239567 0.987781 0
kart_scrap
0  -35.350853 -31.400002 16.059816  1.000000 0.000000 0.000000  0.659005 0.983176 0
0  -35.350853 -32.599998 15.359816  1.000000 0.000000 0.000000  0.657139 0.986380 0
0  -35.350853 -31.400002 15.359816  1.000000 0.000000 0.000000  0.657139 0.983177 0
kart_scrap
0  -39.730431 -31.400002 15.183775  0.500000 0.000000 0.866026  0.120085 0.984667 0
0  -39.124214 -32.599998 14.833776  0.500000 0.000000 0.866026  0.123284 0.986287 0
0  -39.124214 -31.400002 14.833776  0.500000 0.000000 0.866026  0.120083 0.986287 0
kart_scrap
0  -36.563286 31.400002 15.359816  -0.500000 0.000000 -0.866026  0.725363 0.990225 0
0  -35.957069 32.599998 15.009816  -0.500000 0.000000 -0.866026  0.727183 0.987017 0
0  -35.957069 31.400002 15.009816  -0.500000 0.000000 -0.866026  0.727183 0.990220 0
kart_scrap
0  -36.563286 32.599998 15.359816  0.000000 1.000000 0.000000  0.975334 0.344839 0
0  -36.563286 32.599998 16.059816  0.000000 1.000000 0.000000  0.975334 0.342971 0
0  -35.350853 32.599998 16.059816  0.000000 1.000000 0.000000  0.978222 0.343003 0
kart_scrap
0  -33.625000 -31.400002 11.800000  -0.500000 0.000000 -0.866026  0.993909 0.241503 0
0  -34.231216 -32.599998 12.150000  -0.500000 0.000000 -0.866026  0.992088 0.244711 0
0  -34.231216 -31.400002 12.150000  -0.500000 0.000000 -0.866026  0.992088 0.241508 0
kart_scrap
0  -39.124214 -31.400002 10.166224  0.500000 0.000000 -0.866026  0.995561 0.129475 0
0  -39.730431 -32.599998 9.816225  0.500000 0.000000 -0.866026  0.993940 0.132683 0
0  -39.730431 -31.400002 9.816225  0.500000 0.000000 -0.866026  0.993940 0.129479 0
kart_scrap
0  -33.018784 -31.400002 12.850000  0.000000 1.000000 0.000000  0.979367 0.273429 0
0  -33.018784 -31.400002 12.150000  0.000000 1.000000 0.000000  0.979367 0.275298 0
0  -34.231216 -31.400002 12.150000  0.000000 1.000000 0.000000  0.976478 0.275265 0
kart_scrap
0  -34.231216 -31.400002 12.150000  -1.000000 0.000000 0.000000  0.258292 0.983835 0
0  -34.231216 -32.599998 12.850000  -1.000000 0.000000 0.000000  0.256470 0.987031 0
0  -34.231216 -31.400002 12.850000  -1.000000 0.000000 0.000000  0.256470 0.983828 0
kart_scrap
0  -39.124214 -31.400002 14.833776  1.000000 0.000000 0.000000  0.848441 0.983249 0
0  -39.124214 -32.599998 14.133775  1.000000 0.000000 0.000000  0.846575 0.986453 0
0  -39.124214 -31.400002 14.133775  1.000000 0.000000 0.000000  0.846575 0.983249 0
kart_scrap
0  -39.730431 -31.400002 11.216225  0.500000 0.000000 0.866026  0.160746 0.984642 0
0  -39.124214 -32.599998 10.866225  0.500000 0.000000 0.866026  0.163944 0.986261 0
0  -39.124214 -31.400002 10.866225  0.500000 0.000000 0.866026  0.160743 0.986261 0
kart_scrap
0  -34.231216 -31.400002 12.850000  -0.500000 0.000000 0.866026  0.539587 0.049980 0
0  -33.625000 -32.599998 13.200000  -0.500000 0.000000 0.866026  0.542790 0.051597 0
0  -33.625000 -31.400002 13.200000  -0.500000 0.000000 0.866026  0.539589 0.051597 0
kart_scrap
0  -34.231216 -32.599998 12.850000  0.000000 -1.000000 0.000000  0.984617 0.738992 0
0  -34.231216 -32.599998 12.150000  0.000000 -1.000000 0.000000  0.983039 0.739989 0
0  -33.018784 -32.599998 12.150000  0.000000 -1.000000 0.000000  0.981460 0.737555 0
kart_scrap
0  -35.957069 -31.400002 15.009816  -0.500000 0.000000 -0.866026  0.990251 0.302356 0
0  -36.563286 -32.599998 15.359816  -0.500000 0.000000 -0.866026  0.988430 0.305564 0
0  -36.563286 -31.400002 15.359816  -0.500000 0.000000 -0.866026  0.988430 0.302360 0
kart_scrap
0  -35.350853 -31.400002 8.940184  0.500001 -0.000001 -0.866025  1.000000 0.567551 0
0  -35.957069 -32.599998 8.590184  0.500000 -0.000001 -0.866025  0.998379 0.570758 0
0  -35.957069 -31.400002 8.590183  0.500001 0.000000 -0.866025  0.998379 0.567555 0
kart_scrap
0  -35.350853 -31.400002 16.059816  0.000000 1.000000 0.000000  0.978435 0.461763 0
0  -35.350853 -31.400002 15.359816  0.000000 1.000000 0.000000  0.978435 0.463631 0
0  -36.563286 -31.400002 15.359816  0.000000 1.000000 0.000000  0.975547 0.463598 0
kart_scrap
0  -36.563286 -31.400002 15.359816  -1.000000 0.000000 0.000000  0.399611 0.984024 0
0  -36.563286 -32.599998 16.059816  -1.000000 0.000000 0.000000  0.397789 0.987220 0
0  -36.563286 -31.400002 16.059816  -1.000000 0.000000 0.000000  0.397789 0.984017 0
kart_scrap
0  -39.124214 -31.400002 10.866225  1.000000 0.000000 0.000000  0.985968 0.375739 0
0  -39.124214 -32.599998 10.166224  1.000000 0.000000 0.000000  0.984102 0.378943 0
0  -39.124214 -31.400002 10.166224  1.000000 0.000000 0.000000  0.984102 0.375740 0
kart_scrap
0  -35.957069 -31.400000 9.990184  0.500000 0.000001 0.866025  0.196575 0.984623 0
0  -35.350853 -32.599998 9.640184  0.500002 0.000000 0.866024  0.199774 0.986242 0
0  -35.350853 -31.400000 9.640183  0.499998 0.000001 0.866027  0.196573 0.986242 0
kart_scrap
0  -36.563286 -31.400002 16.059816  -0.500001 0.000000 0.866025  0.418243 0.982920 0
0  -35.957069 -32.599998 16.409817  -0.500002 0.000000 0.866024  0.421447 0.984538 0
0  -35.957069 -31.400002 16.409817  -0.500000 0.000000 0.866026  0.418246 0.984537 0
kart_scrap
0  -36.563286 -32.599998 16.059816  0.000000 -1.000000 0.000000  0.867877 0.968059 0
0  -36.563286 -32.599998 15.359816  0.000000 -1.000000 0.000000  0.867877 0.969927 0
0  -35.350853 -32.599998 15.359816  0.000000 -1.000000 0.000000  0.864978 0.969965 0
kart_scrap
0  -39.730431 -31.400002 13.783775  -0.500001 0.000000 -0.866025  0.993615 0.342053 0
0  -40.336647 -32.599998 14.133775  -0.499998 0.000000 -0.866026  0.991794 0.345261 0
0  -40.336647 -31.400002 14.133775  -0.500003 0.000000 -0.866024  0.991794 0.342057 0
kart_scrap
0  38.212437 -27.400000 12.199999  0.500001 -0.000000 0.866025  0.462641 0.302361 0
0  37.000000 27.400000 12.900001  0.499998 -0.000000 0.866026  0.459404 0.448642 0
0  37.000000 -27.400000 12.899999  0.500001 0.000000 0.866025  0.459404 0.302356 0
kart_scrap
0  -39.124214 -31.400002 14.833776  0.000000 1.000000 0.000000  0.982642 0.162330 0
0  -39.124214 -31.400002 14.133775  0.000000 1.000000 0.000000  0.982642 0.164198 0
0  -40.336647 -31.400002 14.133775  0.000000 1.000000 0.000000  0.979754 0.164165 0
kart_scrap
0  -40.336647 -31.400002 14.133775  -1.000000 0.000000 0.000000  0.744783 0.986270 0
0  -40.336647 -32.599998 14.833776  -1.000000 0.000000 0.000000  0.742961 0.989466 0
0  -40.336647 -31.400002 14.833776  -1.000000 0.000000 0.000000  0.742961 0.986263 0
kart_scrap
0  -35.350853 -31.400000 9.640183  1.000000 0.000001 0.000000  0.984177 0.066957 0
0  -35.350853 -32.599998 8.940185  1.000000 0.000000 0.000000  0.982311 0.070161 0
0  -35.350853 -31.400002 8.940184  1.000000 0.000001 0.000000  0.982311 0.066958 0
kart_scrap
0  37.000000 -27.400000 10.099999  0.499999 0.000000 -0.866026  0.567254 0.448650 0
0  38.212437 27.400000 10.800001  0.499999 0.000000 -0.866026  0.570496 0.302356 0
0  38.212437 -27.400000 10.799999  0.500000 0.000000 -0.866026  0.570496 0.448641 0
kart_scrap
0  -40.336647 -31.400002 14.833776  -0.500000 0.000000 0.866026  0.120083 0.983050 0
0  -39.730431 -32.599998 15.183775  -0.500000 0.000000 0.866026  0.123286 0.984667 0
0  -39.730431 -31.400002 15.183775  -0.500000 0.000000 0.866026  0.120085 0.984667 0
kart_scrap
0  -40.336647 -32.599998 14.833776  0.000000 -1.000000 0.000000  0.562098 0.981780 0
0  -40.336647 -32.599998 14.133775  0.000000 -1.000000 0.000000  0.563658 0.982806 0
0  -39.124214 -32.599998 14.133775  0.000000 -1.000000 0.000000  0.562098 0.985252 0
kart_scrap
0  -39.730431 -31.400002 9.816225  -0.500000 0.000000 -0.866026  0.993615 0.358844 0
0  -40.336647 -32.599998 10.166224  -0.500000 0.000000 -0.866026  0.991794 0.362052 0
0  -40.336647 -31.400002 10.166224  -0.500000 0.000000 -0.866026  0.991794 0.358848 0
kart_scrap
0  -35.000000 -25.000000 12.499999  0.923880 -0.000000 0.382683  0.484370 0.200429 0
0  -35.585785 25.000000 13.914214  0.923880 -0.000000 0.382683  0.488192 0.066965 0
0  -35.585785 -25.000000 13.914213  0.923880 -0.000000 0.382683  0.488192 0.200436 0
kart_scrap
0  -39.124214 -31.400002 10.866225  0.000000 1.000000 0.000000  0.495936 0.982480 0
0  -39.124214 -31.400002 10.166224  0.000000 1.000000 0.000000  0.497512 0.983482 0
0  -40.336647 -31.400002 10.166224  0.000000 1.000000 0.000000  0.495936 0.985905 0
kart_scrap
0  -40.336647 -31.400002 10.166224  -1.000000 0.000000 0.000000  0.986765 0.786850 0
0  -40.336647 -32.599998 10.866225  -1.000000 0.000000 0.000000  0.984942 0.790046 0
0  -40.336647 -31.400002 10.866225  -1.000000 0.000000 0.000000  0.984942 0.786843 0
kart_scrap
0  38.212437 -27.400000 10.799999  1.000000 0.000000 0.000000  0.361027 0.534905 0
0  38.212437 27.400000 12.200001  1.000000 0.000000 0.000000  0.364759 0.388620 0
0  38.212437 -27.400000 12.199999  1.000000 0.000000 0.000000  0.364759 0.534904 0
kart_scrap
0  -37.000000 -25.000000 10.499999  0.382684 0.000000 -0.923879  0.574069 0.200436 0
0  -35.585785 25.000000 11.085787  0.382683 0.000000 -0.923880  0.577848 0.066957 0
0  -35.585785 -25.000000 11.085786  0.382684 0.000000 -0.923879  0.577848 0.200429 0
kart_scrap
0  -40.336647 -31.400002 10.866225  -0.500000 0.000000 0.866026  0.160743 0.983025 0
0  -39.730431 -32.599998 11.216225  -0.500000 0.000000 0.866026  0.163946 0.984642 0
0  -39.730431 -31.400002 11.216225  -0.500000 0.000000 0.866026  0.160746 0.984642 0
kart_scrap
0  -40.336647 -32.599998 10.866225  0.000000 -1.000000 0.000000  0.077442 0.973224 0
0  -40.336647 -32.599998 10.166224  0.000000 -1.000000 0.000000  0.077442 0.975092 0
0  -39.124214 -32.599998 10.166224  0.000000 -1.000000 0.000000  0.074543 0.975130 0
kart_scrap
0  -35.957069 -31.400002 8.590183  -0.500000 -0.000001 -0.866025  0.989486 0.657855 0
0  -36.563286 -32.599998 8.940185  -0.500001 -0.000000 -0.866025  0.987665 0.661063 0
0  -36.563286 -31.400002 8.940184  -0.500000 -0.000001 -0.866026  0.987665 0.657860 0
kart_scrap
0  -51.588905 15.700000 6.766711  -0.474344 -0.866024 -0.158115  0.658291 0.923725 0
0  -55.479156 16.350000 14.877270  -0.474342 -0.866026 -0.158114  0.661748 0.900029 0
0  -52.656963 16.350000 6.410692  -0.474345 -0.866024 -0.158115  0.661748 0.923694 0
kart_scrap
0  -35.957069 -31.400000 9.990184  0.000000 1.000000 0.000000  0.985014 0.590765 0
0  -35.350853 -31.400000 9.640183  -0.000002 1.000000 0.000000  0.985014 0.592495 0
0  -35.350853 -31.400002 8.940184  -0.000000 1.000000 0.000000  0.983455 0.593521 0
kart_scrap
0  -36.563286 -31.400002 8.940184  -1.000000 -0.000001 0.000000  0.866800 0.984470 0
0  -36.563286 -32.599998 9.640184  -1.000000 -0.000000 0.000000  0.864978 0.987666 0
0  -36.563286 -31.400000 9.640183  -1.000000 -0.000001 0.000000  0.864978 0.984463 0
kart_scrap
0  -35.585785 -25.000000 11.085786  0.923880 -0.000000 -0.382683  0.480652 0.200438 0
0  -35.000000 25.000000 12.500001  0.923880 0.000000 -0.382683  0.484370 0.066957 0
0  -35.000000 -25.000000 12.499999  0.923880 -0.000000 -0.382683  0.484370 0.200429 0
kart_scrap
0  -38.583538 16.400000 12.388617  -0.300000 -0.866025 -0.400000  0.277693 0.896874 0
0  -30.040001 15.800000 7.279999  -0.299999 -0.866026 -0.399999  0.274565 0.921971 0
0  -37.959999 15.800000 13.220001  -0.300000 -0.866025 -0.400001  0.274565 0.897104 0
kart_scrap
0  -36.563286 -31.400000 9.640183  -0.500002 0.000001 0.866024  0.196573 0.983006 0
0  -35.957069 -32.599998 9.990185  -0.500000 0.000002 0.866025  0.199776 0.984623 0
0  -35.957069 -31.400000 9.990184  -0.500005 0.000000 0.866023  0.196575 0.984623 0
kart_scrap
0  -35.957069 -32.599998 9.990185  0.000000 -1.000000 0.000000  0.984645 0.717292 0
0  -36.563286 -32.599998 9.640184  0.000000 -1.000000 0.000000  0.984645 0.719007 0
0  -36.563286 -32.599998 8.940185  0.000000 -1.000000 0.000000  0.983066 0.720004 0
kart_scrap
0  37.000000 -27.400000 12.899999  -0.499998 -0.000000 0.866026  0.459404 0.302356 0
0  35.787563 27.400000 12.200001  -0.500001 -0.000000 0.866025  0.456173 0.448647 0
0  35.787563 -27.400000 12.199999  -0.499998 -0.000000 0.866026  0.456173 0.302361 0
kart_scrap
0  -37.959999 18.200001 13.220001  -0.299999 0.866026 -0.400000  0.386430 0.897609 0
0  -30.663540 17.600000 6.448615  -0.300001 0.866025 -0.399999  0.383301 0.922170 0
0  -38.583538 17.600000 12.388617  -0.299999 0.866026 -0.400000  0.383301 0.897376 0
kart_scrap
0  37.000000 -27.400000 10.099999  0.000000 -1.000000 0.000000  0.894556 0.172306 0
0  38.212437 -27.400000 10.799999  0.000000 -1.000000 0.000000  0.891436 0.173727 0
0  38.212437 -27.400000 12.199999  0.000000 -1.000000 0.000000  0.888315 0.171676 0
kart_scrap
0  35.787563 -27.400000 12.199999  -1.000000 0.000000 0.000000  0.173185 0.552046 0
0  35.787563 27.400000 10.800001  -1.000000 -0.000000 0.000000  0.176829 0.405793 0
0  35.787563 -27.400000 10.799999  -1.000000 0.000000 0.000000  0.176829 0.552060 0
kart_scrap
0  37.000000 -24.000000 6.500000  0.500001 0.866025 0.000000  0.921552 0.485828 0
0  37.866024 -24.500000 16.500000  0.499999 0.866026 0.000000  0.924220 0.460812 0
0  37.866024 -24.500000 6.500000  0.500002 0.866024 0.000000  0.924220 0.485818 0
kart_scrap
0  -37.959999 -15.800000 13.220001  -0.299999 0.866027 -0.399998  0.921624 0.633370 0
0  -30.663540 -16.400000 6.448615  -0.300000 0.866025 -0.400001  0.918495 0.657930 0
0  -38.583538 -16.400000 12.388617  -0.299999 0.866027 -0.399998  0.918495 0.633136 0
kart_scrap
0  35.787563 -27.400000 10.799999  -0.499999 0.000000 -0.866026  0.550041 0.448643 0
0  37.000000 27.400000 10.100001  -0.499999 0.000000 -0.866026  0.553682 0.302356 0
0  37.000000 -27.400000 10.099999  -0.500000 0.000000 -0.866026  0.553682 0.448634 0
kart_scrap
0  37.000000 27.400000 10.100001  0.000000 1.000000 0.000000  0.762582 0.953064 0
0  35.787563 27.400000 10.800001  0.000000 1.000000 0.000000  0.759694 0.951163 0
0  35.787563 27.400000 12.200001  0.000000 1.000000 0.000000  0.759694 0.947427 0
kart_scrap
0  -35.585785 -25.000000 13.914213  0.382683 -0.000000 0.923880  0.056095 0.349249 0
0  -37.000000 25.000000 14.500001  0.382684 -0.000000 0.923879  0.052321 0.482718 0
0  -37.000000 -25.000000 14.499999  0.382683 0.000000 0.923880  0.052321 0.349245 0
kart_scrap
0  37.000000 26.000000 6.500000  0.500001 0.866025 0.000000  0.922042 0.443431 0
0  37.866024 25.500000 16.500000  0.499999 0.866026 0.000000  0.924709 0.418416 0
0  37.866024 25.500000 6.500000  0.500002 0.866024 0.000000  0.924709 0.443422 0
kart_scrap
0  26.819309 18.762377 7.000001  0.269055 0.917346 -0.293403  0.794601 0.814176 0
0  47.879719 13.620960 10.237719  0.269055 0.917347 -0.293401  0.798572 0.757199 0
0  27.017723 18.256960 5.601721  0.269055 0.917346 -0.293403  0.798572 0.814277 0
kart_scrap
0  -37.000000 -25.000000 14.499999  -0.382684 -0.000000 0.923879  0.052321 0.349245 0
0  -38.414215 25.000000 13.914214  -0.382683 -0.000000 0.923880  0.048551 0.482722 0
0  -38.414215 -25.000000 13.914213  -0.382684 -0.000000 0.923879  0.048551 0.349249 0
kart_scrap
0  -53.498451 18.500000 8.068111  -0.022704 0.866026 -0.499484  0.797354 0.125376 0
0  -28.560534 17.750000 5.634191  -0.022704 0.866026 -0.499484  0.801317 0.066957 0
0  -53.557442 17.750000 6.770413  -0.022704 0.866026 -0.499484  0.801317 0.125106 0
kart_scrap
0  37.866024 24.500000 6.500000  0.499999 -0.866026 0.000000  0.540343 0.929510 0
0  37.000000 24.000000 16.500000  0.500001 -0.866025 0.000000  0.543008 0.905160 0
0  37.000000 24.000000 6.500000  0.499999 -0.866026 0.000000  0.543008 0.929558 0
kart_scrap
0  -38.414215 -25.000000 13.914213  -0.923880 -0.000000 0.382683  0.106433 0.571789 0
0  -39.000000 25.000000 12.500001  -0.923880 0.000000 0.382683  0.110455 0.438322 0
0  -39.000000 -25.000000 12.499999  -0.923880 -0.000000 0.382683  0.110455 0.571777 0
kart_scrap
0  40.537979 9.000000 19.065880  -0.984808 -0.000000 -0.173648  0.448146 0.890862 0
0  42.186905 5.956619 18.352520  -0.868928 -0.403661 -0.286396  0.449046 0.899063 0
0  41.843479 5.956619 20.300182  -0.914478 -0.403661 -0.028066  0.444175 0.899029 0
kart_scrap
0  -39.000000 -25.000000 12.499999  0.000000 -1.000000 0.000000  0.370182 0.174606 0
0  -37.000000 -25.000000 10.499999  0.000000 -1.000000 0.000000  0.367567 0.181330 0
0  -35.000000 -25.000000 12.499999  0.000000 -1.000000 0.000000  0.361253 0.178042 0
kart_scrap
0  -39.000000 -25.000000 12.499999  -0.923880 -0.000000 -0.382683  0.493784 0.435821 0
0  -38.414215 25.000000 11.085787  -0.923880 0.000000 -0.382683  0.497494 0.302374 0
0  -38.414215 -25.000000 11.085786  -0.923880 -0.000000 -0.382683  0.497494 0.435840 0
kart_scrap
0  37.866024 25.500000 6.500000  1.000000 0.000000 0.000000  0.915343 0.783777 0
0  37.866024 24.500000 16.500000  1.000000 0.000000 0.000000  0.918011 0.757098 0
0  37.866024 24.500000 6.500000  1.000000 0.000000 0.000000  0.918011 0.783778 0
kart_scrap
0  36.133976 24.500000 6.500000  -1.000000 0.000000 0.000000  0.919200 0.328421 0
0  36.133976 25.500000 16.500000  -1.000000 0.000000 0.000000  0.921867 0.302356 0
0  36.133976 25.500000 6.500000  -1.000000 0.000000 0.000000  0.921867 0.328411 0
kart_scrap
0  -38.414215 -25.000000 11.085786  -0.382683 0.000000 -0.923880  0.497494 0.435840 0
0  -37.000000 25.000000 10.500001  -0.382684 0.000000 -0.923879  0.501323 0.302359 0
0  -37.000000 -25.000000 10.499999  -0.382683 0.000000 -0.923880  0.501323 0.435824 0
kart_scrap
0  -37.000000 25.000000 10.500001  0.000000 1.000000 0.000000  0.386362 0.181334 0
0  -39.000000 25.000000 12.500001  0.000000 1.000000 0.000000  0.383754 0.174626 0
0  -37.000000 25.000000 14.500001  0.000000 1.000000 0.000000  0.390050 0.171318 0
kart_scrap
0  -31.500000 16.250000 5.700961  0.000000 -0.866025 -0.500000  0.536909 0.221169 0
0  29.500000 15.500000 7.000001  0.000000 -0.866025 -0.500000  0.540894 0.066957 0
0  -31.500000 15.500000 6.999999  0.000000 -0.866025 -0.500000  0.540894 0.221053 0
kart_scrap
0  -31.500000 17.750000 5.700961  0.000000 0.000000 -1.000000  0.519336 0.229793 0
0  29.500000 16.250000 5.700963  0.000000 0.000000 -1.000000  0.523337 0.066957 0
0  -31.500000 16.250000 5.700961  0.000000 0.000000 -1.000000  0.523337 0.229793 0
kart_scrap
0  36.133976 25.500000 6.500000  -0.499999 0.866026 0.000000  0.915080 0.835299 0
0  37.000000 26.000000 16.500000  -0.500001 0.866025 0.000000  0.917742 0.808607 0
0  37.000000 26.000000 6.500000  -0.499999 0.866026 0.000000  0.917742 0.835295 0
kart_scrap
0  37.866024 24.500000 16.500000  0.000000 0.000000 1.000000  0.679950 0.965581 0
0  37.866024 25.500000 16.500000  0.000000 0.000000 1.000000  0.679950 0.968251 0
0  37.000000 26.000000 16.500000  0.000000 0.000000 1.000000  0.677640 0.969585 0
kart_scrap
0  -37.959999 15.800000 13.220001  0.300000 -0.866026 0.400000  0.916642 0.676679 0
0  -29.416462 16.400000 8.111383  0.300000 -0.866026 0.400000  0.913456 0.702961 0
0  -37.336460 16.400000 14.051386  0.300000 -0.866026 0.400000  0.913456 0.676650 0
kart_scrap
0  -30.040001 18.200001 7.279999  0.800000 0.000000 -0.600000  0.965681 0.808607 0
0  -29.416462 17.600000 8.111383  0.799999 0.000000 -0.600001  0.967842 0.810200 0
0  -29.416462 16.400000 8.111383  0.800000 0.000000 -0.600000  0.967842 0.813403 0
kart_scrap
0  -31.500000 18.500000 6.999999  0.000000 0.866025 -0.500000  0.423930 0.547391 0
0  29.500000 17.750000 5.700963  0.000000 0.866025 -0.500000  0.427905 0.404031 0
0  -31.500000 17.750000 5.700961  0.000000 0.866025 -0.500000  0.427905 0.547174 0
kart_scrap
0  -37.336460 16.400000 14.051386  0.600000 0.000000 0.800000  0.933415 0.676650 0
0  -29.416462 17.600000 8.111383  0.600001 0.000000 0.800000  0.930214 0.697819 0
0  -37.336460 17.600000 14.051386  0.600000 0.000000 0.800000  0.930214 0.676657 0
kart_scrap
0  37.866024 -25.500000 6.500000  0.499999 -0.866026 0.000000  0.925494 0.153873 0
0  37.000000 -26.000000 16.500000  0.500001 -0.866025 0.000000  0.928159 0.129523 0
0  37.000000 -26.000000 6.500000  0.499999 -0.866026 0.000000  0.928159 0.153920 0
kart_scrap
0  37.866024 -24.500000 6.500000  1.000000 0.000000 0.000000  0.917242 0.402419 0
0  37.866024 -25.500000 16.500000  1.000000 0.000000 0.000000  0.919909 0.375740 0
0  37.866024 -25.500000 6.500000  1.000000 0.000000 0.000000  0.919909 0.402420 0
kart_scrap
0  -37.336460 17.600000 14.051386  0.300001 0.866025 0.399999  0.917944 0.590061 0
0  -30.040001 18.200001 7.279999  0.299999 0.866025 0.400000  0.914879 0.616427 0
0  -37.959999 18.200001 13.220001  0.300001 0.866025 0.399999  0.914879 0.590165 0
kart_scrap
0  -38.583538 17.600000 12.388617  -0.800000 0.000000 0.600000  0.968323 0.591644 0
0  -37.959999 15.800000 13.220001  -0.800000 0.000000 0.600000  0.965797 0.596467 0
0  -37.336460 17.600000 14.051386  -0.800000 0.000000 0.600000  0.963271 0.591682 0
kart_scrap
0  37.000000 -26.000000 6.500000  -0.500001 -0.866025 0.000000  0.917239 0.887055 0
0  36.133976 -25.500000 16.500000  -0.499999 -0.866026 0.000000  0.919900 0.860374 0
0  36.133976 -25.500000 6.500000  -0.500002 -0.866024 0.000000  0.919900 0.887059 0
kart_scrap
0  36.133976 -24.500000 16.500000  0.000000 0.000000 1.000000  0.540343 0.965629 0
0  36.133976 -25.500000 16.500000  0.000000 0.000000 1.000000  0.542653 0.964294 0
0  37.866024 -25.500000 16.500000  0.000000 0.000000 1.000000  0.544963 0.968298 0
kart_scrap
0  -18.914217 30.739658 12.074235  0.884383 -0.346852 0.312347  0.846536 0.535912 0
0  -23.247629 16.539423 8.574967  0.884383 -0.346852 0.312347  0.843517 0.574805 0
0  -18.497993 30.788326 10.949783  0.884383 -0.346852 0.312347  0.843517 0.536244 0
kart_scrap
0  36.133976 -25.500000 6.500000  -1.000000 0.000000 0.000000  0.000140 0.924747 0
0  36.133976 -24.500000 16.500000  -1.000000 0.000000 0.000000  0.002807 0.898682 0
0  36.133976 -24.500000 6.500000  -1.000000 0.000000 0.000000  0.002807 0.924737 0
kart_scrap
0  -38.583538 -17.600000 12.388617  -0.300001 -0.866025 -0.399999  0.403130 0.896577 0
0  -30.040001 -18.200001 7.279999  -0.300000 -0.866026 -0.400000  0.400002 0.921674 0
0  -37.959999 -18.200001 13.220001  -0.300001 -0.866025 -0.399999  0.400002 0.896807 0
kart_scrap
0  -38.583538 -16.400000 12.388617  -0.600001 0.000000 -0.800000  0.217819 0.891247 0
0  -30.663540 -17.600000 6.448615  -0.600000 0.000000 -0.800000  0.214619 0.917529 0
0  -38.583538 -17.600000 12.388617  -0.600001 0.000000 -0.800000  0.214619 0.891244 0
kart_scrap
0  36.133976 -24.500000 6.500000  -0.499999 0.866026 0.000000  0.327087 0.917639 0
0  37.000000 -24.000000 16.500000  -0.500001 0.866025 0.000000  0.329750 0.890948 0
0  37.000000 -24.000000 6.500000  -0.499999 0.866026 0.000000  0.329750 0.917636 0
kart_scrap
0  37.866024 -24.500000 6.500000  0.000000 0.000000 -1.000000  0.657139 0.965589 0
0  37.866024 -25.500000 6.500000  0.000000 0.000000 -1.000000  0.659448 0.964254 0
0  36.133976 -25.500000 6.500000  0.000000 0.000000 -1.000000  0.661758 0.968258 0
kart_scrap
0  -37.959999 -18.200001 13.220001  0.300000 -0.866025 0.400001  0.313515 0.890977 0
0  -29.416462 -17.600000 8.111383  0.300000 -0.866026 0.399999  0.310329 0.917258 0
0  -37.336460 -17.600000 14.051386  0.300000 -0.866025 0.400001  0.310329 0.890948 0
kart_scrap
0  -30.663540 -17.600000 6.448615  0.800000 0.000000 -0.600001  0.963794 0.572365 0
0  -30.040001 -15.800000 7.279999  0.800000 0.000000 -0.600000  0.965955 0.567551 0
0  -29.416462 -17.600000 8.111383  0.800000 0.000000 -0.600000  0.968116 0.572346 0
kart_scrap
0  26.767416 16.812582 5.283722  -0.019973 -0.750476 -0.660596  0.832178 0.644597 0
0  47.180691 11.237624 10.999999  -0.019974 -0.750476 -0.660596  0.836179 0.590061 0
0  26.318695 15.873623 6.364002  -0.019973 -0.750476 -0.660596  0.836179 0.644590 0
kart_scrap
0  -37.336460 -17.600000 14.051386  0.600000 0.000000 0.800000  0.933554 0.000000 0
0  -29.416462 -16.400000 8.111383  0.600001 0.000000 0.800000  0.930353 0.021169 0
0  -37.336460 -16.400000 14.051386  0.600000 0.000000 0.800000  0.930353 0.000006 0
kart_scrap
0  -53.557442 16.250000 6.770413  -0.022704 -0.866025 -0.499484  0.787052 0.250480 0
0  -28.501547 15.500000 6.931889  -0.022704 -0.866025 -0.499485  0.791041 0.187742 0
0  -53.498451 15.500000 8.068111  -0.022704 -0.866025 -0.499484  0.791041 0.250374 0
kart_scrap
0  -53.557442 17.750000 6.770413  -0.045408 0.000000 -0.998968  0.779781 0.133672 0
0  -28.560534 16.250000 5.634191  -0.045408 0.000000 -0.998968  0.783782 0.066957 0
0  -53.557442 16.250000 6.770413  -0.045408 0.000000 -0.998969  0.783782 0.133671 0
kart_scrap
0  -37.336460 -16.400000 14.051386  0.300000 0.866025 0.400001  0.917557 0.066957 0
0  -30.040001 -15.800000 7.279999  0.299999 0.866026 0.399998  0.914493 0.093323 0
0  -37.959999 -15.800000 13.220001  0.300000 0.866025 0.400002  0.914493 0.067060 0
kart_scrap
0  -37.959999 -15.800000 13.220001  -0.800000 0.000000 0.600000  0.965797 0.610051 0
0  -38.583538 -16.400000 12.388617  -0.800000 0.000000 0.600000  0.968323 0.611633 0
0  -37.959999 -18.200001 13.220001  -0.799999 0.000000 0.600001  0.965797 0.616456 0
kart_scrap
0  -53.498451 15.500000 8.068111  0.022704 -0.866025 0.499484  0.791475 0.460812 0
0  -28.442560 16.250000 8.229588  0.022704 -0.866026 0.499484  0.787478 0.522009 0
0  -53.439468 16.250000 9.365809  0.022704 -0.866025 0.499484  0.787478 0.460879 0
kart_scrap
0  44.830288 13.484375 9.297897  -0.136358 -0.547847 -0.825391  0.899700 0.923688 0
0  52.815441 8.092278 11.557673  -0.136358 -0.547846 -0.825392  0.903667 0.902130 0
0  44.161488 12.419256 10.115349  -0.136358 -0.547847 -0.825391  0.903667 0.923973 0
kart_scrap
0  -53.439468 16.250000 9.365809  -0.998969 0.000000 0.045405  0.815600 0.941943 0
0  -53.439468 17.750000 9.365809  -0.998969 0.000000 0.045405  0.819055 0.943960 0
0  -53.498451 18.500000 8.068111  -0.998969 0.000000 0.045408  0.819055 0.947914 0
kart_scrap
0  -53.439468 16.250000 9.365809  0.045408 0.000000 0.998968  0.766209 0.066957 0
0  -28.442560 17.750000 8.229588  0.045408 0.000000 0.998968  0.762208 0.133690 0
0  -53.439468 17.750000 9.365809  0.045408 0.000000 0.998969  0.762208 0.066958 0
kart_scrap
0  27.017723 18.256960 5.601721  0.249082 0.166870 -0.953998  0.812144 0.814365 0
0  47.629410 12.176583 9.919719  0.249082 0.166870 -0.953998  0.816055 0.757097 0
0  26.767416 16.812582 5.283722  0.249082 0.166870 -0.953998  0.816055 0.814188 0
kart_scrap
0  45.184559 14.907722 11.442327  0.454311 0.888870 -0.059261  0.904949 0.267615 0
0  53.995781 10.401629 11.403710  0.454312 0.888870 -0.059259  0.908766 0.241520 0
0  45.341824 14.728607 9.961386  0.454311 0.888870 -0.059261  0.908766 0.267631 0
kart_scrap
0  -53.439468 17.750000 9.365809  0.022704 0.866025 0.499484  0.808573 0.187742 0
0  -28.501547 18.500000 6.931889  0.022704 0.866026 0.499483  0.804613 0.245881 0
0  -53.498451 18.500000 8.068111  0.022704 0.866025 0.499484  0.804613 0.188028 0
kart_scrap
0  -28.501547 18.500000 6.931889  0.998969 0.000000 -0.045408  0.563992 0.940200 0
0  -28.442560 17.750000 8.229588  0.998969 0.000000 -0.045408  0.567446 0.942201 0
0  -28.442560 16.250000 8.229588  0.998969 0.000000 -0.045408  0.567446 0.946205 0
kart_scrap
0  -31.500000 15.500000 6.999999  -0.000000 -0.866025 0.500000  0.405245 0.387931 0
0  29.500000 16.250000 8.299039  -0.000000 -0.866025 0.500000  0.401251 0.535663 0
0  -31.500000 16.250000 8.299037  -0.000000 -0.866025 0.500000  0.401251 0.388031 0
kart_scrap
0  -53.557442 -17.750000 6.770413  -0.022704 -0.866025 -0.499484  0.780994 0.438477 0
0  -28.501547 -18.500000 6.931889  -0.022704 -0.866026 -0.499484  0.784983 0.375739 0
0  -53.498451 -18.500000 8.068111  -0.022704 -0.866025 -0.499484  0.784983 0.438370 0
kart_scrap
0  -31.500000 15.500000 6.999999  -1.000000 0.000000 0.000000  0.790182 0.944126 0
0  -31.500000 17.750000 8.299037  -1.000000 0.000000 0.000000  0.797080 0.944258 0
0  -31.500000 17.750000 5.700961  -1.000000 0.000000 0.000000  0.793631 0.950081 0
kart_scrap
0  -31.500000 16.250000 8.299037  -0.000000 0.000000 1.000000  0.518896 0.302356 0
0  29.500000 17.750000 8.299039  -0.000000 0.000000 1.000000  0.514895 0.465193 0
0  -31.500000 17.750000 8.299037  -0.000000 0.000000 1.000000  0.514895 0.302356 0
kart_scrap
0  45.341824 14.728607 9.961386  0.317953 0.341023 -0.884652  0.904880 0.444509 0
0  53.484245 9.157397 10.740221  0.317953 0.341024 -0.884651  0.908470 0.418416 0
0  44.830288 13.484375 9.297897  0.317953 0.341023 -0.884652  0.908470 0.444252 0
kart_scrap
0  -53.498451 -15.500000 8.068111  -0.022704 0.866025 -0.499485  0.798555 0.434158 0
0  -28.560534 -16.250000 5.634191  -0.022704 0.866026 -0.499484  0.802518 0.375739 0
0  -53.557442 -16.250000 6.770413  -0.022704 0.866025 -0.499485  0.802518 0.433888 0
kart_scrap
0  -31.500000 17.750000 8.299037  -0.000000 0.866025 0.500000  0.075318 0.438322 0
0  29.500000 18.500000 7.000001  -0.000000 0.866025 0.500000  0.071346 0.577302 0
0  -31.500000 18.500000 6.999999  -0.000000 0.866025 0.500000  0.071346 0.438577 0
kart_scrap
0  29.500000 16.250000 5.700963  1.000000 0.000000 0.000000  0.888879 0.944980 0
0  29.500000 18.500000 7.000001  1.000000 0.000000 0.000000  0.881950 0.944982 0
0  29.500000 16.250000 8.299039  1.000000 0.000000 0.000000  0.885414 0.938978 0
kart_scrap
0  26.318695 15.873623 6.364002  -0.269055 -0.917346 0.293402  0.816090 0.432436 0
0  46.982277 11.743041 12.398279  -0.269055 -0.917346 0.293403  0.819936 0.376002 0
0  26.120281 16.379040 7.762281  -0.269055 -0.917347 0.293402  0.819936 0.432699 0
kart_scrap
0  -31.500000 -17.750000 5.700961  0.000000 -0.866025 -0.500000  0.383695 0.542142 0
0  29.500000 -18.500000 7.000001  0.000000 -0.866025 -0.500000  0.387679 0.387931 0
0  -31.500000 -18.500000 6.999999  0.000000 -0.866025 -0.500000  0.387679 0.542026 0
kart_scrap
0  26.819309 18.762377 7.000001  -0.953998 0.212000 -0.212000  0.546804 0.944625 0
0  27.017723 18.256960 5.601721  -0.953998 0.212001 -0.212000  0.546804 0.948410 0
0  26.767416 16.812582 5.283722  -0.953998 0.211999 -0.212000  0.543574 0.950711 0
kart_scrap
0  26.120281 16.379040 7.762281  -0.249082 -0.166871 0.953998  0.818792 0.067145 0
0  47.232582 13.187417 12.716278  -0.249082 -0.166871 0.953998  0.814889 0.123998 0
0  26.370588 17.823416 8.080281  -0.249082 -0.166871 0.953998  0.814889 0.066957 0
kart_scrap
0  -53.557442 -16.250000 6.770413  -0.045408 0.000000 -0.998968  0.779556 0.656776 0
0  -28.560534 -17.750000 5.634191  -0.045408 0.000000 -0.998968  0.783557 0.590061 0
0  -53.557442 -17.750000 6.770413  -0.045408 0.000000 -0.998969  0.783557 0.656775 0
kart_scrap
0  -31.500000 -15.500000 6.999999  0.000000 0.866025 -0.500000  0.321022 0.546676 0
0  29.500000 -16.250000 5.700963  0.000000 0.866025 -0.500000  0.324997 0.403316 0
0  -31.500000 -16.250000 5.700961  0.000000 0.866025 -0.500000  0.324997 0.546459 0
kart_scrap
0  26.370588 17.823416 8.080281  0.019973 0.750475 0.660597  0.843024 0.461261 0
0  47.681305 14.126377 11.635998  0.019973 0.750476 0.660596  0.839141 0.512528 0
0  26.819309 18.762377 7.000001  0.019973 0.750475 0.660597  0.839141 0.460812 0
kart_scrap
0  47.629410 12.176583 9.919719  0.953998 -0.212000 0.211999  0.946872 0.575516 0
0  47.681305 14.126377 11.635998  0.953998 -0.212000 0.212000  0.943522 0.569451 0
0  46.982277 11.743041 12.398279  0.953998 -0.212001 0.212000  0.950221 0.569633 0
kart_scrap
0  44.161488 12.419256 10.115349  -0.454312 -0.888869 0.059260  0.901643 0.328470 0
0  52.658176 8.271393 13.038614  -0.454312 -0.888870 0.059260  0.905628 0.302356 0
0  44.004219 12.598371 11.596290  -0.454312 -0.888869 0.059260  0.905628 0.328469 0
kart_scrap
0  27.017723 -18.256960 5.601721  0.269055 -0.917347 -0.293402  0.805047 0.519197 0
0  47.681305 -14.126377 11.635998  0.269055 -0.917347 -0.293402  0.808877 0.460812 0
0  26.819309 -18.762377 7.000001  0.269055 -0.917347 -0.293402  0.808877 0.519164 0
kart_scrap
0  45.184559 14.907722 11.442327  -0.884652 0.442325 -0.147442  0.594239 0.943682 0
0  45.341824 14.728607 9.961386  -0.884654 0.442321 -0.147442  0.597188 0.946077 0
0  44.830288 13.484375 9.297897  -0.884652 0.442326 -0.147441  0.597188 0.949953 0
kart_scrap
0  44.004219 12.598371 11.596290  -0.317954 -0.341024 0.884651  0.909503 0.561421 0
0  53.169712 9.515625 13.702103  -0.317954 -0.341023 0.884652  0.913076 0.535858 0
0  44.515755 13.842603 12.259779  -0.317954 -0.341024 0.884651  0.913076 0.561686 0
kart_scrap
0  -31.500000 -16.250000 5.700961  0.000000 0.000000 -1.000000  0.532468 0.465192 0
0  29.500000 -17.750000 5.700963  0.000000 0.000000 -1.000000  0.536469 0.302356 0
0  -31.500000 -17.750000 5.700961  0.000000 0.000000 -1.000000  0.536469 0.465192 0
kart_scrap
0  26.318695 -15.873623 6.364002  -0.019974 0.750475 -0.660597  0.540343 0.843535 0
0  47.629410 -12.176583 9.919719  -0.019973 0.750476 -0.660595  0.544309 0.794549 0
0  26.767416 -16.812582 5.283722  -0.019974 0.750475 -0.660597  0.544309 0.843243 0
kart_scrap
0  44.515755 13.842603 12.259779  0.136359 0.547846 0.825391  0.056938 0.914111 0
0  53.838512 10.580744 12.884651  0.136358 0.547845 0.825392  0.060509 0.889175 0
0  45.184559 14.907722 11.442327  0.136359 0.547846 0.825391  0.060509 0.914540 0
kart_scrap
0  53.484245 9.157397 10.740221  0.884651 -0.442328 0.147442  0.904949 0.287211 0
0  53.838512 10.580744 12.884651  0.884652 -0.442326 0.147442  0.908247 0.281214 0
0  52.658176 8.271393 13.038614  0.884652 -0.442326 0.147442  0.911546 0.286465 0
kart_scrap
0  -53.498451 -18.500000 8.068111  0.022704 -0.866025 0.499484  0.801127 0.590061 0
0  -28.442560 -17.750000 8.229588  0.022704 -0.866026 0.499483  0.797129 0.651258 0
0  -53.439468 -17.750000 9.365809  0.022704 -0.866025 0.499484  0.797129 0.590128 0
kart_scrap
0  45.341824 -14.728607 9.961386  0.454311 -0.888870 -0.059260  0.310329 0.877229 0
0  53.838512 -10.580744 12.884651  0.454312 -0.888870 -0.059260  0.313893 0.851324 0
0  45.184559 -14.907722 11.442327  0.454311 -0.888870 -0.059260  0.313893 0.877365 0
kart_scrap
0  -53.498451 -15.500000 8.068111  -0.998969 0.000000 0.045408  0.501254 0.943002 0
0  -53.557442 -16.250000 6.770413  -0.998968 0.000000 0.045411  0.501254 0.946966 0
0  -53.557442 -17.750000 6.770413  -0.998968 0.000000 0.045411  0.497807 0.948998 0
kart_scrap
0  -53.439468 -17.750000 9.365809  0.045408 0.000000 0.998968  0.765984 0.590061 0
0  -28.442560 -16.250000 8.229588  0.045408 0.000000 0.998968  0.761984 0.656794 0
0  -53.439468 -16.250000 9.365809  0.045408 0.000000 0.998969  0.761984 0.590062 0
kart_scrap
0  26.767416 -16.812582 5.283722  0.249082 -0.166869 -0.953998  0.813611 0.733765 0
0  47.879719 -13.620960 10.237719  0.249082 -0.166871 -0.953998  0.817513 0.676833 0
0  27.017723 -18.256960 5.601721  0.249082 -0.166869 -0.953998  0.817513 0.733948 0
kart_scrap
0  44.161488 -12.419256 10.115349  -0.136358 0.547845 -0.825392  0.162778 0.880284 0
0  53.484245 -9.157397 10.740221  -0.136359 0.547847 -0.825391  0.166121 0.854122 0
0  44.830288 -13.484375 9.297897  -0.136358 0.547845 -0.825392  0.166121 0.879973 0
kart_scrap
0  -53.439468 -16.250000 9.365809  0.022704 0.866026 0.499483  0.804070 0.302356 0
0  -28.501547 -15.500000 6.931889  0.022704 0.866025 0.499485  0.800110 0.360495 0
0  -53.498451 -15.500000 8.068111  0.022704 0.866026 0.499483  0.800110 0.302641 0
kart_scrap
0  -28.501547 -15.500000 6.931889  0.998969 0.000000 -0.045408  0.346916 0.940382 0
0  -28.442560 -16.250000 8.229588  0.998969 0.000000 -0.045408  0.350370 0.942382 0
0  -28.442560 -17.750000 8.229588  0.998969 0.000000 -0.045408  0.350370 0.946386 0
kart_scrap
0  -31.500000 -18.500000 6.999999  -0.000000 -0.866025 0.500000  0.347455 0.388620 0
0  29.500000 -17.750000 8.299039  -0.000000 -0.866025 0.500000  0.343462 0.536352 0
0  -31.500000 -17.750000 8.299037  -0.000000 -0.866025 0.500000  0.343462 0.388720 0
kart_scrap
0  -48.874168 -18.299999 8.650000  0.499999 -0.000000 0.866026  0.614739 0.478781 0
0  -50.000000 18.299999 9.300000  0.500001 -0.000000 0.866025  0.611734 0.576479 0
0  -50.000000 -18.299999 9.299999  0.499999 -0.000000 0.866026  0.611734 0.478776 0
kart_scrap
0  -31.500000 -17.750000 8.299037  -1.000000 0.000000 0.000000  0.421692 0.942329 0
0  -31.500000 -15.500000 6.999999  -1.000000 0.000000 0.000000  0.425141 0.948283 0
0  -31.500000 -17.750000 5.700961  -1.000000 0.000000 0.000000  0.418243 0.948152 0
kart_scrap
0  -31.500000 -17.750000 8.299037  -0.000000 0.000000 1.000000  0.505765 0.066957 0
0  29.500000 -16.250000 8.299039  -0.000000 0.000000 1.000000  0.501764 0.229795 0
0  -31.500000 -16.250000 8.299037  -0.000000 0.000000 1.000000  0.501764 0.066957 0
kart_scrap
0  44.830288 -13.484375 9.297897  0.317954 -0.341023 -0.884652  0.166121 0.879973 0
0  53.995781 -10.401629 11.403710  0.317953 -0.341023 -0.884652  0.169696 0.854376 0
0  45.341824 -14.728607 9.961386  0.317954 -0.341023 -0.884652  0.169696 0.880227 0
kart_scrap
0  -50.000000 -18.299999 6.699999  0.500001 0.000000 -0.866025  0.197846 0.706112 0
0  -48.874168 18.299999 7.350001  0.500001 0.000000 -0.866025  0.200857 0.608403 0
0  -48.874168 -18.299999 7.349999  0.500001 0.000000 -0.866025  0.200857 0.706104 0
kart_scrap
0  -31.500000 -16.250000 8.299037  -0.000000 0.866025 0.500000  0.092861 0.438322 0
0  29.500000 -15.500000 7.000001  -0.000000 0.866025 0.500000  0.088890 0.577302 0
0  -31.500000 -15.500000 6.999999  -0.000000 0.866025 0.500000  0.088890 0.438577 0
kart_scrap
0  29.500000 -17.750000 5.700963  1.000000 0.000000 0.000000  0.920697 0.943907 0
0  29.500000 -15.500000 7.000001  1.000000 0.000000 0.000000  0.913768 0.943910 0
0  29.500000 -17.750000 8.299039  1.000000 0.000000 0.000000  0.917233 0.937905 0
kart_scrap
0  26.819309 -18.762377 7.000001  0.019973 -0.750475 0.660596  0.829627 0.812925 0
0  47.232582 -13.187417 12.716278  0.019973 -0.750475 0.660597  0.833359 0.757098 0
0  26.370588 -17.823416 8.080281  0.019973 -0.750476 0.660596  0.833359 0.812468 0
kart_scrap
0  -28.874166 -18.299999 7.649999  0.499999 0.000000 0.866026  0.606669 0.302361 0
0  -30.000000 18.299999 8.300000  0.500000 0.000000 0.866025  0.603664 0.400058 0
0  -30.000000 -18.299999 8.299999  0.500000 0.000000 0.866026  0.603664 0.302356 0
kart_scrap
0  26.370588 -17.823416 8.080281  -0.953998 -0.212000 -0.212000  0.594748 0.678291 0
0  26.318695 -15.873623 6.364002  -0.953998 -0.212002 -0.212000  0.591654 0.684424 0
0  27.017723 -18.256960 5.601721  -0.953998 -0.211999 -0.212000  0.588560 0.678606 0
kart_scrap
0  26.370588 -17.823416 8.080281  -0.249082 0.166871 0.953998  0.818606 0.590061 0
0  46.982277 -11.743041 12.398279  -0.249081 0.166870 0.953998  0.814699 0.647271 0
0  26.120281 -16.379040 7.762281  -0.249083 0.166871 0.953998  0.814699 0.590245 0
kart_scrap
0  -48.874168 -18.299999 7.349999  1.000000 0.000000 0.000000  0.677748 0.164659 0
0  -48.874168 18.299999 8.650001  1.000000 -0.000000 0.000000  0.681213 0.066957 0
0  -48.874168 -18.299999 8.650000  1.000000 0.000000 0.000000  0.681213 0.164659 0
kart_scrap
0  -30.000000 -18.299999 5.699999  0.500000 0.000000 -0.866025  0.661152 0.692428 0
0  -28.874166 18.299999 6.350001  0.500000 0.000000 -0.866025  0.664162 0.594719 0
0  -28.874166 -18.299999 6.349999  0.500000 0.000000 -0.866025  0.664162 0.692420 0
kart_scrap
0  26.120281 -16.379040 7.762281  -0.269055 0.917346 0.293403  0.817642 0.359228 0
0  47.180691 -11.237624 10.999999  -0.269055 0.917347 0.293401  0.821493 0.302356 0
0  26.318695 -15.873623 6.364002  -0.269054 0.917346 0.293403  0.821493 0.358963 0
kart_scrap
0  47.879719 -13.620960 10.237719  0.953998 0.211999 0.212000  0.217890 0.706029 0
0  47.180691 -11.237624 10.999999  0.953998 0.212001 0.211999  0.214429 0.700306 0
0  47.232582 -13.187417 12.716278  0.953998 0.212000 0.212000  0.221351 0.700214 0
kart_scrap
0  45.184559 -14.907722 11.442327  0.136359 -0.547845 0.825392  0.313893 0.877365 0
0  53.169712 -9.515625 13.702103  0.136358 -0.547846 0.825392  0.317250 0.851161 0
0  44.515755 -13.842603 12.259779  0.136359 -0.547845 0.825392  0.317250 0.877202 0
kart_scrap
0  -2.874167 -18.299999 7.649999  0.500000 -0.000000 0.866026  0.614128 0.178252 0
0  -4.000000 18.299999 8.300000  0.500001 -0.000000 0.866025  0.611123 0.275950 0
0  -4.000000 -18.299999 8.299999  0.500000 -0.000000 0.866026  0.611123 0.178247 0
kart_scrap
0  44.830288 -13.484375 9.297897  -0.884653 -0.442324 -0.147442  0.940159 0.227394 0
0  45.341824 -14.728607 9.961386  -0.884650 -0.442330 -0.147442  0.938354 0.223934 0
0  44.515755 -13.842603 12.259779  -0.884652 -0.442326 -0.147442  0.943273 0.220473 0
kart_scrap
0  44.515755 -13.842603 12.259779  -0.317954 0.341024 0.884651  0.911922 0.129475 0
0  52.658176 -8.271393 13.038614  -0.317953 0.341022 0.884652  0.908341 0.155562 0
0  44.004219 -12.598371 11.596290  -0.317954 0.341024 0.884651  0.908341 0.129742 0
kart_scrap
0  -28.874166 -18.299999 6.349999  1.000000 0.000000 0.000000  0.677740 0.285444 0
0  -28.874166 18.299999 7.650001  1.000000 0.000000 0.000000  0.681205 0.187742 0
0  -28.874166 -18.299999 7.649999  1.000000 0.000000 0.000000  0.681205 0.285444 0
kart_scrap
0  -4.000000 -18.299999 5.699999  0.500000 0.000000 -0.866025  0.628311 0.703253 0
0  -2.874167 18.299999 6.350001  0.500001 0.000000 -0.866025  0.631321 0.605544 0
0  -2.874167 -18.299999 6.349999  0.500000 0.000000 -0.866025  0.631321 0.703245 0
kart_scrap
0  44.004219 -12.598371 11.596290  -0.454312 0.888869 0.059260  0.900936 0.659251 0
0  52.815441 -8.092278 11.557673  -0.454311 0.888870 0.059260  0.904923 0.633136 0
0  44.161488 -12.419256 10.115349  -0.454312 0.888869 0.059260  0.904923 0.659249 0
kart_scrap
0  52.815441 -8.092278 11.557673  0.884649 0.442332 0.147441  0.867987 0.356821 0
0  52.658176 -8.271393 13.038614  0.884650 0.442331 0.147441  0.871392 0.354738 0
0  53.169712 -9.515625 13.702103  0.884651 0.442326 0.147442  0.874797 0.356268 0
kart_scrap
0  -50.000000 -18.299999 9.299999  -0.500001 -0.000000 0.866025  0.611734 0.478776 0
0  -51.125832 18.299999 8.650001  -0.499999 -0.000000 0.866026  0.608733 0.576483 0
0  -51.125832 -18.299999 8.650000  -0.500001 -0.000000 0.866025  0.608733 0.478781 0
kart_scrap
0  23.125834 -18.299999 7.649999  0.499999 -0.000000 0.866026  0.614128 0.066962 0
0  22.000000 18.299999 8.300000  0.500000 -0.000000 0.866025  0.611122 0.164660 0
0  22.000000 -18.299999 8.299999  0.500000 -0.000000 0.866026  0.611122 0.066957 0
kart_scrap
0  -48.874168 -18.299999 7.349999  0.000000 -1.000000 0.000000  0.959078 0.467259 0
0  -48.874168 -18.299999 8.650000  0.000000 -1.000000 0.000000  0.956181 0.465355 0
0  -51.125832 -18.299999 8.650000  0.000000 -1.000000 0.000000  0.959078 0.460812 0
kart_scrap
0  -51.125832 -18.299999 8.650000  -1.000000 0.000000 0.000000  0.106433 0.683061 0
0  -51.125832 18.299999 7.350001  -1.000000 -0.000000 0.000000  0.109817 0.585385 0
0  -51.125832 -18.299999 7.349999  -1.000000 0.000000 0.000000  0.109817 0.683074 0
kart_scrap
0  -2.874167 -18.299999 6.349999  1.000000 -0.000000 0.000000  0.677783 0.576478 0
0  -2.874167 18.299999 7.650001  1.000000 -0.000000 0.000000  0.681249 0.478776 0
0  -2.874167 -18.299999 7.649999  1.000000 -0.000000 0.000000  0.681249 0.576478 0
kart_scrap
0  22.000000 -18.299999 5.699999  0.500000 0.000000 -0.866025  0.694821 0.576478 0
0  23.125834 18.299999 6.350001  0.500000 0.000000 -0.866025  0.697831 0.478769 0
0  23.125834 -18.299999 6.349999  0.500000 0.000000 -0.866025  0.697831 0.576470 0
kart_scrap
0  -51.125832 -18.299999 7.349999  -0.500001 0.000000 -0.866025  0.088299 0.688591 0
0  -50.000000 18.299999 6.700001  -0.500001 0.000000 -0.866025  0.091680 0.590886 0
0  -50.000000 -18.299999 6.699999  -0.500001 0.000000 -0.866025  0.091680 0.688582 0
kart_scrap
0  -51.125832 18.299999 7.350001  0.000000 1.000000 0.000000  0.958115 0.131381 0
0  -51.125832 18.299999 8.650001  0.000000 1.000000 0.000000  0.961011 0.129475 0
0  -48.874168 18.299999 8.650001  0.000000 1.000000 0.000000  0.963907 0.133995 0
kart_scrap
0  -30.000000 -18.299999 8.299999  -0.500000 -0.000000 0.866025  0.603664 0.302356 0
0  -31.125834 18.299999 7.650001  -0.499999 -0.000000 0.866026  0.600663 0.400063 0
0  -31.125834 -18.299999 7.649999  -0.500000 -0.000000 0.866025  0.600663 0.302361 0
kart_scrap
0  47.125832 -14.300000 11.650000  0.499999 -0.000000 0.866026  0.220435 0.608407 0
0  46.000000 14.300000 12.300000  0.500001 -0.000000 0.866025  0.217430 0.684749 0
0  46.000000 -14.300000 12.299999  0.499999 -0.000000 0.866026  0.217430 0.608403 0
kart_scrap
0  -30.000000 -18.299999 5.699999  0.000000 -1.000000 0.000000  0.961762 0.347181 0
0  -28.874166 -18.299999 6.349999  0.000000 -1.000000 0.000000  0.958865 0.348500 0
0  -28.874166 -18.299999 7.649999  0.000000 -1.000000 0.000000  0.955967 0.346595 0
kart_scrap
0  -31.125834 -18.299999 7.649999  -1.000000 -0.000000 0.000000  0.493784 0.686686 0
0  -31.125834 18.299999 6.350001  -1.000000 0.000000 0.000000  0.497169 0.589010 0
0  -31.125834 -18.299999 6.349999  -1.000000 -0.000000 0.000000  0.497169 0.686699 0
kart_scrap
0  23.125834 -18.299999 6.349999  1.000000 0.000000 0.000000  0.044117 0.682560 0
0  23.125834 18.299999 7.650001  1.000000 0.000000 0.000000  0.047582 0.584858 0
0  23.125834 -18.299999 7.649999  1.000000 0.000000 0.000000  0.047582 0.682559 0
kart_scrap
0  46.000000 -14.300000 9.700000  0.500001 -0.000000 -0.866025  0.591420 0.274561 0
0  47.125832 14.300000 10.350000  0.500000 0.000000 -0.866026  0.594431 0.198208 0
0  47.125832 -14.300000 10.349999  0.500001 -0.000000 -0.866025  0.594431 0.274553 0
kart_scrap
0  -31.125834 -18.299999 6.349999  -0.500000 0.000000 -0.866025  0.687298 0.400061 0
0  -30.000000 18.299999 5.700001  -0.500000 0.000000 -0.866025  0.690679 0.302356 0
0  -30.000000 -18.299999 5.699999  -0.500000 0.000000 -0.866025  0.690679 0.400053 0
kart_scrap
0  -30.000000 18.299999 5.700001  0.000000 1.000000 0.000000  0.054716 0.961854 0
0  -31.125834 18.299999 6.350001  0.000000 1.000000 0.000000  0.054716 0.958641 0
0  -31.125834 18.299999 7.650001  0.000000 1.000000 0.000000  0.057613 0.956735 0
kart_scrap
0  -4.000000 -18.299999 8.299999  -0.500001 -0.000000 0.866025  0.611123 0.178247 0
0  -5.125833 18.299999 7.650001  -0.500000 -0.000000 0.866026  0.608122 0.275954 0
0  -5.125833 -18.299999 7.649999  -0.500001 -0.000000 0.866025  0.608122 0.178252 0
kart_scrap
0  -52.400002 -23.600000 13.999999  0.923880 -0.000000 0.382683  0.022582 0.552794 0
0  -52.868629 23.600000 15.131371  0.923880 -0.000000 0.382682  0.025639 0.426803 0
0  -52.868629 -23.600000 15.131371  0.923880 -0.000000 0.382683  0.025639 0.552800 0
kart_scrap
0  -4.000000 -18.299999 5.699999  0.000000 -1.000000 0.000000  0.962055 0.246631 0
0  -2.874167 -18.299999 6.349999  0.000000 -1.000000 0.000000  0.959158 0.247950 0
0  -2.874167 -18.299999 7.649999  0.000000 -1.000000 0.000000  0.956261 0.246046 0
kart_scrap
0  -5.125833 -18.299999 7.649999  -1.000000 -0.000000 0.000000  0.608733 0.687756 0
0  -5.125833 18.299999 6.350001  -1.000000 -0.000000 0.000000  0.612117 0.590079 0
0  -5.125833 -18.299999 6.349999  -1.000000 -0.000000 0.000000  0.612117 0.687768 0
kart_scrap
0  47.125832 -14.300000 10.349999  1.000000 0.000000 0.000000  0.745038 0.264089 0
0  47.125832 14.300000 11.650001  1.000000 -0.000000 0.000000  0.748504 0.187742 0
0  47.125832 -14.300000 11.650000  1.000000 0.000000 0.000000  0.748504 0.264088 0
kart_scrap
0  -54.000000 -23.600000 12.400000  0.382683 0.000000 -0.923880  0.584068 0.428359 0
0  -52.868629 23.600000 12.868629  0.382685 0.000000 -0.923879  0.587091 0.302356 0
0  -52.868629 -23.600000 12.868629  0.382683 0.000000 -0.923880  0.587091 0.428353 0
kart_scrap
0  -5.125833 -18.299999 6.349999  -0.500001 0.000000 -0.866025  0.694785 0.164662 0
0  -4.000000 18.299999 5.700001  -0.500000 0.000000 -0.866025  0.698166 0.066957 0
0  -4.000000 -18.299999 5.699999  -0.500001 0.000000 -0.866025  0.698166 0.164654 0
kart_scrap
0  -4.000000 18.299999 5.700001  0.000000 1.000000 0.000000  0.957113 0.277598 0
0  -5.125833 18.299999 6.350001  0.000000 1.000000 0.000000  0.957113 0.274385 0
0  -5.125833 18.299999 7.650001  0.000000 1.000000 0.000000  0.960010 0.272479 0
kart_scrap
0  22.000000 -18.299999 8.299999  -0.500000 -0.000000 0.866025  0.611122 0.066957 0
0  20.874166 18.299999 7.650001  -0.499999 -0.000000 0.866026  0.608122 0.164664 0
0  20.874166 -18.299999 7.649999  -0.500000 -0.000000 0.866025  0.608122 0.066962 0
kart_scrap
0  -53.343037 16.350000 15.589308  -0.316229 0.000000 0.948683  0.958387 0.307224 0
0  -53.343037 17.650000 15.589308  -0.316228 0.000000 0.948683  0.955424 0.309026 0
0  -54.411095 18.299999 15.233289  -0.316227 0.000000 0.948683  0.952462 0.307494 0
kart_scrap
0  22.000000 -18.299999 5.699999  0.000000 -1.000000 0.000000  0.947278 0.845389 0
0  23.125834 -18.299999 6.349999  0.000000 -1.000000 0.000000  0.947278 0.842204 0
0  23.125834 -18.299999 7.649999  0.000000 -1.000000 0.000000  0.950209 0.840353 0
kart_scrap
0  20.874166 -18.299999 7.649999  -1.000000 0.000000 0.000000  0.677783 0.687750 0
0  20.874166 18.299999 6.350001  -1.000000 -0.000000 0.000000  0.681167 0.590074 0
0  20.874166 -18.299999 6.349999  -1.000000 0.000000 0.000000  0.681167 0.687763 0
kart_scrap
0  -52.868629 -23.600000 12.868629  0.923880 -0.000000 -0.382683  0.019607 0.552801 0
0  -52.400002 23.600000 14.000001  0.923880 -0.000000 -0.382682  0.022582 0.426797 0
0  -52.400002 -23.600000 13.999999  0.923880 -0.000000 -0.382683  0.022582 0.552794 0
kart_scrap
0  25.478243 17.282963 8.574966  0.915617 0.253148 0.312348  0.867987 0.340923 0
0  20.424831 31.243196 12.074236  0.915618 0.253148 0.312347  0.871100 0.302588 0
0  25.174465 16.994295 9.699418  0.915617 0.253148 0.312348  0.871100 0.341155 0
kart_scrap
0  20.874166 -18.299999 6.349999  -0.500000 0.000000 -0.866025  0.071346 0.688591 0
0  22.000000 18.299999 5.700001  -0.500000 0.000000 -0.866025  0.074727 0.590886 0
0  22.000000 -18.299999 5.699999  -0.500000 0.000000 -0.866025  0.074727 0.688582 0
kart_scrap
0  22.000000 18.299999 5.700001  0.000000 1.000000 0.000000  0.957096 0.963369 0
0  20.874166 18.299999 6.350001  0.000000 1.000000 0.000000  0.954170 0.964689 0
0  20.874166 18.299999 7.650001  0.000000 1.000000 0.000000  0.951243 0.962829 0
kart_scrap
0  46.000000 -14.300000 12.299999  -0.500001 -0.000000 0.866025  0.217430 0.608403 0
0  44.874168 14.300000 11.650001  -0.499999 -0.000000 0.866026  0.214429 0.684754 0
0  44.874168 -14.300000 11.650000  -0.500001 -0.000000 0.866025  0.214429 0.608407 0
kart_scrap
0  21.200001 31.200001 10.999999  0.000000 0.866024 0.500003  0.694739 0.686691 0
0  -21.200001 30.600000 12.039231  0.000000 0.866026 0.499999  0.697917 0.590062 0
0  21.200001 30.600000 12.039229  0.000000 0.866024 0.500003  0.697917 0.686487 0
kart_scrap
0  46.000000 -14.300000 9.700000  0.000000 -1.000000 0.000000  0.228587 0.767182 0
0  47.125832 -14.300000 10.349999  0.000000 -1.000000 0.000000  0.225895 0.765482 0
0  47.125832 -14.300000 11.650000  0.000000 -1.000000 0.000000  0.225895 0.762013 0
kart_scrap
0  44.874168 -14.300000 11.650000  -1.000000 0.000000 0.000000  0.745027 0.666398 0
0  44.874168 14.300000 10.350000  -1.000000 0.000000 0.000000  0.748412 0.590074 0
0  44.874168 -14.300000 10.349999  -1.000000 0.000000 0.000000  0.748412 0.666410 0
kart_scrap
0  -51.588905 -15.700000 6.766711  0.474342 0.866025 0.158115  0.864978 0.928430 0
0  -53.343037 -16.350000 15.589308  0.474343 0.866024 0.158114  0.868342 0.906132 0
0  -50.520844 -16.350000 7.122731  0.474342 0.866025 0.158115  0.868342 0.928700 0
kart_scrap
0  -20.041405 31.075783 12.311859  0.141809 -0.208549 0.967676  0.855055 0.227818 0
0  -23.663851 16.490755 9.699418  0.141809 -0.208549 0.967676  0.858191 0.187844 0
0  -18.914217 30.739658 12.074235  0.141809 -0.208549 0.967676  0.858191 0.227920 0
kart_scrap
0  44.874168 -14.300000 10.349999  -0.500000 0.000000 -0.866026  0.745255 0.143308 0
0  46.000000 14.300000 9.700001  -0.500001 0.000000 -0.866025  0.748636 0.066957 0
0  46.000000 -14.300000 9.700000  -0.500000 0.000000 -0.866026  0.748636 0.143300 0
kart_scrap
0  46.000000 14.300000 9.700001  0.000000 1.000000 0.000000  0.964504 0.225513 0
0  44.874168 14.300000 10.350000  0.000000 1.000000 0.000000  0.961577 0.226833 0
0  44.874168 14.300000 11.650001  0.000000 1.000000 0.000000  0.958651 0.224974 0
kart_scrap
0  -52.868629 -23.600000 15.131371  0.382683 -0.000000 0.923880  0.006035 0.426801 0
0  -54.000000 23.600000 15.600000  0.382685 -0.000000 0.923879  0.003016 0.552796 0
0  -54.000000 -23.600000 15.599999  0.382683 0.000000 0.923880  0.003016 0.426797 0
kart_scrap
0  -51.588905 18.299999 6.766711  0.474342 0.866025 0.158114  0.812144 0.928090 0
0  -53.343037 17.650000 15.589308  0.474343 0.866025 0.158114  0.815508 0.905792 0
0  -50.520844 17.650000 7.122731  0.474342 0.866025 0.158114  0.815508 0.928360 0
kart_scrap
0  24.678595 17.164217 7.688140  0.677041 0.334902 -0.655329  0.888220 0.275351 0
0  20.728609 31.531864 10.949784  0.677040 0.334902 -0.655330  0.891377 0.241798 0
0  25.478243 17.282963 8.574966  0.677041 0.334902 -0.655329  0.891377 0.275645 0
kart_scrap
0  -54.000000 -23.600000 15.599999  -0.382685 -0.000000 0.923879  0.003016 0.426797 0
0  -55.131371 23.600000 15.131371  -0.382683 -0.000000 0.923880  0.000000 0.552799 0
0  -55.131371 -23.600000 15.131371  -0.382685 -0.000000 0.923879  0.000000 0.426801 0
kart_scrap
0  25.174465 16.994295 9.699418  0.238577 -0.081754 0.967676  0.854415 0.302456 0
0  19.321405 30.835783 12.311859  0.238574 -0.081754 0.967677  0.851278 0.342437 0
0  24.071039 16.586882 9.937042  0.238577 -0.081754 0.967676  0.851278 0.302356 0
kart_scrap
0  -50.520844 16.350000 7.122731  0.474341 -0.866026 0.158114  0.560538 0.926617 0
0  -54.411095 15.700000 15.233289  0.474345 -0.866023 0.158115  0.564000 0.903512 0
0  -51.588905 15.700000 6.766711  0.474340 -0.866026 0.158113  0.564000 0.926569 0
kart_scrap
0  -55.131371 -23.600000 15.131371  -0.923880 -0.000000 0.382682  0.493784 0.575414 0
0  -55.599998 23.600000 14.000001  -0.923880 0.000000 0.382683  0.497002 0.449423 0
0  -55.599998 -23.600000 13.999999  -0.923880 -0.000000 0.382682  0.497002 0.575405 0
kart_scrap
0  -18.497993 30.788326 10.949783  0.742574 -0.138303 -0.655329  0.843517 0.536244 0
0  -23.958595 16.924217 7.688141  0.742573 -0.138303 -0.655330  0.841087 0.574153 0
0  -19.208960 31.173119 10.062957  0.742574 -0.138303 -0.655329  0.841087 0.535592 0
kart_scrap
0  -55.599998 -23.600000 13.999999  0.000000 -1.000000 0.000000  0.429100 0.739416 0
0  -54.000000 -23.600000 12.400000  0.000000 -1.000000 0.000001  0.427008 0.744795 0
0  -52.400002 -23.600000 13.999999  0.000000 -1.000000 -0.000000  0.421958 0.742164 0
kart_scrap
0  -55.599998 -23.600000 13.999999  -0.923880 -0.000000 -0.382682  0.554466 0.192949 0
0  -55.131371 23.600000 12.868629  -0.923880 0.000000 -0.382683  0.557434 0.066972 0
0  -55.131371 -23.600000 12.868629  -0.923880 -0.000000 -0.382682  0.557434 0.192964 0
kart_scrap
0  -50.520844 17.650000 7.122731  0.948683 0.000000 0.316228  0.829132 0.926816 0
0  -53.343037 16.350000 15.589308  0.948683 0.000000 0.316228  0.832600 0.903972 0
0  -50.520844 16.350000 7.122731  0.948683 0.000000 0.316228  0.832600 0.926811 0
kart_scrap
0  -52.656963 16.350000 6.410692  -0.948683 0.000000 -0.316228  0.035280 0.934234 0
0  -55.479156 17.650000 14.877270  -0.948683 0.000000 -0.316228  0.038747 0.913327 0
0  -52.656963 17.650000 6.410692  -0.948683 0.000000 -0.316228  0.038747 0.934214 0
kart_scrap
0  -55.131371 -23.600000 12.868629  -0.382685 0.000000 -0.923879  0.557434 0.192964 0
0  -54.000000 23.600000 12.400001  -0.382683 0.000000 -0.923880  0.560497 0.066960 0
0  -54.000000 -23.600000 12.400000  -0.382685 0.000000 -0.923879  0.560497 0.192951 0
kart_scrap
0  -52.400002 23.600000 14.000001  0.000000 1.000000 0.000000  0.880024 0.518638 0
0  -54.000000 23.600000 12.400001  0.000000 1.000000 0.000001  0.874986 0.521285 0
0  -55.599998 23.600000 14.000001  0.000000 1.000000 -0.000000  0.872900 0.515919 0
kart_scrap
0  -50.520844 -17.650000 7.122731  0.474340 -0.866026 0.158113  0.922338 0.264608 0
0  -54.411095 -18.299999 15.233289  0.474345 -0.866024 0.158115  0.925800 0.241503 0
0  -51.588905 -18.299999 6.766711  0.474340 -0.866027 0.158113  0.925800 0.264561 0
kart_scrap
0  -50.520844 -16.350000 7.122731  0.948683 0.000000 0.316228  0.343462 0.926798 0
0  -53.343037 -17.650000 15.589308  0.948683 0.000000 0.316228  0.346929 0.903954 0
0  -50.520844 -17.650000 7.122731  0.948683 0.000000 0.316228  0.346929 0.926793 0
kart_scrap
0  -52.656963 17.650000 6.410692  -0.474342 0.866025 -0.158114  0.846575 0.923733 0
0  -54.411095 18.299999 15.233289  -0.474343 0.866025 -0.158114  0.850033 0.900114 0
0  -51.588905 18.299999 6.766711  -0.474342 0.866025 -0.158114  0.850033 0.923763 0
kart_scrap
0  -52.656963 16.350000 6.410692  0.316228 0.000000 -0.948683  0.728324 0.955360 0
0  -52.656963 17.650000 6.410692  0.316228 0.000000 -0.948683  0.725363 0.953555 0
0  -51.588905 18.299999 6.766711  0.316228 0.000000 -0.948683  0.725363 0.950211 0
kart_scrap
0  -51.588905 -18.299999 6.766711  -0.474344 -0.866024 -0.158115  0.675320 0.923725 0
0  -55.479156 -17.650000 14.877270  -0.474341 -0.866026 -0.158113  0.678777 0.900029 0
0  -52.656963 -17.650000 6.410692  -0.474344 -0.866024 -0.158115  0.678777 0.923694 0
kart_scrap
0  40.537979 9.000000 19.065880  -0.984808 -0.000000 -0.173648  0.864142 0.733950 0
0  42.186905 12.043381 18.352520  -0.868928 0.403661 -0.286396  0.872052 0.729045 0
0  42.464741 10.880913 16.776829  -0.832077 0.249475 -0.495389  0.873497 0.733437 0
kart_scrap
0  -51.588905 -18.299999 6.766711  0.316227 0.000000 -0.948683  0.700670 0.951957 0
0  -52.656963 -17.650000 6.410692  0.316227 0.000000 -0.948684  0.700670 0.955296 0
0  -52.656963 -16.350000 6.410692  0.316228 0.000000 -0.948683  0.697705 0.957095 0
kart_scrap
0  -52.656963 -17.650000 6.410692  -0.948683 0.000000 -0.316228  0.458719 0.933553 0
0  -55.479156 -16.350000 14.877270  -0.948683 0.000000 -0.316228  0.462186 0.912646 0
0  -52.656963 -16.350000 6.410692  -0.948683 0.000000 -0.316228  0.462186 0.933532 0
kart_scrap
0  24.071039 -16.586882 9.937042  0.238575 0.081754 0.967677  0.848603 0.107169 0
0  20.424831 -31.243196 12.074236  0.238576 0.081755 0.967677  0.851739 0.066957 0
0  25.174465 -16.994295 9.699418  0.238575 0.081754 0.967677  0.851739 0.107070 0
kart_scrap
0  40.537979 9.000000 19.065880  -0.984808 -0.000000 -0.173648  0.864142 0.733950 0
0  42.570866 9.000000 16.174967  -0.818000 0.000000 -0.575217  0.872181 0.738464 0
0  42.464741 7.119087 16.776829  -0.832077 -0.249475 -0.495389  0.868608 0.742206 0
kart_scrap
0  -52.656963 -16.350000 6.410692  -0.474343 0.866025 -0.158114  0.917239 0.924292 0
0  -54.411095 -15.700000 15.233289  -0.474343 0.866024 -0.158115  0.920697 0.900672 0
0  -51.588905 -15.700000 6.766711  -0.474343 0.866025 -0.158114  0.920697 0.924322 0
kart_scrap
0  -54.411095 -15.700000 15.233289  -0.316227 0.000000 0.948684  0.074543 0.957193 0
0  -55.479156 -16.350000 14.877270  -0.316226 0.000000 0.948684  0.074543 0.953858 0
0  -54.411095 -18.299999 15.233289  -0.316227 0.000000 0.948683  0.080469 0.953588 0
kart_scrap
0  24.071039 16.586882 9.937042  -0.677041 -0.334902 0.655329  0.383694 0.883255 0
0  18.521757 30.717037 11.425034  -0.677041 -0.334902 0.655330  0.386430 0.845380 0
0  23.271391 16.468136 9.050216  -0.677042 -0.334902 0.655328  0.386430 0.883793 0
kart_scrap
0  18.825535 31.005705 10.300582  -0.312348 0.937042 0.156174  0.214199 0.964608 0
0  18.521757 30.717037 11.425034  -0.312346 0.937043 0.156175  0.216913 0.962956 0
0  19.321405 30.835783 12.311859  -0.312348 0.937042 0.156174  0.219627 0.964489 0
kart_scrap
0  25.478243 -17.282963 8.574966  0.677041 -0.334901 -0.655329  0.540343 0.891303 0
0  19.928961 -31.413118 10.062958  0.677041 -0.334902 -0.655329  0.543516 0.857345 0
0  24.678595 -17.164217 7.688140  0.677041 -0.334901 -0.655329  0.543516 0.891530 0
kart_scrap
0  23.271391 16.468136 9.050216  -0.915617 -0.253147 -0.312349  0.856596 0.501168 0
0  18.825535 31.005705 10.300582  -0.915617 -0.253148 -0.312348  0.859328 0.460992 0
0  23.575169 16.756804 7.925765  -0.915617 -0.253147 -0.312349  0.859328 0.501348 0
kart_scrap
0  21.200001 29.400000 12.039229  0.000000 -0.866026 0.499999  0.321022 0.662956 0
0  -21.200001 28.799999 11.000001  0.000000 -0.866024 0.500003  0.324217 0.560260 0
0  21.200001 28.799999 10.999999  0.000000 -0.866026 0.499999  0.324217 0.662876 0
kart_scrap
0  21.200001 30.600000 12.039229  0.000000 0.000000 1.000000  0.620241 0.415541 0
0  -21.200001 29.400000 12.039231  0.000000 0.000000 1.000000  0.623442 0.302356 0
0  21.200001 29.400000 12.039229  0.000000 0.000000 1.000000  0.623442 0.415541 0
kart_scrap
0  23.575169 16.756804 7.925765  -0.238575 0.081754 -0.967677  0.849751 0.630276 0
0  19.928961 31.413118 10.062958  -0.238576 0.081754 -0.967676  0.852883 0.590061 0
0  24.678595 17.164217 7.688140  -0.238575 0.081754 -0.967677  0.852883 0.630174 0
kart_scrap
0  23.575169 16.756804 7.925765  0.312348 -0.937042 -0.156172  0.768708 0.051546 0
0  24.678595 17.164217 7.688140  0.312348 -0.937041 -0.156181  0.765944 0.053097 0
0  25.478243 17.282963 8.574966  0.312348 -0.937042 -0.156174  0.763181 0.051719 0
kart_scrap
0  21.200001 28.799999 10.999999  -0.000000 -0.866024 -0.500003  0.664176 0.066957 0
0  -21.200001 29.400000 9.960771  -0.000000 -0.866026 -0.499999  0.660988 0.174159 0
0  21.200001 29.400000 9.960769  -0.000000 -0.866024 -0.500003  0.660988 0.067050 0
kart_scrap
0  21.200001 -30.600000 12.039229  0.000000 -0.866026 0.499999  0.245262 0.660727 0
0  -21.200001 -31.200001 11.000001  0.000000 -0.866024 0.500003  0.248457 0.558030 0
0  21.200001 -31.200001 10.999999  0.000000 -0.866026 0.499999  0.248457 0.660646 0
kart_scrap
0  21.200001 29.400000 9.960769  1.000000 0.000000 0.000000  0.960641 0.166185 0
0  21.200001 30.600000 9.960769  1.000000 0.000000 0.000000  0.960641 0.162982 0
0  21.200001 31.200001 10.999999  1.000000 0.000000 0.000000  0.963411 0.161379 0
kart_scrap
0  21.200001 29.400000 9.960769  -0.000000 0.000000 -1.000000  0.631511 0.478776 0
0  -21.200001 30.600000 9.960771  -0.000000 0.000000 -1.000000  0.628311 0.591961 0
0  21.200001 30.600000 9.960769  -0.000000 0.000000 -1.000000  0.628311 0.478777 0
kart_scrap
0  25.174465 -16.994295 9.699418  0.915617 -0.253148 0.312347  0.865311 0.105881 0
0  20.728609 -31.531864 10.949784  0.915617 -0.253147 0.312348  0.868423 0.066957 0
0  25.478243 -17.282963 8.574966  0.915617 -0.253148 0.312347  0.868423 0.105654 0
kart_scrap
0  21.200001 -28.799999 10.999999  0.000000 0.866024 0.500003  0.694777 0.284372 0
0  -21.200001 -29.400000 12.039231  0.000000 0.866026 0.499999  0.697954 0.187743 0
0  21.200001 -29.400000 12.039229  0.000000 0.866024 0.500003  0.697954 0.284168 0
kart_scrap
0  21.200001 30.600000 9.960769  -0.000000 0.866026 -0.499999  0.664168 0.187742 0
0  -21.200001 31.200001 11.000001  -0.000000 0.866024 -0.500003  0.660988 0.287412 0
0  21.200001 31.200001 10.999999  -0.000000 0.866026 -0.499999  0.660988 0.187916 0
kart_scrap
0  -21.200001 30.600000 9.960771  -1.000000 0.000000 0.000000  0.961681 0.485506 0
0  -21.200001 29.400000 9.960771  -1.000000 0.000000 0.000000  0.958931 0.487144 0
0  -21.200001 29.400000 12.039231  -1.000000 0.000000 0.000000  0.956181 0.482481 0
kart_scrap
0  -19.208960 31.173119 10.062957  -0.141808 0.208549 -0.967676  0.850570 0.676650 0
0  -25.085783 17.260342 7.925765  -0.141808 0.208549 -0.967677  0.847436 0.716879 0
0  -20.336149 31.509245 10.300582  -0.141808 0.208549 -0.967676  0.847436 0.676748 0
kart_scrap
0  -18.914217 -30.739658 12.074235  0.141808 0.208549 0.967676  0.852768 0.375739 0
0  -24.791040 -16.826881 9.937043  0.141809 0.208549 0.967676  0.849631 0.415945 0
0  -20.041405 -31.075783 12.311859  0.141808 0.208549 0.967676  0.849631 0.375837 0
kart_scrap
0  -20.041405 31.075783 12.311859  0.312348 0.937042 0.156175  0.966177 0.034752 0
0  -18.914217 30.739658 12.074235  0.312346 0.937043 0.156173  0.968715 0.036596 0
0  -19.208960 31.173119 10.062957  0.312347 0.937043 0.156174  0.966177 0.040920 0
kart_scrap
0  -20.336149 31.509245 10.300582  -0.884383 0.346852 -0.312347  0.876878 0.574579 0
0  -25.502007 17.211674 9.050217  -0.884383 0.346852 -0.312348  0.879692 0.535592 0
0  -20.752371 31.460577 11.425033  -0.884383 0.346852 -0.312347  0.879692 0.574096 0
kart_scrap
0  21.200001 -29.400000 12.039229  0.000000 0.000000 1.000000  0.627700 0.180143 0
0  -21.200001 -30.600000 12.039231  0.000000 0.000000 1.000000  0.630900 0.066957 0
0  21.200001 -30.600000 12.039229  0.000000 0.000000 1.000000  0.630900 0.180143 0
kart_scrap
0  -19.208960 -31.173119 10.062957  0.742574 0.138303 -0.655329  0.850482 0.000000 0
0  -23.247629 -16.539423 8.574967  0.742573 0.138303 -0.655330  0.848049 0.039097 0
0  -18.497993 -30.788326 10.949783  0.742574 0.138303 -0.655329  0.848049 0.000671 0
kart_scrap
0  -20.752371 31.460577 11.425033  -0.742573 0.138303 0.655330  0.874649 0.241503 0
0  -24.791040 16.826881 9.937043  -0.742574 0.138303 0.655329  0.871759 0.280791 0
0  -20.041405 31.075783 12.311859  -0.742573 0.138303 0.655330  0.871759 0.241898 0
kart_scrap
0  -25.502007 17.211674 9.050217  -0.312347 -0.937043 -0.156174  0.965130 0.736558 0
0  -25.085783 17.260342 7.925765  -0.312347 -0.937043 -0.156172  0.967888 0.738095 0
0  -23.247629 16.539423 8.574967  -0.312347 -0.937043 -0.156173  0.965130 0.742883 0
kart_scrap
0  24.678595 -17.164217 7.688140  -0.238577 -0.081754 -0.967676  0.368187 0.818872 0
0  18.825535 -31.005705 10.300582  -0.238576 -0.081754 -0.967677  0.365053 0.858824 0
0  23.575169 -16.756804 7.925765  -0.238577 -0.081754 -0.967676  0.365053 0.818767 0
kart_scrap
0  40.537979 9.000000 19.065880  -0.984808 -0.000000 -0.173648  0.864142 0.733950 0
0  42.464741 7.119087 16.776829  -0.832077 -0.249475 -0.495389  0.868608 0.742206 0
0  42.186905 5.956619 18.352520  -0.868928 -0.403661 -0.286396  0.864142 0.743233 0
kart_scrap
0  23.575169 -16.756804 7.925765  0.312348 0.937042 -0.156175  0.963270 0.068408 0
0  24.071039 -16.586882 9.937042  0.312348 0.937043 -0.156172  0.968739 0.068621 0
0  25.478243 -17.282963 8.574966  0.312348 0.937042 -0.156174  0.966004 0.073186 0
kart_scrap
0  23.575169 -16.756804 7.925765  -0.915617 0.253148 -0.312348  0.855257 0.170056 0
0  18.521757 -30.717037 11.425034  -0.915617 0.253148 -0.312348  0.858001 0.129475 0
0  23.271391 -16.468136 9.050216  -0.915617 0.253148 -0.312348  0.858001 0.169912 0
kart_scrap
0  -18.497993 -30.788326 10.949783  0.884383 0.346852 0.312347  0.848049 0.000671 0
0  -23.663851 -16.490755 9.699418  0.884383 0.346852 0.312347  0.845032 0.038753 0
0  -18.914217 -30.739658 12.074235  0.884383 0.346852 0.312347  0.845032 0.000326 0
kart_scrap
0  40.537979 9.000000 19.065880  -0.984808 -0.000000 -0.173648  0.448146 0.890862 0
0  41.843479 12.043381 20.300182  -0.914478 0.403661 -0.028066  0.444175 0.882783 0
0  42.186905 12.043381 18.352520  -0.868928 0.403661 -0.286396  0.449046 0.882817 0
kart_scrap
0  23.271391 -16.468136 9.050216  -0.677041 0.334902 0.655329  0.880915 0.715202 0
0  19.321405 -30.835783 12.311859  -0.677041 0.334902 0.655329  0.883645 0.676650 0
0  24.071039 -16.586882 9.937042  -0.677041 0.334902 0.655329  0.883645 0.714610 0
kart_scrap
0  18.521757 -30.717037 11.425034  -0.312348 -0.937043 0.156173  0.144191 0.967766 0
0  18.825535 -31.005705 10.300582  -0.312347 -0.937043 0.156171  0.141419 0.969315 0
0  20.728609 -31.531864 10.949784  -0.312348 -0.937043 0.156173  0.138648 0.964623 0
kart_scrap
0  21.200001 -31.200001 10.999999  -0.000000 -0.866024 -0.500003  0.656974 0.302356 0
0  -21.200001 -30.600000 9.960771  -0.000000 -0.866026 -0.499999  0.653786 0.409558 0
0  21.200001 -30.600000 9.960769  -0.000000 -0.866024 -0.500003  0.653786 0.302448 0
kart_scrap
0  40.537979 9.000000 19.065880  -0.984808 -0.000000 -0.173648  0.448146 0.890862 0
0  41.459518 9.000000 22.477737  -0.965405 0.000000 0.260755  0.438729 0.890869 0
0  41.565643 10.880913 21.875875  -0.951329 0.249475 0.180927  0.440234 0.885859 0
kart_scrap
0  21.200001 -29.400000 12.039229  1.000000 0.000000 0.000000  0.881950 0.962167 0
0  21.200001 -30.600000 12.039229  1.000000 0.000000 0.000000  0.884721 0.960565 0
0  21.200001 -30.600000 9.960769  1.000000 0.000000 0.000000  0.887493 0.965367 0
kart_scrap
0  21.200001 -30.600000 9.960769  -0.000000 0.000000 -1.000000  0.640214 0.302356 0
0  -21.200001 -29.400000 9.960771  -0.000000 0.000000 -1.000000  0.637014 0.415540 0
0  21.200001 -29.400000 9.960769  -0.000000 0.000000 -1.000000  0.637014 0.302356 0
kart_scrap
0  40.537979 9.000000 19.065880  -0.984808 -0.000000 -0.173648  0.448146 0.890862 0
0  41.565643 7.119087 21.875875  -0.951329 -0.249475 0.180927  0.440234 0.895899 0
0  41.459518 9.000000 22.477737  -0.965405 0.000000 0.260755  0.438729 0.890869 0
kart_scrap
0  40.537979 9.000000 19.065880  -0.984808 -0.000000 -0.173648  0.448146 0.890862 0
0  41.843479 5.956619 20.300182  -0.914478 -0.403661 -0.028066  0.444175 0.899029 0
0  41.565643 7.119087 21.875875  -0.951329 -0.249475 0.180927  0.440234 0.895899 0
kart_scrap
0  21.200001 -29.400000 9.960769  -0.000000 0.866026 -0.499999  0.673726 0.302356 0
0  -21.200001 -28.799999 11.000001  -0.000000 0.866024 -0.500003  0.670546 0.402026 0
0  21.200001 -28.799999 10.999999  -0.000000 0.866026 -0.499999  0.670546 0.302530 0
kart_scrap
0  -21.200001 -29.400000 9.960771  -1.000000 0.000000 0.000000  0.310312 0.969070 0
0  -21.200001 -30.600000 9.960771  -1.000000 0.000000 0.000000  0.307553 0.967447 0
0  -21.200001 -30.600000 12.039231  -1.000000 0.000000 0.000000  0.310312 0.962789 0
kart_scrap
0  -20.041405 -31.075783 12.311859  -0.742573 -0.138303 0.655330  0.869334 0.590419 0
0  -25.502007 -17.211674 9.050217  -0.742574 -0.138303 0.655329  0.866455 0.629308 0
0  -20.752371 -31.460577 11.425033  -0.742573 -0.138303 0.655330  0.866455 0.590061 0
kart_scrap
0  40.537979 9.000000 19.065880  -0.984808 -0.000000 -0.173648  0.864142 0.733950 0
0  42.464741 10.880913 16.776829  -0.832077 0.249475 -0.495389  0.873497 0.733437 0
0  42.570866 9.000000 16.174967  -0.818000 0.000000 -0.575217  0.872181 0.738464 0
kart_scrap
0  -18.497993 -30.788326 10.949783  0.312347 -0.937042 0.156177  0.963296 0.004832 0
0  -18.914217 -30.739658 12.074235  0.312347 -0.937042 0.156176  0.963296 0.001694 0
0  -20.752371 -31.460577 11.425033  0.312347 -0.937042 0.156175  0.968700 0.001444 0
kart_scrap
0  -20.752371 -31.460577 11.425033  -0.884383 -0.346852 -0.312346  0.291265 0.880935 0
0  -25.085783 -17.260342 7.925765  -0.884382 -0.346853 -0.312348  0.294074 0.843233 0
0  -20.336149 -31.509245 10.300582  -0.884383 -0.346852 -0.312346  0.294074 0.881452 0
kart_scrap
0  40.537979 9.000000 19.065880  -0.984808 -0.000000 -0.173648  0.448146 0.890862 0
0  41.565643 10.880913 21.875875  -0.951329 0.249475 0.180927  0.440234 0.885859 0
0  41.843479 12.043381 20.300182  -0.914478 0.403661 -0.028066  0.444175 0.882783 0
kart_scrap
0  42.570866 9.000000 16.174967  0.015876 0.000011 -0.999874  0.406506 0.176975 0
0  44.982956 11.116027 16.892258  -0.016871 0.580401 -0.814156  0.412948 0.171318 0
0  45.102345 9.000000 16.215164  0.015878 -0.000003 -0.999874  0.413258 0.176975 0
kart_scrap
0  -20.336149 -31.509245 10.300582  -0.141808 -0.208549 -0.967677  0.855055 0.281579 0
0  -23.958595 -16.924217 7.688141  -0.141808 -0.208549 -0.967677  0.858187 0.241609 0
0  -19.208960 -31.173119 10.062957  -0.141808 -0.208549 -0.967677  0.858187 0.281684 0
kart_scrap
0  -25.085783 -17.260342 7.925765  -0.312347 0.937043 -0.156173  0.494360 0.964113 0
0  -25.502007 -17.211674 9.050217  -0.312347 0.937043 -0.156175  0.497117 0.962581 0
0  -23.663851 -16.490755 9.699418  -0.312347 0.937042 -0.156175  0.499875 0.967366 0
kart_scrap
0  42.464741 10.880913 16.776829  -0.016873 0.580413 -0.814148  0.300176 0.077548 0
0  44.670387 12.423803 18.664911  -0.102604 0.939111 -0.327937  0.305833 0.072455 0
0  44.982956 11.116027 16.892258  -0.016871 0.580401 -0.814156  0.305833 0.078346 0
kart_scrap
0  42.186905 12.043381 18.352520  -0.102606 0.939116 -0.327924  0.793057 0.050403 0
0  44.284035 12.423803 20.856033  -0.208576 0.939113 0.273062  0.800219 0.045655 0
0  44.670387 12.423803 18.664911  -0.102604 0.939111 -0.327937  0.799379 0.051525 0
kart_scrap
0  41.843479 12.043381 20.300182  -0.208578 0.939109 0.273075  0.793803 0.045185 0
0  43.971466 11.116027 22.628687  -0.294310 0.580405 0.759284  0.799379 0.040512 0
0  44.284035 12.423803 20.856033  -0.208576 0.939113 0.273062  0.800219 0.045655 0
kart_scrap
0  41.565643 10.880913 21.875875  -0.294312 0.580394 0.759291  0.278691 0.083334 0
0  43.852077 9.000000 23.305780  -0.327058 0.000002 0.945004  0.284489 0.077965 0
0  43.971466 11.116027 22.628687  -0.294310 0.580405 0.759284  0.285130 0.083591 0
kart_scrap
0  41.459518 9.000000 22.477737  -0.327058 -0.000011 0.945004  0.278121 0.078333 0
0  43.971466 6.883973 22.628687  -0.294310 -0.580401 0.759287  0.284489 0.072312 0
0  43.852077 9.000000 23.305780  -0.327058 0.000002 0.945004  0.284489 0.077965 0
kart_scrap
0  41.565643 7.119087 21.875875  -0.294309 -0.580413 0.759278  0.938296 0.102017 0
0  44.284035 5.576197 20.856033  -0.208577 -0.939111 0.273068  0.931129 0.107046 0
0  43.971466 6.883973 22.628687  -0.294310 -0.580401 0.759287  0.931960 0.101920 0
kart_scrap
0  41.843479 5.956619 20.300182  -0.208575 -0.939116 0.273053  0.937558 0.106573 0
0  44.670387 5.576197 18.664911  -0.102605 -0.939113 -0.327932  0.931960 0.112919 0
0  44.284035 5.576197 20.856033  -0.208577 -0.939111 0.273068  0.931129 0.107046 0
kart_scrap
0  42.186905 5.956619 18.352520  -0.102602 -0.939108 -0.327945  0.308374 0.171317 0
0  44.982956 6.883973 16.892258  -0.016871 -0.580405 -0.814153  0.302458 0.177244 0
0  44.670387 5.576197 18.664911  -0.102605 -0.939113 -0.327932  0.302090 0.171317 0
kart_scrap
0  42.464741 7.119087 16.776829  -0.016870 -0.580394 -0.814161  0.406230 0.181989 0
0  45.102345 9.000000 16.215164  0.015878 -0.000003 -0.999874  0.413258 0.176975 0
0  44.982956 6.883973 16.892258  -0.016871 -0.580405 -0.814153  0.412948 0.182615 0
kart_scrap
0  45.102345 9.000000 16.215164  0.772746 -0.000001 -0.634715  0.307271 0.082704 0
0  45.588032 10.763355 17.491848  0.747567 0.446282 -0.491910  0.308162 0.077776 0
0  45.687523 9.000000 16.927603  0.772746 0.000002 -0.634715  0.309360 0.081408 0
kart_scrap
0  44.982956 11.116027 16.892258  0.747567 0.446280 -0.491912  0.305833 0.078346 0
0  45.327557 11.853169 18.969059  0.681646 0.722096 -0.118047  0.308162 0.072867 0
0  45.588032 10.763355 17.491848  0.747567 0.446282 -0.491910  0.308162 0.077776 0
kart_scrap
0  44.670387 12.423803 18.664911  0.681647 0.722096 -0.118051  0.941486 0.287995 0
0  45.005596 11.853169 20.794992  0.600161 0.722097 0.344069  0.941780 0.282530 0
0  45.327557 11.853169 18.969059  0.681646 0.722096 -0.118047  0.943541 0.286677 0
kart_scrap
0  44.284035 12.423803 20.856033  0.600161 0.722098 0.344066  0.939372 0.283018 0
0  44.745125 10.763355 22.272205  0.534237 0.446280 0.717930  0.941780 0.277591 0
0  45.005596 11.853169 20.794992  0.600161 0.722097 0.344069  0.941780 0.282530 0
kart_scrap
0  43.971466 11.116027 22.628687  0.534239 0.446282 0.717928  0.939372 0.277092 0
0  44.645634 9.000000 22.836449  0.509063 -0.000004 0.860729  0.943541 0.273747 0
0  44.745125 10.763355 22.272205  0.534237 0.446280 0.717930  0.941780 0.277591 0
kart_scrap
0  43.852077 9.000000 23.305780  0.509063 -0.000000 0.860729  0.284489 0.077965 0
0  44.745125 7.236644 22.272205  0.534240 -0.446279 0.717930  0.286604 0.073137 0
0  44.645634 9.000000 22.836449  0.509063 -0.000004 0.860729  0.286604 0.077848 0
kart_scrap
0  43.971466 6.883973 22.628687  0.534239 -0.446277 0.717932  0.867239 0.942284 0
0  45.005596 6.146831 20.794992  0.600163 -0.722097 0.344065  0.865722 0.947989 0
0  44.745125 7.236644 22.272205  0.534240 -0.446279 0.717930  0.864978 0.943210 0
kart_scrap
0  44.284035 5.576197 20.856033  0.600161 -0.722097 0.344068  0.868132 0.948018 0
0  45.327557 6.146831 18.969059  0.681645 -0.722097 -0.118052  0.864978 0.952608 0
0  45.005596 6.146831 20.794992  0.600163 -0.722097 0.344065  0.865722 0.947989 0
kart_scrap
0  44.670387 5.576197 18.664911  0.681645 -0.722098 -0.118049  0.302090 0.171317 0
0  45.588032 7.236644 17.491848  0.747568 -0.446279 -0.491912  0.300273 0.176910 0
0  45.327557 6.146831 18.969059  0.681645 -0.722097 -0.118052  0.299966 0.171971 0
kart_scrap
0  44.982956 6.883973 16.892258  0.747568 -0.446281 -0.491910  0.302458 0.177244 0
0  45.687523 9.000000 16.927603  0.772746 0.000002 -0.634715  0.299876 0.181014 0
0  45.588032 7.236644 17.491848  0.747568 -0.446279 -0.491912  0.300273 0.176910 0
kart_scrap
0  45.588032 10.763355 17.491848  0.994736 0.077682 0.066827  0.761984 0.675856 0
0  45.560501 9.000000 19.951485  0.984808 -0.000000 0.173648  0.769668 0.678325 0
0  45.687523 9.000000 16.927603  0.999119 0.000000 0.041969  0.761984 0.680799 0
kart_scrap
0  45.327557 11.853169 18.969059  0.983261 0.125694 0.131905  0.764865 0.671875 0
0  45.560501 9.000000 19.951485  0.984808 -0.000000 0.173648  0.769668 0.678325 0
0  45.588032 10.763355 17.491848  0.994736 0.077682 0.066827  0.761984 0.675856 0
kart_scrap
0  45.005596 11.853169 20.794992  0.969077 0.125696 0.212345  0.769527 0.670378 0
0  45.560501 9.000000 19.951485  0.984808 -0.000000 0.173648  0.769668 0.678325 0
0  45.327557 11.853169 18.969059  0.983261 0.125694 0.131905  0.764865 0.671875 0
kart_scrap
0  44.745125 10.763355 22.272205  0.957602 0.077682 0.277423  0.774188 0.671935 0
0  45.560501 9.000000 19.951485  0.984808 -0.000000 0.173648  0.769668 0.678325 0
0  45.005596 11.853169 20.794992  0.969077 0.125696 0.212345  0.769527 0.670378 0
kart_scrap
0  44.645634 9.000000 22.836449  0.953219 0.000000 0.302281  0.777070 0.675954 0
0  45.560501 9.000000 19.951485  0.984808 -0.000000 0.173648  0.769668 0.678325 0
0  44.745125 10.763355 22.272205  0.957602 0.077682 0.277423  0.774188 0.671935 0
kart_scrap
0  44.745125 7.236644 22.272205  0.957602 -0.077682 0.277423  0.777070 0.680897 0
0  45.560501 9.000000 19.951485  0.984808 -0.000000 0.173648  0.769668 0.678325 0
0  44.645634 9.000000 22.836449  0.953219 0.000000 0.302281  0.777070 0.675954 0
kart_scrap
0  45.005596 6.146831 20.794992  0.969077 -0.125697 0.212345  0.774188 0.684878 0
0  45.560501 9.000000 19.951485  0.984808 -0.000000 0.173648  0.769668 0.678325 0
0  44.745125 7.236644 22.272205  0.957602 -0.077682 0.277423  0.777070 0.680897 0
kart_scrap
0  45.327557 6.146831 18.969059  0.983261 -0.125695 0.131905  0.769527 0.686375 0
0  45.560501 9.000000 19.951485  0.984808 -0.000000 0.173648  0.769668 0.678325 0
0  45.005596 6.146831 20.794992  0.969077 -0.125697 0.212345  0.774188 0.684878 0
kart_scrap
0  45.588032 7.236644 17.491848  0.994736 -0.077683 0.066827  0.764865 0.684817 0
0  45.560501 9.000000 19.951485  0.984808 -0.000000 0.173648  0.769668 0.678325 0
0  45.327557 6.146831 18.969059  0.983261 -0.125695 0.131905  0.769527 0.686375 0
kart_scrap
0  45.687523 9.000000 16.927603  0.999119 0.000000 0.041969  0.761984 0.680799 0
0  45.560501 9.000000 19.951485  0.984808 -0.000000 0.173648  0.769668 0.678325 0
0  45.588032 7.236644 17.491848  0.994736 -0.077683 0.066827  0.764865 0.684817 0
kart_scrap
0  -28.000000 -10.000000 24.000000  0.000000 1.000000 0.000000  0.250538 0.792240 0
0  -32.500000 -10.000000 24.000000  0.000000 1.000000 0.000000  0.239817 0.792240 0
0  -31.640575 -10.000000 26.645033  0.000000 1.000000 0.000000  0.241785 0.785182 0
kart_scrap
0  -28.000000 -10.000000 24.000000  0.000000 1.000000 0.000000  0.250538 0.792240 0
0  -26.609423 -10.000000 28.279755  0.000000 1.000000 0.000000  0.253723 0.780819 0
0  -24.359425 -10.000000 26.645033  0.000000 1.000000 0.000000  0.259133 0.785182 0
kart_scrap
0  24.630592 1.000000 8.223886  0.388058 0.866025 0.315297  0.833508 0.435974 0
0  11.041542 0.500000 26.322224  0.388057 0.866026 0.315296  0.836059 0.375792 0
0  25.302727 0.500000 8.769996  0.388058 0.866025 0.315297  0.836059 0.436026 0
kart_scrap
0  -28.000000 -10.000000 24.000000  0.000000 1.000000 0.000000  0.250538 0.792240 0
0  -31.640575 -10.000000 26.645033  0.000000 1.000000 0.000000  0.241785 0.785182 0
0  -29.390577 -10.000000 28.279755  0.000000 1.000000 0.000000  0.247096 0.780819 0
kart_scrap
0  -28.000000 -10.000000 24.000000  0.000000 1.000000 0.000000  0.250538 0.792240 0
0  -29.390577 -10.000000 19.720245  0.000000 1.000000 0.000000  0.247354 0.803661 0
0  -31.640575 -10.000000 21.354965  0.000000 1.000000 0.000000  0.241944 0.799299 0
kart_scrap
0  25.302727 0.500000 8.769996  0.776114 0.000000 0.630593  0.497786 0.843763 0
0  11.041542 -0.500000 26.322224  0.776114 0.000000 0.630593  0.500454 0.795659 0
0  25.302727 -0.500000 8.769996  0.776114 0.000000 0.630593  0.500454 0.843753 0
kart_scrap
0  -28.000000 -10.000000 24.000000  0.000000 1.000000 0.000000  0.250538 0.792240 0
0  -24.359425 -10.000000 26.645033  0.000000 1.000000 0.000000  0.259133 0.785182 0
0  -23.500000 -10.000000 24.000000  0.000000 1.000000 0.000000  0.261260 0.792240 0
kart_scrap
0  10.500000 -7.600000 24.900000  0.707106 0.000000 -0.707107  0.882906 0.630644 0
0  11.100000 7.600000 25.500000  0.707109 0.000000 -0.707105  0.884513 0.590061 0
0  11.100000 -7.600000 25.500000  0.707106 0.000000 -0.707107  0.884513 0.630637 0
kart_scrap
0  25.302727 -0.500000 8.769996  0.388057 -0.866026 0.315296  0.644926 0.668445 0
0  10.369408 -1.000000 25.776114  0.388058 -0.866025 0.315297  0.647579 0.608133 0
0  24.630592 -1.000000 8.223886  0.388057 -0.866026 0.315296  0.647579 0.668432 0
kart_scrap
0  10.500000 7.600000 26.100000  0.000000 1.000000 0.000000  0.552161 0.462226 0
0  10.500000 7.600000 24.900000  0.000000 1.000000 0.000000  0.550041 0.464625 0
0  9.900000 7.600000 25.500000  0.000000 1.000000 0.000000  0.550041 0.462466 0
kart_scrap
0  -28.000000 -10.000000 24.000000  0.000000 1.000000 0.000000  0.250538 0.792240 0
0  -29.390577 -10.000000 28.279755  0.000000 1.000000 0.000000  0.247096 0.780819 0
0  -26.609423 -10.000000 28.279755  0.000000 1.000000 0.000000  0.253723 0.780819 0
kart_scrap
0  24.630592 -1.000000 8.223886  -0.388058 -0.866025 -0.315297  0.835065 0.360767 0
0  9.697273 -0.500000 25.230003  -0.388057 -0.866025 -0.315296  0.837706 0.302356 0
0  23.958458 -0.500000 7.677777  -0.388058 -0.866025 -0.315297  0.837706 0.360669 0
kart_scrap
0  10.369408 -1.000000 25.776114  -0.630593 0.000000 0.776113  0.967915 0.883935 0
0  11.041542 -0.500000 26.322224  -0.630594 0.000000 0.776113  0.966103 0.882624 0
0  10.369408 1.000000 25.776114  -0.630593 0.000000 0.776113  0.967915 0.878597 0
kart_scrap
0  -28.000000 -10.000000 24.000000  0.000000 1.000000 0.000000  0.250538 0.792240 0
0  -31.640575 -10.000000 21.354965  0.000000 1.000000 0.000000  0.241944 0.799299 0
0  -32.500000 -10.000000 24.000000  0.000000 1.000000 0.000000  0.239817 0.792240 0
kart_scrap
0  23.958458 -0.500000 7.677777  -0.776114 0.000000 -0.630593  0.832364 0.126731 0
0  9.697273 0.500000 25.230003  -0.776114 0.000000 -0.630593  0.835031 0.066957 0
0  23.958458 0.500000 7.677777  -0.776114 0.000000 -0.630593  0.835031 0.126727 0
kart_scrap
0  10.500000 -7.600000 26.100000  -0.707104 0.000000 0.707109  0.881995 0.107548 0
0  9.900000 7.600000 25.500000  -0.707109 0.000000 0.707105  0.883905 0.066957 0
0  9.900000 -7.600000 25.500000  -0.707104 0.000000 0.707110  0.883905 0.107528 0
kart_scrap
0  11.100000 -7.600000 25.500000  0.707109 0.000000 0.707105  0.907981 0.460812 0
0  10.500000 7.600000 26.100000  0.707104 0.000000 0.707109  0.905717 0.490553 0
0  10.500000 -7.600000 26.100000  0.707109 0.000000 0.707105  0.905717 0.460829 0
kart_scrap
0  23.958458 0.500000 7.677777  -0.388057 0.866026 -0.315296  0.838841 0.245938 0
0  10.369408 1.000000 25.776114  -0.388058 0.866025 -0.315297  0.841483 0.187840 0
0  24.630592 1.000000 8.223886  -0.388057 0.866026 -0.315296  0.841483 0.246036 0
kart_scrap
0  24.630592 -1.000000 8.223886  0.630593 0.000000 -0.776114  0.970991 0.844193 0
0  23.958458 -0.500000 7.677777  0.630592 0.000000 -0.776115  0.968852 0.844844 0
0  23.958458 0.500000 7.677777  0.630592 0.000000 -0.776114  0.966713 0.843249 0
kart_scrap
0  9.900000 -7.600000 25.500000  -0.707109 0.000000 -0.707105  0.275431 0.883289 0
0  10.500000 7.600000 24.900000  -0.707106 0.000000 -0.707107  0.277693 0.842717 0
0  10.500000 -7.600000 24.900000  -0.707109 0.000000 -0.707105  0.277693 0.883290 0
kart_scrap
0  9.900000 -7.600000 25.500000  0.000000 -1.000000 0.000000  0.569376 0.462464 0
0  11.100000 -7.600000 25.500000  0.000000 -1.000000 0.000000  0.567254 0.464397 0
0  10.500000 -7.600000 26.100000  0.000000 -1.000000 0.000000  0.567254 0.462233 0
kart_scrap
0  -28.000000 -10.000000 24.000000  0.000000 1.000000 0.000000  0.250538 0.792240 0
0  -26.609423 -10.000000 19.720245  0.000000 1.000000 0.000000  0.253981 0.803661 0
0  -29.390577 -10.000000 19.720245  0.000000 1.000000 0.000000  0.247354 0.803661 0
kart_scrap
0  -28.000000 -10.000000 24.000000  0.000000 1.000000 0.000000  0.250538 0.792240 0
0  -24.359425 -10.000000 21.354965  0.000000 1.000000 0.000000  0.259292 0.799299 0
0  -26.609423 -10.000000 19.720245  0.000000 1.000000 0.000000  0.253981 0.803661 0
kart_scrap
0  -28.000000 -10.000000 24.000000  0.000000 1.000000 0.000000  0.250538 0.792240 0
0  -23.500000 -10.000000 24.000000  0.000000 1.000000 0.000000  0.261260 0.792240 0
0  -24.359425 -10.000000 21.354965  0.000000 1.000000 0.000000  0.259292 0.799299 0
kart_scrap
0  -23.500000 -10.000000 24.000000  0.970143 0.242536 0.000005  0.849631 0.437409 0
0  -23.954914 -12.000000 26.938927  0.808805 0.022823 0.587633  0.854972 0.429528 0
0  -23.000000 -12.000000 24.000000  0.999740 0.022823 0.000002  0.854958 0.437454 0
kart_scrap
0  -24.359425 -10.000000 26.645033  0.784858 0.242537 0.570240  0.035280 0.955260 0
0  -26.454914 -12.000000 28.755283  0.308935 0.022823 0.950809  0.040032 0.947818 0
0  -23.954914 -12.000000 26.938927  0.808805 0.022823 0.587633  0.040032 0.956005 0
kart_scrap
0  -26.609423 -10.000000 28.279755  0.299786 0.242536 0.922662  0.658291 0.844200 0
0  -29.545086 -12.000000 28.755283  -0.308938 0.022823 0.950808  0.663635 0.836367 0
0  -26.454914 -12.000000 28.755283  0.308935 0.022823 0.950809  0.663628 0.844616 0
kart_scrap
0  -29.390577 -10.000000 28.279755  -0.299796 0.242536 0.922659  0.658297 0.836776 0
0  -32.045086 -12.000000 26.938927  -0.808807 0.022823 0.587631  0.663628 0.829699 0
0  -29.545086 -12.000000 28.755283  -0.308938 0.022823 0.950808  0.663635 0.836367 0
kart_scrap
0  -31.640575 -10.000000 26.645033  -0.784865 0.242536 0.570231  0.278637 0.171317 0
0  -33.000000 -12.000000 24.000000  -0.999740 0.022823 -0.000002  0.286304 0.176635 0
0  -32.045086 -12.000000 26.938927  -0.808807 0.022823 0.587631  0.278099 0.176635 0
kart_scrap
0  -32.500000 -10.000000 24.000000  -0.970143 0.242535 -0.000005  0.861778 0.644827 0
0  -32.045086 -12.000000 21.061073  -0.808805 0.022822 -0.587633  0.856404 0.651061 0
0  -33.000000 -12.000000 24.000000  -0.999740 0.022823 -0.000002  0.856432 0.643859 0
kart_scrap
0  -31.640575 -10.000000 21.354965  -0.784859 0.242536 -0.570240  0.861753 0.651308 0
0  -29.545086 -12.000000 19.244717  -0.308935 0.022823 -0.950809  0.856432 0.659251 0
0  -32.045086 -12.000000 21.061073  -0.808805 0.022822 -0.587633  0.856404 0.651061 0
kart_scrap
0  -29.390577 -10.000000 19.720245  -0.299785 0.242536 -0.922662  0.875350 0.658825 0
0  -26.454914 -12.000000 19.244717  0.308938 0.022823 -0.950808  0.880702 0.651002 0
0  -29.545086 -12.000000 19.244717  -0.308935 0.022823 -0.950809  0.880690 0.659251 0
kart_scrap
0  -26.609423 -10.000000 19.720245  0.299796 0.242536 -0.922659  0.875361 0.651401 0
0  -23.954914 -12.000000 21.061073  0.808807 0.022823 -0.587631  0.880690 0.644307 0
0  -26.454914 -12.000000 19.244717  0.308938 0.022823 -0.950808  0.880702 0.651002 0
kart_scrap
0  -24.359425 -10.000000 21.354965  0.784865 0.242536 -0.570231  0.849643 0.444390 0
0  -23.000000 -12.000000 24.000000  0.999740 0.022823 0.000002  0.854958 0.437454 0
0  -23.954914 -12.000000 21.061073  0.808807 0.022823 -0.587631  0.854972 0.445210 0
kart_scrap
0  -23.000000 -12.000000 24.000000  0.999740 0.022823 0.000002  0.854958 0.437454 0
0  -24.359425 -14.500000 26.645035  0.793313 -0.196116 0.576362  0.861646 0.430278 0
0  -23.500000 -14.500000 24.000000  0.980581 -0.196116 -0.000010  0.861633 0.437411 0
kart_scrap
0  -23.954914 -12.000000 26.938927  0.808805 0.022823 0.587633  0.663610 0.851296 0
0  -26.609423 -14.500000 28.279755  0.303026 -0.196116 0.932584  0.670293 0.844211 0
0  -24.359425 -14.500000 26.645035  0.793313 -0.196116 0.576362  0.670277 0.850223 0
kart_scrap
0  -26.454914 -12.000000 28.755283  0.308935 0.022823 0.950809  0.663628 0.844616 0
0  -29.390577 -14.500000 28.279755  -0.303006 -0.196117 0.932591  0.670300 0.836787 0
0  -26.609423 -14.500000 28.279755  0.303026 -0.196116 0.932584  0.670293 0.844211 0
kart_scrap
0  -29.545086 -12.000000 28.755283  -0.308938 0.022823 0.950808  0.663635 0.836367 0
0  -31.640575 -14.500000 26.645035  -0.793300 -0.196116 0.576379  0.670293 0.830786 0
0  -29.390577 -14.500000 28.279755  -0.303006 -0.196117 0.932591  0.670300 0.836787 0
kart_scrap
0  -32.045086 -12.000000 26.938927  -0.808807 0.022823 0.587631  0.278099 0.176635 0
0  -32.500000 -14.500000 24.000000  -0.980581 -0.196115 0.000010  0.286003 0.183328 0
0  -31.640575 -14.500000 26.645035  -0.793300 -0.196116 0.576379  0.278618 0.183328 0
kart_scrap
0  -33.000000 -12.000000 24.000000  -0.999740 0.022823 -0.000002  0.856432 0.643859 0
0  -31.640575 -14.500000 21.354967  -0.793313 -0.196116 -0.576362  0.849751 0.651334 0
0  -32.500000 -14.500000 24.000000  -0.980581 -0.196115 0.000010  0.849776 0.644852 0
kart_scrap
0  -32.045086 -12.000000 21.061073  -0.808805 0.022822 -0.587633  0.856404 0.651061 0
0  -29.390577 -14.500000 19.720245  -0.303026 -0.196116 -0.932584  0.849776 0.658706 0
0  -31.640575 -14.500000 21.354967  -0.793313 -0.196116 -0.576362  0.849751 0.651334 0
kart_scrap
0  -29.545086 -12.000000 19.244717  -0.308935 0.022823 -0.950809  0.880690 0.659251 0
0  -26.609423 -14.500000 19.720245  0.303006 -0.196117 -0.932591  0.887364 0.651419 0
0  -29.390577 -14.500000 19.720245  -0.303026 -0.196116 -0.932584  0.887353 0.658843 0
kart_scrap
0  -26.454914 -12.000000 19.244717  0.308938 0.022823 -0.950808  0.880702 0.651002 0
0  -24.359425 -14.500000 21.354967  0.793300 -0.196118 -0.576379  0.887353 0.645393 0
0  -26.609423 -14.500000 19.720245  0.303006 -0.196117 -0.932591  0.887364 0.651419 0
kart_scrap
0  -23.954914 -12.000000 21.061073  0.808807 0.022823 -0.587631  0.854972 0.445210 0
0  -23.500000 -14.500000 24.000000  0.980581 -0.196116 -0.000010  0.861633 0.437411 0
0  -24.359425 -14.500000 21.354967  0.793300 -0.196118 -0.576379  0.861646 0.444392 0
kart_scrap
0  -24.359425 -14.500000 26.645035  0.000000 -1.000000 0.000000  0.011170 0.779692 0
0  -28.000000 -14.500000 24.000000  0.000000 -1.000000 0.000000  0.011170 0.790834 0
0  -23.500000 -14.500000 24.000000  0.000000 -1.000000 0.000000  0.004353 0.782500 0
kart_scrap
0  -26.609423 -14.500000 28.279755  0.000000 -1.000000 0.000000  0.017986 0.781140 0
0  -28.000000 -14.500000 24.000000  0.000000 -1.000000 0.000000  0.011170 0.790834 0
0  -24.359425 -14.500000 26.645035  0.000000 -1.000000 0.000000  0.011170 0.779692 0
kart_scrap
0  -29.390577 -14.500000 28.279755  0.000000 -1.000000 0.000000  0.022199 0.786290 0
0  -28.000000 -14.500000 24.000000  0.000000 -1.000000 0.000000  0.011170 0.790834 0
0  -26.609423 -14.500000 28.279755  0.000000 -1.000000 0.000000  0.017986 0.781140 0
kart_scrap
0  -31.640575 -14.500000 26.645035  0.000000 -1.000000 0.000000  0.022199 0.793176 0
0  -28.000000 -14.500000 24.000000  0.000000 -1.000000 0.000000  0.011170 0.790834 0
0  -29.390577 -14.500000 28.279755  0.000000 -1.000000 0.000000  0.022199 0.786290 0
kart_scrap
0  -32.500000 -14.500000 24.000000  0.000000 -1.000000 0.000000  0.017986 0.799167 0
0  -28.000000 -14.500000 24.000000  0.000000 -1.000000 0.000000  0.011170 0.790834 0
0  -31.640575 -14.500000 26.645035  0.000000 -1.000000 0.000000  0.022199 0.793176 0
kart_scrap
0  -31.640575 -14.500000 21.354967  0.000000 -1.000000 0.000000  0.011170 0.801976 0
0  -28.000000 -14.500000 24.000000  0.000000 -1.000000 0.000000  0.011170 0.790834 0
0  -32.500000 -14.500000 24.000000  0.000000 -1.000000 0.000000  0.017986 0.799167 0
kart_scrap
0  -29.390577 -14.500000 19.720245  0.000000 -1.000000 0.000000  0.004353 0.800528 0
0  -28.000000 -14.500000 24.000000  0.000000 -1.000000 0.000000  0.011170 0.790834 0
0  -31.640575 -14.500000 21.354967  0.000000 -1.000000 0.000000  0.011170 0.801976 0
kart_scrap
0  -26.609423 -14.500000 19.720245  0.000000 -1.000000 0.000000  0.000140 0.795377 0
0  -28.000000 -14.500000 24.000000  0.000000 -1.000000 0.000000  0.011170 0.790834 0
0  -29.390577 -14.500000 19.720245  0.000000 -1.000000 0.000000  0.004353 0.800528 0
kart_scrap
0  -24.359425 -14.500000 21.354967  0.000000 -1.000000 0.000000  0.000140 0.788491 0
0  -28.000000 -14.500000 24.000000  0.000000 -1.000000 0.000000  0.011170 0.790834 0
0  -26.609423 -14.500000 19.720245  0.000000 -1.000000 0.000000  0.000140 0.795377 0
kart_scrap
0  -23.500000 -14.500000 24.000000  0.000000 -1.000000 0.000000  0.004353 0.782500 0
0  -28.000000 -14.500000 24.000000  0.000000 -1.000000 0.000000  0.011170 0.790834 0
0  -24.359425 -14.500000 21.354967  0.000000 -1.000000 0.000000  0.000140 0.788491 0
kart_scrap
0  -45.000000 12.500000 21.000000  0.500001 0.866025 0.000000  0.951868 0.113182 0
0  -44.133976 12.000000 25.500000  0.499999 0.866026 0.000000  0.954535 0.101920 0
0  -44.133976 12.000000 21.000000  0.500002 0.866024 0.000000  0.954535 0.113173 0
kart_scrap
0  -44.133976 12.000000 21.000000  1.000000 0.000000 0.000000  0.949864 0.872375 0
0  -44.133976 11.000000 25.500000  1.000000 0.000000 0.000000  0.952531 0.860370 0
0  -44.133976 11.000000 21.000000  1.000000 0.000000 0.000000  0.952531 0.872376 0
kart_scrap
0  -44.133976 11.000000 21.000000  0.499999 -0.866026 0.000000  0.745038 0.288651 0
0  -45.000000 10.500000 25.500000  0.500001 -0.866025 0.000000  0.747703 0.277719 0
0  -45.000000 10.500000 21.000000  0.499999 -0.866026 0.000000  0.747703 0.288698 0
kart_scrap
0  -45.000000 10.500000 21.000000  -0.500001 -0.866025 0.000000  0.438729 0.954574 0
0  -45.866024 11.000000 25.500000  -0.499999 -0.866026 0.000000  0.441390 0.942570 0
0  -45.866024 11.000000 21.000000  -0.500002 -0.866024 0.000000  0.441390 0.954578 0
kart_scrap
0  -45.866024 11.000000 25.500000  0.000000 0.000000 1.000000  0.630621 0.964224 0
0  -45.000000 10.500000 25.500000  0.000000 0.000000 1.000000  0.632931 0.965558 0
0  -44.133976 11.000000 25.500000  0.000000 0.000000 1.000000  0.632931 0.968228 0
kart_scrap
0  -45.866024 11.000000 21.000000  -1.000000 0.000000 0.000000  0.951243 0.944746 0
0  -45.866024 12.000000 25.500000  -1.000000 0.000000 0.000000  0.953910 0.933011 0
0  -45.866024 12.000000 21.000000  -1.000000 0.000000 0.000000  0.953910 0.944736 0
kart_scrap
0  -45.866024 12.000000 21.000000  -0.499999 0.866026 0.000000  0.950581 0.912656 0
0  -45.000000 12.500000 25.500000  -0.500001 0.866025 0.000000  0.953244 0.900643 0
0  -45.000000 12.500000 21.000000  -0.499999 0.866026 0.000000  0.953244 0.912652 0
kart_scrap
0  -45.866024 11.000000 21.000000  0.000000 0.000000 -1.000000  0.103212 0.968912 0
0  -45.866024 12.000000 21.000000  0.000000 0.000000 -1.000000  0.100903 0.970247 0
0  -44.133976 12.000000 21.000000  0.000000 0.000000 -1.000000  0.098593 0.966242 0
kart_scrap
0  -40.000000 3.000000 30.000000  0.000000 0.000000 1.000000  0.831799 0.890388 0
0  -41.000000 -9.000000 30.000000  0.000000 0.000000 1.000000  0.829132 0.858355 0
0  -40.000000 -9.000000 30.000000  0.000000 0.000000 1.000000  0.831799 0.858355 0
kart_scrap
0  -28.000000 2.531807 22.921413  1.000000 0.000000 0.000000  0.343462 0.778488 0
0  -28.000000 -8.531807 28.078587  1.000000 0.000000 0.000000  0.362122 0.805183 0
0  -28.000000 -7.316270 21.184933  1.000000 0.000000 0.000000  0.343462 0.805183 0
kart_scrap
0  -37.000000 -12.000000 7.500000  -0.000007 0.000000 -1.000000  0.318157 0.837578 0
0  -34.061073 -5.000000 8.454915  0.587791 0.000000 -0.809013  0.326007 0.818880 0
0  -34.061073 -12.000000 8.454915  0.587780 0.000000 -0.809021  0.326007 0.837566 0
kart_scrap
0  -37.500000 -9.000000 22.000000  -1.000000 0.000000 0.000000  0.612117 0.733457 0
0  -37.500000 3.000000 30.000000  -1.000000 0.000000 0.000000  0.591291 0.701351 0
0  -37.500000 3.000000 22.000000  -1.000000 0.000000 0.000000  0.612117 0.701428 0
kart_scrap
0  -42.000000 2.531807 22.921413  0.000000 0.984808 0.173648  0.713487 0.418302 0
0  -28.000000 1.316270 29.815067  0.000000 0.984808 0.173648  0.731786 0.450019 0
0  -28.000000 2.531807 22.921413  0.000000 0.984808 0.173648  0.713487 0.451686 0
kart_scrap
0  -34.061073 -12.000000 8.454915  0.587780 0.000000 -0.809021  0.457427 0.817588 0
0  -32.244717 -5.000000 10.954915  0.951059 0.000000 -0.309010  0.438730 0.811079 0
0  -32.244717 -12.000000 10.954915  0.951054 0.000000 -0.309024  0.457400 0.811079 0
kart_scrap
0  -40.000000 -9.000000 22.000000  0.000000 -1.000000 0.000000  0.930228 0.737953 0
0  -41.000000 -9.000000 30.000000  0.000000 -1.000000 0.000000  0.932620 0.716573 0
0  -41.000000 -9.000000 22.000000  0.000000 -1.000000 0.000000  0.932620 0.737922 0
kart_scrap
0  -42.000000 -7.316270 21.184933  -1.000000 0.000000 0.000000  0.328554 0.805209 0
0  -42.000000 1.316270 29.815067  -1.000000 0.000000 0.000000  0.310329 0.778608 0
0  -42.000000 2.531807 22.921413  -1.000000 0.000000 0.000000  0.328554 0.778521 0
kart_scrap
0  -32.244717 -12.000000 10.954915  0.951054 0.000000 -0.309024  0.457400 0.811079 0
0  -32.244717 -5.000000 14.045085  0.951054 0.000000 0.309024  0.438729 0.802834 0
0  -32.244717 -12.000000 14.045085  0.951059 0.000000 0.309010  0.457399 0.802834 0
kart_scrap
0  -40.000000 3.000000 22.000000  1.000000 0.000000 0.000000  0.275431 0.677825 0
0  -40.000000 -9.000000 30.000000  1.000000 0.000000 0.000000  0.296757 0.709854 0
0  -40.000000 -9.000000 22.000000  1.000000 0.000000 0.000000  0.275431 0.709858 0
kart_scrap
0  -24.000000 7.000000 22.000000  0.000000 0.000000 1.000000  0.071346 0.358303 0
0  -46.000000 -9.000000 22.000000  0.000000 0.000000 1.000000  0.114022 0.299575 0
0  -24.000000 -9.000000 22.000000  0.000000 0.000000 1.000000  0.114022 0.358303 0
kart_scrap
0  -32.244717 -12.000000 14.045085  0.951059 0.000000 0.309010  0.457399 0.802834 0
0  -34.061073 -5.000000 16.545086  0.587779 0.000000 0.809021  0.438753 0.796003 0
0  -34.061073 -12.000000 16.545086  0.587791 0.000000 0.809013  0.457423 0.796003 0
kart_scrap
0  -41.000000 3.000000 22.000000  0.000000 1.000000 0.000000  0.931583 0.778448 0
0  -40.000000 3.000000 30.000000  0.000000 1.000000 0.000000  0.933965 0.757125 0
0  -40.000000 3.000000 22.000000  0.000000 1.000000 0.000000  0.933965 0.778475 0
kart_scrap
0  -46.000000 7.000000 9.000000  0.000000 0.000000 -1.000000  0.339681 0.157734 0
0  -24.000000 -9.000000 9.000000  0.000000 0.000000 -1.000000  0.382356 0.099006 0
0  -46.000000 -9.000000 9.000000  0.000000 0.000000 -1.000000  0.382356 0.157734 0
kart_scrap
0  -34.061073 -12.000000 16.545086  0.587791 0.000000 0.809013  0.178455 0.821852 0
0  -37.000000 -5.000000 17.500000  -0.000007 0.000000 1.000000  0.170613 0.840531 0
0  -37.000000 -12.000000 17.500000  0.000007 0.000000 1.000000  0.170613 0.821845 0
kart_scrap
0  -41.000000 -9.000000 22.000000  -1.000000 0.000000 0.000000  0.715566 0.732380 0
0  -41.000000 3.000000 30.000000  -1.000000 0.000000 0.000000  0.694739 0.700274 0
0  -41.000000 3.000000 22.000000  -1.000000 0.000000 0.000000  0.715566 0.700351 0
kart_scrap
0  -24.000000 -9.000000 9.000000  0.000000 -1.000000 0.000000  0.421814 0.053105 0
0  -46.000000 -9.000000 22.000000  0.000000 -1.000000 0.000000  0.387155 0.000000 0
0  -46.000000 -9.000000 9.000000  0.000000 -1.000000 0.000000  0.421814 0.000451 0
kart_scrap
0  -37.000000 -12.000000 17.500000  0.000007 0.000000 1.000000  0.170613 0.821845 0
0  -39.938927 -5.000000 16.545086  -0.587791 0.000000 0.809013  0.162778 0.840538 0
0  -39.938927 -12.000000 16.545086  -0.587779 0.000000 0.809021  0.162778 0.821852 0
kart_scrap
0  -28.000000 1.316270 29.815067  0.000000 -0.173648 0.984808  0.127594 0.617744 0
0  -42.000000 -8.531807 28.078587  0.000000 -0.173648 0.984808  0.153849 0.580378 0
0  -28.000000 -8.531807 28.078587  0.000000 -0.173648 0.984808  0.153849 0.617750 0
kart_scrap
0  -24.000000 7.000000 9.000000  1.000000 0.000000 0.000000  0.435386 0.000006 0
0  -24.000000 -9.000000 22.000000  1.000000 0.000000 0.000000  0.470041 0.042711 0
0  -24.000000 -9.000000 9.000000  1.000000 0.000000 0.000000  0.435386 0.042717 0
kart_scrap
0  -39.938927 -12.000000 16.545086  -0.587779 0.000000 0.809021  0.560538 0.842215 0
0  -41.755283 -5.000000 14.045085  -0.951059 0.000000 0.309010  0.568100 0.823477 0
0  -41.755283 -12.000000 14.045085  -0.951054 0.000000 0.309024  0.568100 0.842161 0
kart_scrap
0  -42.000000 2.531807 22.921413  0.000000 0.173648 -0.984808  0.568400 0.037372 0
0  -28.000000 -7.316270 21.184933  0.000000 0.173648 -0.984808  0.594689 0.000020 0
0  -42.000000 -7.316270 21.184933  0.000000 0.173648 -0.984808  0.594689 0.037393 0
kart_scrap
0  -46.000000 7.000000 9.000000  0.000000 1.000000 0.000000  0.071346 0.372279 0
0  -24.000000 7.000000 22.000000  0.000000 1.000000 0.000000  0.106009 0.424347 0
0  -24.000000 7.000000 9.000000  0.000000 1.000000 0.000000  0.071346 0.424739 0
kart_scrap
0  -41.755283 -12.000000 14.045085  -0.951054 0.000000 0.309024  0.568100 0.842161 0
0  -41.755283 -5.000000 10.954915  -0.951054 0.000000 -0.309024  0.576145 0.823507 0
0  -41.755283 -12.000000 10.954915  -0.951059 0.000000 -0.309010  0.576145 0.842191 0
kart_scrap
0  -32.244717 -5.000000 10.954915  0.000000 1.000000 0.000000  0.058233 0.768227 0
0  -37.000000 -5.000000 7.500000  0.000000 1.000000 0.000000  0.044528 0.773034 0
0  -41.755283 -5.000000 10.954915  0.000000 1.000000 0.000000  0.036948 0.760449 0
kart_scrap
0  -46.000000 -9.000000 9.000000  -1.000000 0.000000 0.000000  0.231690 0.499184 0
0  -46.000000 7.000000 22.000000  -1.000000 0.000000 0.000000  0.197846 0.456354 0
0  -46.000000 7.000000 9.000000  -1.000000 0.000000 0.000000  0.231690 0.456479 0
kart_scrap
0  -41.755283 -12.000000 10.954915  -0.951059 0.000000 -0.309010  0.035280 0.899727 0
0  -39.938927 -5.000000 8.454915  -0.587780 0.000000 -0.809021  0.043366 0.881059 0
0  -39.938927 -12.000000 8.454915  -0.587791 0.000000 -0.809013  0.043366 0.899744 0
kart_scrap
0  -41.000000 3.000000 22.000000  0.000000 0.000000 -1.000000  0.889478 0.460812 0
0  -40.000000 -9.000000 22.000000  0.000000 0.000000 -1.000000  0.892145 0.492846 0
0  -41.000000 -9.000000 22.000000  0.000000 0.000000 -1.000000  0.889478 0.492846 0
kart_scrap
0  -28.000000 -7.316270 21.184933  0.000000 -0.984808 -0.173648  0.679626 0.739518 0
0  -42.000000 -8.531807 28.078587  0.000000 -0.984808 -0.173648  0.661151 0.707208 0
0  -42.000000 -7.316270 21.184933  0.000000 -0.984808 -0.173648  0.679626 0.706011 0
kart_scrap
0  -39.938927 -12.000000 8.454915  -0.587791 0.000000 -0.809013  0.310329 0.837566 0
0  -37.000000 -5.000000 7.500000  0.000007 0.000000 -1.000000  0.318156 0.818892 0
0  -37.000000 -12.000000 7.500000  -0.000007 0.000000 -1.000000  0.318157 0.837578 0
kart_scrap
0  -37.000000 -12.000000 17.500000  0.000000 -1.000000 0.000000  0.602661 0.747041 0
0  -41.755283 -12.000000 14.045085  0.000000 -1.000000 0.000000  0.614032 0.756112 0
0  -39.938927 -12.000000 8.454915  0.000000 -1.000000 0.000000  0.609689 0.771087 0
kart_scrap
0  -37.500000 3.000000 22.000000  0.000000 1.000000 0.000000  0.611316 0.934941 0
0  -36.500000 3.000000 30.000000  0.000000 1.000000 0.000000  0.613698 0.913617 0
0  -36.500000 3.000000 22.000000  0.000000 1.000000 0.000000  0.613698 0.934968 0
kart_scrap
0  -36.500000 3.000000 22.000000  1.000000 0.000000 0.000000  0.383694 0.679031 0
0  -36.500000 -9.000000 30.000000  1.000000 0.000000 0.000000  0.405021 0.711060 0
0  -36.500000 -9.000000 22.000000  1.000000 0.000000 0.000000  0.383694 0.711064 0
kart_scrap
0  -36.500000 -9.000000 22.000000  0.000000 -1.000000 0.000000  0.931516 0.611441 0
0  -37.500000 -9.000000 30.000000  0.000000 -1.000000 0.000000  0.933907 0.590061 0
0  -37.500000 -9.000000 22.000000  0.000000 -1.000000 0.000000  0.933907 0.611410 0
kart_scrap
0  -37.500000 3.000000 22.000000  0.000000 0.000000 -1.000000  0.897217 0.676651 0
0  -36.500000 -9.000000 22.000000  0.000000 0.000000 -1.000000  0.899884 0.708684 0
0  -37.500000 -9.000000 22.000000  0.000000 0.000000 -1.000000  0.897217 0.708684 0
kart_scrap
0  -36.500000 3.000000 30.000000  0.000000 0.000000 1.000000  0.108412 0.734207 0
0  -37.500000 -9.000000 30.000000  0.000000 0.000000 1.000000  0.105745 0.702174 0
0  -36.500000 -9.000000 30.000000  0.000000 0.000000 1.000000  0.108412 0.702174 0
kart_scrap
0  -34.000000 -9.000000 22.000000  -1.000000 0.000000 0.000000  0.092173 0.734280 0
0  -34.000000 3.000000 30.000000  -1.000000 0.000000 0.000000  0.071346 0.702174 0
0  -34.000000 3.000000 22.000000  -1.000000 0.000000 0.000000  0.092173 0.702251 0
kart_scrap
0  -34.000000 3.000000 22.000000  0.000000 1.000000 0.000000  0.725363 0.935063 0
0  -33.000000 3.000000 30.000000  0.000000 1.000000 0.000000  0.727745 0.913740 0
0  -33.000000 3.000000 22.000000  0.000000 1.000000 0.000000  0.727745 0.935090 0
kart_scrap
0  -33.000000 3.000000 22.000000  1.000000 0.000000 0.000000  0.343462 0.681864 0
0  -33.000000 -9.000000 30.000000  1.000000 0.000000 0.000000  0.364788 0.713893 0
0  -33.000000 -9.000000 22.000000  1.000000 0.000000 0.000000  0.343462 0.713897 0
kart_scrap
0  -33.000000 -9.000000 22.000000  0.000000 -1.000000 0.000000  0.931129 0.088337 0
0  -34.000000 -9.000000 30.000000  0.000000 -1.000000 0.000000  0.933520 0.066957 0
0  -34.000000 -9.000000 22.000000  0.000000 -1.000000 0.000000  0.933520 0.088306 0
kart_scrap
0  -34.000000 3.000000 22.000000  0.000000 0.000000 -1.000000  0.893264 0.535592 0
0  -33.000000 -9.000000 22.000000  0.000000 0.000000 -1.000000  0.895931 0.567626 0
0  -34.000000 -9.000000 22.000000  0.000000 0.000000 -1.000000  0.893264 0.567626 0
kart_scrap
0  -33.000000 3.000000 30.000000  0.000000 0.000000 1.000000  0.867645 0.892279 0
0  -34.000000 -9.000000 30.000000  0.000000 0.000000 1.000000  0.864978 0.860245 0
0  -33.000000 -9.000000 30.000000  0.000000 0.000000 1.000000  0.867645 0.860245 0
kart_scrap
0  -30.500000 -9.000000 22.000000  -1.000000 0.000000 0.000000  0.057774 0.734280 0
0  -30.500000 3.000000 30.000000  -1.000000 0.000000 0.000000  0.036948 0.702174 0
0  -30.500000 3.000000 22.000000  -1.000000 0.000000 0.000000  0.057774 0.702251 0
kart_scrap
0  -30.500000 3.000000 22.000000  0.000000 1.000000 0.000000  0.741317 0.935063 0
0  -29.500000 3.000000 30.000000  0.000000 1.000000 0.000000  0.743699 0.913740 0
0  -29.500000 3.000000 22.000000  0.000000 1.000000 0.000000  0.743699 0.935090 0
kart_scrap
0  -29.500000 3.000000 22.000000  1.000000 0.000000 0.000000  0.000140 0.684384 0
0  -29.500000 -9.000000 30.000000  1.000000 0.000000 0.000000  0.021466 0.716413 0
0  -29.500000 -9.000000 22.000000  1.000000 0.000000 0.000000  0.000140 0.716417 0
kart_scrap
0  -29.500000 -9.000000 22.000000  0.000000 -1.000000 0.000000  0.931314 0.829987 0
0  -30.500000 -9.000000 30.000000  0.000000 -1.000000 0.000000  0.933706 0.808607 0
0  -30.500000 -9.000000 22.000000  0.000000 -1.000000 0.000000  0.933706 0.829956 0
kart_scrap
0  -30.500000 3.000000 22.000000  0.000000 0.000000 -1.000000  0.897491 0.000000 0
0  -29.500000 -9.000000 22.000000  0.000000 0.000000 -1.000000  0.900158 0.032033 0
0  -30.500000 -9.000000 22.000000  0.000000 0.000000 -1.000000  0.897491 0.032033 0
kart_scrap
0  -29.500000 3.000000 30.000000  0.000000 0.000000 1.000000  0.891063 0.219776 0
0  -30.500000 -9.000000 30.000000  0.000000 0.000000 1.000000  0.888396 0.187742 0
0  -29.500000 -9.000000 30.000000  0.000000 0.000000 1.000000  0.891063 0.187742 0
kart_scrap
0  -28.000000 7.000000 15.500000  1.000000 0.000000 -0.000003  0.592070 0.453040 0
0  -29.336882 10.000000 11.385504  0.809019 0.000000 -0.587782  0.584087 0.463897 0
0  -28.000000 10.000000 15.500000  1.000000 0.000000 0.000003  0.584068 0.453038 0
kart_scrap
0  -29.336882 7.000000 11.385504  0.809015 0.000000 -0.587788  0.891291 0.423587 0
0  -32.836880 10.000000 8.842604  0.309020 0.000000 -0.951055  0.883307 0.432949 0
0  -29.336882 10.000000 11.385504  0.809019 0.000000 -0.587782  0.883289 0.423575 0
kart_scrap
0  -32.836880 7.000000 8.842604  0.309014 0.000000 -0.951057  0.891308 0.432961 0
0  -37.163120 10.000000 8.842604  -0.309014 0.000000 -0.951057  0.883289 0.444497 0
0  -32.836880 10.000000 8.842604  0.309020 0.000000 -0.951055  0.883307 0.432949 0
kart_scrap
0  -37.163120 7.000000 8.842604  -0.309020 0.000000 -0.951055  0.658330 0.886446 0
0  -40.663120 10.000000 11.385504  -0.809015 0.000000 -0.587788  0.666292 0.874961 0
0  -37.163120 10.000000 8.842604  -0.309014 0.000000 -0.951057  0.666331 0.886428 0
kart_scrap
0  -40.663120 7.000000 11.385504  -0.809019 0.000000 -0.587782  0.658291 0.874978 0
0  -42.000000 10.000000 15.500000  -1.000000 0.000000 -0.000003  0.666331 0.864879 0
0  -40.663120 10.000000 11.385504  -0.809015 0.000000 -0.587788  0.666292 0.874961 0
kart_scrap
0  -42.000000 7.000000 15.500000  -1.000000 0.000000 0.000003  0.339681 0.182815 0
0  -40.663120 10.000000 19.614496  -0.809019 0.000000 0.587783  0.347682 0.171330 0
0  -42.000000 10.000000 15.500000  -1.000000 0.000000 -0.000003  0.347682 0.182827 0
kart_scrap
0  -40.663120 7.000000 19.614496  -0.809015 0.000000 0.587788  0.351463 0.818767 0
0  -37.163120 10.000000 22.157396  -0.309020 0.000000 0.951055  0.343480 0.828101 0
0  -40.663120 10.000000 19.614496  -0.809019 0.000000 0.587783  0.343461 0.818767 0
kart_scrap
0  -37.163120 7.000000 22.157396  -0.309014 0.000000 0.951057  0.351481 0.828101 0
0  -32.836880 10.000000 22.157396  0.309014 0.000000 0.951057  0.343480 0.839650 0
0  -37.163120 10.000000 22.157396  -0.309020 0.000000 0.951055  0.343480 0.828101 0
kart_scrap
0  -32.836880 7.000000 22.157396  0.309020 0.000000 0.951055  0.351481 0.839650 0
0  -29.336882 10.000000 19.614496  0.809015 0.000000 0.587788  0.343461 0.849002 0
0  -32.836880 10.000000 22.157396  0.309014 0.000000 0.951057  0.343480 0.839650 0
kart_scrap
0  -29.336882 7.000000 19.614496  0.809019 0.000000 0.587782  0.592089 0.441944 0
0  -28.000000 10.000000 15.500000  1.000000 0.000000 0.000003  0.584068 0.453038 0
0  -29.336882 10.000000 19.614496  0.809015 0.000000 0.587788  0.584087 0.441942 0
kart_scrap
0  -28.000000 10.000000 15.500000  0.624695 0.780869 -0.000002  0.836125 0.140315 0
0  -30.550407 11.200000 12.267181  0.324168 0.916212 -0.235523  0.836732 0.151502 0
0  -29.500000 11.200000 15.500000  0.400694 0.916212 -0.000001  0.832364 0.143731 0
kart_scrap
0  -29.336882 10.000000 11.385504  0.505387 0.780869 -0.367188  0.841685 0.150205 0
0  -33.300407 11.200000 10.269190  0.123820 0.916212 -0.381083  0.836732 0.160428 0
0  -30.550407 11.200000 12.267181  0.324168 0.916212 -0.235523  0.836732 0.151502 0
kart_scrap
0  -32.836880 10.000000 8.842604  0.193039 0.780869 -0.594120  0.841685 0.161565 0
0  -36.699593 11.200000 10.269190  -0.123822 0.916212 -0.381082  0.832364 0.167100 0
0  -33.300407 11.200000 10.269190  0.123820 0.916212 -0.381083  0.836732 0.160428 0
kart_scrap
0  -37.163120 10.000000 8.842604  -0.193043 0.780870 -0.594119  0.225545 0.592614 0
0  -39.449593 11.200000 12.267181  -0.324169 0.916212 -0.235521  0.215815 0.589947 0
0  -36.699593 11.200000 10.269190  -0.123822 0.916212 -0.381082  0.224128 0.588213 0
kart_scrap
0  -40.663120 10.000000 11.385504  -0.505390 0.780869 -0.367185  0.214965 0.594819 0
0  -40.500000 11.200000 15.500000  -0.400694 0.916212 0.000001  0.207502 0.586485 0
0  -39.449593 11.200000 12.267181  -0.324169 0.916212 -0.235521  0.215815 0.589947 0
kart_scrap
0  -42.000000 10.000000 15.500000  -0.624694 0.780869 0.000002  0.204385 0.590414 0
0  -39.449593 11.200000 18.732819  -0.324168 0.916212 0.235523  0.202365 0.579152 0
0  -40.500000 11.200000 15.500000  -0.400694 0.916212 0.000001  0.207502 0.586485 0
kart_scrap
0  -40.663120 10.000000 19.614496  -0.505388 0.780869 0.367188  0.197846 0.581081 0
0  -36.699593 11.200000 20.730810  -0.123820 0.916212 0.381083  0.202365 0.570747 0
0  -39.449593 11.200000 18.732819  -0.324168 0.916212 0.235523  0.202365 0.579152 0
kart_scrap
0  -37.163120 10.000000 22.157396  -0.193039 0.780869 0.594120  0.632253 0.818442 0
0  -33.300407 11.200000 20.730810  0.123822 0.916212 0.381082  0.631966 0.828408 0
0  -36.699593 11.200000 20.730810  -0.123820 0.916212 0.381083  0.628311 0.821598 0
kart_scrap
0  -32.836880 10.000000 22.157396  0.193044 0.780869 0.594119  0.636905 0.827110 0
0  -30.550407 11.200000 18.732819  0.324169 0.916212 0.235521  0.631966 0.837414 0
0  -33.300407 11.200000 20.730810  0.123822 0.916212 0.381082  0.631966 0.828408 0
kart_scrap
0  -29.336882 10.000000 19.614496  0.505390 0.780869 0.367184  0.636905 0.838571 0
0  -29.500000 11.200000 15.500000  0.400694 0.916212 -0.000001  0.628311 0.845175 0
0  -30.550407 11.200000 18.732819  0.324169 0.916212 0.235521  0.631966 0.837414 0
kart_scrap
0  -30.550407 11.200000 12.267181  0.324168 0.916212 -0.235523  0.229266 0.573543 0
0  -35.000000 11.400000 15.500000  -0.000000 1.000000 -0.000000  0.215957 0.576153 0
0  -29.500000 11.200000 15.500000  0.400694 0.916212 -0.000001  0.224128 0.566209 0
kart_scrap
0  -33.300407 11.200000 10.269190  0.123820 0.916212 -0.381083  0.229266 0.581948 0
0  -35.000000 11.400000 15.500000  -0.000000 1.000000 -0.000000  0.215957 0.576153 0
0  -30.550407 11.200000 12.267181  0.324168 0.916212 -0.235523  0.229266 0.573543 0
kart_scrap
0  -36.699593 11.200000 10.269190  -0.123822 0.916212 -0.381082  0.224128 0.588213 0
0  -35.000000 11.400000 15.500000  -0.000000 1.000000 -0.000000  0.215957 0.576153 0
0  -33.300407 11.200000 10.269190  0.123820 0.916212 -0.381083  0.229266 0.581948 0
kart_scrap
0  -39.449593 11.200000 12.267181  -0.324169 0.916212 -0.235521  0.215815 0.589947 0
0  -35.000000 11.400000 15.500000  -0.000000 1.000000 -0.000000  0.215957 0.576153 0
0  -36.699593 11.200000 10.269190  -0.123822 0.916212 -0.381082  0.224128 0.588213 0
kart_scrap
0  -40.500000 11.200000 15.500000  -0.400694 0.916212 0.000001  0.207502 0.586485 0
0  -35.000000 11.400000 15.500000  -0.000000 1.000000 -0.000000  0.215957 0.576153 0
0  -39.449593 11.200000 12.267181  -0.324169 0.916212 -0.235521  0.215815 0.589947 0
kart_scrap
0  -39.449593 11.200000 18.732819  -0.324168 0.916212 0.235523  0.202365 0.579152 0
0  -35.000000 11.400000 15.500000  -0.000000 1.000000 -0.000000  0.215957 0.576153 0
0  -40.500000 11.200000 15.500000  -0.400694 0.916212 0.000001  0.207502 0.586485 0
kart_scrap
0  -36.699593 11.200000 20.730810  -0.123820 0.916212 0.381083  0.202365 0.570747 0
0  -35.000000 11.400000 15.500000  -0.000000 1.000000 -0.000000  0.215957 0.576153 0
0  -39.449593 11.200000 18.732819  -0.324168 0.916212 0.235523  0.202365 0.579152 0
kart_scrap
0  -33.300407 11.200000 20.730810  0.123822 0.916212 0.381082  0.207502 0.564481 0
0  -35.000000 11.400000 15.500000  -0.000000 1.000000 -0.000000  0.215957 0.576153 0
0  -36.699593 11.200000 20.730810  -0.123820 0.916212 0.381083  0.202365 0.570747 0
kart_scrap
0  -30.550407 11.200000 18.732819  0.324169 0.916212 0.235521  0.215815 0.562748 0
0  -35.000000 11.400000 15.500000  -0.000000 1.000000 -0.000000  0.215957 0.576153 0
0  -33.300407 11.200000 20.730810  0.123822 0.916212 0.381082  0.207502 0.564481 0
kart_scrap
0  -29.500000 11.200000 15.500000  0.400694 0.916212 -0.000001  0.224128 0.566209 0
0  -35.000000 11.400000 15.500000  -0.000000 1.000000 -0.000000  0.215957 0.576153 0
0  -30.550407 11.200000 18.732819  0.324169 0.916212 0.235521  0.215815 0.562748 0
kart_scrap
0  29.903801 -17.000000 7.204489  0.058722 -0.707107 -0.704664  0.846931 0.794141 0
0  44.195854 -18.200001 9.599656  0.058722 -0.707107 -0.704664  0.851406 0.757286 0
0  29.804146 -18.200001 8.400344  0.058722 -0.707107 -0.704664  0.851406 0.794330 0
kart_scrap
0  29.804146 -15.800000 8.400344  0.058722 0.707107 -0.704664  0.074543 0.875719 0
0  44.295509 -17.000000 8.403801  0.058722 0.707107 -0.704664  0.078816 0.840547 0
0  29.903801 -17.000000 7.204489  0.058722 0.707107 -0.704664  0.078816 0.875052 0
kart_scrap
0  29.804146 18.200001 8.400344  0.058722 0.707107 -0.704664  0.694739 0.873819 0
0  44.295509 17.000000 8.403801  0.058722 0.707107 -0.704664  0.699012 0.838647 0
0  29.903801 17.000000 7.204489  0.058722 0.707107 -0.704664  0.699012 0.873152 0
kart_scrap
0  44.295509 -17.000000 8.403801  0.996546 0.000000 0.083046  0.260993 0.970239 0
0  44.096199 -17.000000 10.795511  0.996546 0.000000 0.083046  0.256470 0.965717 0
0  44.195854 -18.200001 9.599656  0.996546 -0.000003 0.083046  0.260993 0.965711 0
kart_scrap
0  49.204998 -18.092505 7.666054  0.302387 0.380916 -0.873765  0.016913 0.919688 0
0  55.333202 -11.229522 12.778789  0.302387 0.380919 -0.873764  0.020359 0.895282 0
0  50.266045 -18.830256 7.711631  0.302387 0.380916 -0.873765  0.020359 0.919753 0
kart_scrap
0  29.903801 17.000000 7.204489  0.058722 -0.707107 -0.704664  0.846931 0.844957 0
0  44.195854 15.800000 9.599656  0.058722 -0.707107 -0.704664  0.851406 0.808102 0
0  29.804146 15.800000 8.400344  0.058722 -0.707107 -0.704664  0.851406 0.845146 0
kart_scrap
0  44.295509 17.000000 8.403801  0.996546 -0.000000 0.083046  0.242268 0.970983 0
0  44.096199 17.000000 10.795511  0.996546 -0.000000 0.083046  0.237745 0.966460 0
0  44.195854 15.800000 9.599656  0.996546 -0.000003 0.083046  0.242268 0.966455 0
kart_scrap
0  50.266045 -18.830256 7.711631  0.873812 -0.424883 -0.236488  0.239567 0.923469 0
0  55.289200 -11.925967 13.867460  0.873813 -0.424881 -0.236488  0.243016 0.899266 0
0  50.222042 -19.526701 8.800303  0.873812 -0.424883 -0.236488  0.243016 0.923463 0
kart_scrap
0  29.804146 15.800000 8.400344  -0.058722 -0.707106 0.704665  0.202086 0.842594 0
0  44.096199 17.000000 10.795511  -0.058722 -0.707107 0.704664  0.197846 0.877660 0
0  29.704491 17.000000 9.596199  -0.058722 -0.707106 0.704665  0.197846 0.843315 0
kart_scrap
0  56.159847 -1.024290 13.840035  0.916265 0.108490 0.385602  0.518109 0.841553 0
0  54.470955 13.217382 13.846275  0.916264 0.108489 0.385603  0.514895 0.879411 0
0  55.653030 -0.967498 15.028350  0.916265 0.108490 0.385602  0.514895 0.841440 0
kart_scrap
0  55.334690 11.907129 13.793715  0.304670 0.660561 0.686174  0.903667 0.860376 0
0  49.207577 19.268564 9.427563  0.304671 0.660562 0.686173  0.900353 0.888254 0
0  54.274734 11.667829 14.494719  0.304670 0.660561 0.686174  0.900353 0.860369 0
kart_scrap
0  29.704491 17.000000 9.596199  -0.058722 0.707106 0.704665  0.021363 0.849810 0
0  44.195854 18.200001 9.599656  -0.058722 0.707107 0.704665  0.016913 0.881166 0
0  29.804146 18.200001 8.400344  -0.058722 0.707106 0.704665  0.016913 0.849342 0
kart_scrap
0  29.804146 18.200001 8.400344  -0.996546 0.000000 -0.083046  0.764102 0.966648 0
0  29.804146 15.800000 8.400344  -0.996546 0.000000 -0.083046  0.759694 0.971292 0
0  29.704491 17.000000 9.596199  -0.996546 0.000000 -0.083046  0.759694 0.966852 0
kart_scrap
0  51.864365 9.222326 10.826617  0.737041 -0.523033 -0.428026  0.000140 0.950025 0
0  55.328197 11.931394 13.480822  0.737044 -0.523029 -0.428026  0.003275 0.938349 0
0  51.994862 8.598061 11.814155  0.737041 -0.523034 -0.428026  0.003275 0.950043 0
kart_scrap
0  29.804146 -18.200001 8.400344  -0.058722 -0.707106 0.704665  0.219898 0.842594 0
0  44.096199 -17.000000 10.795511  -0.058722 -0.707107 0.704665  0.215658 0.877660 0
0  29.704491 -17.000000 9.596199  -0.058722 -0.707106 0.704665  0.215658 0.843315 0
kart_scrap
0  -14.922469 -15.419150 5.824610  0.999480 0.000262 0.032237  0.711403 0.567983 0
0  -16.000151 -16.080309 39.242393  0.999480 0.000259 0.032237  0.714604 0.478769 0
0  -14.922781 -16.618994 5.843952  0.999480 0.000262 0.032237  0.714604 0.567983 0
kart_scrap
0  -17.540102 -13.725760 41.386780  -0.679112 -0.366209 0.636158  0.176108 0.565643 0
0  -47.058720 -15.866789 8.642542  -0.679111 -0.366213 0.636158  0.173185 0.668173 0
0  -17.205509 -14.819308 41.114449  -0.679112 -0.366209 0.636158  0.173185 0.566211 0
kart_scrap
0  29.704491 -17.000000 9.596199  -0.058722 0.707107 0.704664  0.480663 0.849752 0
0  44.195854 -15.800000 9.599656  -0.058722 0.707107 0.704665  0.476213 0.881108 0
0  29.804146 -15.800000 8.400344  -0.058722 0.707107 0.704664  0.476213 0.849284 0
kart_scrap
0  29.804146 -18.200001 8.400344  -0.996546 0.000000 -0.083046  0.966103 0.865013 0
0  29.804146 -15.800000 8.400344  -0.996546 0.000000 -0.083046  0.970511 0.860369 0
0  29.903801 -17.000000 7.204489  -0.996546 0.000000 -0.083046  0.970511 0.864809 0
kart_scrap
0  54.922707 -13.141571 12.484800  0.968498 -0.099723 0.228183  0.866340 0.413801 0
0  55.801064 0.964080 14.921329  0.968498 -0.099723 0.228183  0.869717 0.375739 0
0  54.618992 -13.220800 13.739257  0.968498 -0.099723 0.228183  0.869717 0.413745 0
kart_scrap
0  50.222042 -19.526701 8.800303  0.237659 -0.643514 0.727604  0.904635 0.215129 0
0  54.200954 -11.618644 14.494719  0.237658 -0.643513 0.727605  0.907857 0.187975 0
0  49.133797 -19.219378 9.427562  0.237659 -0.643514 0.727604  0.907857 0.215362 0
kart_scrap
0  51.000000 10.000000 11.000000  0.122183 0.343418 -0.931201  0.322932 0.085085 0
0  55.197701 12.555659 12.493284  0.122183 0.343416 -0.931202  0.326029 0.072312 0
0  51.864365 9.222326 10.826617  0.122183 0.343419 -0.931201  0.326029 0.084924 0
kart_scrap
0  49.133797 -19.219378 9.427562  -0.485072 -0.727607 -0.485071  0.963897 0.758373 0
0  48.505230 -18.332994 8.726558  -0.485074 -0.727603 -0.485073  0.966815 0.757097 0
0  49.204998 -18.092505 7.666054  -0.485073 -0.727606 -0.485071  0.968618 0.759723 0
kart_scrap
0  49.133797 -19.219378 9.427562  -0.726931 0.027173 0.686173  0.913456 0.742858 0
0  53.572384 -10.732262 13.793715  -0.726930 0.027172 0.686173  0.916656 0.716573 0
0  48.505230 -18.332994 8.726558  -0.726931 0.027173 0.686173  0.916656 0.742369 0
kart_scrap
0  53.825462 -12.994446 11.816525  0.522654 0.027455 -0.852103  0.400002 0.882855 0
0  56.104778 1.043309 13.666872  0.522654 0.027453 -0.852103  0.402959 0.844981 0
0  54.922707 -13.141571 12.484800  0.522654 0.027455 -0.852103  0.402959 0.882994 0
kart_scrap
0  54.618992 -13.220800 13.739257  0.075911 -0.089086 0.993127  0.459175 0.831195 0
0  54.516117 1.062241 15.028349  0.075908 -0.089087 0.993127  0.455737 0.869160 0
0  53.334042 -13.122639 13.846276  0.075911 -0.089086 0.993127  0.455737 0.831171 0
kart_scrap
0  48.505230 -18.332994 8.726558  -0.686928 0.660303 -0.303528  0.514895 0.918499 0
0  54.272152 -10.491772 12.733212  -0.686926 0.660304 -0.303529  0.518337 0.893108 0
0  49.204998 -18.092505 7.666054  -0.686928 0.660303 -0.303528  0.518337 0.918405 0
kart_scrap
0  54.272152 -10.491772 12.733212  0.485072 0.727606 0.485072  0.421523 0.969337 0
0  53.572384 -10.732262 13.793715  0.485070 0.727608 0.485071  0.418243 0.968270 0
0  54.200954 -11.618644 14.494719  0.485070 0.727608 0.485071  0.418243 0.964826 0
kart_scrap
0  51.994862 8.598061 11.814155  0.333334 -0.666667 0.666666  0.675330 0.950553 0
0  54.544483 12.323251 14.264535  0.333334 -0.666666 0.666667  0.678337 0.937419 0
0  51.211147 8.989917 12.597868  0.333334 -0.666667 0.666666  0.678337 0.950663 0
kart_scrap
0  53.334042 -13.122639 13.846276  -0.082761 -0.993127 -0.082760  0.519847 0.964798 0
0  52.843616 -12.982744 12.657963  -0.082761 -0.993127 -0.082761  0.519847 0.968234 0
0  53.825462 -12.994446 11.816525  -0.082761 -0.993127 -0.082761  0.516787 0.969408 0
kart_scrap
0  53.334042 -13.122639 13.846276  -0.921583 0.044666 0.385602  0.864978 0.846662 0
0  54.025688 1.202136 13.840034  -0.921583 0.044665 0.385604  0.868378 0.808608 0
0  52.843616 -12.982744 12.657963  -0.921584 0.044666 0.385602  0.868378 0.846616 0
kart_scrap
0  55.189606 -1.175263 12.998597  0.655890 -0.008243 -0.754811  0.881950 0.846786 0
0  54.977772 13.160591 12.657961  0.655891 -0.008244 -0.754811  0.884573 0.808607 0
0  56.159847 -1.024290 13.840035  0.655890 -0.008243 -0.754811  0.884573 0.846591 0
kart_scrap
0  55.653030 -0.967498 15.028350  -0.089609 0.075294 0.993127  0.442165 0.831194 0
0  53.187485 13.101508 13.739255  -0.089608 0.075293 0.993127  0.438729 0.869176 0
0  54.369556 -1.083372 14.921329  -0.089609 0.075294 0.993127  0.438729 0.831171 0
kart_scrap
0  52.843616 -12.982744 12.657963  -0.645479 0.116691 -0.754812  0.864978 0.795010 0
0  55.007538 1.190435 12.998596  -0.645478 0.116690 -0.754812  0.868425 0.757112 0
0  53.825462 -12.994446 11.816525  -0.645479 0.116691 -0.754812  0.868425 0.795024 0
kart_scrap
0  56.104778 1.043309 13.666872  0.082761 0.993127 0.082760  0.164310 0.969441 0
0  55.007538 1.190435 12.998596  0.082760 0.993127 0.082760  0.161312 0.969441 0
0  54.025688 1.202136 13.840034  0.082761 0.993127 0.082760  0.160743 0.966239 0
kart_scrap
0  52.070377 -8.810303 11.238640  0.531031 0.111009 -0.840049  0.916533 0.040217 0
0  54.788853 -13.010083 12.402132  0.531033 0.111007 -0.840048  0.913730 0.053269 0
0  51.455517 -9.676749 10.735465  0.531031 0.111009 -0.840050  0.913730 0.040685 0
kart_scrap
0  54.083145 -1.211778 13.666874  0.082760 -0.993127 0.082761  0.956422 0.661593 0
0  55.189606 -1.175263 12.998597  0.082760 -0.993127 0.082761  0.953285 0.662958 0
0  56.159847 -1.024290 13.840035  0.082760 -0.993127 0.082761  0.951346 0.660648 0
kart_scrap
0  54.369556 -1.083372 14.921329  -0.971645 -0.061954 0.228183  0.798050 0.827862 0
0  52.901073 12.973103 12.484799  -0.971645 -0.061955 0.228183  0.794601 0.865948 0
0  54.083145 -1.211778 13.666874  -0.971645 -0.061954 0.228183  0.794601 0.827861 0
kart_scrap
0  55.287537 11.168694 12.733211  0.873715 0.380121 -0.303531  0.260029 0.899791 0
0  50.267532 19.507866 8.726558  0.873714 0.380123 -0.303531  0.256588 0.923986 0
0  55.334690 11.907129 13.793715  0.873715 0.380120 -0.303531  0.256588 0.899913 0
kart_scrap
0  54.274734 11.667829 14.494719  -0.685417 0.028123 0.727607  0.916781 0.000573 0
0  48.505337 18.382231 8.800303  -0.685417 0.028127 0.727607  0.913730 0.026061 0
0  53.572495 10.781496 13.867459  -0.685417 0.028122 0.727607  0.913730 0.000000 0
kart_scrap
0  54.083145 -1.211778 13.666874  -0.510902 -0.113584 -0.852102  0.056938 0.875162 0
0  54.007530 13.009617 11.816523  -0.510903 -0.113584 -0.852101  0.060314 0.837257 0
0  55.189606 -1.175263 12.998597  -0.510902 -0.113584 -0.852102  0.060314 0.875073 0
kart_scrap
0  54.470955 13.217382 13.846275  -0.082761 0.993127 -0.082761  0.182303 0.964176 0
0  54.977772 13.160591 12.657961  -0.082761 0.993127 -0.082761  0.185030 0.966180 0
0  54.007530 13.009617 11.816523  -0.082761 0.993127 -0.082761  0.184210 0.969422 0
kart_scrap
0  49.207577 19.268564 9.427563  -0.485072 0.727607 -0.485071  0.120083 0.965644 0
0  50.267532 19.507866 8.726558  -0.485071 0.727611 -0.485066  0.123169 0.964249 0
0  50.220379 18.769428 7.666054  -0.485071 0.727608 -0.485069  0.125076 0.966612 0
kart_scrap
0  -16.960770 -11.200000 48.199997  1.000000 0.000000 0.000000  0.421958 0.818174 0
0  -16.960770 11.200000 49.400002  1.000000 0.000000 0.000000  0.425157 0.758378 0
0  -16.960770 -11.200000 49.399998  1.000000 0.000000 0.000000  0.425157 0.818174 0
kart_scrap
0  53.572495 10.781496 13.867459  -0.728282 -0.643179 -0.236487  0.166226 0.893867 0
0  49.131283 18.073750 7.711631  -0.728283 -0.643178 -0.236487  0.162778 0.919151 0
0  54.198441 10.473014 12.778788  -0.728282 -0.643179 -0.236487  0.162778 0.893902 0
kart_scrap
0  -16.877687 -14.972719 36.391582  0.515266 0.782055 -0.350558  0.860108 0.574460 0
0  -17.051350 -8.901812 49.679798  0.515265 0.782056 -0.350559  0.863306 0.535592 0
0  -15.853997 -15.487249 36.748398  0.515266 0.782055 -0.350558  0.863306 0.574458 0
kart_scrap
0  -16.960770 -11.200000 49.399998  0.500005 -0.000000 0.866023  0.786538 0.302360 0
0  -18.000000 11.200000 50.000000  0.499992 -0.000000 0.866030  0.783764 0.362152 0
0  -18.000000 -11.200000 50.000000  0.500005 0.000000 0.866022  0.783764 0.302356 0
kart_scrap
0  54.198441 10.473014 12.778788  0.235315 -0.425633 -0.873764  0.183213 0.894088 0
0  50.220379 18.769428 7.666054  0.235314 -0.425632 -0.873764  0.179798 0.918687 0
0  55.287537 11.168694 12.733211  0.235316 -0.425633 -0.873764  0.179798 0.893867 0
kart_scrap
0  53.572495 10.781496 13.867459  0.485072 -0.727607 0.485071  0.793435 0.963664 0
0  54.198441 10.473014 12.778788  0.485072 -0.727607 0.485071  0.795446 0.966462 0
0  55.287537 11.168694 12.733211  0.485072 -0.727606 0.485071  0.793435 0.969248 0
kart_scrap
0  -18.497440 8.464083 49.322983  0.182006 -0.882932 -0.432788  0.874744 0.129545 0
0  -16.124264 15.200779 36.577484  0.182005 -0.882932 -0.432788  0.871573 0.167844 0
0  -17.321617 8.615343 49.508888  0.182006 -0.882931 -0.432788  0.871573 0.129475 0
kart_scrap
0  51.994862 8.598061 11.814155  -0.666666 -0.666667 -0.333334  0.933320 0.967283 0
0  51.211147 8.989917 12.597868  -0.666666 -0.666666 -0.333335  0.933320 0.964146 0
0  50.596291 9.856363 12.094693  -0.666666 -0.666667 -0.333334  0.936009 0.963203 0
kart_scrap
0  51.211147 8.989917 12.597868  -0.531032 0.111007 0.840049  0.259384 0.937569 0
0  53.929623 13.189697 13.761360  -0.531032 0.111008 0.840049  0.256588 0.950619 0
0  50.596291 9.856363 12.094693  -0.531032 0.111007 0.840049  0.256589 0.938047 0
kart_scrap
0  51.666668 -8.666666 12.333333  0.661528 0.735274 0.147488  0.846575 0.950743 0
0  55.403709 -12.143637 12.905307  0.661530 0.735273 0.147488  0.849474 0.937346 0
0  52.070377 -8.810303 11.238640  0.661528 0.735274 0.147488  0.849474 0.950664 0
kart_scrap
0  51.455517 -9.676749 10.735465  -0.333334 -0.666665 -0.666668  0.949854 0.387549 0
0  54.005138 -13.401939 13.185845  -0.333333 -0.666668 -0.666665  0.952749 0.375739 0
0  50.671803 -10.068606 11.519178  -0.333335 -0.666664 -0.666668  0.952749 0.386887 0
kart_scrap
0  50.596291 9.856363 12.094693  -0.661529 0.735273 -0.147487  0.322273 0.184122 0
0  54.333332 13.333334 12.666667  -0.661529 0.735273 -0.147488  0.325408 0.171317 0
0  51.000000 10.000000 11.000000  -0.661529 0.735273 -0.147487  0.325408 0.184099 0
kart_scrap
0  54.333332 13.333334 12.666667  0.666667 0.666666 0.333334  0.397789 0.966291 0
0  54.544483 12.323251 14.264535  0.666666 0.666668 0.333333  0.402534 0.967967 0
0  55.328197 11.931394 13.480822  0.666665 0.666668 0.333333  0.400722 0.970434 0
kart_scrap
0  51.455517 -9.676749 10.735465  -0.666667 0.666666 -0.333334  0.909386 0.173931 0
0  50.802299 -9.444341 12.506716  -0.666667 0.666667 -0.333333  0.910549 0.169145 0
0  51.666668 -8.666666 12.333333  -0.666665 0.666668 -0.333333  0.912960 0.170973 0
kart_scrap
0  50.671803 -10.068606 11.519178  -0.737043 -0.523031 0.428026  0.951346 0.644272 0
0  54.135635 -12.777674 14.173383  -0.737042 -0.523031 0.428027  0.954472 0.633136 0
0  50.802299 -9.444341 12.506716  -0.737043 -0.523031 0.428025  0.954472 0.644130 0
kart_scrap
0  -15.961003 -14.819498 5.781437  0.499966 0.866043 0.002160  0.728255 0.673559 0
0  -15.999839 -14.880466 39.223053  0.499967 0.866042 0.002160  0.731455 0.590065 0
0  -14.922469 -15.419150 5.824610  0.499966 0.866043 0.002160  0.731455 0.673562 0
kart_scrap
0  -14.922781 -16.618994 5.843952  0.499516 -0.865782 0.030078  0.738447 0.384918 0
0  -17.038996 -16.680502 39.218563  0.499515 -0.865783 0.030078  0.741645 0.302398 0
0  -15.961627 -17.219187 5.820122  0.499516 -0.865782 0.030078  0.741645 0.384960 0
kart_scrap
0  50.802299 -9.444341 12.506716  -0.122184 0.343417 0.931202  0.847436 0.743211 0
0  55.000000 -12.000000 14.000000  -0.122184 0.343416 0.931202  0.850535 0.730462 0
0  51.666668 -8.666666 12.333333  -0.122184 0.343417 0.931201  0.850535 0.743051 0
kart_scrap
0  55.403709 -12.143637 12.905307  0.666666 -0.666667 0.333334  0.274565 0.969678 0
0  55.000000 -12.000000 14.000000  0.666667 -0.666667 0.333333  0.274565 0.966569 0
0  54.135635 -12.777674 14.173383  0.666668 -0.666665 0.333334  0.277445 0.965711 0
kart_scrap
0  -18.000000 -11.200000 47.599998  0.499998 0.000000 -0.866026  0.831085 0.736453 0
0  -16.960770 11.200000 48.200001  0.499998 0.000000 -0.866026  0.833864 0.676650 0
0  -16.960770 -11.200000 48.199997  0.499998 0.000000 -0.866026  0.833864 0.736446 0
kart_scrap
0  53.000000 7.000000 9.000000  0.000000 1.000000 0.000000  0.016913 0.949349 0
0  54.199997 7.000000 15.000000  0.000000 1.000000 0.000000  0.019772 0.933369 0
0  54.199997 7.000000 9.000000  0.000000 1.000000 0.000000  0.019772 0.949381 0
kart_scrap
0  -15.961627 -17.219187 5.820122  -0.499966 -0.866042 -0.002159  0.711738 0.156140 0
0  -18.077530 -16.080851 39.175392  -0.499965 -0.866043 -0.002159  0.714932 0.066963 0
0  -17.000162 -16.619534 5.776949  -0.499966 -0.866042 -0.002160  0.714932 0.156146 0
kart_scrap
0  -18.077219 -14.881006 39.156048  -0.032238 0.016119 0.999350  0.343462 0.966776 0
0  -18.077530 -16.080851 39.175392  -0.032238 0.016120 0.999350  0.343462 0.963573 0
0  -17.038996 -16.680502 39.218563  -0.032236 0.016119 0.999350  0.346232 0.961973 0
kart_scrap
0  -16.922853 9.608541 50.051605  0.757575 0.550626 0.350559  0.874824 0.187742 0
0  -16.502560 17.035917 37.477020  0.757571 0.550631 0.350559  0.871763 0.226499 0
0  -17.699913 10.450480 50.408421  0.757575 0.550626 0.350559  0.871763 0.187840 0
kart_scrap
0  -17.000162 -16.619534 5.776949  -0.999480 -0.000262 -0.032237  0.728176 0.565198 0
0  -18.077219 -14.881006 39.156048  -0.999480 -0.000260 -0.032237  0.731376 0.478769 0
0  -16.999849 -15.419690 5.757607  -0.999480 -0.000262 -0.032237  0.731376 0.565182 0
kart_scrap
0  -15.877634 -16.557247 37.291115  0.481151 -0.762356 0.432789  0.864054 0.038847 0
0  -18.122313 -10.527281 50.408421  0.481151 -0.762357 0.432789  0.867247 0.000000 0
0  -16.924961 -17.112717 37.477020  0.481151 -0.762356 0.432789  0.867247 0.038838 0
kart_scrap
0  -15.853997 -15.487249 36.748398  0.996419 0.019696 0.082230  0.864142 0.715462 0
0  -17.074986 -9.971811 50.222519  0.996419 0.019698 0.082230  0.867343 0.676651 0
0  -15.877634 -16.557247 37.291115  0.996419 0.019696 0.082230  0.867343 0.715462 0
kart_scrap
0  -16.999849 -15.419690 5.757607  -0.499515 0.865783 -0.030078  0.711526 0.276955 0
0  -17.038372 -14.280813 39.179878  -0.499516 0.865782 -0.030078  0.714722 0.187744 0
0  -15.961003 -14.819498 5.781437  -0.499515 0.865783 -0.030078  0.714722 0.276956 0
kart_scrap
0  -16.999849 -15.419690 5.757607  0.032237 -0.016119 -0.999350  0.560538 0.963394 0
0  -15.961003 -14.819498 5.781437  0.032237 -0.016119 -0.999350  0.563309 0.961792 0
0  -14.922469 -15.419150 5.824610  0.032237 -0.016119 -0.999350  0.566079 0.963391 0
kart_scrap
0  -16.924961 -17.112717 37.477020  -0.515265 -0.782055 0.350560  0.000140 0.885099 0
0  -19.146004 -10.012751 50.051605  -0.515266 -0.782055 0.350558  0.003341 0.849342 0
0  -17.948650 -16.598188 37.120205  -0.515265 -0.782055 0.350560  0.003341 0.885097 0
kart_scrap
0  -17.181839 14.289465 39.175392  0.392856 -0.919597 -0.002160  0.748135 0.478769 0
0  -15.001627 15.299187 5.820120  0.392855 -0.919598 -0.002159  0.744948 0.560457 0
0  -16.078997 14.760502 39.218567  0.392856 -0.919597 -0.002160  0.744948 0.478888 0
kart_scrap
0  -17.948650 -16.598188 37.120205  0.082229 -0.452265 -0.888085  0.952462 0.326995 0
0  -17.925014 -15.528189 36.577484  0.082233 -0.452266 -0.888084  0.952462 0.324145 0
0  -16.877687 -14.972719 36.391582  0.082230 -0.452266 -0.888084  0.955223 0.322610 0
kart_scrap
0  -17.948650 -16.598188 37.120205  -0.996419 -0.019697 -0.082230  0.098593 0.881297 0
0  -19.122366 -8.942752 49.508888  -0.996419 -0.019694 -0.082230  0.101763 0.843710 0
0  -17.925014 -15.528189 36.577484  -0.996419 -0.019697 -0.082230  0.101763 0.881180 0
kart_scrap
0  -17.321617 8.615343 49.508888  0.939581 -0.332303 -0.082230  0.875906 0.460868 0
0  -15.725501 16.193979 37.120205  0.939582 -0.332301 -0.082230  0.872900 0.499633 0
0  -16.922853 9.608541 50.051605  0.939581 -0.332304 -0.082230  0.872900 0.460812 0
kart_scrap
0  -17.998373 16.200813 39.179878  -0.992335 0.119860 -0.030078  0.731466 0.187742 0
0  -17.064157 15.548306 5.757605  -0.992336 0.119852 -0.030078  0.728294 0.274249 0
0  -18.141527 15.009622 39.156052  -0.992335 0.119860 -0.030078  0.728294 0.187848 0
kart_scrap
0  -17.925014 -15.528189 36.577484  -0.481149 0.762357 -0.432790  0.239817 0.885646 0
0  -18.075039 -8.387282 49.322983  -0.481154 0.762355 -0.432788  0.243016 0.850423 0
0  -16.877687 -14.972719 36.391582  -0.481148 0.762358 -0.432790  0.243016 0.885683 0
kart_scrap
0  -18.075039 -8.387282 49.322983  -0.082227 0.452265 0.888085  0.900237 0.115752 0
0  -19.122366 -8.942752 49.508888  -0.082236 0.452264 0.888085  0.897477 0.114205 0
0  -19.146004 -10.012751 50.051605  -0.082230 0.452265 0.888085  0.897477 0.111344 0
kart_scrap
0  -18.000000 -11.200000 50.000000  -0.499998 -0.000000 0.866026  0.783764 0.302356 0
0  -19.039230 11.200000 49.400002  -0.499998 -0.000000 0.866026  0.780994 0.362156 0
0  -19.039230 -11.200000 49.399998  -0.499998 -0.000000 0.866026  0.780994 0.302360 0
kart_scrap
0  -17.303944 13.204728 41.152859  -0.060836 -0.997865 0.023741  0.534190 0.529427 0
0  -46.294491 14.180692 7.885553  -0.060836 -0.997865 0.023739  0.531166 0.642113 0
0  -16.441280 13.133211 40.357460  -0.060836 -0.997865 0.023741  0.531166 0.529674 0
kart_scrap
0  -19.039230 -11.200000 48.199997  0.000000 -1.000000 0.000000  0.002846 0.969507 0
0  -18.000000 -11.200000 47.599998  0.000000 -1.000000 0.000000  0.000140 0.968275 0
0  -16.960770 -11.200000 48.199997  0.000000 -1.000000 0.000000  0.000140 0.965335 0
kart_scrap
0  -19.039230 -11.200000 49.399998  -1.000000 -0.000000 0.000000  0.822145 0.247530 0
0  -19.039230 11.200000 48.200001  -1.000000 -0.000000 0.000000  0.825269 0.187754 0
0  -19.039230 -11.200000 48.199997  -1.000000 -0.000000 0.000000  0.825269 0.247542 0
kart_scrap
0  -18.141527 15.009622 39.156052  -0.599481 -0.799739 -0.032237  0.724875 0.302356 0
0  -16.104469 14.828150 5.776947  -0.599479 -0.799741 -0.032237  0.721728 0.391571 0
0  -17.181839 14.289465 39.175392  -0.599481 -0.799739 -0.032237  0.721728 0.302357 0
kart_scrap
0  -16.762558 14.974125 40.712212  -0.382114 0.843048 0.378495  0.445171 0.535613 0
0  -47.355717 15.389956 8.900205  -0.382114 0.843049 0.378493  0.442114 0.646536 0
0  -17.502502 14.342475 41.372108  -0.382114 0.843048 0.378495  0.442114 0.535852 0
kart_scrap
0  -19.039230 -11.200000 48.199997  -0.499998 0.000000 -0.866026  0.822448 0.520612 0
0  -18.000000 11.200000 47.599998  -0.499998 0.000000 -0.866026  0.825569 0.460812 0
0  -18.000000 -11.200000 47.599998  -0.499998 0.000000 -0.866026  0.825569 0.520605 0
kart_scrap
0  -19.039230 11.200000 48.200001  0.000000 1.000000 0.000000  0.475836 0.967357 0
0  -19.039230 11.200000 49.400002  0.000000 1.000000 0.000000  0.475836 0.964154 0
0  -16.960770 11.200000 49.400002  0.000000 1.000000 0.000000  0.480788 0.964211 0
kart_scrap
0  -17.699913 10.450480 50.408421  -0.182007 0.882931 0.432789  0.884983 0.757543 0
0  -17.678383 16.884657 37.291115  -0.182006 0.882932 0.432788  0.881997 0.792941 0
0  -18.875736 10.299221 50.222519  -0.182007 0.882931 0.432789  0.881997 0.757097 0
kart_scrap
0  54.199997 7.000000 15.000000  0.000000 0.000000 1.000000  0.125461 0.884238 0
0  53.000000 -7.000000 15.000000  0.000000 0.000000 1.000000  0.122260 0.846866 0
0  54.199997 -7.000000 15.000000  0.000000 0.000000 1.000000  0.125461 0.846866 0
kart_scrap
0  -17.321617 8.615343 49.508888  -0.082230 -0.452266 0.888085  0.968254 0.681587 0
0  -16.922853 9.608541 50.051605  -0.082229 -0.452265 0.888085  0.965766 0.682978 0
0  -18.875736 10.299221 50.222519  -0.082231 -0.452266 0.888084  0.963277 0.678041 0
kart_scrap
0  -18.875736 10.299221 50.222519  -0.939581 0.332304 0.082230  0.883919 0.000000 0
0  -18.077147 15.891459 36.748398  -0.939581 0.332303 0.082230  0.880819 0.037529 0
0  -19.274500 9.306022 49.679798  -0.939581 0.332304 0.082230  0.880819 0.000225 0
kart_scrap
0  -17.502502 14.342475 41.372108  -0.716709 -0.250494 0.650831  0.664211 0.478776 0
0  -47.157154 14.252209 8.680955  -0.716708 -0.250502 0.650829  0.661151 0.581135 0
0  -17.303944 13.204728 41.152859  -0.716709 -0.250494 0.650831  0.661151 0.479119 0
kart_scrap
0  54.199997 -7.000000 9.000000  0.000000 -1.000000 0.000000  0.745255 0.172940 0
0  53.000000 -7.000000 15.000000  0.000000 -1.000000 0.000000  0.748124 0.156891 0
0  53.000000 -7.000000 9.000000  0.000000 -1.000000 0.000000  0.748124 0.172903 0
kart_scrap
0  -19.274500 9.306022 49.679798  -0.757573 -0.550629 -0.350559  0.259542 0.850387 0
0  -17.300087 15.049520 36.391582  -0.757573 -0.550629 -0.350558  0.256588 0.886208 0
0  -18.497440 8.464083 49.322983  -0.757573 -0.550629 -0.350559  0.256588 0.850903 0
kart_scrap
0  -15.725501 16.193979 37.120205  0.082233 0.452265 -0.888084  0.968447 0.701447 0
0  -17.300087 15.049520 36.391582  0.082229 0.452266 -0.888085  0.963277 0.700852 0
0  -17.678383 16.884657 37.291115  0.082229 0.452266 -0.888084  0.965862 0.696562 0
kart_scrap
0  -16.078997 14.760502 39.218567  0.992335 -0.119857 0.030078  0.427905 0.633288 0
0  -14.858473 16.490379 5.843950  0.992336 -0.119856 0.030078  0.424726 0.722502 0
0  -15.935843 15.951694 39.242393  0.992335 -0.119857 0.030078  0.424726 0.633288 0
kart_scrap
0  -29.661003 -4.361002 25.760767  -0.103072 0.262953 0.959287  0.611316 0.899905 0
0  -36.571083 -13.046915 27.399227  -0.103072 0.262953 0.959287  0.614666 0.870453 0
0  -28.745239 -5.221073 26.094919  -0.103072 0.262953 0.959287  0.614666 0.900007 0
kart_scrap
0  -18.141527 15.009622 39.156052  -0.032235 -0.016117 0.999350  0.965144 0.716573 0
0  -17.181839 14.289465 39.175392  -0.032238 -0.016118 0.999350  0.967915 0.718174 0
0  -15.935843 15.951694 39.242393  -0.032239 -0.016118 0.999350  0.965144 0.722975 0
kart_scrap
0  -15.935843 15.951694 39.242393  0.599479 0.799741 0.032237  0.731683 0.067099 0
0  -15.818161 17.210535 5.824608  0.599482 0.799739 0.032237  0.728504 0.149545 0
0  -16.895531 16.671850 39.223053  0.599479 0.799741 0.032237  0.728504 0.066957 0
kart_scrap
0  54.199997 7.000000 9.000000  1.000000 0.000000 0.000000  0.628311 0.716839 0
0  54.199997 -7.000000 15.000000  1.000000 0.000000 0.000000  0.644305 0.754209 0
0  54.199997 -7.000000 9.000000  1.000000 0.000000 0.000000  0.628311 0.754211 0
kart_scrap
0  -16.106686 14.226758 40.085121  0.676609 -0.023741 0.735960  0.369260 0.971980 0
0  -16.762558 14.974125 40.712212  0.676608 -0.023740 0.735961  0.369221 0.974632 0
0  -17.502502 14.342475 41.372108  0.676609 -0.023742 0.735960  0.366621 0.974632 0
kart_scrap
0  -16.895531 16.671850 39.223053  -0.392855 0.919598 0.002159  0.714683 0.590066 0
0  -16.921003 16.739498 5.781435  -0.392854 0.919598 0.002159  0.711489 0.679253 0
0  -17.998373 16.200813 39.179878  -0.392855 0.919598 0.002159  0.711489 0.590061 0
kart_scrap
0  -16.104469 14.828150 5.776947  0.032237 0.016118 -0.999350  0.962744 0.507136 0
0  -16.921003 16.739498 5.781435  0.032237 0.016118 -0.999350  0.959973 0.502330 0
0  -14.858473 16.490379 5.843950  0.032237 0.016118 -0.999350  0.965515 0.502333 0
kart_scrap
0  -16.441280 13.133211 40.357460  0.679110 -0.366216 -0.636156  0.517595 0.529427 0
0  -45.959900 15.274240 7.613218  0.679109 -0.366219 -0.636156  0.514895 0.645882 0
0  -16.106686 14.226758 40.085121  0.679110 -0.366216 -0.636156  0.514895 0.529688 0
kart_scrap
0  -16.884230 -12.978394 40.759693  -0.480551 0.771530 0.416908  0.647416 0.066957 0
0  -47.393314 -14.773242 8.914877  -0.480551 0.771530 0.416909  0.644472 0.179657 0
0  -17.540102 -13.725760 41.386780  -0.480551 0.771530 0.416908  0.644472 0.067281 0
kart_scrap
0  -17.205509 -14.819308 41.114449  0.060836 -0.997865 -0.023740  0.461637 0.535613 0
0  -46.196056 -15.795272 7.847141  0.060836 -0.997865 -0.023740  0.458743 0.646775 0
0  -16.342846 -14.747791 40.319046  0.060836 -0.997865 -0.023740  0.458743 0.536023 0
kart_scrap
0  -16.106686 14.226758 40.085121  0.480549 0.771532 -0.416907  0.594550 0.066957 0
0  -46.615768 16.021606 8.240307  0.480550 0.771531 -0.416908  0.591420 0.184624 0
0  -16.762558 14.974125 40.712212  0.480549 0.771532 -0.416907  0.591420 0.066966 0
kart_scrap
0  -47.157154 14.252209 8.680955  -0.676609 0.023743 -0.735960  0.593134 0.965019 0
0  -46.615768 16.021606 8.240307  -0.676609 0.023740 -0.735960  0.596116 0.969127 0
0  -45.959900 15.274240 7.613218  -0.676610 0.023742 -0.735959  0.593134 0.970097 0
kart_scrap
0  -47.393314 -14.773242 8.914877  -0.676609 -0.023741 -0.735959  0.611530 0.965019 0
0  -46.737442 -14.025875 8.287788  -0.676609 -0.023745 -0.735959  0.614511 0.965990 0
0  -45.997498 -14.657525 7.627892  -0.676609 -0.023742 -0.735959  0.614511 0.969128 0
kart_scrap
0  53.000000 -7.000000 9.000000  -1.000000 0.000000 0.000000  0.359082 0.764905 0
0  53.000000 7.000000 15.000000  -1.000000 0.000000 0.000000  0.343462 0.727480 0
0  53.000000 7.000000 9.000000  -1.000000 0.000000 0.000000  0.359082 0.727538 0
kart_scrap
0  -16.342846 -14.747791 40.319046  0.716709 -0.250501 -0.650829  0.647579 0.478776 0
0  -45.997498 -14.657525 7.627892  0.716708 -0.250499 -0.650830  0.645083 0.594549 0
0  -16.144283 -13.610044 40.099796  0.716709 -0.250501 -0.650829  0.645083 0.479157 0
kart_scrap
0  53.000000 7.000000 9.000000  0.000000 0.000000 -1.000000  0.139033 0.846866 0
0  54.199997 -7.000000 9.000000  0.000000 0.000000 -1.000000  0.142233 0.884238 0
0  53.000000 -7.000000 9.000000  0.000000 0.000000 -1.000000  0.139033 0.884238 0
kart_scrap
0  -16.144283 -13.610044 40.099796  0.382114 0.843049 -0.378493  0.479342 0.482919 0
0  -46.737442 -14.025875 8.287788  0.382115 0.843048 -0.378495  0.476213 0.600267 0
0  -16.884230 -12.978394 40.759693  0.382114 0.843049 -0.378493  0.476213 0.482902 0
kart_scrap
0  -17.540102 -13.725760 41.386780  0.676611 0.023741 0.735958  0.834534 0.658180 0
0  -17.205509 -14.819308 41.114449  0.676609 0.023746 0.735959  0.835990 0.660216 0
0  -16.342846 -14.747791 40.319046  0.676609 0.023741 0.735959  0.834534 0.662984 0
kart_scrap
0  -34.598385 -11.294844 26.958241  0.223510 -0.155297 0.962250  0.884672 0.336533 0
0  -46.898346 -15.054836 29.208426  0.223510 -0.155298 0.962250  0.888070 0.302356 0
0  -34.396496 -12.554466 26.708055  0.223510 -0.155297 0.962250  0.888070 0.336402 0
kart_scrap
0  -34.396496 -12.554466 26.708055  0.246246 -0.916777 0.314458  0.883289 0.409906 0
0  -47.049038 -15.509808 28.000000  0.246247 -0.916776 0.314459  0.886720 0.375825 0
0  -34.547188 -13.009438 25.499630  0.246246 -0.916777 0.314458  0.886720 0.409992 0
kart_scrap
0  -28.745239 -5.221073 26.094919  0.558519 -0.441480 0.702248  0.901771 0.757513 0
0  -35.997158 -13.772991 26.486305  0.558523 -0.441478 0.702246  0.898555 0.785277 0
0  -28.171316 -5.947149 25.181999  0.558519 -0.441480 0.702248  0.898555 0.757097 0
kart_scrap
0  -34.950962 -10.490192 26.000000  -0.022737 0.761476 0.647794  0.897477 0.096447 0
0  -47.100235 -13.795214 29.458611  -0.022737 0.761479 0.647791  0.900921 0.066957 0
0  -34.598385 -11.294844 26.958241  -0.022737 0.761476 0.647794  0.900921 0.096230 0
kart_scrap
0  -44.799999 -12.700000 27.500000  0.192308 0.866025 0.461539  0.921429 0.211270 0
0  -52.766987 -13.350000 32.039230  0.192308 0.866025 0.461539  0.924782 0.187743 0
0  -44.366989 -13.350000 28.539230  0.192308 0.866025 0.461539  0.924782 0.211017 0
kart_scrap
0  -28.171316 -5.947149 25.181999  0.661594 -0.704431 -0.257040  0.898085 0.618844 0
0  -36.338997 -13.638998 25.239233  0.661593 -0.704433 -0.257040  0.901307 0.590386 0
0  -28.513155 -5.813156 23.934925  0.661595 -0.704431 -0.257040  0.901307 0.619168 0
kart_scrap
0  -51.001312 -12.700000 29.667761  0.320092 0.866025 0.384111  0.939372 0.258896 0
0  -55.277946 -13.350000 34.697128  0.320093 0.866025 0.384111  0.942689 0.241503 0
0  -50.280571 -13.350000 30.532650  0.320092 0.866025 0.384111  0.942689 0.258821 0
kart_scrap
0  -28.513155 -5.813156 23.934925  0.103072 -0.262954 -0.959287  0.368403 0.872513 0
0  -37.254761 -12.778927 24.905081  0.103072 -0.262953 -0.959287  0.365053 0.902144 0
0  -29.428917 -4.953085 23.600773  0.103072 -0.262954 -0.959287  0.365053 0.872623 0
kart_scrap
0  -29.428917 -4.953085 23.600773  0.702246 0.702248 -0.117041  0.960334 0.192572 0
0  -30.002842 -4.227008 24.513695  0.702247 0.702247 -0.117041  0.957380 0.194390 0
0  -28.745239 -5.221073 26.094919  0.702247 0.702247 -0.117041  0.954427 0.189560 0
kart_scrap
0  -29.428917 -4.953085 23.600773  -0.558520 0.441479 -0.702247  0.900292 0.403512 0
0  -37.828682 -12.052851 25.818001  -0.558522 0.441479 -0.702246  0.903670 0.375739 0
0  -30.002842 -4.227008 24.513695  -0.558520 0.441479 -0.702247  0.903670 0.403210 0
kart_scrap
0  -30.002842 -4.227008 24.513695  -0.661593 0.704433 0.257040  0.898145 0.836851 0
0  -37.486843 -12.186844 27.065075  -0.661594 0.704432 0.257039  0.901508 0.808874 0
0  -29.661003 -4.361002 25.760767  -0.661593 0.704433 0.257040  0.901508 0.837117 0
kart_scrap
0  -37.486843 -12.186844 27.065075  -0.702248 -0.702246 0.117041  0.960202 0.423238 0
0  -37.254761 -12.778927 24.905081  -0.702248 -0.702246 0.117042  0.954349 0.423607 0
0  -35.997158 -13.772991 26.486305  -0.702246 -0.702248 0.117041  0.957276 0.418416 0
kart_scrap
0  -34.547188 -13.009438 25.499630  0.022737 -0.761478 -0.647792  0.812144 0.891780 0
0  -47.401615 -14.705156 27.041759  0.022737 -0.761477 -0.647793  0.815560 0.858514 0
0  -34.899765 -12.204786 24.541389  0.022737 -0.761478 -0.647792  0.815560 0.891938 0
kart_scrap
0  -47.401615 -14.705156 27.041759  -0.962251 -0.192447 0.192450  0.606669 0.418772 0
0  -47.049038 -15.509808 28.000000  -0.962251 -0.192446 0.192450  0.603666 0.420476 0
0  -47.100235 -13.795214 29.458611  -0.962250 -0.192453 0.192450  0.600663 0.415350 0
kart_scrap
0  -34.899765 -12.204786 24.541389  -0.223510 0.155298 -0.962250  0.563940 0.855930 0
0  -47.603504 -13.445534 27.291945  -0.223510 0.155297 -0.962251  0.560538 0.889796 0
0  -35.101654 -10.945164 24.791574  -0.223510 0.155298 -0.962250  0.560538 0.855798 0
kart_scrap
0  -44.366989 -14.650000 28.539230  0.192308 -0.866026 0.461538  0.881950 0.925345 0
0  -53.200001 -15.300000 31.000000  0.192308 -0.866025 0.461539  0.885411 0.901773 0
0  -44.799999 -15.300000 27.500000  0.192308 -0.866026 0.461538  0.885411 0.925394 0
kart_scrap
0  -44.366989 -13.350000 28.539230  0.384615 0.000000 0.923077  0.591291 0.930099 0
0  -52.766987 -14.650000 32.039230  0.384615 0.000000 0.923077  0.594758 0.907660 0
0  -44.366989 -14.650000 28.539230  0.384615 0.000000 0.923077  0.594758 0.930095 0
kart_scrap
0  -35.101654 -10.945164 24.791574  -0.246247 0.916776 -0.314458  0.497786 0.890870 0
0  -47.452812 -12.990562 28.500370  -0.246247 0.916776 -0.314458  0.501146 0.857567 0
0  -34.950962 -10.490192 26.000000  -0.246247 0.916776 -0.314458  0.501146 0.891090 0
kart_scrap
0  -34.598385 -11.294844 26.958241  0.962251 0.192447 -0.192450  0.947537 0.788494 0
0  -34.396496 -12.554466 26.708055  0.962250 0.192453 -0.192450  0.950540 0.786843 0
0  -34.899765 -12.204786 24.541389  0.962250 0.192450 -0.192450  0.953543 0.791816 0
kart_scrap
0  -44.799999 -15.300000 27.500000  -0.192308 -0.866025 -0.461539  0.926648 0.558292 0
0  -53.633011 -14.650000 29.960770  -0.192308 -0.866026 -0.461538  0.929950 0.535592 0
0  -45.233013 -14.650000 26.460770  -0.192308 -0.866025 -0.461539  0.929950 0.557870 0
kart_scrap
0  -53.633011 -14.650000 29.960770  -0.923077 0.000000 0.384614  0.459192 0.953988 0
0  -53.200001 -15.300000 31.000000  -0.923077 0.000000 0.384615  0.456197 0.952311 0
0  -52.766987 -13.350000 32.039230  -0.923077 0.000000 0.384616  0.459192 0.947136 0
kart_scrap
0  -45.233013 -14.650000 26.460770  -0.384616 0.000000 -0.923077  0.497786 0.927473 0
0  -53.633011 -13.350000 29.960770  -0.384615 0.000000 -0.923077  0.501254 0.904687 0
0  -45.233013 -13.350000 26.460770  -0.384616 0.000000 -0.923077  0.501254 0.927487 0
kart_scrap
0  -50.280571 -14.650000 30.532650  0.320092 -0.866026 0.384110  0.935439 0.319685 0
0  -55.998688 -15.300000 33.832241  0.320093 -0.866025 0.384111  0.938890 0.302378 0
0  -51.001312 -15.300000 29.667761  0.320092 -0.866026 0.384110  0.938890 0.319707 0
kart_scrap
0  -50.280571 -13.350000 30.532650  0.640185 0.000000 0.768221  0.658291 0.950671 0
0  -55.277946 -14.650000 34.697128  0.640184 0.000000 0.768222  0.661758 0.937309 0
0  -50.280571 -14.650000 30.532650  0.640185 0.000000 0.768221  0.661758 0.950663 0
kart_scrap
0  -45.233013 -13.350000 26.460770  -0.192308 0.866025 -0.461539  0.759694 0.931578 0
0  -53.200001 -12.700000 31.000000  -0.192308 0.866025 -0.461539  0.762996 0.909812 0
0  -44.799999 -12.700000 27.500000  -0.192308 0.866025 -0.461539  0.762996 0.932008 0
kart_scrap
0  -45.233013 -13.350000 26.460770  0.923077 0.000000 -0.384615  0.954349 0.443294 0
0  -44.799999 -12.700000 27.500000  0.923077 0.000000 -0.384616  0.954349 0.440052 0
0  -44.366989 -13.350000 28.539230  0.923077 0.000000 -0.384615  0.957274 0.438674 0
kart_scrap
0  -51.001312 -15.300000 29.667761  -0.320092 -0.866025 -0.384112  0.138648 0.949491 0
0  -56.719429 -14.650000 32.967350  -0.320092 -0.866026 -0.384110  0.142048 0.932840 0
0  -51.722054 -14.650000 28.802872  -0.320092 -0.866025 -0.384113  0.142048 0.949272 0
kart_scrap
0  -51.722054 -14.650000 28.802872  0.768221 0.000000 -0.640185  0.817642 0.966979 0
0  -51.722054 -13.350000 28.802872  0.768221 0.000000 -0.640184  0.814893 0.969094 0
0  -51.001312 -12.700000 29.667761  0.768221 0.000000 -0.640185  0.812144 0.968379 0
kart_scrap
0  -51.722054 -14.650000 28.802872  -0.640184 0.000000 -0.768221  0.930353 0.052094 0
0  -56.719429 -13.350000 32.967350  -0.640184 0.000000 -0.768221  0.933820 0.034754 0
0  -51.722054 -13.350000 28.802872  -0.640184 0.000000 -0.768221  0.933820 0.052096 0
kart_scrap
0  -51.722054 -13.350000 28.802872  -0.320093 0.866025 -0.384111  0.934269 0.949398 0
0  -55.998688 -12.700000 33.832241  -0.320092 0.866025 -0.384111  0.937671 0.933233 0
0  -51.001312 -12.700000 29.667761  -0.320093 0.866025 -0.384111  0.937671 0.949620 0
kart_scrap
0  -55.998688 -12.700000 33.832241  -0.768222 -0.000002 0.640183  0.919561 0.964598 0
0  -56.719429 -13.350000 32.967350  -0.768223 0.000000 0.640183  0.916665 0.965890 0
0  -56.719429 -14.650000 32.967350  -0.768222 0.000001 0.640184  0.913768 0.963983 0
kart_scrap
0  -34.000000 -16.000000 4.500000  -1.000000 0.000000 0.000000  0.708156 0.387782 0
0  -34.000000 16.000000 6.000000  -1.000000 0.000000 0.000000  0.704251 0.302356 0
0  -34.000000 16.000000 4.500000  -1.000000 0.000000 0.000000  0.708156 0.302370 0
kart_scrap
0  -34.000000 16.000000 4.500000  0.000000 1.000000 0.000000  0.476213 0.302401 0
0  36.000000 16.000000 6.000000  0.000000 1.000000 0.000000  0.480212 0.469274 0
0  36.000000 16.000000 4.500000  0.000000 1.000000 0.000000  0.476213 0.469319 0
kart_scrap
0  36.000000 16.000000 4.500000  1.000000 0.000000 0.000000  0.476213 0.613868 0
0  36.000000 -16.000000 6.000000  1.000000 0.000000 0.000000  0.480211 0.699289 0
0  36.000000 -16.000000 4.500000  1.000000 0.000000 0.000000  0.476213 0.699290 0
kart_scrap
0  36.000000 -16.000000 4.500000  0.000000 -1.000000 0.000000  0.467080 0.234544 0
0  -34.000000 -16.000000 6.000000  0.000000 -1.000000 0.000000  0.463081 0.066957 0
0  -34.000000 -16.000000 4.500000  0.000000 -1.000000 0.000000  0.467080 0.067009 0
kart_scrap
0  -34.000000 16.000000 4.500000  0.000000 0.000000 -1.000000  0.098923 0.186863 0
0  36.000000 -16.000000 4.500000  0.000000 0.000000 -1.000000  0.184274 0.000000 0
0  -34.000000 -16.000000 4.500000  0.000000 0.000000 -1.000000  0.184274 0.186861 0
kart_scrap
0  36.000000 16.000000 6.000000  0.000000 0.000000 1.000000  0.000000 0.186862 0
0  -34.000000 -16.000000 6.000000  0.000000 0.000000 1.000000  0.085351 0.000000 0
0  36.000000 -16.000000 6.000000  0.000000 0.000000 1.000000  0.085351 0.186863 0
kart_scrap
0  28.000000 -16.000000 7.000000  -1.000000 0.000000 0.000000  0.114022 0.285992 0
0  28.000000 16.000000 21.000000  -1.000000 0.000000 0.000000  0.077575 0.200446 0
0  28.000000 16.000000 7.000000  -1.000000 0.000000 0.000000  0.114022 0.200580 0
kart_scrap
0  28.000000 16.000000 7.000000  0.188556 0.982062 0.000000  0.000000 0.349245 0
0  53.000000 11.200000 14.700000  0.188556 0.982062 0.000000  0.027260 0.413214 0
0  53.000000 11.200000 7.000000  0.188556 0.982062 0.000000  0.008022 0.413214 0
kart_scrap
0  53.000000 11.200000 7.000000  1.000000 0.000000 0.000000  0.442114 0.462234 0
0  53.000000 -11.200000 14.700000  1.000000 0.000000 0.000000  0.462641 0.522026 0
0  53.000000 -11.200000 7.000000  1.000000 0.000000 0.000000  0.442114 0.522029 0
kart_scrap
0  53.000000 -11.200000 7.000000  0.188556 -0.982062 0.000000  0.373583 0.069700 0
0  28.000000 -16.000000 21.000000  0.188556 -0.982062 0.000000  0.339703 0.000000 0
0  28.000000 -16.000000 7.000000  0.188556 -0.982062 0.000000  0.373583 0.004110 0
kart_scrap
0  28.000000 16.000000 7.000000  0.000000 0.000000 -1.000000  0.197846 0.099006 0
0  53.000000 -11.200000 7.000000  0.000000 0.000000 -1.000000  0.264527 0.171616 0
0  28.000000 -16.000000 7.000000  0.000000 0.000000 -1.000000  0.197846 0.184428 0
kart_scrap
0  53.000000 11.200000 14.700000  0.244360 0.000000 0.969684  0.264549 0.072654 0
0  28.000000 -16.000000 21.000000  0.244360 0.000000 0.969684  0.197846 0.000000 0
0  53.000000 -11.200000 14.700000  0.244361 0.000000 0.969684  0.264549 0.012858 0
kart_scrap
0  26.000000 -16.500000 18.000000  -1.000000 0.000000 0.000000  0.569649 0.566890 0
0  26.000000 16.500000 21.500000  -1.000000 0.000000 0.000000  0.560538 0.478776 0
0  26.000000 16.500000 18.000000  -1.000000 0.000000 0.000000  0.569649 0.478810 0
kart_scrap
0  26.000000 16.500000 18.000000  0.000000 1.000000 0.000000  0.074543 0.889408 0
0  33.000000 16.500000 21.500000  0.000000 1.000000 0.000000  0.083875 0.905994 0
0  33.000000 16.500000 18.000000  0.000000 1.000000 0.000000  0.074543 0.906100 0
kart_scrap
0  33.000000 16.500000 18.000000  1.000000 0.000000 0.000000  0.245262 0.456356 0
0  33.000000 -16.500000 21.500000  1.000000 0.000000 0.000000  0.254592 0.544445 0
0  33.000000 -16.500000 18.000000  1.000000 0.000000 0.000000  0.245262 0.544447 0
kart_scrap
0  33.000000 -16.500000 18.000000  0.000000 -1.000000 0.000000  0.704071 0.904277 0
0  26.000000 -16.500000 21.500000  0.000000 -1.000000 0.000000  0.694739 0.887402 0
0  26.000000 -16.500000 18.000000  0.000000 -1.000000 0.000000  0.704071 0.887524 0
kart_scrap
0  26.000000 16.500000 18.000000  0.000000 0.000000 -1.000000  0.430838 0.066957 0
0  33.000000 -16.500000 18.000000  0.000000 0.000000 -1.000000  0.449509 0.155049 0
0  26.000000 -16.500000 18.000000  0.000000 0.000000 -1.000000  0.430838 0.155049 0
kart_scrap
0  33.000000 16.500000 21.500000  0.000000 0.000000 1.000000  0.442601 0.390448 0
0  26.000000 -16.500000 21.500000  0.000000 0.000000 1.000000  0.423930 0.302356 0
0  33.000000 -16.500000 21.500000  0.000000 0.000000 1.000000  0.442601 0.302356 0
kart_scrap
0  -14.000000 18.000000 6.000000  -1.000000 0.000000 0.000000  0.658291 0.780433 0
0  -14.000000 26.000000 16.000000  -1.000000 0.000000 0.000000  0.679626 0.754299 0
0  -14.000000 26.000000 6.000000  -1.000000 0.000000 0.000000  0.679626 0.780354 0
kart_scrap
0  -14.000000 26.000000 6.000000  0.000000 1.000000 0.000000  0.383694 0.198313 0
0  20.000000 26.000000 13.000000  0.000000 1.000000 0.000000  0.402359 0.279176 0
0  20.000000 26.000000 6.000000  0.000000 1.000000 0.000000  0.383694 0.279388 0
kart_scrap
0  20.000000 26.000000 6.000000  1.000000 0.000000 0.000000  0.725363 0.798106 0
0  20.000000 18.000000 13.000000  1.000000 0.000000 0.000000  0.744023 0.819458 0
0  20.000000 18.000000 6.000000  1.000000 0.000000 0.000000  0.725363 0.819462 0
kart_scrap
0  20.000000 18.000000 6.000000  0.000000 -1.000000 0.000000  0.370122 0.279732 0
0  -14.000000 18.000000 16.000000  0.000000 -1.000000 0.000000  0.343462 0.198011 0
0  -14.000000 18.000000 6.000000  0.000000 -1.000000 0.000000  0.370122 0.198358 0
kart_scrap
0  -14.000000 26.000000 6.000000  0.000000 0.000000 -1.000000  0.232756 0.442755 0
0  20.000000 18.000000 6.000000  0.000000 0.000000 -1.000000  0.254094 0.351994 0
0  -14.000000 18.000000 6.000000  0.000000 0.000000 -1.000000  0.254094 0.442755 0
kart_scrap
0  20.000000 26.000000 13.000000  0.087894 0.000000 0.996130  0.197846 0.442771 0
0  -14.000000 18.000000 16.000000  0.087894 0.000000 0.996130  0.219184 0.351994 0
0  20.000000 18.000000 13.000000  0.087894 0.000000 0.996130  0.219184 0.442766 0
kart_scrap
0  -14.000000 -26.000000 6.000000  -1.000000 0.000000 0.000000  0.759694 0.783231 0
0  -14.000000 -18.000000 16.000000  -1.000000 0.000000 0.000000  0.781029 0.757097 0
0  -14.000000 -18.000000 6.000000  -1.000000 0.000000 0.000000  0.781029 0.783153 0
kart_scrap
0  -14.000000 -18.000000 6.000000  0.000000 1.000000 0.000000  0.383694 0.293273 0
0  20.000000 -18.000000 13.000000  0.000000 1.000000 0.000000  0.402359 0.374136 0
0  20.000000 -18.000000 6.000000  0.000000 1.000000 0.000000  0.383695 0.374347 0
kart_scrap
0  20.000000 -18.000000 6.000000  1.000000 0.000000 0.000000  0.275431 0.807777 0
0  20.000000 -26.000000 13.000000  1.000000 0.000000 0.000000  0.294091 0.829129 0
0  20.000000 -26.000000 6.000000  1.000000 0.000000 0.000000  0.275431 0.829133 0
kart_scrap
0  20.000000 -26.000000 6.000000  0.000000 -1.000000 0.000000  0.370122 0.375036 0
0  -14.000000 -26.000000 16.000000  0.000000 -1.000000 0.000000  0.343461 0.293316 0
0  -14.000000 -26.000000 6.000000  0.000000 -1.000000 0.000000  0.370122 0.293662 0
kart_scrap
0  -14.000000 -18.000000 6.000000  0.000000 0.000000 -1.000000  0.423930 0.288773 0
0  20.000000 -26.000000 6.000000  0.000000 0.000000 -1.000000  0.445268 0.198011 0
0  -14.000000 -26.000000 6.000000  0.000000 0.000000 -1.000000  0.445268 0.288772 0
kart_scrap
0  20.000000 -18.000000 13.000000  0.087894 0.000000 0.996130  0.395928 0.157734 0
0  -14.000000 -26.000000 16.000000  0.087894 0.000000 0.996130  0.417266 0.066957 0
0  20.000000 -26.000000 13.000000  0.087894 0.000000 0.996130  0.417266 0.157729 0
kart_scrap
0  -50.000000 8.000000 8.000000  -1.000000 0.000000 0.000000  0.127594 0.712591 0
0  -50.000000 15.000000 22.000000  -1.000000 0.000000 0.000000  0.146262 0.676045 0
0  -50.000000 15.000000 8.000000  -1.000000 0.000000 0.000000  0.146262 0.712523 0
kart_scrap
0  -50.000000 15.000000 8.000000  0.000000 1.000000 0.000000  0.275431 0.619239 0
0  -40.000000 15.000000 22.000000  0.000000 1.000000 0.000000  0.299255 0.582146 0
0  -40.000000 15.000000 8.000000  0.000000 1.000000 0.000000  0.299255 0.619509 0
kart_scrap
0  -40.000000 15.000000 8.000000  1.000000 0.000000 0.000000  0.442967 0.697710 0
0  -40.000000 8.000000 22.000000  1.000000 0.000000 0.000000  0.461637 0.660361 0
0  -40.000000 8.000000 8.000000  1.000000 0.000000 0.000000  0.461637 0.697713 0
kart_scrap
0  -40.000000 8.000000 8.000000  0.000000 -1.000000 0.000000  0.560538 0.618144 0
0  -50.000000 8.000000 22.000000  0.000000 -1.000000 0.000000  0.584449 0.580474 0
0  -50.000000 8.000000 8.000000  0.000000 -1.000000 0.000000  0.584449 0.617833 0
kart_scrap
0  -50.000000 15.000000 8.000000  0.000000 0.000000 -1.000000  0.275431 0.794191 0
0  -40.000000 8.000000 8.000000  0.000000 0.000000 -1.000000  0.294102 0.767496 0
0  -50.000000 8.000000 8.000000  0.000000 0.000000 -1.000000  0.294102 0.794190 0
kart_scrap
0  -40.000000 15.000000 22.000000  0.000000 0.000000 1.000000  0.762208 0.173968 0
0  -50.000000 8.000000 22.000000  0.000000 0.000000 1.000000  0.780879 0.147273 0
0  -40.000000 8.000000 22.000000  0.000000 0.000000 1.000000  0.780879 0.173968 0
kart_scrap
0  -14.000000 -11.000000 6.000000  -1.000000 0.000000 0.000000  0.025639 0.625153 0
0  -14.000000 11.000000 11.000000  -1.000000 0.000000 0.000000  0.012623 0.566385 0
0  -14.000000 11.000000 6.000000  -1.000000 0.000000 0.000000  0.025639 0.566433 0
kart_scrap
0  -14.000000 11.000000 6.000000  0.000000 1.000000 0.000000  0.745358 0.416787 0
0  4.000000 11.000000 11.000000  0.000000 1.000000 0.000000  0.758690 0.459557 0
0  4.000000 11.000000 6.000000  0.000000 1.000000 0.000000  0.745358 0.459708 0
kart_scrap
0  4.000000 11.000000 6.000000  1.000000 0.000000 0.000000  0.414576 0.560977 0
0  4.000000 -11.000000 11.000000  1.000000 0.000000 0.000000  0.427905 0.619702 0
0  4.000000 -11.000000 6.000000  1.000000 0.000000 0.000000  0.414576 0.619705 0
kart_scrap
0  4.000000 -11.000000 6.000000  0.000000 -1.000000 0.000000  0.176108 0.725010 0
0  -14.000000 -11.000000 11.000000  0.000000 -1.000000 0.000000  0.162778 0.681756 0
0  -14.000000 -11.000000 6.000000  0.000000 -1.000000 0.000000  0.176108 0.681930 0
kart_scrap
0  -14.000000 11.000000 6.000000  0.000000 0.000000 -1.000000  0.278121 0.000000 0
0  4.000000 -11.000000 6.000000  0.000000 0.000000 -1.000000  0.326131 0.058729 0
0  -14.000000 -11.000000 6.000000  0.000000 0.000000 -1.000000  0.278121 0.058728 0
kart_scrap
0  4.000000 11.000000 11.000000  0.000000 0.000000 1.000000  0.326109 0.157734 0
0  -14.000000 -11.000000 11.000000  0.000000 0.000000 1.000000  0.278099 0.099006 0
0  4.000000 -11.000000 11.000000  0.000000 0.000000 1.000000  0.326109 0.099006 0
kart_scrap
0  -14.034605 -12.000000 7.786154  -0.978148 0.000000 -0.207912  0.000000 0.268910 0
0  -19.856133 12.000000 35.174286  -0.978148 0.000000 -0.207912  0.064003 0.200446 0
0  -14.034605 12.000000 7.786154  -0.978148 0.000000 -0.207912  0.064003 0.268426 0
kart_scrap
0  -14.034605 12.000000 7.786154  0.000000 1.000000 0.000000  0.583221 0.553755 0
0  -14.965395 12.000000 36.213844  0.000000 1.000000 0.000000  0.595161 0.478777 0
0  -9.143867 12.000000 8.825712  0.000000 1.000000 0.000000  0.595161 0.553330 0
kart_scrap
0  -9.143867 12.000000 8.825712  0.978148 0.000000 0.207912  0.197846 0.271659 0
0  -14.965395 -12.000000 36.213844  0.978148 0.000000 0.207912  0.261859 0.198011 0
0  -9.143867 -12.000000 8.825712  0.978148 0.000000 0.207912  0.261859 0.271599 0
kart_scrap
0  -9.143867 -12.000000 8.825712  0.000000 -1.000000 0.000000  0.044117 0.570886 0
0  -19.856133 -12.000000 35.174286  0.000000 -1.000000 0.000000  0.056095 0.496695 0
0  -14.034605 -12.000000 7.786154  0.000000 -1.000000 0.000000  0.056095 0.571275 0
kart_scrap
0  -14.034605 12.000000 7.786154  0.207912 0.000000 -0.978148  0.343461 0.549948 0
0  -9.143867 -12.000000 8.825712  0.207912 0.000000 -0.978148  0.356519 0.614002 0
0  -14.034605 -12.000000 7.786154  0.207912 0.000000 -0.978148  0.343461 0.614014 0
kart_scrap
0  -14.965395 12.000000 36.213844  -0.207912 0.000000 0.978148  0.396736 0.619792 0
0  -19.856133 -12.000000 35.174286  -0.207911 0.000000 0.978148  0.383694 0.555733 0
0  -14.965395 -12.000000 36.213844  -0.207911 0.000000 0.978148  0.396736 0.555725 0
kart_scrap
0  -13.000000 9.500000 9.000000  -1.000000 0.000000 0.000000  0.905717 0.519799 0
0  -13.000000 12.500000 15.000000  -1.000000 0.000000 0.000000  0.913718 0.504136 0
0  -13.000000 12.500000 9.000000  -1.000000 0.000000 0.000000  0.913718 0.519769 0
kart_scrap
0  -13.000000 12.500000 9.000000  0.000000 1.000000 0.000000  0.245262 0.731468 0
0  2.000000 12.500000 15.000000  0.000000 1.000000 0.000000  0.261260 0.767055 0
0  2.000000 12.500000 9.000000  0.000000 1.000000 0.000000  0.245262 0.767236 0
kart_scrap
0  2.000000 12.500000 9.000000  1.000000 0.000000 0.000000  0.790642 0.686385 0
0  2.000000 9.500000 15.000000  1.000000 0.000000 0.000000  0.798643 0.670379 0
0  2.000000 9.500000 9.000000  1.000000 0.000000 0.000000  0.798643 0.686387 0
kart_scrap
0  2.000000 9.500000 9.000000  0.000000 -1.000000 0.000000  0.326326 0.764938 0
0  -13.000000 9.500000 15.000000  0.000000 -1.000000 0.000000  0.310329 0.728829 0
0  -13.000000 9.500000 9.000000  0.000000 -1.000000 0.000000  0.326326 0.729037 0
kart_scrap
0  -13.000000 12.500000 9.000000  0.000000 0.000000 -1.000000  0.823458 0.040042 0
0  2.000000 9.500000 9.000000  0.000000 0.000000 -1.000000  0.831460 0.000000 0
0  -13.000000 9.500000 9.000000  0.000000 0.000000 -1.000000  0.831460 0.040042 0
kart_scrap
0  2.000000 12.500000 15.000000  0.000000 0.000000 1.000000  0.819514 0.575634 0
0  -13.000000 9.500000 15.000000  0.000000 0.000000 1.000000  0.827515 0.535592 0
0  2.000000 9.500000 15.000000  0.000000 0.000000 1.000000  0.827515 0.575634 0
kart_scrap
0  -13.000000 -12.500000 9.000000  -1.000000 0.000000 0.000000  0.628311 0.919064 0
0  -13.000000 -9.500000 15.000000  -1.000000 0.000000 0.000000  0.636311 0.903401 0
0  -13.000000 -9.500000 9.000000  -1.000000 0.000000 0.000000  0.636311 0.919034 0
kart_scrap
0  -13.000000 -9.500000 9.000000  0.000000 1.000000 0.000000  0.560538 0.733614 0
0  2.000000 -9.500000 15.000000  0.000000 1.000000 0.000000  0.576536 0.769201 0
0  2.000000 -9.500000 9.000000  0.000000 1.000000 0.000000  0.560538 0.769382 0
kart_scrap
0  2.000000 -9.500000 9.000000  1.000000 0.000000 0.000000  0.901643 0.358061 0
0  2.000000 -12.500000 15.000000  1.000000 0.000000 0.000000  0.909644 0.342054 0
0  2.000000 -12.500000 9.000000  1.000000 0.000000 0.000000  0.909644 0.358062 0
kart_scrap
0  2.000000 -12.500000 9.000000  0.000000 -1.000000 0.000000  0.016137 0.766109 0
0  -13.000000 -12.500000 15.000000  0.000000 -1.000000 0.000000  0.000140 0.730000 0
0  -13.000000 -12.500000 9.000000  0.000000 -1.000000 0.000000  0.016137 0.730208 0
kart_scrap
0  -13.000000 -9.500000 9.000000  0.000000 0.000000 -1.000000  0.476213 0.835700 0
0  2.000000 -12.500000 9.000000  0.000000 0.000000 -1.000000  0.484214 0.795659 0
0  -13.000000 -12.500000 9.000000  0.000000 0.000000 -1.000000  0.484214 0.835700 0
kart_scrap
0  2.000000 -9.500000 15.000000  0.000000 0.000000 1.000000  0.098593 0.830126 0
0  -13.000000 -12.500000 15.000000  0.000000 0.000000 1.000000  0.106594 0.790084 0
0  2.000000 -12.500000 15.000000  0.000000 0.000000 1.000000  0.106594 0.830126 0
kart_scrap
0  44.360001 26.000000 11.500000  0.000000 -1.000000 0.000000  0.204358 0.308952 0
0  43.799751 26.000000 8.683451  0.000000 -1.000000 0.000000  0.204358 0.316569 0
0  46.349663 26.000000 7.627244  0.000000 -1.000000 0.000000  0.197846 0.318348 0
kart_scrap
0  43.799751 26.000000 8.683451  0.000000 -1.000000 0.000000  0.204358 0.316569 0
0  42.204308 26.000000 6.295694  0.000000 -1.000000 0.000000  0.207001 0.323465 0
0  44.155922 26.000000 4.344079  0.000000 -1.000000 0.000000  0.201481 0.327829 0
kart_scrap
0  42.204308 26.000000 6.295694  0.000000 -1.000000 0.000000  0.207001 0.323465 0
0  39.816551 26.000000 4.700247  0.000000 -1.000000 0.000000  0.211886 0.328588 0
0  40.872757 26.000000 2.150339  0.000000 -1.000000 0.000000  0.208198 0.334874 0
kart_scrap
0  39.816551 26.000000 4.700247  0.000000 -1.000000 0.000000  0.211886 0.328588 0
0  37.000000 26.000000 4.140000  0.000000 -1.000000 0.000000  0.218268 0.331160 0
0  37.000000 26.000000 1.380000  0.000000 -1.000000 0.000000  0.216973 0.338410 0
kart_scrap
0  37.000000 26.000000 4.140000  0.000000 -1.000000 0.000000  0.218268 0.331160 0
0  34.183449 26.000000 4.700247  0.000000 -1.000000 -0.000000  0.225176 0.330789 0
0  33.127243 26.000000 2.150339  0.000000 -1.000000 0.000000  0.226472 0.337899 0
kart_scrap
0  34.183449 26.000000 4.700247  0.000000 -1.000000 -0.000000  0.225176 0.330789 0
0  31.795694 26.000000 6.295694  0.000000 -1.000000 -0.000000  0.231559 0.327530 0
0  29.844080 26.000000 4.344079  0.000000 -1.000000 -0.000000  0.235247 0.333419 0
kart_scrap
0  31.795694 26.000000 6.295694  0.000000 -1.000000 -0.000000  0.231559 0.327530 0
0  30.200247 26.000000 8.683451  0.000000 -1.000000 0.000000  0.236443 0.321881 0
0  27.650339 26.000000 7.627244  0.000000 -1.000000 -0.000000  0.241964 0.325651 0
kart_scrap
0  30.200247 26.000000 8.683451  0.000000 -1.000000 0.000000  0.236443 0.321881 0
0  29.639999 26.000000 11.500000  0.000000 -1.000000 0.000001  0.239087 0.314701 0
0  26.880001 26.000000 11.500000  0.000000 -1.000000 0.000000  0.245598 0.315779 0
kart_scrap
0  29.639999 26.000000 11.500000  0.000000 -1.000000 0.000001  0.239087 0.314701 0
0  30.200247 26.000000 14.316550  0.000000 -1.000000 0.000000  0.239087 0.307083 0
0  27.650339 26.000000 15.372757  0.000000 -1.000000 0.000000  0.245598 0.305305 0
kart_scrap
0  30.200247 26.000000 14.316550  0.000000 -1.000000 0.000000  0.239087 0.307083 0
0  31.795694 26.000000 16.704306  0.000000 -1.000000 0.000000  0.236443 0.300188 0
0  29.844080 26.000000 18.655920  0.000000 -1.000000 0.000000  0.241964 0.295824 0
kart_scrap
0  31.795694 26.000000 16.704306  0.000000 -1.000000 0.000000  0.236443 0.300188 0
0  34.183449 26.000000 18.299753  0.000000 -1.000000 0.000000  0.231559 0.295064 0
0  33.127243 26.000000 20.849661  0.000000 -1.000000 0.000000  0.235247 0.288779 0
kart_scrap
0  34.183449 26.000000 18.299753  0.000000 -1.000000 0.000000  0.231559 0.295064 0
0  37.000000 26.000000 18.860001  0.000000 -1.000000 0.000000  0.225176 0.292493 0
0  37.000000 26.000000 21.619999  0.000000 -1.000000 0.000000  0.226472 0.285242 0
kart_scrap
0  37.000000 26.000000 18.860001  0.000000 -1.000000 0.000000  0.225176 0.292493 0
0  39.816551 26.000000 18.299753  0.000000 -1.000000 0.000000  0.218268 0.292864 0
0  40.872757 26.000000 20.849661  0.000000 -1.000000 0.000000  0.216973 0.285753 0
kart_scrap
0  39.816551 26.000000 18.299753  0.000000 -1.000000 0.000000  0.218268 0.292864 0
0  42.204308 26.000000 16.704306  0.000000 -1.000000 0.000000  0.211886 0.296123 0
0  44.155922 26.000000 18.655920  0.000000 -1.000000 0.000000  0.208198 0.290234 0
kart_scrap
0  42.204308 26.000000 16.704306  0.000000 -1.000000 0.000000  0.211886 0.296123 0
0  43.799751 26.000000 14.316550  0.000000 -1.000000 0.000000  0.207001 0.301772 0
0  46.349663 26.000000 15.372757  0.000000 -1.000000 0.000000  0.201481 0.298001 0
kart_scrap
0  43.799751 26.000000 14.316550  0.000000 -1.000000 0.000000  0.207001 0.301772 0
0  44.360001 26.000000 11.500000  0.000000 -1.000000 0.000000  0.204358 0.308952 0
0  47.119999 26.000000 11.500000  0.000000 -1.000000 0.000000  0.197846 0.307874 0
kart_scrap
0  47.119999 26.000000 11.500000  0.793607 -0.608431 0.000000  0.657927 0.002979 0
0  46.349663 26.000000 7.627244  0.733197 -0.608432 -0.303699  0.652160 0.010269 0
0  47.624615 27.799999 7.099141  0.878452 -0.309711 -0.363870  0.646752 0.008284 0
kart_scrap
0  46.349663 26.000000 7.627244  0.733197 -0.608432 -0.303699  0.652160 0.010269 0
0  44.155922 26.000000 4.344079  0.561164 -0.608433 -0.561163  0.649038 0.019916 0
0  45.131729 27.799999 3.368272  0.672336 -0.309712 -0.672341  0.643205 0.019246 0
kart_scrap
0  44.155922 26.000000 4.344079  0.561164 -0.608433 -0.561163  0.649038 0.019916 0
0  40.872757 26.000000 2.150339  0.303701 -0.608431 -0.733196  0.649038 0.030451 0
0  41.400860 27.799999 0.875385  0.363864 -0.309711 -0.878454  0.643205 0.031218 0
kart_scrap
0  40.872757 26.000000 2.150339  0.303701 -0.608431 -0.733196  0.649038 0.030451 0
0  37.000000 26.000000 1.380000  0.000001 -0.608432 -0.793606  0.652160 0.040270 0
0  37.000000 27.799999 0.000000  -0.000004 -0.309711 -0.950831  0.646752 0.042375 0
kart_scrap
0  37.000000 26.000000 1.380000  0.000001 -0.608432 -0.793606  0.652160 0.040270 0
0  33.127243 26.000000 2.150339  -0.303699 -0.608432 -0.733196  0.657927 0.047878 0
0  32.599140 27.799999 0.875385  -0.363870 -0.309711 -0.878452  0.653306 0.051021 0
kart_scrap
0  33.127243 26.000000 2.150339  -0.303699 -0.608432 -0.733196  0.460910 0.782402 0
0  29.844080 26.000000 4.344079  -0.561164 -0.608432 -0.561164  0.450510 0.782420 0
0  28.868271 27.799999 3.368272  -0.672341 -0.309712 -0.672336  0.450369 0.777655 0
kart_scrap
0  29.844080 26.000000 4.344079  -0.561164 -0.608432 -0.561164  0.235247 0.333419 0
0  27.650339 26.000000 7.627244  -0.733196 -0.608432 -0.303701  0.241964 0.325651 0
0  26.375385 27.799999 7.099141  -0.878454 -0.309711 -0.363864  0.246798 0.328023 0
kart_scrap
0  27.650339 26.000000 7.627244  -0.733196 -0.608432 -0.303701  0.241964 0.325651 0
0  26.880001 26.000000 11.500000  -0.793606 -0.608433 -0.000000  0.245598 0.315779 0
0  25.500000 27.799999 11.500000  -0.950831 -0.309712 0.000004  0.250928 0.316804 0
kart_scrap
0  26.880001 26.000000 11.500000  -0.793606 -0.608433 -0.000000  0.245598 0.315779 0
0  27.650339 26.000000 15.372757  -0.733197 -0.608432 0.303699  0.245598 0.305305 0
0  26.375385 27.799999 15.900860  -0.878452 -0.309711 0.363870  0.250928 0.304902 0
kart_scrap
0  27.650339 26.000000 15.372757  -0.733197 -0.608432 0.303699  0.245598 0.305305 0
0  29.844080 26.000000 18.655920  -0.561164 -0.608432 0.561164  0.241964 0.295824 0
0  28.868271 27.799999 19.631729  -0.672336 -0.309712 0.672341  0.246798 0.294128 0
kart_scrap
0  29.844080 26.000000 18.655920  -0.561164 -0.608432 0.561164  0.241964 0.295824 0
0  33.127243 26.000000 20.849661  -0.303701 -0.608431 0.733196  0.235247 0.288779 0
0  32.599140 27.800001 22.124615  -0.363864 -0.309711 0.878454  0.239165 0.286122 0
kart_scrap
0  33.127243 26.000000 20.849661  -0.303701 -0.608431 0.733196  0.151599 0.534741 0
0  37.000000 26.000000 21.619999  -0.000000 -0.608431 0.793606  0.151599 0.545077 0
0  37.000000 27.800001 23.000000  0.000004 -0.309711 0.950831  0.146808 0.545070 0
kart_scrap
0  37.000000 26.000000 21.619999  -0.000000 -0.608431 0.793606  0.767422 0.304934 0
0  40.872757 26.000000 20.849661  0.303699 -0.608431 0.733197  0.762678 0.313658 0
0  41.400860 27.800001 22.124615  0.363870 -0.309711 0.878452  0.757110 0.312270 0
kart_scrap
0  40.872757 26.000000 20.849661  0.303699 -0.608431 0.733197  0.762678 0.313658 0
0  44.155922 26.000000 18.655920  0.561164 -0.608432 0.561165  0.761012 0.323982 0
0  45.131729 27.799999 19.631729  0.672341 -0.309712 0.672336  0.755217 0.324002 0
kart_scrap
0  44.155922 26.000000 18.655920  0.561164 -0.608432 0.561165  0.761012 0.323982 0
0  46.349663 26.000000 15.372757  0.733197 -0.608431 0.303701  0.762678 0.334333 0
0  47.624615 27.799999 15.900860  0.878454 -0.309712 0.363864  0.757110 0.335765 0
kart_scrap
0  46.349663 26.000000 15.372757  0.733197 -0.608431 0.303701  0.762678 0.334333 0
0  47.119999 26.000000 11.500000  0.793607 -0.608431 0.000000  0.767422 0.343136 0
0  48.500000 27.799999 11.500000  0.950831 -0.309711 -0.000004  0.762501 0.345768 0
kart_scrap
0  48.500000 27.799999 11.500000  0.950831 -0.309711 -0.000004  0.259665 0.696306 0
0  47.624615 27.799999 7.099141  0.878452 -0.309711 -0.363870  0.259677 0.707970 0
0  47.624615 33.200001 7.099141  0.878455 0.309711 -0.363864  0.245274 0.707968 0
kart_scrap
0  47.624615 27.799999 7.099141  0.878452 -0.309711 -0.363870  0.259677 0.707970 0
0  45.131729 27.799999 3.368272  0.672336 -0.309712 -0.672341  0.259712 0.717703 0
0  45.131729 33.200001 3.368272  0.672341 0.309712 -0.672336  0.245309 0.717701 0
kart_scrap
0  45.131729 27.799999 3.368272  0.672336 -0.309712 -0.672341  0.534054 0.709842 0
0  41.400860 27.799999 0.875385  0.363864 -0.309711 -0.878454  0.534094 0.719831 0
0  41.400860 33.200001 0.875385  0.363870 0.309712 -0.878451  0.519691 0.719845 0
kart_scrap
0  41.400860 27.799999 0.875385  0.363864 -0.309711 -0.878454  0.534094 0.719831 0
0  37.000000 27.799999 0.000000  -0.000004 -0.309711 -0.950831  0.534116 0.731589 0
0  37.000000 33.200001 0.000000  0.000004 0.309711 -0.950831  0.519713 0.731603 0
kart_scrap
0  37.000000 27.799999 0.000000  -0.000004 -0.309711 -0.950831  0.534116 0.731589 0
0  32.599140 27.799999 0.875385  -0.363870 -0.309711 -0.878452  0.534116 0.743327 0
0  32.599140 33.200001 0.875385  -0.363864 0.309711 -0.878454  0.519713 0.743340 0
kart_scrap
0  32.599140 27.799999 0.875385  -0.363870 -0.309711 -0.878452  0.462188 0.777635 0
0  28.868271 27.799999 3.368272  -0.672341 -0.309712 -0.672336  0.450369 0.777655 0
0  28.868271 33.200001 3.368272  -0.672336 0.309712 -0.672341  0.450369 0.763241 0
kart_scrap
0  28.868271 27.799999 3.368272  -0.672341 -0.309712 -0.672336  0.450369 0.777655 0
0  26.375385 27.799999 7.099141  -0.878454 -0.309711 -0.363864  0.438729 0.777625 0
0  26.375385 33.200001 7.099141  -0.878452 0.309711 -0.363870  0.438729 0.763211 0
kart_scrap
0  26.375385 27.799999 7.099141  -0.878454 -0.309711 -0.363864  0.197846 0.794351 0
0  25.500000 27.799999 11.500000  -0.950831 -0.309712 0.000004  0.197922 0.783393 0
0  25.500000 33.200001 11.500000  -0.950831 0.309711 -0.000004  0.212323 0.783387 0
kart_scrap
0  25.500000 27.799999 11.500000  -0.950831 -0.309712 0.000004  0.197922 0.783393 0
0  26.375385 27.799999 15.900860  -0.878452 -0.309711 0.363870  0.197922 0.771418 0
0  26.375385 33.200001 15.900860  -0.878454 0.309711 0.363864  0.212323 0.771412 0
kart_scrap
0  26.375385 27.799999 15.900860  -0.878452 -0.309711 0.363870  0.197922 0.771418 0
0  28.868271 27.799999 19.631729  -0.672336 -0.309712 0.672341  0.197846 0.760249 0
0  28.868271 33.200001 19.631729  -0.672341 0.309712 0.672336  0.212247 0.760244 0
kart_scrap
0  28.868271 27.799999 19.631729  -0.672336 -0.309712 0.672341  0.146795 0.523374 0
0  32.599140 27.800001 22.124615  -0.363864 -0.309711 0.878454  0.146808 0.533325 0
0  32.599140 33.200001 22.124615  -0.363870 0.309712 0.878452  0.132405 0.533317 0
kart_scrap
0  32.599140 27.800001 22.124615  -0.363864 -0.309711 0.878454  0.146808 0.533325 0
0  37.000000 27.800001 23.000000  0.000004 -0.309711 0.950831  0.146808 0.545070 0
0  37.000000 33.200001 23.000000  -0.000004 0.309711 0.950831  0.132405 0.545062 0
kart_scrap
0  37.000000 27.800001 23.000000  0.000004 -0.309711 0.950831  0.146808 0.545070 0
0  41.400860 27.800001 22.124615  0.363870 -0.309711 0.878452  0.146795 0.556821 0
0  41.400860 33.200001 22.124615  0.363864 0.309712 0.878454  0.132392 0.556813 0
kart_scrap
0  41.400860 27.800001 22.124615  0.363870 -0.309711 0.878452  0.146795 0.556821 0
0  45.131729 27.799999 19.631729  0.672341 -0.309712 0.672336  0.146772 0.566788 0
0  45.131729 33.200001 19.631729  0.672336 0.309711 0.672341  0.132369 0.566781 0
kart_scrap
0  45.131729 27.799999 19.631729  0.672341 -0.309712 0.672336  0.259712 0.674312 0
0  47.624615 27.799999 15.900860  0.878454 -0.309712 0.363864  0.259677 0.684487 0
0  47.624615 33.200001 15.900860  0.878452 0.309711 0.363870  0.245274 0.684485 0
kart_scrap
0  47.624615 27.799999 15.900860  0.878454 -0.309712 0.363864  0.259677 0.684487 0
0  48.500000 27.799999 11.500000  0.950831 -0.309711 -0.000004  0.259665 0.696306 0
0  48.500000 33.200001 11.500000  0.950831 0.309711 0.000003  0.245262 0.696304 0
kart_scrap
0  48.500000 33.200001 11.500000  0.950831 0.309711 0.000003  0.766632 0.478769 0
0  47.624615 33.200001 7.099141  0.878455 0.309711 -0.363864  0.772015 0.489038 0
0  46.349663 35.000000 7.627244  0.733197 0.608431 -0.303701  0.766444 0.490612 0
kart_scrap
0  47.624615 33.200001 7.099141  0.878455 0.309711 -0.363864  0.772015 0.489038 0
0  45.131729 33.200001 3.368272  0.672341 0.309712 -0.672336  0.773906 0.500862 0
0  44.155922 35.000000 4.344079  0.561163 0.608432 -0.561165  0.768108 0.501016 0
kart_scrap
0  45.131729 33.200001 3.368272  0.672341 0.309712 -0.672336  0.773906 0.500862 0
0  41.400860 33.200001 0.875385  0.363870 0.309712 -0.878451  0.772015 0.512439 0
0  40.872757 35.000000 2.150339  0.303699 0.608432 -0.733196  0.766444 0.511205 0
kart_scrap
0  41.400860 33.200001 0.875385  0.363870 0.309712 -0.878451  0.772015 0.512439 0
0  37.000000 33.200001 0.000000  0.000004 0.309711 -0.950831  0.766632 0.522009 0
0  37.000000 35.000000 1.380000  -0.000000 0.608432 -0.793606  0.761707 0.519626 0
kart_scrap
0  37.000000 33.200001 0.000000  0.000004 0.309711 -0.950831  0.519713 0.731603 0
0  32.599140 33.200001 0.875385  -0.363864 0.309711 -0.878454  0.519713 0.743340 0
0  33.127243 35.000000 2.150339  -0.303701 0.608432 -0.733196  0.514895 0.741920 0
kart_scrap
0  32.599140 33.200001 0.875385  -0.363864 0.309711 -0.878454  0.462188 0.763220 0
0  28.868271 33.200001 3.368272  -0.672336 0.309712 -0.672341  0.450369 0.763241 0
0  29.844080 35.000000 4.344079  -0.561164 0.608433 -0.561163  0.450510 0.758396 0
kart_scrap
0  28.868271 33.200001 3.368272  -0.672336 0.309712 -0.672341  0.287149 0.388166 0
0  26.375385 33.200001 7.099141  -0.878452 0.309711 -0.363870  0.279546 0.379339 0
0  27.650339 35.000000 7.627244  -0.733196 0.608432 -0.303699  0.284404 0.376978 0
kart_scrap
0  26.375385 33.200001 7.099141  -0.878452 0.309711 -0.363870  0.279546 0.379339 0
0  25.500000 33.200001 11.500000  -0.950831 0.309711 -0.000004  0.275431 0.368118 0
0  26.880001 35.000000 11.500000  -0.793606 0.608432 0.000001  0.280783 0.367105 0
kart_scrap
0  25.500000 33.200001 11.500000  -0.950831 0.309711 -0.000004  0.275431 0.368118 0
0  26.375385 33.200001 15.900860  -0.878454 0.309711 0.363864  0.275431 0.356213 0
0  27.650339 35.000000 15.372756  -0.733196 0.608432 0.303701  0.280783 0.356627 0
kart_scrap
0  26.375385 33.200001 15.900860  -0.878454 0.309711 0.363864  0.275431 0.356213 0
0  28.868271 33.200001 19.631729  -0.672341 0.309712 0.672336  0.279546 0.345434 0
0  29.844080 35.000000 18.655920  -0.561164 0.608433 0.561164  0.284404 0.347142 0
kart_scrap
0  28.868271 33.200001 19.631729  -0.672341 0.309712 0.672336  0.279546 0.345434 0
0  32.599140 33.200001 22.124615  -0.363870 0.309712 0.878452  0.287149 0.337424 0
0  33.127243 35.000000 20.849661  -0.303699 0.608432 0.733196  0.291094 0.340093 0
kart_scrap
0  32.599140 33.200001 22.124615  -0.363870 0.309712 0.878452  0.132405 0.533317 0
0  37.000000 33.200001 23.000000  -0.000004 0.309711 0.950831  0.132405 0.545062 0
0  37.000000 35.000000 21.619999  0.000000 0.608432 0.793606  0.127594 0.545064 0
kart_scrap
0  37.000000 33.200001 23.000000  -0.000004 0.309711 0.950831  0.767364 0.244739 0
0  41.400860 33.200001 22.124615  0.363864 0.309712 0.878454  0.771890 0.254659 0
0  40.872757 35.000000 20.849661  0.303701 0.608432 0.733196  0.766059 0.256062 0
kart_scrap
0  41.400860 33.200001 22.124615  0.363864 0.309712 0.878454  0.771890 0.254659 0
0  45.131729 33.200001 19.631729  0.672336 0.309711 0.672341  0.773480 0.266393 0
0  44.155922 35.000000 18.655920  0.561165 0.608432 0.561164  0.767457 0.266388 0
kart_scrap
0  45.131729 33.200001 19.631729  0.672336 0.309711 0.672341  0.773480 0.266393 0
0  47.624615 33.200001 15.900860  0.878452 0.309711 0.363870  0.771890 0.278154 0
0  46.349663 35.000000 15.372756  0.733198 0.608431 0.303699  0.766059 0.276738 0
kart_scrap
0  47.624615 33.200001 15.900860  0.878452 0.309711 0.363870  0.771890 0.278154 0
0  48.500000 33.200001 11.500000  0.950831 0.309711 0.000003  0.767364 0.288153 0
0  47.119999 35.000000 11.500000  0.793606 0.608432 -0.000001  0.762075 0.285537 0
kart_scrap
0  47.119999 35.000000 11.500000  0.000000 1.000000 -0.000001  0.328352 0.359181 0
0  46.349663 35.000000 7.627244  0.000000 1.000000 0.000000  0.328352 0.369658 0
0  43.799751 35.000000 8.683450  0.000000 1.000000 -0.000000  0.321865 0.367881 0
kart_scrap
0  46.349663 35.000000 7.627244  0.000000 1.000000 0.000000  0.328352 0.369658 0
0  44.155922 35.000000 4.344079  0.000000 1.000000 0.000000  0.324731 0.379144 0
0  42.204308 35.000000 6.295694  0.000000 1.000000 0.000000  0.319231 0.374780 0
kart_scrap
0  44.155922 35.000000 4.344079  0.000000 1.000000 0.000000  0.324731 0.379144 0
0  40.872757 35.000000 2.150339  0.000000 1.000000 0.000000  0.318040 0.386193 0
0  39.816551 35.000000 4.700247  0.000000 1.000000 0.000000  0.314366 0.379906 0
kart_scrap
0  40.872757 35.000000 2.150339  0.000000 1.000000 0.000000  0.318040 0.386193 0
0  37.000000 35.000000 1.380000  0.000000 1.000000 0.000000  0.309298 0.389733 0
0  37.000000 35.000000 4.140000  0.000000 1.000000 0.000000  0.308008 0.382481 0
kart_scrap
0  37.000000 35.000000 1.380000  0.000000 1.000000 0.000000  0.309298 0.389733 0
0  33.127243 35.000000 2.150339  0.000000 1.000000 0.000000  0.299836 0.389225 0
0  34.183449 35.000000 4.700247  0.000000 1.000000 0.000000  0.301126 0.382112 0
kart_scrap
0  33.127243 35.000000 2.150339  0.000000 1.000000 0.000000  0.299836 0.389225 0
0  29.844080 35.000000 4.344079  0.000000 1.000000 0.000000  0.291094 0.384746 0
0  31.795694 35.000000 6.295694  0.000000 1.000000 0.000000  0.294769 0.378854 0
kart_scrap
0  29.844080 35.000000 4.344079  0.000000 1.000000 0.000000  0.291094 0.384746 0
0  27.650339 35.000000 7.627244  0.000000 1.000000 -0.000000  0.284404 0.376978 0
0  30.200247 35.000000 8.683450  0.000000 1.000000 -0.000000  0.289903 0.373205 0
kart_scrap
0  27.650339 35.000000 7.627244  0.000000 1.000000 -0.000000  0.284404 0.376978 0
0  26.880001 35.000000 11.500000  0.000000 1.000000 -0.000000  0.280783 0.367105 0
0  29.639999 35.000000 11.500000  0.000000 1.000000 -0.000000  0.287270 0.366024 0
kart_scrap
0  26.880001 35.000000 11.500000  0.000000 1.000000 -0.000000  0.280783 0.367105 0
0  27.650339 35.000000 15.372756  0.000000 1.000000 0.000000  0.280783 0.356627 0
0  30.200247 35.000000 14.316549  0.000000 1.000000 0.000000  0.287270 0.358404 0
kart_scrap
0  27.650339 35.000000 15.372756  0.000000 1.000000 0.000000  0.280783 0.356627 0
0  29.844080 35.000000 18.655920  0.000000 1.000000 -0.000000  0.284404 0.347142 0
0  31.795694 35.000000 16.704306  0.000000 1.000000 -0.000001  0.289903 0.351506 0
kart_scrap
0  29.844080 35.000000 18.655920  0.000000 1.000000 -0.000000  0.284404 0.347142 0
0  33.127243 35.000000 20.849661  0.000000 1.000000 0.000001  0.291094 0.340093 0
0  34.183449 35.000000 18.299753  0.000000 1.000000 0.000000  0.294769 0.346379 0
kart_scrap
0  33.127243 35.000000 20.849661  0.000000 1.000000 0.000001  0.291094 0.340093 0
0  37.000000 35.000000 21.619999  0.000000 1.000000 0.000000  0.299836 0.336553 0
0  37.000000 35.000000 18.860001  0.000000 1.000000 0.000000  0.301126 0.343805 0
kart_scrap
0  37.000000 35.000000 21.619999  0.000000 1.000000 0.000000  0.299836 0.336553 0
0  40.872757 35.000000 20.849661  0.000000 1.000000 0.000000  0.309298 0.337061 0
0  39.816551 35.000000 18.299753  0.000000 1.000000 0.000000  0.308008 0.344174 0
kart_scrap
0  40.872757 35.000000 20.849661  0.000000 1.000000 0.000000  0.309298 0.337061 0
0  44.155922 35.000000 18.655920  0.000000 1.000000 0.000000  0.318040 0.341540 0
0  42.204308 35.000000 16.704306  0.000000 1.000000 0.000000  0.314366 0.347432 0
kart_scrap
0  44.155922 35.000000 18.655920  0.000000 1.000000 0.000000  0.318040 0.341540 0
0  46.349663 35.000000 15.372756  0.000000 1.000000 0.000000  0.324731 0.349307 0
0  43.799751 35.000000 14.316549  0.000000 1.000000 0.000000  0.319231 0.353081 0
kart_scrap
0  46.349663 35.000000 15.372756  0.000000 1.000000 0.000000  0.324731 0.349307 0
0  47.119999 35.000000 11.500000  0.000000 1.000000 -0.000001  0.328352 0.359181 0
0  44.360001 35.000000 11.500000  0.000000 1.000000 -0.000001  0.321865 0.360262 0
kart_scrap
0  44.360001 35.000000 11.500000  -1.000000 0.000000 0.000000  0.296065 0.902048 0
0  43.799751 35.000000 8.683450  -0.923880 0.000000 0.382683  0.296065 0.909712 0
0  43.799751 33.200001 8.683450  -0.923880 0.000000 0.382682  0.291265 0.909714 0
kart_scrap
0  43.799751 35.000000 8.683450  -0.923880 0.000000 0.382683  0.296065 0.909712 0
0  42.204308 35.000000 6.295694  -0.707107 0.000000 0.707107  0.296113 0.916860 0
0  42.204308 33.200001 6.295694  -0.707108 0.000000 0.707106  0.291313 0.916862 0
kart_scrap
0  42.204308 35.000000 6.295694  -0.707107 0.000000 0.707107  0.628326 0.889818 0
0  39.816551 35.000000 4.700247  -0.382682 0.000000 0.923880  0.628315 0.883449 0
0  39.816551 33.200001 4.700247  -0.382684 0.000000 0.923880  0.633116 0.883449 0
kart_scrap
0  39.816551 35.000000 4.700247  -0.382682 0.000000 0.923880  0.628315 0.883449 0
0  37.000000 35.000000 4.140000  0.000000 0.000000 1.000000  0.628311 0.875933 0
0  37.000000 33.200001 4.140000  -0.000000 0.000000 1.000000  0.633112 0.875933 0
kart_scrap
0  37.000000 35.000000 4.140000  0.000000 0.000000 1.000000  0.628311 0.875933 0
0  34.183449 35.000000 4.700247  0.382684 0.000000 0.923879  0.628315 0.868412 0
0  34.183449 33.200001 4.700247  0.382684 0.000000 0.923879  0.633116 0.868412 0
kart_scrap
0  34.183449 35.000000 4.700247  0.382684 0.000000 0.923879  0.628315 0.868412 0
0  31.795694 35.000000 6.295694  0.707107 0.000000 0.707107  0.628326 0.862032 0
0  31.795694 33.200001 6.295694  0.707107 0.000000 0.707106  0.633127 0.862032 0
kart_scrap
0  31.795694 35.000000 6.295694  0.707107 0.000000 0.707107  0.846575 0.886500 0
0  30.200247 35.000000 8.683450  0.923879 0.000000 0.382684  0.846597 0.879988 0
0  30.200247 33.200001 8.683450  0.923879 0.000000 0.382684  0.851398 0.879988 0
kart_scrap
0  30.200247 35.000000 8.683450  0.923879 0.000000 0.382684  0.846597 0.879988 0
0  29.639999 35.000000 11.500000  1.000000 -0.000000 -0.000000  0.846605 0.872423 0
0  29.639999 33.200001 11.500000  1.000000 0.000000 0.000000  0.851406 0.872424 0
kart_scrap
0  29.639999 35.000000 11.500000  1.000000 -0.000000 -0.000000  0.846605 0.872423 0
0  30.200247 35.000000 14.316549  0.923879 -0.000001 -0.382684  0.846597 0.864959 0
0  30.200247 33.200001 14.316550  0.923880 -0.000001 -0.382683  0.851398 0.864959 0
kart_scrap
0  30.200247 35.000000 14.316549  0.923879 -0.000001 -0.382684  0.846597 0.864959 0
0  31.795694 35.000000 16.704306  0.707106 0.000000 -0.707107  0.846575 0.858729 0
0  31.795694 33.200001 16.704306  0.707108 0.000000 -0.707106  0.851376 0.858730 0
kart_scrap
0  31.795694 35.000000 16.704306  0.707106 0.000000 -0.707107  0.140660 0.919252 0
0  34.183449 35.000000 18.299753  0.382683 0.000000 -0.923880  0.140647 0.912859 0
0  34.183449 33.200001 18.299753  0.382684 0.000000 -0.923879  0.145448 0.912863 0
kart_scrap
0  34.183449 35.000000 18.299753  0.382683 0.000000 -0.923880  0.140647 0.912859 0
0  37.000000 35.000000 18.860001  -0.000000 0.000000 -1.000000  0.140647 0.905333 0
0  37.000000 33.200001 18.860001  0.000000 0.000000 -1.000000  0.145448 0.905338 0
kart_scrap
0  37.000000 35.000000 18.860001  -0.000000 0.000000 -1.000000  0.140647 0.905333 0
0  39.816551 35.000000 18.299753  -0.382684 0.000000 -0.923879  0.140660 0.897822 0
0  39.816551 33.200001 18.299753  -0.382684 0.000000 -0.923879  0.145461 0.897826 0
kart_scrap
0  39.816551 35.000000 18.299753  -0.382684 0.000000 -0.923879  0.942592 0.460812 0
0  42.204308 35.000000 16.704306  -0.707107 -0.000000 -0.707107  0.942609 0.468383 0
0  42.204308 33.200001 16.704306  -0.707107 0.000000 -0.707106  0.937808 0.468385 0
kart_scrap
0  42.204308 35.000000 16.704306  -0.707107 -0.000000 -0.707107  0.942609 0.468383 0
0  43.799751 35.000000 14.316549  -0.923880 -0.000001 -0.382683  0.942592 0.475839 0
0  43.799751 33.200001 14.316550  -0.923880 -0.000000 -0.382683  0.937792 0.475841 0
kart_scrap
0  43.799751 35.000000 14.316549  -0.923880 -0.000001 -0.382683  0.296113 0.895035 0
0  44.360001 35.000000 11.500000  -1.000000 0.000000 0.000000  0.296065 0.902048 0
0  44.360001 33.200001 11.500000  -1.000000 0.000000 -0.000001  0.291265 0.902050 0
kart_scrap
0  44.360001 -26.000000 11.500000  0.000000 1.000000 0.000000  0.174028 0.362725 0
0  43.799751 -26.000000 14.316549  0.000000 1.000000 0.000000  0.171394 0.355544 0
0  46.349663 -26.000000 15.372756  0.000000 1.000000 0.000000  0.176893 0.351771 0
kart_scrap
0  43.799751 -26.000000 14.316549  0.000000 1.000000 0.000000  0.171394 0.355544 0
0  42.204308 -26.000000 16.704306  0.000000 1.000000 0.000000  0.166528 0.349895 0
0  44.155922 -26.000000 18.655920  0.000000 1.000000 0.000000  0.170203 0.344003 0
kart_scrap
0  42.204308 -26.000000 16.704306  0.000000 1.000000 0.000000  0.166528 0.349895 0
0  39.816551 -26.000000 18.299753  0.000000 1.000000 0.000000  0.160171 0.346638 0
0  40.872757 -26.000000 20.849661  0.000000 1.000000 0.000000  0.161461 0.339524 0
kart_scrap
0  39.816551 -26.000000 18.299753  0.000000 1.000000 0.000000  0.160171 0.346638 0
0  37.000000 -26.000000 18.860001  0.000000 1.000000 0.000000  0.153289 0.346268 0
0  37.000000 -26.000000 21.619999  0.000000 1.000000 0.000000  0.151999 0.339016 0
kart_scrap
0  37.000000 -26.000000 18.860001  0.000000 1.000000 0.000000  0.153289 0.346268 0
0  34.183449 -26.000000 18.299753  0.000000 1.000000 0.000000  0.146932 0.348843 0
0  33.127243 -26.000000 20.849661  0.000000 1.000000 0.000000  0.143257 0.342557 0
kart_scrap
0  34.183449 -26.000000 18.299753  0.000000 1.000000 0.000000  0.146932 0.348843 0
0  31.795694 -26.000000 16.704306  0.000000 1.000000 0.000000  0.142066 0.353970 0
0  29.844080 -26.000000 18.655920  0.000000 1.000000 0.000000  0.136567 0.349606 0
kart_scrap
0  31.795694 -26.000000 16.704306  0.000000 1.000000 0.000000  0.142066 0.353970 0
0  30.200247 -26.000000 14.316549  0.000000 1.000000 -0.000000  0.139432 0.360868 0
0  27.650339 -26.000000 15.372756  0.000000 1.000000 0.000000  0.132946 0.359091 0
kart_scrap
0  30.200247 -26.000000 14.316549  0.000000 1.000000 -0.000000  0.139432 0.360868 0
0  29.639999 -26.000000 11.500000  0.000000 1.000000 -0.000001  0.139432 0.368487 0
0  26.880001 -26.000000 11.500000  0.000000 1.000000 -0.000000  0.132946 0.369568 0
kart_scrap
0  29.639999 -26.000000 11.500000  0.000000 1.000000 -0.000001  0.139432 0.368487 0
0  30.200247 -26.000000 8.683450  0.000000 1.000000 0.000000  0.142066 0.375669 0
0  27.650339 -26.000000 7.627244  0.000000 1.000000 0.000000  0.136567 0.379442 0
kart_scrap
0  30.200247 -26.000000 8.683450  0.000000 1.000000 0.000000  0.142066 0.375669 0
0  31.795694 -26.000000 6.295693  0.000000 1.000000 0.000000  0.146932 0.381318 0
0  29.844080 -26.000000 4.344079  0.000000 1.000000 0.000000  0.143257 0.387209 0
kart_scrap
0  31.795694 -26.000000 6.295693  0.000000 1.000000 0.000000  0.146932 0.381318 0
0  34.183449 -26.000000 4.700246  0.000000 1.000000 0.000000  0.153289 0.384575 0
0  33.127243 -26.000000 2.150339  0.000000 1.000000 0.000000  0.151999 0.391688 0
kart_scrap
0  34.183449 -26.000000 4.700246  0.000000 1.000000 0.000000  0.153289 0.384575 0
0  37.000000 -26.000000 4.139999  0.000000 1.000000 0.000000  0.160171 0.384944 0
0  37.000000 -26.000000 1.380000  0.000000 1.000000 0.000000  0.161461 0.392196 0
kart_scrap
0  37.000000 -26.000000 4.139999  0.000000 1.000000 0.000000  0.160171 0.384944 0
0  39.816551 -26.000000 4.700246  0.000000 1.000000 0.000000  0.166528 0.382370 0
0  40.872757 -26.000000 2.150339  0.000000 1.000000 0.000000  0.170203 0.388656 0
kart_scrap
0  39.816551 -26.000000 4.700246  0.000000 1.000000 0.000000  0.166528 0.382370 0
0  42.204308 -26.000000 6.295693  0.000000 1.000000 0.000000  0.171394 0.377243 0
0  44.155922 -26.000000 4.344079  0.000000 1.000000 0.000000  0.176893 0.381607 0
kart_scrap
0  42.204308 -26.000000 6.295693  0.000000 1.000000 0.000000  0.171394 0.377243 0
0  43.799751 -26.000000 8.683450  0.000000 1.000000 0.000000  0.174028 0.370345 0
0  46.349663 -26.000000 7.627244  0.000000 1.000000 0.000000  0.180514 0.372122 0
kart_scrap
0  43.799751 -26.000000 8.683450  0.000000 1.000000 0.000000  0.174028 0.370345 0
0  44.360001 -26.000000 11.500000  0.000000 1.000000 0.000000  0.174028 0.362725 0
0  47.119999 -26.000000 11.500000  0.000000 1.000000 0.000000  0.180514 0.361645 0
kart_scrap
0  47.119999 -26.000000 11.500000  0.793606 0.608432 -0.000001  0.762075 0.228540 0
0  46.349663 -26.000000 15.372756  0.733197 0.608431 0.303699  0.766059 0.219741 0
0  47.624615 -27.799999 15.900860  0.878452 0.309711 0.363870  0.771890 0.221157 0
kart_scrap
0  46.349663 -26.000000 15.372756  0.733197 0.608431 0.303699  0.766059 0.219741 0
0  44.155922 -26.000000 18.655920  0.561165 0.608432 0.561164  0.767457 0.209391 0
0  45.131729 -27.799999 19.631729  0.672336 0.309711 0.672341  0.773480 0.209396 0
kart_scrap
0  44.155922 -26.000000 18.655920  0.561165 0.608432 0.561164  0.767457 0.209391 0
0  40.872757 -26.000000 20.849661  0.303701 0.608432 0.733196  0.766059 0.199066 0
0  41.400860 -27.799999 22.124615  0.363864 0.309711 0.878454  0.771890 0.197662 0
kart_scrap
0  40.872757 -26.000000 20.849661  0.303701 0.608432 0.733196  0.766059 0.199066 0
0  37.000000 -26.000000 21.619999  0.000000 0.608432 0.793606  0.762075 0.190336 0
0  37.000000 -27.799999 23.000000  -0.000004 0.309711 0.950831  0.767364 0.187742 0
kart_scrap
0  37.000000 -26.000000 21.619999  0.000000 0.608432 0.793606  0.275431 0.546568 0
0  33.127243 -26.000000 20.849661  -0.303699 0.608432 0.733197  0.275431 0.536233 0
0  32.599140 -27.799999 22.124615  -0.363870 0.309711 0.878452  0.280242 0.534821 0
kart_scrap
0  33.127243 -26.000000 20.849661  -0.303699 0.608432 0.733197  0.143257 0.342557 0
0  29.844080 -26.000000 18.655920  -0.561164 0.608432 0.561164  0.136567 0.349606 0
0  28.868271 -27.799999 19.631729  -0.672341 0.309712 0.672336  0.131709 0.347898 0
kart_scrap
0  29.844080 -26.000000 18.655920  -0.561164 0.608432 0.561164  0.136567 0.349606 0
0  27.650339 -26.000000 15.372756  -0.733196 0.608432 0.303701  0.132946 0.359091 0
0  26.375385 -27.799999 15.900860  -0.878454 0.309711 0.363864  0.127594 0.358676 0
kart_scrap
0  27.650339 -26.000000 15.372756  -0.733196 0.608432 0.303701  0.132946 0.359091 0
0  26.880001 -26.000000 11.500000  -0.793606 0.608432 0.000000  0.132946 0.369568 0
0  25.500000 -27.799999 11.500000  -0.950831 0.309711 -0.000004  0.127594 0.370582 0
kart_scrap
0  26.880001 -26.000000 11.500000  -0.793606 0.608432 0.000000  0.132946 0.369568 0
0  27.650339 -26.000000 7.627244  -0.733197 0.608432 -0.303699  0.136567 0.379442 0
0  26.375385 -27.799999 7.099141  -0.878452 0.309711 -0.363870  0.131709 0.381802 0
kart_scrap
0  27.650339 -26.000000 7.627244  -0.733197 0.608432 -0.303699  0.136567 0.379442 0
0  29.844080 -26.000000 4.344079  -0.561164 0.608432 -0.561164  0.143257 0.387209 0
0  28.868271 -27.800001 3.368272  -0.672336 0.309712 -0.672341  0.139312 0.390629 0
kart_scrap
0  29.844080 -26.000000 4.344079  -0.561164 0.608432 -0.561164  0.526676 0.756942 0
0  33.127243 -26.000000 2.150339  -0.303701 0.608431 -0.733197  0.537077 0.756924 0
0  32.599140 -27.800001 0.875385  -0.363864 0.309711 -0.878454  0.538354 0.761766 0
kart_scrap
0  33.127243 -26.000000 2.150339  -0.303701 0.608431 -0.733197  0.442967 0.743374 0
0  37.000000 -26.000000 1.380000  -0.000001 0.608431 -0.793607  0.442967 0.733046 0
0  37.000000 -27.800001 0.000000  0.000004 0.309711 -0.950831  0.447785 0.733058 0
kart_scrap
0  37.000000 -26.000000 1.380000  -0.000001 0.608431 -0.793607  0.759694 0.741131 0
0  40.872757 -26.000000 2.150339  0.303699 0.608432 -0.733197  0.764431 0.732710 0
0  41.400860 -27.800001 0.875385  0.363870 0.309712 -0.878452  0.770002 0.733945 0
kart_scrap
0  40.872757 -26.000000 2.150339  0.303699 0.608432 -0.733197  0.764431 0.732710 0
0  44.155922 -26.000000 4.344079  0.561164 0.608431 -0.561165  0.766094 0.722522 0
0  45.131729 -27.800001 3.368272  0.672341 0.309711 -0.672336  0.771892 0.722367 0
kart_scrap
0  44.155922 -26.000000 4.344079  0.561164 0.608431 -0.561165  0.766094 0.722522 0
0  46.349663 -26.000000 7.627244  0.733197 0.608431 -0.303700  0.764431 0.712117 0
0  47.624615 -27.799999 7.099141  0.878454 0.309711 -0.363864  0.770002 0.710543 0
kart_scrap
0  46.349663 -26.000000 7.627244  0.733197 0.608431 -0.303700  0.764431 0.712117 0
0  47.119999 -26.000000 11.500000  0.793606 0.608432 -0.000001  0.759694 0.703080 0
0  48.500000 -27.799999 11.500000  0.950831 0.309711 0.000004  0.764619 0.700274 0
kart_scrap
0  48.500000 -27.799999 11.500000  0.950831 0.309711 0.000004  0.560538 0.698450 0
0  47.624615 -27.799999 15.900860  0.878452 0.309711 0.363870  0.560550 0.686631 0
0  47.624615 -33.200001 15.900860  0.878454 -0.309711 0.363864  0.574953 0.686634 0
kart_scrap
0  47.624615 -27.799999 15.900860  0.878452 0.309711 0.363870  0.560550 0.686631 0
0  45.131729 -27.799999 19.631729  0.672336 0.309711 0.672341  0.560585 0.676456 0
0  45.131729 -33.200001 19.631729  0.672341 -0.309711 0.672336  0.574988 0.676459 0
kart_scrap
0  45.131729 -27.799999 19.631729  0.672336 0.309711 0.672341  0.280206 0.568285 0
0  41.400860 -27.799999 22.124615  0.363864 0.309711 0.878454  0.280230 0.558317 0
0  41.400860 -33.200001 22.124615  0.363870 -0.309712 0.878452  0.294633 0.558325 0
kart_scrap
0  41.400860 -27.799999 22.124615  0.363864 0.309711 0.878454  0.280230 0.558317 0
0  37.000000 -27.799999 23.000000  -0.000004 0.309711 0.950831  0.280242 0.546566 0
0  37.000000 -33.200001 23.000000  0.000004 -0.309711 0.950831  0.294645 0.546574 0
kart_scrap
0  37.000000 -27.799999 23.000000  -0.000004 0.309711 0.950831  0.280242 0.546566 0
0  32.599140 -27.799999 22.124615  -0.363870 0.309711 0.878452  0.280242 0.534821 0
0  32.599140 -33.200001 22.124615  -0.363864 -0.309712 0.878454  0.294645 0.534829 0
kart_scrap
0  32.599140 -27.799999 22.124615  -0.363870 0.309711 0.878452  0.280242 0.534821 0
0  28.868271 -27.799999 19.631729  -0.672341 0.309712 0.672336  0.280230 0.524871 0
0  28.868271 -33.200001 19.631729  -0.672336 -0.309712 0.672341  0.294633 0.524878 0
kart_scrap
0  28.868271 -27.799999 19.631729  -0.672341 0.309712 0.672336  0.398096 0.765168 0
0  26.375385 -27.799999 15.900860  -0.878454 0.309711 0.363864  0.398171 0.776336 0
0  26.375385 -33.200001 15.900860  -0.878452 -0.309711 0.363870  0.383770 0.776342 0
kart_scrap
0  26.375385 -27.799999 15.900860  -0.878454 0.309711 0.363864  0.398171 0.776336 0
0  25.500000 -27.799999 11.500000  -0.950831 0.309711 -0.000004  0.398171 0.788311 0
0  25.500000 -33.200001 11.500000  -0.950831 -0.309712 0.000004  0.383770 0.788317 0
kart_scrap
0  25.500000 -27.799999 11.500000  -0.950831 0.309711 -0.000004  0.398171 0.788311 0
0  26.375385 -27.799999 7.099141  -0.878452 0.309711 -0.363870  0.398096 0.799269 0
0  26.375385 -33.200001 7.099141  -0.878455 -0.309711 -0.363864  0.383694 0.799275 0
kart_scrap
0  26.375385 -27.799999 7.099141  -0.878452 0.309711 -0.363870  0.514895 0.761756 0
0  28.868271 -27.800001 3.368272  -0.672336 0.309712 -0.672341  0.526535 0.761786 0
0  28.868271 -33.200001 3.368272  -0.672341 -0.309712 -0.672336  0.526535 0.776200 0
kart_scrap
0  28.868271 -27.800001 3.368272  -0.672336 0.309712 -0.672341  0.526535 0.761786 0
0  32.599140 -27.800001 0.875385  -0.363864 0.309711 -0.878454  0.538354 0.761766 0
0  32.599140 -33.200001 0.875385  -0.363871 -0.309712 -0.878451  0.538354 0.776180 0
kart_scrap
0  32.599140 -27.800001 0.875385  -0.363864 0.309711 -0.878454  0.447785 0.744795 0
0  37.000000 -27.800001 0.000000  0.000004 0.309711 -0.950831  0.447785 0.733058 0
0  37.000000 -33.200001 0.000000  -0.000004 -0.309711 -0.950831  0.462188 0.733044 0
kart_scrap
0  37.000000 -27.800001 0.000000  0.000004 0.309711 -0.950831  0.447785 0.733058 0
0  41.400860 -27.800001 0.875385  0.363870 0.309712 -0.878452  0.447763 0.721299 0
0  41.400860 -33.200001 0.875385  0.363864 -0.309712 -0.878454  0.462166 0.721286 0
kart_scrap
0  41.400860 -27.800001 0.875385  0.363870 0.309712 -0.878452  0.447763 0.721299 0
0  45.131729 -27.800001 3.368272  0.672341 0.309711 -0.672336  0.447723 0.711310 0
0  45.131729 -33.200001 3.368272  0.672336 -0.309711 -0.672341  0.462126 0.711296 0
kart_scrap
0  45.131729 -27.800001 3.368272  0.672341 0.309711 -0.672336  0.560585 0.719847 0
0  47.624615 -27.799999 7.099141  0.878454 0.309711 -0.363864  0.560550 0.710114 0
0  47.624615 -33.200001 7.099141  0.878452 -0.309711 -0.363870  0.574953 0.710117 0
kart_scrap
0  47.624615 -27.799999 7.099141  0.878454 0.309711 -0.363864  0.560550 0.710114 0
0  48.500000 -27.799999 11.500000  0.950831 0.309711 0.000004  0.560538 0.698450 0
0  48.500000 -33.200001 11.500000  0.950831 -0.309711 -0.000004  0.574941 0.698453 0
kart_scrap
0  48.500000 -33.200001 11.500000  0.950831 -0.309711 -0.000004  0.762501 0.402763 0
0  47.624615 -33.200001 15.900860  0.878454 -0.309711 0.363864  0.757111 0.392760 0
0  46.349663 -35.000000 15.372757  0.733197 -0.608430 0.303702  0.762678 0.391329 0
kart_scrap
0  47.624615 -33.200001 15.900860  0.878454 -0.309711 0.363864  0.757111 0.392760 0
0  45.131729 -33.200001 19.631729  0.672341 -0.309711 0.672336  0.755217 0.380997 0
0  44.155922 -35.000000 18.655922  0.561164 -0.608431 0.561166  0.761012 0.380977 0
kart_scrap
0  45.131729 -33.200001 19.631729  0.672341 -0.309711 0.672336  0.755217 0.380997 0
0  41.400860 -33.200001 22.124615  0.363870 -0.309712 0.878452  0.757111 0.369266 0
0  40.872757 -35.000000 20.849661  0.303699 -0.608432 0.733197  0.762678 0.370654 0
kart_scrap
0  41.400860 -33.200001 22.124615  0.363870 -0.309712 0.878452  0.757111 0.369266 0
0  37.000000 -33.200001 23.000000  0.000004 -0.309711 0.950831  0.762501 0.359351 0
0  37.000000 -35.000000 21.619999  -0.000000 -0.608432 0.793606  0.767422 0.361929 0
kart_scrap
0  37.000000 -33.200001 23.000000  0.000004 -0.309711 0.950831  0.294645 0.546574 0
0  32.599140 -33.200001 22.124615  -0.363864 -0.309712 0.878454  0.294645 0.534829 0
0  33.127243 -35.000000 20.849661  -0.303700 -0.608432 0.733196  0.299436 0.536246 0
kart_scrap
0  32.599140 -33.200001 22.124615  -0.363864 -0.309712 0.878454  0.041319 0.283373 0
0  28.868271 -33.200001 19.631729  -0.672336 -0.309712 0.672341  0.048952 0.291379 0
0  29.844080 -35.000000 18.655922  -0.561164 -0.608432 0.561163  0.044117 0.293075 0
kart_scrap
0  28.868271 -33.200001 19.631729  -0.672336 -0.309712 0.672341  0.048952 0.291379 0
0  26.375385 -33.200001 15.900860  -0.878452 -0.309711 0.363870  0.053082 0.302153 0
0  27.650339 -35.000000 15.372757  -0.733197 -0.608432 0.303699  0.047752 0.302556 0
kart_scrap
0  26.375385 -33.200001 15.900860  -0.878452 -0.309711 0.363870  0.053082 0.302153 0
0  25.500000 -33.200001 11.500000  -0.950831 -0.309712 0.000004  0.053082 0.314056 0
0  26.880001 -35.000000 11.500000  -0.793606 -0.608433 -0.000001  0.047752 0.313030 0
kart_scrap
0  25.500000 -33.200001 11.500000  -0.950831 -0.309712 0.000004  0.053082 0.314056 0
0  26.375385 -33.200001 7.099141  -0.878455 -0.309711 -0.363864  0.048952 0.325274 0
0  27.650339 -35.000000 7.627244  -0.733197 -0.608431 -0.303701  0.044117 0.322903 0
kart_scrap
0  26.375385 -33.200001 7.099141  -0.878455 -0.309711 -0.363864  0.048952 0.325274 0
0  28.868271 -33.200001 3.368272  -0.672341 -0.309712 -0.672336  0.041319 0.334101 0
0  29.844080 -35.000000 4.344080  -0.561164 -0.608432 -0.561165  0.037401 0.330670 0
kart_scrap
0  28.868271 -33.200001 3.368272  -0.672341 -0.309712 -0.672336  0.526535 0.776200 0
0  32.599140 -33.200001 0.875385  -0.363871 -0.309712 -0.878451  0.538354 0.776180 0
0  33.127243 -35.000000 2.150339  -0.303699 -0.608432 -0.733196  0.537077 0.780947 0
kart_scrap
0  32.599140 -33.200001 0.875385  -0.363871 -0.309712 -0.878451  0.637800 0.244747 0
0  37.000000 -33.200001 0.000000  -0.000004 -0.309711 -0.950831  0.631247 0.236101 0
0  37.000000 -35.000000 1.380000  0.000001 -0.608432 -0.793606  0.636654 0.233996 0
kart_scrap
0  37.000000 -33.200001 0.000000  -0.000004 -0.309711 -0.950831  0.631247 0.236101 0
0  41.400860 -33.200001 0.875385  0.363864 -0.309712 -0.878454  0.627700 0.224944 0
0  40.872757 -35.000000 2.150339  0.303701 -0.608432 -0.733196  0.633533 0.224177 0
kart_scrap
0  41.400860 -33.200001 0.875385  0.363864 -0.309712 -0.878454  0.627700 0.224944 0
0  45.131729 -33.200001 3.368272  0.672336 -0.309711 -0.672341  0.627700 0.212972 0
0  44.155922 -35.000000 4.344080  0.561165 -0.608432 -0.561164  0.633533 0.213642 0
kart_scrap
0  45.131729 -33.200001 3.368272  0.672336 -0.309711 -0.672341  0.627700 0.212972 0
0  47.624615 -33.200001 7.099141  0.878452 -0.309711 -0.363870  0.631247 0.202010 0
0  46.349663 -35.000000 7.627244  0.733197 -0.608431 -0.303699  0.636654 0.203995 0
kart_scrap
0  47.624615 -33.200001 7.099141  0.878452 -0.309711 -0.363870  0.631247 0.202010 0
0  48.500000 -33.200001 11.500000  0.950831 -0.309711 -0.000004  0.637800 0.193726 0
0  47.119999 -35.000000 11.500000  0.793607 -0.608431 0.000001  0.642421 0.196705 0
kart_scrap
0  47.119999 -35.000000 11.500000  0.000000 -1.000000 0.000001  0.000000 0.305125 0
0  46.349663 -35.000000 15.372757  0.000000 -1.000000 0.000000  0.003635 0.295253 0
0  43.799751 -35.000000 14.316550  0.000000 -1.000000 0.000000  0.009155 0.299023 0
kart_scrap
0  46.349663 -35.000000 15.372757  0.000000 -1.000000 0.000000  0.003635 0.295253 0
0  44.155922 -35.000000 18.655922  0.000000 -1.000000 0.000000  0.010351 0.287485 0
0  42.204308 -35.000000 16.704308  0.000000 -1.000000 0.000000  0.014040 0.293374 0
kart_scrap
0  44.155922 -35.000000 18.655922  0.000000 -1.000000 0.000000  0.010351 0.287485 0
0  40.872757 -35.000000 20.849661  0.000000 -1.000000 0.000000  0.019127 0.283005 0
0  39.816551 -35.000000 18.299753  0.000000 -1.000000 0.000000  0.020422 0.290115 0
kart_scrap
0  40.872757 -35.000000 20.849661  0.000000 -1.000000 0.000000  0.019127 0.283005 0
0  37.000000 -35.000000 21.619999  0.000000 -1.000000 0.000000  0.028625 0.282494 0
0  37.000000 -35.000000 18.860001  0.000000 -1.000000 0.000000  0.027330 0.289744 0
kart_scrap
0  37.000000 -35.000000 21.619999  0.000000 -1.000000 0.000000  0.028625 0.282494 0
0  33.127243 -35.000000 20.849661  0.000000 -1.000000 0.000000  0.037401 0.286030 0
0  34.183449 -35.000000 18.299753  0.000000 -1.000000 0.000000  0.033712 0.292316 0
kart_scrap
0  33.127243 -35.000000 20.849661  0.000000 -1.000000 0.000000  0.037401 0.286030 0
0  29.844080 -35.000000 18.655922  0.000000 -1.000000 0.000000  0.044117 0.293075 0
0  31.795694 -35.000000 16.704308  0.000000 -1.000000 0.000000  0.038597 0.297439 0
kart_scrap
0  29.844080 -35.000000 18.655922  0.000000 -1.000000 0.000000  0.044117 0.293075 0
0  27.650339 -35.000000 15.372757  0.000000 -1.000000 0.000000  0.047752 0.302556 0
0  30.200247 -35.000000 14.316550  0.000000 -1.000000 0.000000  0.041241 0.304335 0
kart_scrap
0  27.650339 -35.000000 15.372757  0.000000 -1.000000 0.000000  0.047752 0.302556 0
0  26.880001 -35.000000 11.500000  0.000000 -1.000000 0.000000  0.047752 0.313030 0
0  29.639999 -35.000000 11.500000  0.000000 -1.000000 0.000000  0.041241 0.311952 0
kart_scrap
0  26.880001 -35.000000 11.500000  0.000000 -1.000000 0.000000  0.047752 0.313030 0
0  27.650339 -35.000000 7.627244  0.000000 -1.000000 -0.000000  0.044117 0.322903 0
0  30.200247 -35.000000 8.683451  0.000000 -1.000000 -0.000000  0.038597 0.319132 0
kart_scrap
0  27.650339 -35.000000 7.627244  0.000000 -1.000000 -0.000000  0.044117 0.322903 0
0  29.844080 -35.000000 4.344080  0.000000 -1.000000 0.000000  0.037401 0.330670 0
0  31.795694 -35.000000 6.295694  0.000000 -1.000000 0.000001  0.033712 0.324781 0
kart_scrap
0  29.844080 -35.000000 4.344080  0.000000 -1.000000 0.000000  0.037401 0.330670 0
0  33.127243 -35.000000 2.150339  0.000000 -1.000000 -0.000001  0.028625 0.335151 0
0  34.183449 -35.000000 4.700247  0.000000 -1.000000 -0.000000  0.027330 0.328040 0
kart_scrap
0  33.127243 -35.000000 2.150339  0.000000 -1.000000 -0.000001  0.028625 0.335151 0
0  37.000000 -35.000000 1.380000  0.000000 -1.000000 0.000000  0.019127 0.335662 0
0  37.000000 -35.000000 4.140000  0.000000 -1.000000 0.000000  0.020422 0.328412 0
kart_scrap
0  37.000000 -35.000000 1.380000  0.000000 -1.000000 0.000000  0.019127 0.335662 0
0  40.872757 -35.000000 2.150339  0.000000 -1.000000 0.000000  0.010351 0.332126 0
0  39.816551 -35.000000 4.700247  0.000000 -1.000000 0.000000  0.014040 0.325840 0
kart_scrap
0  40.872757 -35.000000 2.150339  0.000000 -1.000000 0.000000  0.010351 0.332126 0
0  44.155922 -35.000000 4.344080  0.000000 -1.000000 0.000000  0.003635 0.325081 0
0  42.204308 -35.000000 6.295694  0.000000 -1.000000 0.000000  0.009155 0.320716 0
kart_scrap
0  44.155922 -35.000000 4.344080  0.000000 -1.000000 0.000000  0.003635 0.325081 0
0  46.349663 -35.000000 7.627244  0.000000 -1.000000 0.000000  0.000000 0.315599 0
0  43.799751 -35.000000 8.683451  0.000000 -1.000000 0.000000  0.006512 0.313821 0
kart_scrap
0  46.349663 -35.000000 7.627244  0.000000 -1.000000 0.000000  0.000000 0.315599 0
0  47.119999 -35.000000 11.500000  0.000000 -1.000000 0.000001  0.000000 0.305125 0
0  44.360001 -35.000000 11.500000  0.000000 -1.000000 0.000001  0.006512 0.306203 0
kart_scrap
0  44.360001 -35.000000 11.500000  -1.000000 0.000000 -0.000000  0.476213 0.902175 0
0  43.799751 -35.000000 14.316550  -0.923880 -0.000000 -0.382683  0.476261 0.895161 0
0  43.799751 -33.200001 14.316550  -0.923880 0.000000 -0.382682  0.481062 0.895160 0
kart_scrap
0  43.799751 -35.000000 14.316550  -0.923880 -0.000000 -0.382683  0.055692 0.943151 0
0  42.204308 -35.000000 16.704308  -0.707107 -0.000002 -0.707107  0.055709 0.935695 0
0  42.204308 -33.200001 16.704306  -0.707108 -0.000002 -0.707106  0.060509 0.935693 0
kart_scrap
0  42.204308 -35.000000 16.704308  -0.707107 -0.000002 -0.707107  0.055709 0.935695 0
0  39.816551 -35.000000 18.299753  -0.382682 0.000000 -0.923880  0.055692 0.928125 0
0  39.816551 -33.200001 18.299753  -0.382683 -0.000001 -0.923880  0.060493 0.928123 0
kart_scrap
0  39.816551 -35.000000 18.299753  -0.382682 0.000000 -0.923880  0.127075 0.897826 0
0  37.000000 -35.000000 18.860001  0.000000 0.000000 -1.000000  0.127061 0.905338 0
0  37.000000 -33.200001 18.860001  -0.000000 0.000000 -1.000000  0.122260 0.905333 0
kart_scrap
0  37.000000 -35.000000 18.860001  0.000000 0.000000 -1.000000  0.127061 0.905338 0
0  34.183449 -35.000000 18.299753  0.382684 -0.000000 -0.923879  0.127061 0.912863 0
0  34.183449 -33.200001 18.299753  0.382684 0.000000 -0.923879  0.122260 0.912859 0
kart_scrap
0  34.183449 -35.000000 18.299753  0.382684 -0.000000 -0.923879  0.127061 0.912863 0
0  31.795694 -35.000000 16.704308  0.707107 -0.000000 -0.707107  0.127075 0.919256 0
0  31.795694 -33.200001 16.704306  0.707107 -0.000000 -0.707106  0.122274 0.919252 0
kart_scrap
0  31.795694 -35.000000 16.704308  0.707107 -0.000000 -0.707107  0.886751 0.860370 0
0  30.200247 -35.000000 14.316550  0.923880 0.000000 -0.382684  0.886773 0.866599 0
0  30.200247 -33.200001 14.316550  0.923879 0.000000 -0.382684  0.881972 0.866598 0
kart_scrap
0  30.200247 -35.000000 14.316550  0.923880 0.000000 -0.382684  0.886773 0.866599 0
0  29.639999 -35.000000 11.500000  1.000000 0.000000 0.000000  0.886781 0.874064 0
0  29.639999 -33.200001 11.500000  1.000000 0.000000 -0.000000  0.881980 0.874063 0
kart_scrap
0  29.639999 -35.000000 11.500000  1.000000 0.000000 0.000000  0.886781 0.874064 0
0  30.200247 -35.000000 8.683451  0.923879 -0.000000 0.382684  0.886773 0.881628 0
0  30.200247 -33.200001 8.683451  0.923880 0.000000 0.382683  0.881972 0.881627 0
kart_scrap
0  30.200247 -35.000000 8.683451  0.923879 -0.000000 0.382684  0.886773 0.881628 0
0  31.795694 -35.000000 6.295694  0.707107 0.000000 0.707107  0.886751 0.888140 0
0  31.795694 -33.200001 6.295694  0.707108 -0.000000 0.707106  0.881950 0.888139 0
kart_scrap
0  31.795694 -35.000000 6.295694  0.707107 0.000000 0.707107  0.348278 0.862585 0
0  34.183449 -35.000000 4.700247  0.382683 0.000000 0.923880  0.348267 0.868965 0
0  34.183449 -33.200001 4.700247  0.382684 0.000000 0.923879  0.343466 0.868965 0
kart_scrap
0  34.183449 -35.000000 4.700247  0.382683 0.000000 0.923880  0.348267 0.868965 0
0  37.000000 -35.000000 4.140000  -0.000000 0.000000 1.000000  0.348263 0.876485 0
0  37.000000 -33.200001 4.140000  0.000000 0.000000 1.000000  0.343462 0.876485 0
kart_scrap
0  37.000000 -35.000000 4.140000  -0.000000 0.000000 1.000000  0.348263 0.876485 0
0  39.816551 -35.000000 4.700247  -0.382684 0.000001 0.923879  0.348267 0.884002 0
0  39.816551 -33.200001 4.700247  -0.382684 0.000002 0.923879  0.343466 0.884002 0
kart_scrap
0  39.816551 -35.000000 4.700247  -0.382684 0.000001 0.923879  0.348267 0.884002 0
0  42.204308 -35.000000 6.295694  -0.707107 -0.000001 0.707107  0.348278 0.890371 0
0  42.204308 -33.200001 6.295694  -0.707107 0.000000 0.707106  0.343477 0.890371 0
kart_scrap
0  42.204308 -35.000000 6.295694  -0.707107 -0.000001 0.707107  0.476261 0.916986 0
0  43.799751 -35.000000 8.683451  -0.923880 0.000000 0.382683  0.476213 0.909838 0
0  43.799751 -33.200001 8.683451  -0.923880 0.000000 0.382683  0.481013 0.909837 0
kart_scrap
0  43.799751 -35.000000 8.683451  -0.923880 0.000000 0.382683  0.476213 0.909838 0
0  44.360001 -35.000000 11.500000  -1.000000 0.000000 -0.000000  0.476213 0.902175 0
0  44.360001 -33.200001 11.500000  -1.000000 0.000000 0.000001  0.481013 0.902173 0
kart_scrap
0  -29.000000 23.000000 12.500000  0.000000 -1.000000 0.000000  0.139134 0.217444 0
0  -29.608963 23.000000 9.438533  0.000000 -1.000000 0.000000  0.135619 0.224940 0
0  -26.837326 23.000000 8.290483  0.000000 -1.000000 0.000000  0.128391 0.223681 0
kart_scrap
0  -29.608963 23.000000 9.438533  0.000000 -1.000000 0.000000  0.135619 0.224940 0
0  -31.343145 23.000000 6.843146  0.000000 -1.000000 -0.000000  0.135039 0.232947 0
0  -29.221825 23.000000 4.721826  0.000000 -1.000000 0.000000  0.127594 0.234690 0
kart_scrap
0  -31.343145 23.000000 6.843146  0.000000 -1.000000 -0.000000  0.135039 0.232947 0
0  -33.938534 23.000000 5.108964  0.000000 -1.000000 -0.000000  0.137482 0.240246 0
0  -32.790482 23.000000 2.337325  0.000000 -1.000000 -0.000000  0.130953 0.244727 0
kart_scrap
0  -33.938534 23.000000 5.108964  0.000000 -1.000000 -0.000000  0.137482 0.240246 0
0  -37.000000 23.000000 4.500000  0.000000 -1.000000 0.000000  0.142576 0.245726 0
0  -37.000000 23.000000 1.500000  0.000000 -1.000000 0.000000  0.137957 0.252261 0
kart_scrap
0  -37.000000 23.000000 4.500000  0.000000 -1.000000 0.000000  0.142576 0.245726 0
0  -40.061466 23.000000 5.108964  0.000000 -1.000000 0.000001  0.149545 0.248552 0
0  -41.209518 23.000000 2.337325  0.000000 -1.000000 0.000001  0.147539 0.256148 0
kart_scrap
0  -40.061466 23.000000 5.108964  0.000000 -1.000000 0.000001  0.149545 0.248552 0
0  -42.656853 23.000000 6.843146  0.000000 -1.000000 -0.000000  0.157328 0.248295 0
0  -44.778175 23.000000 4.721826  0.000000 -1.000000 0.000000  0.158241 0.255794 0
kart_scrap
0  -42.656853 23.000000 6.843146  0.000000 -1.000000 -0.000000  0.157328 0.248295 0
0  -44.391037 23.000000 9.438533  0.000000 -1.000000 0.000000  0.164741 0.244994 0
0  -47.162674 23.000000 8.290483  0.000000 -1.000000 0.000000  0.168434 0.251255 0
kart_scrap
0  -44.391037 23.000000 9.438533  0.000000 -1.000000 0.000000  0.164741 0.244994 0
0  -45.000000 23.000000 12.500000  0.000000 -1.000000 0.000000  0.170655 0.239150 0
0  -48.000000 23.000000 12.500000  0.000000 -1.000000 0.000000  0.176565 0.243220 0
kart_scrap
0  -45.000000 23.000000 12.500000  0.000000 -1.000000 0.000000  0.170655 0.239150 0
0  -44.391037 23.000000 15.561468  0.000000 -1.000000 0.000000  0.174169 0.231654 0
0  -47.162674 23.000000 16.709518  0.000000 -1.000000 0.000000  0.181397 0.232913 0
kart_scrap
0  -44.391037 23.000000 15.561468  0.000000 -1.000000 0.000000  0.174169 0.231654 0
0  -42.656853 23.000000 18.156855  0.000000 -1.000000 0.000000  0.174749 0.223647 0
0  -44.778175 23.000000 20.278175  0.000000 -1.000000 0.000000  0.182195 0.221904 0
kart_scrap
0  -42.656853 23.000000 18.156855  0.000000 -1.000000 0.000000  0.174749 0.223647 0
0  -40.061466 23.000000 19.891037  0.000000 -1.000000 0.000000  0.172306 0.216348 0
0  -41.209518 23.000000 22.662674  0.000000 -1.000000 0.000000  0.178836 0.211868 0
kart_scrap
0  -40.061466 23.000000 19.891037  0.000000 -1.000000 0.000000  0.172306 0.216348 0
0  -37.000000 23.000000 20.500000  0.000000 -1.000000 -0.000000  0.167213 0.210868 0
0  -37.000000 23.000000 23.500000  0.000000 -1.000000 0.000000  0.171832 0.204333 0
kart_scrap
0  -37.000000 23.000000 20.500000  0.000000 -1.000000 -0.000000  0.167213 0.210868 0
0  -33.938534 23.000000 19.891037  0.000000 -1.000000 -0.000000  0.160243 0.208042 0
0  -32.790482 23.000000 22.662674  0.000000 -1.000000 -0.000001  0.162249 0.200446 0
kart_scrap
0  -33.938534 23.000000 19.891037  0.000000 -1.000000 -0.000000  0.160243 0.208042 0
0  -31.343145 23.000000 18.156855  0.000000 -1.000000 0.000001  0.152460 0.208299 0
0  -29.221825 23.000000 20.278175  0.000000 -1.000000 0.000000  0.151547 0.200800 0
kart_scrap
0  -31.343145 23.000000 18.156855  0.000000 -1.000000 0.000001  0.152460 0.208299 0
0  -29.608963 23.000000 15.561468  0.000000 -1.000000 0.000000  0.145047 0.211600 0
0  -26.837326 23.000000 16.709518  0.000000 -1.000000 0.000000  0.141355 0.205339 0
kart_scrap
0  -29.608963 23.000000 15.561468  0.000000 -1.000000 0.000000  0.145047 0.211600 0
0  -29.000000 23.000000 12.500000  0.000000 -1.000000 0.000000  0.139134 0.217444 0
0  -26.000000 23.000000 12.500000  0.000000 -1.000000 0.000000  0.133223 0.213374 0
kart_scrap
0  -26.000000 23.000000 12.500000  0.847998 -0.529999 -0.000000  0.301058 0.487905 0
0  -26.837326 23.000000 8.290483  0.783448 -0.529999 -0.324516  0.301058 0.499062 0
0  -25.451506 25.400000 7.716457  0.890335 -0.267014 -0.368790  0.294635 0.500708 0
kart_scrap
0  -26.837326 23.000000 8.290483  0.783448 -0.529999 -0.324516  0.047429 0.788745 0
0  -29.221825 23.000000 4.721826  0.599625 -0.529999 -0.599626  0.044036 0.799230 0
0  -28.161165 25.400000 3.661165  0.681433 -0.267014 -0.681434  0.036948 0.798533 0
kart_scrap
0  -29.221825 23.000000 4.721826  0.599625 -0.529999 -0.599626  0.044036 0.799230 0
0  -32.790482 23.000000 2.337325  0.324514 -0.529999 -0.783449  0.044036 0.810681 0
0  -32.216457 25.400000 0.951506  0.368788 -0.267014 -0.890336  0.036948 0.811545 0
kart_scrap
0  -32.790482 23.000000 2.337325  0.324514 -0.529999 -0.783449  0.044036 0.810681 0
0  -37.000000 23.000000 1.500000  -0.000001 -0.529999 -0.847999  0.047429 0.821354 0
0  -37.000000 25.400000 0.000000  -0.000001 -0.267014 -0.963693  0.040803 0.823673 0
kart_scrap
0  -37.000000 23.000000 1.500000  -0.000001 -0.529999 -0.847999  0.229863 0.536389 0
0  -41.209518 23.000000 2.337325  -0.324516 -0.529999 -0.783448  0.229853 0.547616 0
0  -41.783543 25.400000 0.951506  -0.368790 -0.267014 -0.890335  0.223468 0.549165 0
kart_scrap
0  -41.209518 23.000000 2.337325  -0.324516 -0.529999 -0.783448  0.407805 0.665424 0
0  -44.778175 23.000000 4.721826  -0.599626 -0.529999 -0.599625  0.396500 0.665444 0
0  -45.838837 25.400000 3.661165  -0.681434 -0.267015 -0.681433  0.396347 0.659081 0
kart_scrap
0  -44.778175 23.000000 4.721826  -0.599626 -0.529999 -0.599625  0.396500 0.665444 0
0  -47.162674 23.000000 8.290483  -0.783449 -0.529998 -0.324514  0.385366 0.665415 0
0  -48.548492 25.400000 7.716457  -0.890336 -0.267014 -0.368788  0.383694 0.659048 0
kart_scrap
0  -47.162674 23.000000 8.290483  -0.783449 -0.529998 -0.324514  0.168434 0.251255 0
0  -48.000000 23.000000 12.500000  -0.847998 -0.529999 0.000001  0.176565 0.243220 0
0  -49.500000 25.400000 12.500000  -0.963693 -0.267014 0.000001  0.181749 0.247017 0
kart_scrap
0  -48.000000 23.000000 12.500000  -0.847998 -0.529999 0.000001  0.514959 0.503061 0
0  -47.162674 23.000000 16.709518  -0.783448 -0.529999 0.324516  0.514963 0.491607 0
0  -48.548492 25.400000 17.283543  -0.890335 -0.267014 0.368790  0.521429 0.490916 0
kart_scrap
0  -47.162674 23.000000 16.709518  -0.783448 -0.529999 0.324516  0.514963 0.491607 0
0  -44.778175 23.000000 20.278175  -0.599625 -0.529999 0.599626  0.514895 0.480924 0
0  -45.838837 25.400002 21.338835  -0.681433 -0.267014 0.681434  0.521351 0.478776 0
kart_scrap
0  -44.778175 23.000000 20.278175  -0.599625 -0.529999 0.599626  0.159601 0.408628 0
0  -41.209518 23.000000 22.662674  -0.324514 -0.529999 0.783449  0.159613 0.418146 0
0  -41.783543 25.400002 24.048494  -0.368788 -0.267014 0.890336  0.153222 0.416606 0
kart_scrap
0  -41.209518 23.000000 22.662674  -0.324514 -0.529999 0.783449  0.159613 0.418146 0
0  -37.000000 23.000000 23.500000  0.000001 -0.529999 0.847998  0.159613 0.429381 0
0  -37.000000 25.400002 25.000000  0.000001 -0.267014 0.963693  0.153222 0.429372 0
kart_scrap
0  -37.000000 23.000000 23.500000  0.000001 -0.529999 0.847998  0.159613 0.429381 0
0  -32.790482 23.000000 22.662674  0.324516 -0.529999 0.783448  0.159601 0.440621 0
0  -32.216457 25.400002 24.048494  0.368790 -0.267014 0.890335  0.153208 0.442145 0
kart_scrap
0  -32.790482 23.000000 22.662674  0.324516 -0.529999 0.783448  0.705217 0.790736 0
0  -29.221825 23.000000 20.278175  0.599626 -0.529999 0.599625  0.701647 0.801527 0
0  -28.161165 25.400002 21.338835  0.681434 -0.267014 0.681433  0.694739 0.800446 0
kart_scrap
0  -29.221825 23.000000 20.278175  0.599626 -0.529999 0.599625  0.701647 0.801527 0
0  -26.837326 23.000000 16.709518  0.783448 -0.529999 0.324514  0.701647 0.812923 0
0  -25.451506 25.400000 17.283543  0.890336 -0.267015 0.368788  0.694739 0.813397 0
kart_scrap
0  -26.837326 23.000000 16.709518  0.783448 -0.529999 0.324514  0.701647 0.812923 0
0  -26.000000 23.000000 12.500000  0.847998 -0.529999 -0.000000  0.705217 0.823190 0
0  -24.500000 25.400000 12.500000  0.963693 -0.267014 -0.000001  0.698797 0.825064 0
kart_scrap
0  -24.500000 25.400000 12.500000  0.963693 -0.267014 -0.000001  0.294635 0.488030 0
0  -25.451506 25.400000 7.716457  0.890335 -0.267014 -0.368790  0.294635 0.500708 0
0  -25.451506 32.599998 7.716457  0.890336 0.267014 -0.368788  0.275431 0.500684 0
kart_scrap
0  -25.451506 25.400000 7.716457  0.890335 -0.267014 -0.368790  0.294635 0.500708 0
0  -28.161165 25.400000 3.661165  0.681433 -0.267014 -0.681434  0.294662 0.511287 0
0  -28.161165 32.599998 3.661165  0.681434 0.267014 -0.681433  0.275458 0.511263 0
kart_scrap
0  -28.161165 25.400000 3.661165  0.681433 -0.267014 -0.681434  0.223436 0.512768 0
0  -32.216457 25.400000 0.951506  0.368788 -0.267014 -0.890336  0.223469 0.523626 0
0  -32.216457 32.599998 0.951506  0.368790 0.267014 -0.890335  0.204265 0.523626 0
kart_scrap
0  -32.216457 25.400000 0.951506  0.368788 -0.267014 -0.890336  0.223469 0.523626 0
0  -37.000000 25.400000 0.000000  -0.000001 -0.267014 -0.963693  0.223480 0.536407 0
0  -37.000000 32.599998 0.000000  0.000001 0.267014 -0.963693  0.204277 0.536407 0
kart_scrap
0  -37.000000 25.400000 0.000000  -0.000001 -0.267014 -0.963693  0.223480 0.536407 0
0  -41.783543 25.400000 0.951506  -0.368790 -0.267014 -0.890335  0.223468 0.549165 0
0  -41.783543 32.599998 0.951506  -0.368788 0.267014 -0.890336  0.204265 0.549165 0
kart_scrap
0  -41.783543 25.400000 0.951506  -0.368790 -0.267014 -0.890335  0.409194 0.659058 0
0  -45.838837 25.400000 3.661165  -0.681434 -0.267015 -0.681433  0.396347 0.659081 0
0  -45.838837 32.599998 3.661165  -0.681433 0.267014 -0.681434  0.396347 0.639862 0
kart_scrap
0  -45.838837 25.400000 3.661165  -0.681434 -0.267015 -0.681433  0.396347 0.659081 0
0  -48.548492 25.400000 7.716457  -0.890336 -0.267014 -0.368788  0.383694 0.659048 0
0  -48.548492 32.599998 7.716457  -0.890335 0.267014 -0.368790  0.383694 0.639829 0
kart_scrap
0  -48.548492 25.400000 7.716457  -0.890336 -0.267014 -0.368788  0.521337 0.515844 0
0  -49.500000 25.400000 12.500000  -0.963693 -0.267014 0.000001  0.521424 0.503933 0
0  -49.500000 32.599998 12.500000  -0.963692 0.267015 -0.000001  0.540626 0.503933 0
kart_scrap
0  -49.500000 25.400000 12.500000  -0.963693 -0.267014 0.000001  0.521424 0.503933 0
0  -48.548492 25.400000 17.283543  -0.890335 -0.267014 0.368790  0.521429 0.490916 0
0  -48.548492 32.599998 17.283543  -0.890336 0.267014 0.368788  0.540630 0.490916 0
kart_scrap
0  -48.548492 25.400000 17.283543  -0.890335 -0.267014 0.368790  0.521429 0.490916 0
0  -45.838837 25.400002 21.338835  -0.681433 -0.267014 0.681434  0.521351 0.478776 0
0  -45.838837 32.599998 21.338835  -0.681435 0.267014 0.681433  0.540553 0.478776 0
kart_scrap
0  -45.838837 25.400002 21.338835  -0.681433 -0.267014 0.681434  0.153208 0.405790 0
0  -41.783543 25.400002 24.048494  -0.368788 -0.267014 0.890336  0.153222 0.416606 0
0  -41.783543 32.599998 24.048494  -0.368790 0.267014 0.890336  0.134018 0.416596 0
kart_scrap
0  -41.783543 25.400002 24.048494  -0.368788 -0.267014 0.890336  0.153222 0.416606 0
0  -37.000000 25.400002 25.000000  0.000001 -0.267014 0.963693  0.153222 0.429372 0
0  -37.000000 32.599998 25.000000  -0.000001 0.267014 0.963693  0.134018 0.429362 0
kart_scrap
0  -37.000000 25.400002 25.000000  0.000001 -0.267014 0.963693  0.153222 0.429372 0
0  -32.216457 25.400002 24.048494  0.368790 -0.267014 0.890335  0.153208 0.442145 0
0  -32.216457 32.599998 24.048494  0.368788 0.267014 0.890336  0.134004 0.442135 0
kart_scrap
0  -32.216457 25.400002 24.048494  0.368790 -0.267014 0.890335  0.153208 0.442145 0
0  -28.161165 25.400002 21.338835  0.681434 -0.267014 0.681433  0.153183 0.452980 0
0  -28.161165 32.599998 21.338835  0.681433 0.267014 0.681434  0.133979 0.452969 0
kart_scrap
0  -28.161165 25.400002 21.338835  0.681434 -0.267014 0.681433  0.294712 0.464123 0
0  -25.451506 25.400000 17.283543  0.890336 -0.267015 0.368788  0.294662 0.475183 0
0  -25.451506 32.599998 17.283543  0.890335 0.267014 0.368790  0.275458 0.475159 0
kart_scrap
0  -25.451506 25.400000 17.283543  0.890336 -0.267015 0.368788  0.294662 0.475183 0
0  -24.500000 25.400000 12.500000  0.963693 -0.267014 -0.000001  0.294635 0.488030 0
0  -24.500000 32.599998 12.500000  0.963693 0.267014 0.000001  0.275431 0.488006 0
kart_scrap
0  -24.500000 32.599998 12.500000  0.963693 0.267014 0.000001  0.634778 0.767795 0
0  -25.451506 32.599998 7.716457  0.890336 0.267014 -0.368788  0.638793 0.779742 0
0  -26.837326 35.000000 8.290482  0.783449 0.529998 -0.324515  0.631844 0.780448 0
kart_scrap
0  -25.451506 32.599998 7.716457  0.890336 0.267014 -0.368788  0.638793 0.779742 0
0  -28.161165 32.599998 3.661165  0.681434 0.267014 -0.681433  0.638793 0.792757 0
0  -29.221825 35.000000 4.721825  0.599626 0.529999 -0.599625  0.631844 0.791902 0
kart_scrap
0  -28.161165 32.599998 3.661165  0.681434 0.267014 -0.681433  0.638793 0.792757 0
0  -32.216457 32.599998 0.951506  0.368790 0.267014 -0.890335  0.634778 0.804859 0
0  -32.790482 35.000000 2.337325  0.324515 0.529998 -0.783449  0.628311 0.802551 0
kart_scrap
0  -32.216457 32.599998 0.951506  0.368790 0.267014 -0.890335  0.204265 0.523626 0
0  -37.000000 32.599998 0.000000  0.000001 0.267014 -0.963693  0.204277 0.536407 0
0  -37.000000 35.000000 1.500000  0.000001 0.529999 -0.847998  0.197857 0.536389 0
kart_scrap
0  -37.000000 32.599998 0.000000  0.000001 0.267014 -0.963693  0.204277 0.536407 0
0  -41.783543 32.599998 0.951506  -0.368788 0.267014 -0.890336  0.204265 0.549165 0
0  -41.209518 35.000000 2.337325  -0.324514 0.529999 -0.783449  0.197846 0.547616 0
kart_scrap
0  -41.783543 32.599998 0.951506  -0.368788 0.267014 -0.890336  0.409194 0.639839 0
0  -45.838837 32.599998 3.661165  -0.681433 0.267014 -0.681434  0.396347 0.639862 0
0  -44.778175 35.000000 4.721825  -0.599625 0.529998 -0.599626  0.396500 0.633412 0
kart_scrap
0  -45.838837 32.599998 3.661165  -0.681433 0.267014 -0.681434  0.396347 0.639862 0
0  -48.548492 32.599998 7.716457  -0.890335 0.267014 -0.368790  0.383694 0.639829 0
0  -47.162674 35.000000 8.290482  -0.783448 0.529998 -0.324516  0.385366 0.633383 0
kart_scrap
0  -48.548492 32.599998 7.716457  -0.890335 0.267014 -0.368790  0.285118 0.253699 0
0  -49.500000 32.599998 12.500000  -0.963692 0.267015 -0.000001  0.275883 0.244568 0
0  -48.000000 35.000000 12.500000  -0.847998 0.529999 -0.000001  0.281099 0.240766 0
kart_scrap
0  -49.500000 32.599998 12.500000  -0.963692 0.267015 -0.000001  0.540626 0.503933 0
0  -48.548492 32.599998 17.283543  -0.890336 0.267014 0.368788  0.540630 0.490916 0
0  -47.162674 35.000000 16.709518  -0.783449 0.529998 0.324514  0.546966 0.491607 0
kart_scrap
0  -48.548492 32.599998 17.283543  -0.890336 0.267014 0.368788  0.540630 0.490916 0
0  -45.838837 32.599998 21.338835  -0.681435 0.267014 0.681433  0.540553 0.478776 0
0  -44.778175 35.000000 20.278173  -0.599626 0.529999 0.599625  0.546897 0.480924 0
kart_scrap
0  -45.838837 32.599998 21.338835  -0.681435 0.267014 0.681433  0.134004 0.405780 0
0  -41.783543 32.599998 24.048494  -0.368790 0.267014 0.890336  0.134018 0.416596 0
0  -41.209518 35.000000 22.662674  -0.324515 0.529998 0.783449  0.127606 0.418129 0
kart_scrap
0  -41.783543 32.599998 24.048494  -0.368790 0.267014 0.890336  0.134018 0.416596 0
0  -37.000000 32.599998 25.000000  -0.000001 0.267014 0.963693  0.134018 0.429362 0
0  -37.000000 35.000000 23.500000  -0.000001 0.529999 0.847998  0.127606 0.429364 0
kart_scrap
0  -37.000000 32.599998 25.000000  -0.000001 0.267014 0.963693  0.693267 0.416636 0
0  -32.216457 32.599998 24.048494  0.368788 0.267014 0.890336  0.698187 0.427418 0
0  -32.790482 35.000000 22.662674  0.324514 0.529998 0.783449  0.690982 0.428937 0
kart_scrap
0  -32.216457 32.599998 24.048494  0.368788 0.267014 0.890336  0.698187 0.427418 0
0  -28.161165 32.599998 21.338835  0.681433 0.267014 0.681434  0.699915 0.440172 0
0  -29.221825 35.000000 20.278173  0.599625 0.529999 0.599626  0.692502 0.440161 0
kart_scrap
0  -28.161165 32.599998 21.338835  0.681433 0.267014 0.681434  0.699915 0.440172 0
0  -25.451506 32.599998 17.283543  0.890335 0.267014 0.368790  0.698187 0.452956 0
0  -26.837326 35.000000 16.709518  0.783448 0.529999 0.324515  0.690982 0.451411 0
kart_scrap
0  -25.451506 32.599998 17.283543  0.890335 0.267014 0.368790  0.698187 0.452956 0
0  -24.500000 32.599998 12.500000  0.963693 0.267014 0.000001  0.693267 0.463824 0
0  -26.000000 35.000000 12.500000  0.847998 0.529999 0.000001  0.686652 0.460974 0
kart_scrap
0  -26.000000 35.000000 12.500000  0.000000 1.000000 0.000000  0.324222 0.210944 0
0  -26.837326 35.000000 8.290482  0.000000 1.000000 0.000000  0.329066 0.221249 0
0  -29.608963 35.000000 9.438532  0.000000 1.000000 0.000000  0.321864 0.222505 0
kart_scrap
0  -26.837326 35.000000 8.290482  0.000000 1.000000 0.000000  0.329066 0.221249 0
0  -29.221825 35.000000 4.721825  0.000000 1.000000 0.000000  0.329890 0.232255 0
0  -31.343145 35.000000 6.843145  0.000000 1.000000 0.000001  0.322463 0.230509 0
kart_scrap
0  -29.221825 35.000000 4.721825  0.000000 1.000000 0.000000  0.329890 0.232255 0
0  -32.790482 35.000000 2.337325  0.000000 1.000000 -0.000000  0.326568 0.242287 0
0  -33.938534 35.000000 5.108963  0.000000 1.000000 0.000000  0.320048 0.237805 0
kart_scrap
0  -32.790482 35.000000 2.337325  0.000000 1.000000 -0.000000  0.326568 0.242287 0
0  -37.000000 35.000000 1.500000  0.000000 1.000000 -0.000000  0.319607 0.249817 0
0  -37.000000 35.000000 4.500000  0.000000 1.000000 0.000000  0.314985 0.243282 0
kart_scrap
0  -37.000000 35.000000 1.500000  0.000000 1.000000 -0.000000  0.319607 0.249817 0
0  -41.209518 35.000000 2.337325  0.000000 1.000000 -0.000000  0.310065 0.253699 0
0  -40.061466 35.000000 5.108963  0.000000 1.000000 -0.000000  0.308046 0.246105 0
kart_scrap
0  -41.209518 35.000000 2.337325  0.000000 1.000000 -0.000000  0.310065 0.253699 0
0  -44.778175 35.000000 4.721825  0.000000 1.000000 0.000000  0.299397 0.253342 0
0  -42.656853 35.000000 6.843145  0.000000 1.000000 0.000000  0.300287 0.245846 0
kart_scrap
0  -44.778175 35.000000 4.721825  0.000000 1.000000 0.000000  0.299397 0.253342 0
0  -47.162674 35.000000 8.290482  0.000000 1.000000 0.000000  0.289225 0.248801 0
0  -44.391037 35.000000 9.438532  0.000000 1.000000 0.000000  0.292889 0.242543 0
kart_scrap
0  -47.162674 35.000000 8.290482  0.000000 1.000000 0.000000  0.289225 0.248801 0
0  -48.000000 35.000000 12.500000  0.000000 1.000000 0.000000  0.281099 0.240766 0
0  -45.000000 35.000000 12.500000  0.000000 1.000000 0.000000  0.286979 0.236699 0
kart_scrap
0  -48.000000 35.000000 12.500000  0.000000 1.000000 0.000000  0.281099 0.240766 0
0  -47.162674 35.000000 16.709518  0.000000 1.000000 0.000000  0.276255 0.230461 0
0  -44.391037 35.000000 15.561467  0.000000 1.000000 0.000001  0.283456 0.229205 0
kart_scrap
0  -47.162674 35.000000 16.709518  0.000000 1.000000 0.000000  0.276255 0.230461 0
0  -44.778175 35.000000 20.278173  0.000000 1.000000 -0.000000  0.275431 0.219455 0
0  -42.656853 35.000000 18.156853  0.000000 1.000000 -0.000000  0.282857 0.221201 0
kart_scrap
0  -44.778175 35.000000 20.278173  0.000000 1.000000 -0.000000  0.275431 0.219455 0
0  -41.209518 35.000000 22.662674  0.000000 1.000000 0.000000  0.278753 0.209424 0
0  -40.061466 35.000000 19.891035  0.000000 1.000000 0.000000  0.285273 0.213905 0
kart_scrap
0  -41.209518 35.000000 22.662674  0.000000 1.000000 0.000000  0.278753 0.209424 0
0  -37.000000 35.000000 23.500000  0.000000 1.000000 0.000000  0.285714 0.201893 0
0  -37.000000 35.000000 20.500000  0.000000 1.000000 0.000000  0.290336 0.208428 0
kart_scrap
0  -37.000000 35.000000 23.500000  0.000000 1.000000 0.000000  0.285714 0.201893 0
0  -32.790482 35.000000 22.662674  0.000000 1.000000 0.000000  0.295255 0.198011 0
0  -33.938534 35.000000 19.891035  0.000000 1.000000 0.000000  0.297275 0.205605 0
kart_scrap
0  -32.790482 35.000000 22.662674  0.000000 1.000000 0.000000  0.295255 0.198011 0
0  -29.221825 35.000000 20.278173  0.000000 1.000000 0.000000  0.305924 0.198368 0
0  -31.343145 35.000000 18.156853  0.000000 1.000000 0.000000  0.305034 0.205864 0
kart_scrap
0  -29.221825 35.000000 20.278173  0.000000 1.000000 0.000000  0.305924 0.198368 0
0  -26.837326 35.000000 16.709518  0.000000 1.000000 0.000000  0.316096 0.202909 0
0  -29.608963 35.000000 15.561467  0.000000 1.000000 0.000000  0.312431 0.209167 0
kart_scrap
0  -26.837326 35.000000 16.709518  0.000000 1.000000 0.000000  0.316096 0.202909 0
0  -26.000000 35.000000 12.500000  0.000000 1.000000 0.000000  0.324222 0.210944 0
0  -29.000000 35.000000 12.500000  0.000000 1.000000 0.000000  0.318341 0.215011 0
kart_scrap
0  -29.000000 35.000000 12.500000  -1.000000 0.000000 0.000003  0.597691 0.877974 0
0  -29.608963 35.000000 9.438532  -0.923878 -0.000000 0.382687  0.597691 0.886304 0
0  -29.608963 32.599998 9.438532  -0.923881 0.000000 0.382680  0.591291 0.886307 0
kart_scrap
0  -29.608963 35.000000 9.438532  -0.923878 -0.000000 0.382687  0.597691 0.886304 0
0  -31.343145 35.000000 6.843145  -0.707104 0.000000 0.707109  0.597744 0.894074 0
0  -31.343145 32.599998 6.843146  -0.707109 -0.000000 0.707105  0.591343 0.894076 0
kart_scrap
0  -31.343145 35.000000 6.843145  -0.707104 0.000000 0.707109  0.725379 0.863246 0
0  -33.938534 35.000000 5.108963  -0.382680 0.000000 0.923881  0.725367 0.856324 0
0  -33.938534 32.599998 5.108964  -0.382687 0.000000 0.923878  0.731768 0.856324 0
kart_scrap
0  -33.938534 35.000000 5.108963  -0.382680 0.000000 0.923881  0.725367 0.856324 0
0  -37.000000 35.000000 4.500000  0.000004 0.000000 1.000000  0.725363 0.848154 0
0  -37.000000 32.599998 4.500000  -0.000004 0.000000 1.000000  0.731764 0.848154 0
kart_scrap
0  -37.000000 35.000000 4.500000  0.000004 0.000000 1.000000  0.725363 0.848154 0
0  -40.061466 35.000000 5.108963  0.382687 -0.000000 0.923878  0.725367 0.839979 0
0  -40.061466 32.599998 5.108964  0.382680 -0.000001 0.923881  0.731768 0.839979 0
kart_scrap
0  -40.061466 35.000000 5.108963  0.382687 -0.000000 0.923878  0.725367 0.839979 0
0  -42.656853 35.000000 6.843145  0.707109 0.000000 0.707105  0.725379 0.833045 0
0  -42.656853 32.599998 6.843146  0.707104 -0.000001 0.707110  0.731781 0.833045 0
kart_scrap
0  -42.656853 35.000000 6.843145  0.707109 0.000000 0.707105  0.759694 0.861794 0
0  -44.391037 35.000000 9.438532  0.923881 0.000000 0.382680  0.759718 0.854716 0
0  -44.391037 32.599998 9.438532  0.923878 -0.000000 0.382687  0.766120 0.854717 0
kart_scrap
0  -44.391037 35.000000 9.438532  0.923881 0.000000 0.382680  0.759718 0.854716 0
0  -45.000000 35.000000 12.500000  1.000000 0.000000 -0.000003  0.759727 0.846494 0
0  -45.000000 32.599998 12.500000  1.000000 0.000000 0.000004  0.766128 0.846495 0
kart_scrap
0  -45.000000 35.000000 12.500000  1.000000 0.000000 -0.000003  0.759727 0.846494 0
0  -44.391037 35.000000 15.561467  0.923878 -0.000000 -0.382687  0.759718 0.838380 0
0  -44.391037 32.599998 15.561467  0.923881 0.000000 -0.382680  0.766120 0.838381 0
kart_scrap
0  -44.391037 35.000000 15.561467  0.923878 -0.000000 -0.382687  0.759718 0.838380 0
0  -42.656853 35.000000 18.156853  0.707104 -0.000001 -0.707110  0.759694 0.831610 0
0  -42.656853 32.599998 18.156855  0.707109 -0.000001 -0.707104  0.766095 0.831611 0
kart_scrap
0  -42.656853 35.000000 18.156853  0.707104 -0.000001 -0.707110  0.418737 0.898820 0
0  -40.061466 35.000000 19.891035  0.382680 -0.000000 -0.923881  0.418722 0.891871 0
0  -40.061466 32.599998 19.891037  0.382687 -0.000001 -0.923878  0.425124 0.891877 0
kart_scrap
0  -40.061466 35.000000 19.891035  0.382680 -0.000000 -0.923881  0.418722 0.891871 0
0  -37.000000 35.000000 20.500000  -0.000004 -0.000000 -1.000000  0.418722 0.883692 0
0  -37.000000 32.599998 20.500000  0.000004 -0.000000 -1.000000  0.425124 0.883697 0
kart_scrap
0  -37.000000 35.000000 20.500000  -0.000004 -0.000000 -1.000000  0.418722 0.883692 0
0  -33.938534 35.000000 19.891035  -0.382687 -0.000001 -0.923878  0.418737 0.875527 0
0  -33.938534 32.599998 19.891037  -0.382680 -0.000000 -0.923881  0.425139 0.875532 0
kart_scrap
0  -33.938534 35.000000 19.891035  -0.382687 -0.000001 -0.923878  0.425123 0.912410 0
0  -31.343145 35.000000 18.156853  -0.707110 -0.000001 -0.707104  0.425141 0.920638 0
0  -31.343145 32.599998 18.156855  -0.707104 -0.000001 -0.707109  0.418740 0.920641 0
kart_scrap
0  -31.343145 35.000000 18.156853  -0.707110 -0.000001 -0.707104  0.425141 0.920638 0
0  -29.608963 35.000000 15.561467  -0.923881 0.000000 -0.382680  0.425123 0.928743 0
0  -29.608963 32.599998 15.561467  -0.923878 -0.000000 -0.382687  0.418722 0.928745 0
kart_scrap
0  -29.608963 35.000000 15.561467  -0.923881 0.000000 -0.382680  0.597744 0.870351 0
0  -29.000000 35.000000 12.500000  -1.000000 0.000000 0.000003  0.597691 0.877974 0
0  -29.000000 32.599998 12.500000  -1.000000 0.000000 -0.000004  0.591291 0.877976 0
kart_scrap
0  -29.000000 -23.000000 12.500000  0.000000 1.000000 0.000000  0.318341 0.284282 0
0  -29.608963 -23.000000 15.561467  0.000000 1.000000 0.000000  0.312431 0.278438 0
0  -26.837326 -23.000000 16.709518  0.000000 1.000000 0.000000  0.316096 0.272180 0
kart_scrap
0  -29.608963 -23.000000 15.561467  0.000000 1.000000 0.000000  0.312431 0.278438 0
0  -31.343145 -23.000000 18.156853  0.000000 1.000000 0.000000  0.305034 0.275135 0
0  -29.221825 -23.000000 20.278173  0.000000 1.000000 0.000000  0.305924 0.267639 0
kart_scrap
0  -31.343145 -23.000000 18.156853  0.000000 1.000000 0.000000  0.305034 0.275135 0
0  -33.938534 -23.000000 19.891035  0.000000 1.000000 0.000000  0.297275 0.274876 0
0  -32.790482 -23.000000 22.662674  0.000000 1.000000 0.000000  0.295255 0.267282 0
kart_scrap
0  -33.938534 -23.000000 19.891035  0.000000 1.000000 0.000000  0.297275 0.274876 0
0  -37.000000 -23.000000 20.500000  0.000000 1.000000 -0.000000  0.290336 0.277699 0
0  -37.000000 -23.000000 23.500000  0.000000 1.000000 0.000000  0.285714 0.271164 0
kart_scrap
0  -37.000000 -23.000000 20.500000  0.000000 1.000000 -0.000000  0.290336 0.277699 0
0  -40.061466 -23.000000 19.891035  0.000000 1.000000 -0.000001  0.285273 0.283176 0
0  -41.209518 -23.000000 22.662674  0.000000 1.000000 -0.000001  0.278753 0.278694 0
kart_scrap
0  -40.061466 -23.000000 19.891035  0.000000 1.000000 -0.000001  0.285273 0.283176 0
0  -42.656853 -23.000000 18.156853  0.000000 1.000000 0.000000  0.282857 0.290471 0
0  -44.778175 -23.000000 20.278173  0.000000 1.000000 -0.000000  0.275431 0.288726 0
kart_scrap
0  -42.656853 -23.000000 18.156853  0.000000 1.000000 0.000000  0.282857 0.290471 0
0  -44.391037 -23.000000 15.561467  0.000000 1.000000 0.000000  0.283456 0.298476 0
0  -47.162674 -23.000000 16.709518  0.000000 1.000000 0.000000  0.276255 0.299732 0
kart_scrap
0  -44.391037 -23.000000 15.561467  0.000000 1.000000 0.000000  0.283456 0.298476 0
0  -45.000000 -23.000000 12.500000  0.000000 1.000000 0.000000  0.286979 0.305970 0
0  -48.000000 -23.000000 12.500000  0.000000 1.000000 0.000000  0.281099 0.310037 0
kart_scrap
0  -45.000000 -23.000000 12.500000  0.000000 1.000000 0.000000  0.286979 0.305970 0
0  -44.391037 -23.000000 9.438532  0.000000 1.000000 0.000000  0.292889 0.311814 0
0  -47.162674 -23.000000 8.290482  0.000000 1.000000 0.000000  0.289225 0.318071 0
kart_scrap
0  -44.391037 -23.000000 9.438532  0.000000 1.000000 0.000000  0.292889 0.311814 0
0  -42.656853 -23.000000 6.843145  0.000000 1.000000 0.000000  0.300287 0.315116 0
0  -44.778175 -23.000000 4.721825  0.000000 1.000000 0.000000  0.299397 0.322613 0
kart_scrap
0  -42.656853 -23.000000 6.843145  0.000000 1.000000 0.000000  0.300287 0.315116 0
0  -40.061466 -23.000000 5.108963  0.000000 1.000000 0.000000  0.308046 0.315376 0
0  -41.209518 -23.000000 2.337325  0.000000 1.000000 0.000000  0.310065 0.322970 0
kart_scrap
0  -40.061466 -23.000000 5.108963  0.000000 1.000000 0.000000  0.308046 0.315376 0
0  -37.000000 -23.000000 4.500000  0.000000 1.000000 0.000000  0.314985 0.312552 0
0  -37.000000 -23.000000 1.500000  0.000000 1.000000 0.000000  0.319607 0.319087 0
kart_scrap
0  -37.000000 -23.000000 4.500000  0.000000 1.000000 0.000000  0.314985 0.312552 0
0  -33.938534 -23.000000 5.108963  0.000000 1.000000 0.000000  0.320048 0.307076 0
0  -32.790482 -23.000000 2.337325  0.000000 1.000000 0.000001  0.326568 0.311557 0
kart_scrap
0  -33.938534 -23.000000 5.108963  0.000000 1.000000 0.000000  0.320048 0.307076 0
0  -31.343145 -23.000000 6.843145  0.000000 1.000000 -0.000001  0.322463 0.299780 0
0  -29.221825 -23.000000 4.721825  0.000000 1.000000 -0.000000  0.329890 0.301526 0
kart_scrap
0  -31.343145 -23.000000 6.843145  0.000000 1.000000 -0.000001  0.322463 0.299780 0
0  -29.608963 -23.000000 9.438532  0.000000 1.000000 0.000000  0.321864 0.291776 0
0  -26.837326 -23.000000 8.290482  0.000000 1.000000 0.000000  0.329066 0.290520 0
kart_scrap
0  -29.608963 -23.000000 9.438532  0.000000 1.000000 0.000000  0.321864 0.291776 0
0  -29.000000 -23.000000 12.500000  0.000000 1.000000 0.000000  0.318341 0.284282 0
0  -26.000000 -23.000000 12.500000  0.000000 1.000000 0.000000  0.324222 0.280215 0
kart_scrap
0  -26.000000 -23.000000 12.500000  0.847998 0.529999 0.000000  0.705960 0.044339 0
0  -26.837326 -23.000000 16.709518  0.783448 0.529998 0.324516  0.710289 0.034775 0
0  -25.451506 -25.400000 17.283543  0.890335 0.267014 0.368790  0.717495 0.036321 0
kart_scrap
0  -26.837326 -23.000000 16.709518  0.783448 0.529998 0.324516  0.710289 0.034775 0
0  -29.221825 -23.000000 20.278173  0.599625 0.529999 0.599626  0.711810 0.023525 0
0  -28.161165 -25.400000 21.338835  0.681433 0.267015 0.681434  0.719222 0.023537 0
kart_scrap
0  -29.221825 -23.000000 20.278173  0.599625 0.529999 0.599626  0.711810 0.023525 0
0  -32.790482 -23.000000 22.662674  0.324514 0.529999 0.783449  0.710289 0.012301 0
0  -32.216457 -25.400000 24.048494  0.368788 0.267014 0.890336  0.717495 0.010782 0
kart_scrap
0  -32.790482 -23.000000 22.662674  0.324514 0.529999 0.783449  0.710289 0.012301 0
0  -37.000000 -23.000000 23.500000  -0.000001 0.529999 0.847998  0.705960 0.002813 0
0  -37.000000 -25.400000 25.000000  -0.000001 0.267014 0.963693  0.712575 0.000000 0
kart_scrap
0  -37.000000 -23.000000 23.500000  -0.000001 0.529999 0.847998  0.275443 0.426900 0
0  -41.209518 -23.000000 22.662674  -0.324516 0.529999 0.783448  0.275443 0.415666 0
0  -41.783543 -25.400000 24.048494  -0.368790 0.267014 0.890335  0.281855 0.414132 0
kart_scrap
0  -41.209518 -23.000000 22.662674  -0.324516 0.529999 0.783448  0.275443 0.415666 0
0  -44.778175 -23.000000 20.278173  -0.599626 0.529999 0.599625  0.275431 0.406148 0
0  -45.838837 -25.400000 21.338835  -0.681434 0.267015 0.681433  0.281842 0.403316 0
kart_scrap
0  -44.778175 -23.000000 20.278173  -0.599626 0.529999 0.599625  0.535866 0.251158 0
0  -47.162674 -23.000000 16.709518  -0.783448 0.529999 0.324515  0.535934 0.261841 0
0  -48.548492 -25.400000 17.283543  -0.890336 0.267014 0.368788  0.529599 0.261150 0
kart_scrap
0  -47.162674 -23.000000 16.709518  -0.783448 0.529999 0.324515  0.535934 0.261841 0
0  -48.000000 -23.000000 12.500000  -0.847998 0.529999 -0.000001  0.535930 0.273295 0
0  -49.500000 -25.400000 12.500000  -0.963693 0.267014 -0.000001  0.529594 0.274167 0
kart_scrap
0  -48.000000 -23.000000 12.500000  -0.847998 0.529999 -0.000001  0.281099 0.310037 0
0  -47.162674 -23.000000 8.290482  -0.783448 0.529999 -0.324516  0.289225 0.318071 0
0  -48.548492 -25.400002 7.716456  -0.890335 0.267014 -0.368790  0.285118 0.322970 0
kart_scrap
0  -47.162674 -23.000000 8.290482  -0.783448 0.529999 -0.324516  0.001811 0.638736 0
0  -44.778175 -23.000000 4.721825  -0.599625 0.529998 -0.599626  0.012946 0.638765 0
0  -45.838837 -25.400002 3.661165  -0.681433 0.267014 -0.681434  0.012793 0.645215 0
kart_scrap
0  -44.778175 -23.000000 4.721825  -0.599625 0.529998 -0.599626  0.012946 0.638765 0
0  -41.209518 -23.000000 2.337325  -0.324514 0.529999 -0.783448  0.024251 0.638745 0
0  -41.783543 -25.400002 0.951506  -0.368788 0.267014 -0.890336  0.025639 0.645192 0
kart_scrap
0  -41.209518 -23.000000 2.337325  -0.324514 0.529999 -0.783448  0.522811 0.034848 0
0  -37.000000 -23.000000 1.500000  0.000001 0.529999 -0.847998  0.522822 0.023621 0
0  -37.000000 -25.400002 0.000000  0.000001 0.267014 -0.963693  0.529242 0.023639 0
kart_scrap
0  -37.000000 -23.000000 1.500000  0.000001 0.529999 -0.847998  0.522822 0.023621 0
0  -32.790482 -23.000000 2.337325  0.324516 0.529998 -0.783448  0.522812 0.012374 0
0  -32.216457 -25.400002 0.951506  0.368790 0.267014 -0.890336  0.529230 0.010858 0
kart_scrap
0  -32.790482 -23.000000 2.337325  0.324516 0.529998 -0.783448  0.795459 0.570349 0
0  -29.221825 -23.000000 4.721825  0.599626 0.529999 -0.599625  0.798993 0.559699 0
0  -28.161165 -25.400002 3.661165  0.681434 0.267014 -0.681433  0.805942 0.560555 0
kart_scrap
0  -29.221825 -23.000000 4.721825  0.599626 0.529999 -0.599625  0.798993 0.559699 0
0  -26.837326 -23.000000 8.290482  0.783449 0.529998 -0.324514  0.798993 0.548246 0
0  -25.451506 -25.400002 7.716456  0.890336 0.267014 -0.368788  0.805942 0.547540 0
kart_scrap
0  -26.837326 -23.000000 8.290482  0.783449 0.529998 -0.324514  0.798993 0.548246 0
0  -26.000000 -23.000000 12.500000  0.847998 0.529999 0.000000  0.795459 0.537732 0
0  -24.500000 -25.400000 12.500000  0.963692 0.267015 0.000001  0.801926 0.535592 0
kart_scrap
0  -24.500000 -25.400000 12.500000  0.963692 0.267015 0.000001  0.483613 0.023906 0
0  -25.451506 -25.400000 17.283543  0.890335 0.267014 0.368790  0.483640 0.011060 0
0  -25.451506 -32.599998 17.283543  0.890336 -0.267014 0.368788  0.502844 0.011083 0
kart_scrap
0  -25.451506 -25.400000 17.283543  0.890335 0.267014 0.368790  0.483640 0.011060 0
0  -28.161165 -25.400000 21.338835  0.681433 0.267015 0.681434  0.483690 0.000000 0
0  -28.161165 -32.599998 21.338835  0.681435 -0.267014 0.681433  0.502894 0.000024 0
kart_scrap
0  -28.161165 -25.400000 21.338835  0.681433 0.267015 0.681434  0.281816 0.450506 0
0  -32.216457 -25.400000 24.048494  0.368788 0.267014 0.890336  0.281842 0.439671 0
0  -32.216457 -32.599998 24.048494  0.368790 -0.267014 0.890336  0.301046 0.439681 0
kart_scrap
0  -32.216457 -25.400000 24.048494  0.368788 0.267014 0.890336  0.281842 0.439671 0
0  -37.000000 -25.400000 25.000000  -0.000001 0.267014 0.963693  0.281855 0.426898 0
0  -37.000000 -32.599998 25.000000  0.000001 -0.267014 0.963693  0.301059 0.426909 0
kart_scrap
0  -37.000000 -25.400000 25.000000  -0.000001 0.267014 0.963693  0.281855 0.426898 0
0  -41.783543 -25.400000 24.048494  -0.368790 0.267014 0.890335  0.281855 0.414132 0
0  -41.783543 -32.599998 24.048494  -0.368788 -0.267014 0.890336  0.301059 0.414143 0
kart_scrap
0  -41.783543 -25.400000 24.048494  -0.368790 0.267014 0.890335  0.281855 0.414132 0
0  -45.838837 -25.400000 21.338835  -0.681434 0.267015 0.681433  0.281842 0.403316 0
0  -45.838837 -32.599998 21.338835  -0.681433 -0.267014 0.681434  0.301046 0.403326 0
kart_scrap
0  -45.838837 -25.400000 21.338835  -0.681434 0.267015 0.681433  0.529521 0.249010 0
0  -48.548492 -25.400000 17.283543  -0.890336 0.267014 0.368788  0.529599 0.261150 0
0  -48.548492 -32.599998 17.283543  -0.890336 -0.267014 0.368790  0.510397 0.261150 0
kart_scrap
0  -48.548492 -25.400000 17.283543  -0.890336 0.267014 0.368788  0.529599 0.261150 0
0  -49.500000 -25.400000 12.500000  -0.963693 0.267014 -0.000001  0.529594 0.274167 0
0  -49.500000 -32.599998 12.500000  -0.963693 -0.267014 0.000001  0.510392 0.274167 0
kart_scrap
0  -49.500000 -25.400000 12.500000  -0.963693 0.267014 -0.000001  0.529594 0.274167 0
0  -48.548492 -25.400002 7.716456  -0.890335 0.267014 -0.368790  0.529507 0.286077 0
0  -48.548492 -32.599998 7.716457  -0.890337 -0.267014 -0.368788  0.510305 0.286077 0
kart_scrap
0  -48.548492 -25.400002 7.716456  -0.890335 0.267014 -0.368790  0.000140 0.645182 0
0  -45.838837 -25.400002 3.661165  -0.681433 0.267014 -0.681434  0.012793 0.645215 0
0  -45.838837 -32.600002 3.661165  -0.681435 -0.267015 -0.681432  0.012793 0.664434 0
kart_scrap
0  -45.838837 -25.400002 3.661165  -0.681433 0.267014 -0.681434  0.012793 0.645215 0
0  -41.783543 -25.400002 0.951506  -0.368788 0.267014 -0.890336  0.025639 0.645192 0
0  -41.783543 -32.600002 0.951506  -0.368790 -0.267014 -0.890336  0.025639 0.664411 0
kart_scrap
0  -41.783543 -25.400002 0.951506  -0.368788 0.267014 -0.890336  0.529230 0.036397 0
0  -37.000000 -25.400002 0.000000  0.000001 0.267014 -0.963693  0.529242 0.023639 0
0  -37.000000 -32.600002 0.000000  -0.000001 -0.267014 -0.963693  0.548446 0.023639 0
kart_scrap
0  -37.000000 -25.400002 0.000000  0.000001 0.267014 -0.963693  0.529242 0.023639 0
0  -32.216457 -25.400002 0.951506  0.368790 0.267014 -0.890336  0.529230 0.010858 0
0  -32.216457 -32.600002 0.951506  0.368788 -0.267014 -0.890336  0.548434 0.010858 0
kart_scrap
0  -32.216457 -25.400002 0.951506  0.368790 0.267014 -0.890336  0.529230 0.010858 0
0  -28.161165 -25.400002 3.661165  0.681434 0.267014 -0.681433  0.529197 0.000000 0
0  -28.161165 -32.600002 3.661165  0.681433 -0.267015 -0.681435  0.548401 0.000000 0
kart_scrap
0  -28.161165 -25.400002 3.661165  0.681434 0.267014 -0.681433  0.483640 0.047164 0
0  -25.451506 -25.400002 7.716456  0.890336 0.267014 -0.368788  0.483613 0.036585 0
0  -25.451506 -32.599998 7.716457  0.890335 -0.267014 -0.368790  0.502817 0.036608 0
kart_scrap
0  -25.451506 -25.400002 7.716456  0.890336 0.267014 -0.368788  0.483613 0.036585 0
0  -24.500000 -25.400000 12.500000  0.963692 0.267015 0.000001  0.483613 0.023906 0
0  -24.500000 -32.599998 12.500000  0.963693 -0.267014 -0.000001  0.502817 0.023930 0
kart_scrap
0  -24.500000 -32.599998 12.500000  0.963693 -0.267014 -0.000001  0.078601 0.826964 0
0  -25.451506 -32.599998 17.283543  0.890336 -0.267014 0.368788  0.074543 0.815297 0
0  -26.837326 -35.000000 16.709518  0.783449 -0.529999 0.324515  0.081450 0.814823 0
kart_scrap
0  -25.451506 -32.599998 17.283543  0.890336 -0.267014 0.368788  0.074543 0.815297 0
0  -28.161165 -32.599998 21.338835  0.681435 -0.267014 0.681433  0.074543 0.802346 0
0  -29.221825 -35.000000 20.278175  0.599626 -0.529998 0.599625  0.081450 0.803427 0
kart_scrap
0  -28.161165 -32.599998 21.338835  0.681435 -0.267014 0.681433  0.074543 0.802346 0
0  -32.216457 -32.599998 24.048494  0.368790 -0.267014 0.890336  0.078601 0.790085 0
0  -32.790482 -35.000000 22.662674  0.324515 -0.529998 0.783449  0.085021 0.792636 0
kart_scrap
0  -32.216457 -32.599998 24.048494  0.368790 -0.267014 0.890336  0.301046 0.439681 0
0  -37.000000 -32.599998 25.000000  0.000001 -0.267014 0.963693  0.301059 0.426909 0
0  -37.000000 -35.000000 23.500000  0.000001 -0.529999 0.847998  0.307450 0.426917 0
kart_scrap
0  -37.000000 -32.599998 25.000000  0.000001 -0.267014 0.963693  0.301059 0.426909 0
0  -41.783543 -32.599998 24.048494  -0.368788 -0.267014 0.890336  0.301059 0.414143 0
0  -41.209518 -35.000000 22.662674  -0.324514 -0.529999 0.783449  0.307450 0.415683 0
kart_scrap
0  -41.783543 -32.599998 24.048494  -0.368788 -0.267014 0.890336  0.301059 0.414143 0
0  -45.838837 -32.599998 21.338835  -0.681433 -0.267014 0.681434  0.301046 0.403326 0
0  -44.778175 -35.000000 20.278175  -0.599625 -0.529998 0.599626  0.307438 0.406165 0
kart_scrap
0  -45.838837 -32.599998 21.338835  -0.681433 -0.267014 0.681434  0.510319 0.249010 0
0  -48.548492 -32.599998 17.283543  -0.890336 -0.267014 0.368790  0.510397 0.261150 0
0  -47.162674 -35.000000 16.709518  -0.783448 -0.529999 0.324516  0.503931 0.261841 0
kart_scrap
0  -48.548492 -32.599998 17.283543  -0.890336 -0.267014 0.368790  0.510397 0.261150 0
0  -49.500000 -32.599998 12.500000  -0.963693 -0.267014 0.000001  0.510392 0.274167 0
0  -48.000000 -35.000000 12.500000  -0.847998 -0.529999 0.000001  0.503927 0.273295 0
kart_scrap
0  -49.500000 -32.599998 12.500000  -0.963693 -0.267014 0.000001  0.181749 0.316303 0
0  -48.548492 -32.599998 7.716457  -0.890337 -0.267014 -0.368788  0.172508 0.325433 0
0  -47.162674 -35.000000 8.290483  -0.783449 -0.529998 -0.324514  0.168434 0.320540 0
kart_scrap
0  -48.548492 -32.599998 7.716457  -0.890337 -0.267014 -0.368788  0.000140 0.664401 0
0  -45.838837 -32.600002 3.661165  -0.681435 -0.267015 -0.681432  0.012793 0.664434 0
0  -44.778175 -35.000000 4.721826  -0.599626 -0.529999 -0.599624  0.012946 0.670797 0
kart_scrap
0  -45.838837 -32.600002 3.661165  -0.681435 -0.267015 -0.681432  0.012793 0.664434 0
0  -41.783543 -32.600002 0.951506  -0.368790 -0.267014 -0.890336  0.025639 0.664411 0
0  -41.209518 -35.000000 2.337325  -0.324515 -0.529999 -0.783448  0.024251 0.670777 0
kart_scrap
0  -41.783543 -32.600002 0.951506  -0.368790 -0.267014 -0.890336  0.548434 0.036397 0
0  -37.000000 -32.600002 0.000000  -0.000001 -0.267014 -0.963693  0.548446 0.023639 0
0  -37.000000 -35.000000 1.500000  -0.000000 -0.529999 -0.847998  0.554828 0.023621 0
kart_scrap
0  -37.000000 -32.600002 0.000000  -0.000001 -0.267014 -0.963693  0.595146 0.824365 0
0  -32.216457 -32.600002 0.951506  0.368788 -0.267014 -0.890336  0.591291 0.812237 0
0  -32.790482 -35.000000 2.337325  0.324515 -0.529999 -0.783448  0.598380 0.811373 0
kart_scrap
0  -32.216457 -32.600002 0.951506  0.368788 -0.267014 -0.890336  0.591291 0.812237 0
0  -28.161165 -32.600002 3.661165  0.681433 -0.267015 -0.681435  0.591291 0.799225 0
0  -29.221825 -35.000000 4.721826  0.599625 -0.530000 -0.599625  0.598380 0.799922 0
kart_scrap
0  -28.161165 -32.600002 3.661165  0.681433 -0.267015 -0.681435  0.591291 0.799225 0
0  -25.451506 -32.599998 7.716457  0.890335 -0.267014 -0.368790  0.595146 0.787309 0
0  -26.837326 -35.000000 8.290483  0.783448 -0.529999 -0.324516  0.601772 0.789436 0
kart_scrap
0  -25.451506 -32.599998 7.716457  0.890335 -0.267014 -0.368790  0.502817 0.036608 0
0  -24.500000 -32.599998 12.500000  0.963693 -0.267014 -0.000001  0.502817 0.023930 0
0  -26.000000 -35.000000 12.500000  0.847998 -0.529999 -0.000001  0.509239 0.023805 0
kart_scrap
0  -26.000000 -35.000000 12.500000  0.000000 -1.000000 0.000000  0.133223 0.282659 0
0  -26.837326 -35.000000 16.709518  0.000000 -1.000000 0.000000  0.141355 0.274625 0
0  -29.608963 -35.000000 15.561468  0.000000 -1.000000 0.000000  0.145047 0.280886 0
kart_scrap
0  -26.837326 -35.000000 16.709518  0.000000 -1.000000 0.000000  0.141355 0.274625 0
0  -29.221825 -35.000000 20.278175  0.000000 -1.000000 -0.000000  0.151547 0.270085 0
0  -31.343145 -35.000000 18.156855  0.000000 -1.000000 -0.000001  0.152460 0.277584 0
kart_scrap
0  -29.221825 -35.000000 20.278175  0.000000 -1.000000 -0.000000  0.151547 0.270085 0
0  -32.790482 -35.000000 22.662674  0.000000 -1.000000 0.000000  0.162249 0.269731 0
0  -33.938534 -35.000000 19.891037  0.000000 -1.000000 -0.000000  0.160244 0.277327 0
kart_scrap
0  -32.790482 -35.000000 22.662674  0.000000 -1.000000 0.000000  0.162249 0.269731 0
0  -37.000000 -35.000000 23.500000  0.000000 -1.000000 0.000000  0.171832 0.273618 0
0  -37.000000 -35.000000 20.500000  0.000000 -1.000000 0.000000  0.167213 0.280154 0
kart_scrap
0  -37.000000 -35.000000 23.500000  0.000000 -1.000000 0.000000  0.171832 0.273618 0
0  -41.209518 -35.000000 22.662674  0.000000 -1.000000 0.000000  0.178836 0.281153 0
0  -40.061466 -35.000000 19.891037  0.000000 -1.000000 0.000000  0.172306 0.285634 0
kart_scrap
0  -41.209518 -35.000000 22.662674  0.000000 -1.000000 0.000000  0.178836 0.281153 0
0  -44.778175 -35.000000 20.278175  0.000000 -1.000000 0.000000  0.182195 0.291189 0
0  -42.656853 -35.000000 18.156855  0.000000 -1.000000 0.000000  0.174749 0.292933 0
kart_scrap
0  -44.778175 -35.000000 20.278175  0.000000 -1.000000 0.000000  0.182195 0.291189 0
0  -47.162674 -35.000000 16.709518  0.000000 -1.000000 0.000000  0.181397 0.302198 0
0  -44.391037 -35.000000 15.561468  0.000000 -1.000000 0.000000  0.174169 0.300939 0
kart_scrap
0  -47.162674 -35.000000 16.709518  0.000000 -1.000000 0.000000  0.181397 0.302198 0
0  -48.000000 -35.000000 12.500000  0.000000 -1.000000 0.000000  0.176565 0.312505 0
0  -45.000000 -35.000000 12.500000  0.000000 -1.000000 0.000000  0.170655 0.308435 0
kart_scrap
0  -48.000000 -35.000000 12.500000  0.000000 -1.000000 0.000000  0.176565 0.312505 0
0  -47.162674 -35.000000 8.290483  0.000000 -1.000000 -0.000000  0.168434 0.320540 0
0  -44.391037 -35.000000 9.438533  0.000000 -1.000000 -0.000001  0.164741 0.314279 0
kart_scrap
0  -47.162674 -35.000000 8.290483  0.000000 -1.000000 -0.000000  0.168434 0.320540 0
0  -44.778175 -35.000000 4.721826  0.000000 -1.000000 0.000000  0.158241 0.325080 0
0  -42.656853 -35.000000 6.843146  0.000000 -1.000000 0.000000  0.157328 0.317580 0
kart_scrap
0  -44.778175 -35.000000 4.721826  0.000000 -1.000000 0.000000  0.158241 0.325080 0
0  -41.209518 -35.000000 2.337325  0.000000 -1.000000 -0.000000  0.147539 0.325433 0
0  -40.061466 -35.000000 5.108964  0.000000 -1.000000 -0.000000  0.149545 0.317837 0
kart_scrap
0  -41.209518 -35.000000 2.337325  0.000000 -1.000000 -0.000000  0.147539 0.325433 0
0  -37.000000 -35.000000 1.500000  0.000000 -1.000000 -0.000000  0.137957 0.321547 0
0  -37.000000 -35.000000 4.500000  0.000000 -1.000000 0.000000  0.142576 0.315011 0
kart_scrap
0  -37.000000 -35.000000 1.500000  0.000000 -1.000000 -0.000000  0.137957 0.321547 0
0  -32.790482 -35.000000 2.337325  0.000000 -1.000000 -0.000000  0.130953 0.314012 0
0  -33.938534 -35.000000 5.108964  0.000000 -1.000000 -0.000000  0.137482 0.309531 0
kart_scrap
0  -32.790482 -35.000000 2.337325  0.000000 -1.000000 -0.000000  0.130953 0.314012 0
0  -29.221825 -35.000000 4.721826  0.000000 -1.000000 0.000000  0.127594 0.303976 0
0  -31.343145 -35.000000 6.843146  0.000000 -1.000000 0.000000  0.135039 0.302232 0
kart_scrap
0  -29.221825 -35.000000 4.721826  0.000000 -1.000000 0.000000  0.127594 0.303976 0
0  -26.837326 -35.000000 8.290483  0.000000 -1.000000 0.000000  0.128391 0.292966 0
0  -29.608963 -35.000000 9.438533  0.000000 -1.000000 0.000000  0.135619 0.294225 0
kart_scrap
0  -26.837326 -35.000000 8.290483  0.000000 -1.000000 0.000000  0.128391 0.292966 0
0  -26.000000 -35.000000 12.500000  0.000000 -1.000000 0.000000  0.133223 0.282659 0
0  -29.000000 -35.000000 12.500000  0.000000 -1.000000 0.000000  0.139134 0.286729 0
kart_scrap
0  -29.000000 -35.000000 12.500000  -1.000000 0.000000 -0.000003  0.888315 0.137101 0
0  -29.608963 -35.000000 15.561468  -0.923878 0.000000 -0.382687  0.888368 0.129478 0
0  -29.608963 -32.599998 15.561468  -0.923881 0.000000 -0.382680  0.894769 0.129475 0
kart_scrap
0  -29.608963 -35.000000 15.561468  -0.923878 0.000000 -0.382687  0.438729 0.928982 0
0  -31.343145 -35.000000 18.156855  -0.707104 0.000000 -0.707109  0.438746 0.920877 0
0  -31.343145 -32.599998 18.156855  -0.707109 0.000000 -0.707104  0.445147 0.920875 0
kart_scrap
0  -31.343145 -35.000000 18.156855  -0.707104 0.000000 -0.707109  0.438746 0.920877 0
0  -33.938534 -35.000000 19.891037  -0.382680 0.000000 -0.923881  0.438729 0.912649 0
0  -33.938534 -32.599998 19.891037  -0.382687 0.000000 -0.923878  0.445130 0.912646 0
kart_scrap
0  -33.938534 -35.000000 19.891037  -0.382680 0.000000 -0.923881  0.731779 0.876835 0
0  -37.000000 -35.000000 20.500000  0.000004 0.000000 -1.000000  0.731764 0.885000 0
0  -37.000000 -32.599998 20.500000  -0.000004 0.000000 -1.000000  0.725363 0.884995 0
kart_scrap
0  -37.000000 -35.000000 20.500000  0.000004 0.000000 -1.000000  0.731764 0.885000 0
0  -40.061466 -35.000000 19.891037  0.382687 0.000000 -0.923878  0.731764 0.893180 0
0  -40.061466 -32.599998 19.891037  0.382680 0.000000 -0.923881  0.725363 0.893174 0
kart_scrap
0  -40.061466 -35.000000 19.891037  0.382687 0.000000 -0.923878  0.731764 0.893180 0
0  -42.656853 -35.000000 18.156855  0.707109 0.000000 -0.707105  0.731779 0.900129 0
0  -42.656853 -32.599998 18.156855  0.707104 0.000000 -0.707110  0.725378 0.900124 0
kart_scrap
0  -42.656853 -35.000000 18.156855  0.707109 0.000000 -0.707105  0.425124 0.831758 0
0  -44.391037 -35.000000 15.561468  0.923881 0.000000 -0.382680  0.425148 0.838529 0
0  -44.391037 -32.599998 15.561468  0.923878 0.000000 -0.382687  0.418747 0.838528 0
kart_scrap
0  -44.391037 -35.000000 15.561468  0.923881 0.000000 -0.382680  0.425148 0.838529 0
0  -45.000000 -35.000000 12.500000  1.000000 0.000000 0.000003  0.425157 0.846643 0
0  -45.000000 -32.599998 12.500000  1.000000 0.000000 -0.000004  0.418755 0.846642 0
kart_scrap
0  -45.000000 -35.000000 12.500000  1.000000 0.000000 0.000003  0.425157 0.846643 0
0  -44.391037 -35.000000 9.438533  0.923878 0.000000 0.382687  0.425148 0.854865 0
0  -44.391037 -32.599998 9.438533  0.923881 0.000000 0.382680  0.418747 0.854864 0
kart_scrap
0  -44.391037 -35.000000 9.438533  0.923878 0.000000 0.382687  0.425148 0.854865 0
0  -42.656853 -35.000000 6.843146  0.707104 0.000000 0.707110  0.425124 0.861943 0
0  -42.656853 -32.599998 6.843146  0.707109 0.000000 0.707104  0.418722 0.861942 0
kart_scrap
0  -42.656853 -35.000000 6.843146  0.707104 0.000000 0.707110  0.043366 0.837257 0
0  -40.061466 -35.000000 5.108964  0.382680 0.000000 0.923881  0.043353 0.844191 0
0  -40.061466 -32.599998 5.108964  0.382686 0.000000 0.923878  0.036952 0.844191 0
kart_scrap
0  -40.061466 -35.000000 5.108964  0.382680 0.000000 0.923881  0.043353 0.844191 0
0  -37.000000 -35.000000 4.500000  -0.000003 0.000000 1.000000  0.043349 0.852365 0
0  -37.000000 -32.600002 4.500000  0.000004 0.000000 1.000000  0.036948 0.852365 0
kart_scrap
0  -37.000000 -35.000000 4.500000  -0.000003 0.000000 1.000000  0.043349 0.852365 0
0  -33.938534 -35.000000 5.108964  -0.382686 0.000000 0.923878  0.043353 0.860536 0
0  -33.938534 -32.599998 5.108964  -0.382680 0.000000 0.923881  0.036952 0.860536 0
kart_scrap
0  -33.938534 -35.000000 5.108964  -0.382686 0.000000 0.923878  0.043353 0.860536 0
0  -31.343145 -35.000000 6.843146  -0.707110 0.000000 0.707104  0.043366 0.867458 0
0  -31.343145 -32.599998 6.843146  -0.707104 0.000000 0.707110  0.036964 0.867458 0
kart_scrap
0  -31.343145 -35.000000 6.843146  -0.707110 0.000000 0.707104  0.888368 0.153201 0
0  -29.608963 -35.000000 9.438533  -0.923881 0.000000 0.382680  0.888315 0.145431 0
0  -29.608963 -32.599998 9.438533  -0.923878 0.000000 0.382686  0.894716 0.145429 0
kart_scrap
0  -29.608963 -35.000000 9.438533  -0.923881 0.000000 0.382680  0.888315 0.145431 0
0  -29.000000 -35.000000 12.500000  -1.000000 0.000000 -0.000003  0.888315 0.137101 0
0  -29.000000 -32.599998 12.500000  -1.000000 0.000000 0.000004  0.894716 0.137098 0
kart_scrap
0  10.612660 6.741341 26.741131  0.110600 -0.915961 0.385724  0.077279 0.919683 0
0  6.819754 4.002258 21.324297  0.110601 -0.915961 0.385724  0.077279 0.938320 0
0  7.709340 3.874556 20.765976  0.110601 -0.915961 0.385724  0.074543 0.938472 0
kart_scrap
0  7.154909 1.061027 19.552874  0.868461 0.038631 -0.494249  0.291265 0.949339 0
0  8.725983 -5.551703 21.796598  0.868461 0.038631 -0.494250  0.291265 0.930765 0
0  8.255677 -5.954519 20.938726  0.868461 0.038631 -0.494250  0.293736 0.930445 0
kart_scrap
0  14.978431 -1.050459 30.684700  0.785509 -0.023207 -0.618415  0.949699 0.590061 0
0  13.407357 5.562272 28.440975  0.785508 -0.023208 -0.618416  0.949699 0.608635 0
0  14.019542 5.966411 29.203402  0.785508 -0.023208 -0.618416  0.947479 0.609044 0
kart_scrap
0  13.127051 4.756762 30.794682  -0.833832 -0.397841 0.382683  0.949705 0.676651 0
0  9.334146 7.495845 25.377850  -0.833832 -0.397841 0.382683  0.949705 0.694576 0
0  9.497754 6.613638 24.817190  -0.833832 -0.397841 0.382683  0.946987 0.694839 0
kart_scrap
0  14.566431 4.963388 29.891298  0.583690 0.811974 0.001879  0.216977 0.931116 0
0  10.773525 7.702471 24.474466  0.583691 0.811974 0.001880  0.216977 0.949213 0
0  10.122616 8.168780 25.166033  0.583691 0.811974 0.001879  0.214199 0.949372 0
kart_scrap
0  15.590615 -0.646320 31.447126  0.793033 0.356112 0.494249  0.182546 0.932719 0
0  14.019542 5.966411 29.203402  0.793033 0.356112 0.494250  0.182546 0.950593 0
0  13.418315 6.114649 30.061274  0.793033 0.356112 0.494250  0.179798 0.950366 0
kart_scrap
0  13.915522 5.429697 30.582865  -0.404737 0.670084 0.622234  0.385997 0.935987 0
0  10.122616 8.168780 25.166033  -0.404736 0.670084 0.622235  0.385997 0.951316 0
0  9.334146 7.495845 25.377850  -0.404736 0.670084 0.622235  0.383301 0.951815 0
kart_scrap
0  8.572220 5.460738 22.172358  0.975592 -0.205746 -0.076739  0.936292 0.860395 0
0  7.001146 -1.151993 19.928633  0.975592 -0.205746 -0.076739  0.936292 0.879012 0
0  6.994374 -0.810605 18.927235  0.975592 -0.205746 -0.076739  0.933472 0.878987 0
kart_scrap
0  14.989388 -0.498082 32.305000  -0.295390 0.243296 0.923879  0.946401 0.500935 0
0  13.418315 6.114649 30.061274  -0.295385 0.243297 0.923880  0.946401 0.519093 0
0  12.434552 5.802126 29.829041  -0.295385 0.243297 0.923880  0.943657 0.518888 0
kart_scrap
0  13.418315 6.114649 30.061274  -0.219497 0.923879 -0.313477  0.967876 0.786843 0
0  14.019542 5.966411 29.203402  -0.219497 0.923880 -0.313476  0.970506 0.786843 0
0  12.434552 5.802126 29.829041  -0.219498 0.923880 -0.313476  0.967115 0.789525 0
kart_scrap
0  14.019542 5.966411 29.203402  -0.219497 0.923880 -0.313476  0.970506 0.786843 0
0  13.407357 5.562272 28.440975  -0.219498 0.923880 -0.313476  0.971370 0.789525 0
0  12.434552 5.802126 29.829041  -0.219498 0.923880 -0.313476  0.967115 0.789525 0
kart_scrap
0  6.426369 1.146633 20.315300  0.691130 0.374032 0.618416  0.162778 0.950608 0
0  7.997442 -5.466098 22.559025  0.691130 0.374032 0.618417  0.162778 0.932734 0
0  8.725983 -5.551703 21.796598  0.691130 0.374032 0.618416  0.165593 0.932802 0
kart_scrap
0  14.005626 -0.810605 32.072765  -0.975592 -0.205747 0.076740  0.367821 0.915728 0
0  12.434552 5.802126 29.829041  -0.975592 -0.205746 0.076739  0.367821 0.934671 0
0  12.427779 5.460738 28.827642  -0.975592 -0.205746 0.076739  0.365053 0.934743 0
kart_scrap
0  10.710107 -7.188287 24.258869  0.834709 -0.393037 -0.385724  0.947537 0.773260 0
0  14.503013 -4.449204 29.675701  0.834707 -0.393040 -0.385724  0.947537 0.757337 0
0  14.344479 -5.333816 30.234022  0.834707 -0.393040 -0.385724  0.950326 0.757097 0
kart_scrap
0  13.923124 -5.816007 28.827642  0.963881 -0.255040 0.076739  0.933481 0.394433 0
0  15.494198 0.796724 31.071367  0.963881 -0.255040 0.076739  0.933481 0.375816 0
0  15.334600 0.494863 32.072765  0.963881 -0.255040 0.076739  0.936282 0.375739 0
kart_scrap
0  13.998853 -1.151993 31.071367  -0.307568 -0.370454 -0.876451  0.947126 0.018123 0
0  12.427779 5.460738 28.827642  -0.307562 -0.370456 -0.876452  0.947126 0.000000 0
0  13.407357 5.562272 28.440975  -0.307563 -0.370455 -0.876452  0.949724 0.000349 0
kart_scrap
0  13.998853 -1.151993 31.071367  0.219498 -0.923880 0.313476  0.970530 0.378034 0
0  14.978431 -1.050459 30.684700  0.219498 -0.923880 0.313476  0.968922 0.380308 0
0  15.590615 -0.646320 31.447126  0.219498 -0.923880 0.313476  0.966321 0.379419 0
kart_scrap
0  15.590615 -0.646320 31.447126  0.219498 -0.923880 0.313476  0.966321 0.379419 0
0  14.989388 -0.498082 32.305000  0.219497 -0.923880 0.313475  0.966321 0.376596 0
0  14.005626 -0.810605 32.072765  0.219498 -0.923880 0.313476  0.968922 0.375739 0
kart_scrap
0  6.684604 0.658211 18.695002  -0.154390 -0.350157 -0.923880  0.313071 0.931082 0
0  8.255677 -5.954519 20.938726  -0.154393 -0.350157 -0.923880  0.313071 0.949205 0
0  7.236472 -6.117867 21.170959  -0.154393 -0.350157 -0.923880  0.310329 0.948994 0
kart_scrap
0  14.566431 4.963388 29.891298  0.529916 -0.382683 0.756797  0.973627 0.326908 0
0  13.915522 5.429697 30.582865  0.529916 -0.382682 0.756798  0.971556 0.325266 0
0  13.127051 4.756762 30.794682  0.529914 -0.382684 0.756798  0.972089 0.322610 0
kart_scrap
0  13.127051 4.756762 30.794682  0.529914 -0.382684 0.756798  0.972089 0.322610 0
0  13.290660 3.874556 30.234022  0.529915 -0.382684 0.756798  0.974488 0.322610 0
0  14.566431 4.963388 29.891298  0.529916 -0.382683 0.756797  0.973627 0.326908 0
kart_scrap
0  13.290660 3.874556 30.234022  -0.110598 -0.915961 -0.385724  0.940777 0.418416 0
0  9.497754 6.613638 24.817190  -0.110599 -0.915961 -0.385723  0.940777 0.437494 0
0  10.387341 6.741341 24.258869  -0.110599 -0.915961 -0.385724  0.938281 0.437567 0
kart_scrap
0  10.226475 7.702471 26.525534  -0.765479 -0.168256 0.621073  0.950067 0.034752 0
0  6.433568 4.963388 21.108700  -0.765479 -0.168254 0.621073  0.950067 0.052587 0
0  6.819754 4.002258 21.324297  -0.765479 -0.168254 0.621073  0.947392 0.052909 0
kart_scrap
0  11.502246 6.613638 26.182810  0.833833 -0.397840 -0.382683  0.101379 0.935153 0
0  7.709340 3.874556 20.765976  0.833832 -0.397840 -0.382684  0.101379 0.951076 0
0  7.872949 4.756762 20.205318  0.833832 -0.397840 -0.382684  0.098593 0.951324 0
kart_scrap
0  14.180246 4.002258 29.675701  0.765479 -0.168254 -0.621073  0.402534 0.935258 0
0  10.387341 6.741341 24.258869  0.765479 -0.168254 -0.621074  0.402534 0.951129 0
0  10.773525 7.702471 24.474466  0.765479 -0.168254 -0.621074  0.400002 0.951823 0
kart_scrap
0  10.387341 6.741341 24.258869  -0.529916 0.382684 -0.756797  0.968044 0.636945 0
0  9.497754 6.613638 24.817190  -0.529916 0.382684 -0.756798  0.968044 0.634168 0
0  10.773525 7.702471 24.474466  -0.529916 0.382684 -0.756798  0.970553 0.637629 0
kart_scrap
0  9.497754 6.613638 24.817190  -0.529916 0.382684 -0.756798  0.968044 0.634168 0
0  9.334146 7.495845 25.377850  -0.529916 0.382683 -0.756798  0.970553 0.633136 0
0  10.773525 7.702471 24.474466  -0.529916 0.382684 -0.756798  0.970553 0.637629 0
kart_scrap
0  7.935255 -4.251597 20.417135  0.763367 -0.173475 -0.622235  0.274565 0.952128 0
0  11.728161 -6.990680 25.833967  0.763368 -0.173474 -0.622235  0.274565 0.936257 0
0  11.337326 -7.950770 25.622150  0.763368 -0.173474 -0.622235  0.277090 0.935554 0
kart_scrap
0  10.226475 7.702471 26.525534  0.529915 0.382684 0.756798  0.437194 0.968799 0
0  10.612660 6.741341 26.741131  0.529913 0.382685 0.756799  0.439787 0.968161 0
0  11.502246 6.613638 26.182810  0.529915 0.382684 0.756798  0.441390 0.970472 0
kart_scrap
0  11.502246 6.613638 26.182810  0.529915 0.382684 0.756798  0.441390 0.970472 0
0  11.665855 7.495845 25.622152  0.529916 0.382684 0.756798  0.439787 0.972538 0
0  10.877385 8.168780 25.833967  0.529916 0.382683 0.756798  0.437194 0.971504 0
kart_scrap
0  11.665855 7.495845 25.622152  0.404738 0.670082 -0.622235  0.942395 0.342053 0
0  7.872949 4.756762 20.205318  0.404738 0.670083 -0.622235  0.942395 0.360302 0
0  7.084479 5.429697 20.417133  0.404738 0.670083 -0.622235  0.939585 0.360379 0
kart_scrap
0  7.592642 5.562272 22.559025  0.307561 -0.370455 0.876452  0.947093 0.085084 0
0  6.021569 -1.050459 20.315300  0.307563 -0.370455 0.876452  0.947093 0.066957 0
0  7.001146 -1.151993 19.928633  0.307563 -0.370455 0.876452  0.949698 0.067301 0
kart_scrap
0  8.565447 5.802126 21.170958  0.295383 0.243297 -0.923880  0.946270 0.535791 0
0  6.994374 -0.810605 18.927235  0.295385 0.243297 -0.923880  0.946270 0.553967 0
0  6.010611 -0.498082 18.695002  0.295385 0.243297 -0.923880  0.943522 0.553769 0
kart_scrap
0  10.877385 8.168780 25.833967  -0.583691 0.811974 -0.001879  0.926013 0.342085 0
0  7.084479 5.429697 20.417133  -0.583691 0.811973 -0.001879  0.926013 0.361121 0
0  6.433568 4.963388 21.108700  -0.583691 0.811973 -0.001879  0.923216 0.361088 0
kart_scrap
0  7.872949 4.756762 20.205318  -0.529916 -0.382683 -0.756797  0.727851 0.973434 0
0  7.709340 3.874556 20.765976  -0.529917 -0.382683 -0.756797  0.725363 0.972390 0
0  7.084479 5.429697 20.417133  -0.529916 -0.382683 -0.756798  0.729389 0.971304 0
kart_scrap
0  7.709340 3.874556 20.765976  -0.529917 -0.382683 -0.756797  0.725363 0.972390 0
0  6.819754 4.002258 21.324297  -0.529916 -0.382683 -0.756798  0.725363 0.969615 0
0  7.084479 5.429697 20.417133  -0.529916 -0.382683 -0.756798  0.729389 0.971304 0
kart_scrap
0  6.010611 -0.498082 18.695002  -0.219498 -0.923879 -0.313476  0.968368 0.905202 0
0  6.994374 -0.810605 18.927235  -0.219498 -0.923880 -0.313476  0.966816 0.902883 0
0  7.001146 -1.151993 19.928633  -0.219498 -0.923880 -0.313476  0.968368 0.900642 0
kart_scrap
0  7.001146 -1.151993 19.928633  -0.219498 -0.923880 -0.313476  0.968368 0.900642 0
0  6.021569 -1.050459 20.315300  -0.219498 -0.923880 -0.313476  0.970879 0.901577 0
0  5.409384 -0.646320 19.552874  -0.219498 -0.923879 -0.313476  0.970879 0.904395 0
kart_scrap
0  13.002557 -5.466098 28.440975  0.441318 0.192534 -0.876452  0.946191 0.734750 0
0  14.573630 1.146633 30.684700  0.441323 0.192533 -0.876451  0.946191 0.716573 0
0  15.494198 0.796724 31.071367  0.441322 0.192533 -0.876451  0.948800 0.716905 0
kart_scrap
0  7.581683 6.114649 20.938726  -0.793034 0.356111 -0.494249  0.631060 0.932647 0
0  6.010611 -0.498082 18.695002  -0.793032 0.356113 -0.494251  0.631060 0.950405 0
0  5.409384 -0.646320 19.552874  -0.793032 0.356113 -0.494251  0.628311 0.950640 0
kart_scrap
0  6.980457 5.966411 21.796598  -0.785507 -0.023208 0.618417  0.937774 0.633136 0
0  5.409384 -0.646320 19.552874  -0.785508 -0.023207 0.618416  0.937774 0.651993 0
0  6.021569 -1.050459 20.315300  -0.785508 -0.023208 0.618416  0.935196 0.652178 0
kart_scrap
0  8.572220 5.460738 22.172358  0.219499 0.923879 0.313476  0.698928 0.972315 0
0  8.565447 5.802126 21.170958  0.219499 0.923879 0.313476  0.698306 0.974963 0
0  7.592642 5.562272 22.559025  0.219498 0.923880 0.313476  0.696724 0.970678 0
kart_scrap
0  8.565447 5.802126 21.170958  0.219499 0.923879 0.313476  0.698306 0.974963 0
0  7.581683 6.114649 20.938726  0.219498 0.923880 0.313476  0.695718 0.974963 0
0  7.592642 5.562272 22.559025  0.219498 0.923880 0.313476  0.696724 0.970678 0
kart_scrap
0  13.763527 -6.117868 29.829042  0.154389 -0.350157 0.923880  0.478959 0.930776 0
0  15.334600 0.494863 32.072765  0.154389 -0.350156 0.923880  0.478959 0.948902 0
0  14.315395 0.658212 32.304996  0.154389 -0.350156 0.923880  0.476213 0.948696 0
kart_scrap
0  6.426369 1.146633 20.315300  -0.219499 0.923879 -0.313476  0.458817 0.967572 0
0  7.154909 1.061027 19.552874  -0.219498 0.923880 -0.313476  0.460436 0.969642 0
0  6.684604 0.658211 18.695002  -0.219498 0.923880 -0.313476  0.458817 0.971929 0
kart_scrap
0  6.684604 0.658211 18.695002  -0.219498 0.923880 -0.313476  0.458817 0.971929 0
0  5.665400 0.494863 18.927233  -0.219498 0.923880 -0.313476  0.456197 0.971273 0
0  5.505802 0.796724 19.928633  -0.219499 0.923879 -0.313476  0.456197 0.968580 0
kart_scrap
0  5.665400 0.494863 18.927233  -0.963881 -0.255040 -0.076739  0.644926 0.701101 0
0  7.236472 -6.117867 21.170959  -0.963881 -0.255039 -0.076739  0.644926 0.682158 0
0  7.076875 -5.816007 22.172358  -0.963881 -0.255039 -0.076739  0.647568 0.682028 0
kart_scrap
0  7.287907 -3.780356 21.108702  0.587218 0.809426 -0.001879  0.197846 0.949367 0
0  11.080812 -6.519439 26.525534  0.587219 0.809426 -0.001879  0.197846 0.931271 0
0  11.728161 -6.990680 25.833967  0.587219 0.809426 -0.001879  0.200627 0.931116 0
kart_scrap
0  7.544420 -5.211688 20.205318  -0.115431 -0.916640 -0.382683  0.938354 0.206775 0
0  11.337326 -7.950770 25.622150  -0.115433 -0.916640 -0.382683  0.938354 0.187743 0
0  10.448427 -8.072899 26.182810  -0.115433 -0.916640 -0.382683  0.940855 0.187858 0
kart_scrap
0  5.505802 0.796724 19.928633  -0.441321 0.192533 0.876451  0.327087 0.949380 0
0  7.076875 -5.816007 22.172358  -0.441317 0.192534 0.876453  0.327087 0.931223 0
0  7.997442 -5.466098 22.559025  -0.441317 0.192534 0.876453  0.329690 0.931562 0
kart_scrap
0  8.255677 -5.954519 20.938726  0.219500 -0.923879 0.313476  0.970609 0.397601 0
0  8.725983 -5.551703 21.796598  0.219498 -0.923879 0.313476  0.967959 0.398376 0
0  7.236472 -6.117867 21.170959  0.219498 -0.923880 0.313476  0.970609 0.394830 0
kart_scrap
0  8.725983 -5.551703 21.796598  0.219498 -0.923879 0.313476  0.967959 0.398376 0
0  7.997442 -5.466098 22.559025  0.219497 -0.923880 0.313476  0.966321 0.396083 0
0  7.236472 -6.117867 21.170959  0.219498 -0.923880 0.313476  0.970609 0.394830 0
kart_scrap
0  7.287907 -3.780356 21.108702  -0.529916 0.382683 -0.756797  0.972167 0.104061 0
0  7.935255 -4.251597 20.417135  -0.529916 0.382684 -0.756797  0.970616 0.106415 0
0  6.496987 -4.449204 21.324299  -0.529916 0.382684 -0.756797  0.970616 0.101920 0
kart_scrap
0  7.935255 -4.251597 20.417135  -0.529916 0.382684 -0.756797  0.970616 0.106415 0
0  7.544420 -5.211688 20.205318  -0.529916 0.382684 -0.756797  0.968107 0.105729 0
0  6.496987 -4.449204 21.324299  -0.529916 0.382684 -0.756797  0.970616 0.101920 0
kart_scrap
0  6.655521 -5.333816 20.765978  -0.834707 -0.393040 0.385724  0.514895 0.950265 0
0  10.448427 -8.072899 26.182810  -0.834709 -0.393038 0.385724  0.514895 0.932339 0
0  10.289893 -7.188287 26.741131  -0.834708 -0.393038 0.385724  0.517617 0.932082 0
kart_scrap
0  9.919188 -6.519439 24.474466  0.400447 0.673728 -0.621074  0.941731 0.147796 0
0  13.712093 -3.780356 29.891298  0.400446 0.673728 -0.621074  0.941731 0.129547 0
0  14.503013 -4.449204 29.675701  0.400446 0.673728 -0.621074  0.944543 0.129475 0
kart_scrap
0  10.551573 -8.072899 24.817190  0.115434 -0.916640 0.382683  0.934269 0.919428 0
0  14.344479 -5.333816 30.234022  0.115431 -0.916640 0.382684  0.934269 0.900791 0
0  13.455580 -5.211688 30.794682  0.115432 -0.916640 0.382684  0.937010 0.900642 0
kart_scrap
0  6.496987 -4.449204 21.324299  -0.400446 0.673729 0.621074  0.239567 0.952872 0
0  10.289893 -7.188287 26.741131  -0.400446 0.673729 0.621073  0.239567 0.937543 0
0  11.080812 -6.519439 26.525534  -0.400446 0.673729 0.621073  0.242268 0.937053 0
kart_scrap
0  10.289893 -7.188287 26.741131  0.529913 -0.382685 0.756799  0.972065 0.958329 0
0  10.448427 -8.072899 26.182810  0.529917 -0.382683 0.756797  0.974324 0.959135 0
0  11.080812 -6.519439 26.525534  0.529915 -0.382684 0.756798  0.970668 0.960653 0
kart_scrap
0  10.448427 -8.072899 26.182810  0.529917 -0.382683 0.756797  0.974324 0.959135 0
0  11.337326 -7.950770 25.622150  0.529918 -0.382683 0.756797  0.974324 0.961956 0
0  11.080812 -6.519439 26.525534  0.529915 -0.382684 0.756798  0.970668 0.960653 0
kart_scrap
0  13.455580 -5.211688 30.794682  0.529918 0.382685 0.756795  0.971711 0.934671 0
0  14.344479 -5.333816 30.234022  0.529916 0.382685 0.756797  0.970872 0.937356 0
0  13.064745 -4.251597 30.582865  0.529917 0.382684 0.756797  0.969615 0.933011 0
kart_scrap
0  14.344479 -5.333816 30.234022  0.529916 0.382685 0.756797  0.970872 0.937356 0
0  14.503013 -4.449204 29.675701  0.529916 0.382684 0.756797  0.968259 0.937356 0
0  13.064745 -4.251597 30.582865  0.529917 0.382684 0.756797  0.969615 0.933011 0
kart_scrap
0  9.662674 -7.950770 25.377850  -0.763368 -0.173475 0.622234  0.947278 0.826770 0
0  13.455580 -5.211688 30.794682  -0.763368 -0.173474 0.622235  0.947278 0.808935 0
0  13.064745 -4.251597 30.582865  -0.763368 -0.173474 0.622235  0.949948 0.808608 0
kart_scrap
0  9.271839 -6.990680 25.166033  -0.587218 0.809426 0.001879  0.927290 0.519765 0
0  13.064745 -4.251597 30.582865  -0.587219 0.809426 0.001880  0.927290 0.500730 0
0  13.712093 -3.780356 29.891298  -0.587219 0.809426 0.001880  0.930085 0.500764 0
kart_scrap
0  10.710107 -7.188287 24.258869  -0.529916 -0.382683 -0.756797  0.039530 0.973230 0
0  10.551573 -8.072899 24.817190  -0.529917 -0.382684 -0.756797  0.036904 0.973842 0
0  9.662674 -7.950770 25.377850  -0.529917 -0.382684 -0.756797  0.035280 0.971590 0
kart_scrap
0  9.662674 -7.950770 25.377850  -0.529917 -0.382684 -0.756797  0.035280 0.971590 0
0  9.271839 -6.990680 25.166033  -0.529916 -0.382684 -0.756797  0.036904 0.969588 0
0  10.710107 -7.188287 24.258869  -0.529916 -0.382683 -0.756797  0.039530 0.973230 0
kart_scrap
0  13.002557 -5.466098 28.440975  -0.219499 -0.923880 -0.313475  0.712565 0.174075 0
0  13.923124 -5.816007 28.827642  -0.219501 -0.923879 -0.313475  0.711738 0.171389 0
0  13.763527 -6.117868 29.829042  -0.219499 -0.923879 -0.313476  0.713861 0.169729 0
kart_scrap
0  13.763527 -6.117868 29.829042  -0.219499 -0.923879 -0.313476  0.713861 0.169729 0
0  12.744322 -5.954519 30.061274  -0.219498 -0.923879 -0.313476  0.716001 0.171389 0
0  13.002557 -5.466098 28.440975  -0.219499 -0.923880 -0.313475  0.712565 0.174075 0
kart_scrap
0  12.744322 -5.954519 30.061274  -0.868461 0.038631 0.494249  0.694739 0.936833 0
0  14.315395 0.658212 32.304996  -0.868461 0.038631 0.494249  0.694739 0.917976 0
0  13.845090 1.061028 31.447126  -0.868461 0.038631 0.494249  0.697469 0.917861 0
kart_scrap
0  12.274016 -5.551703 29.203402  -0.691130 0.374032 -0.618417  0.122260 0.950666 0
0  13.845090 1.061028 31.447126  -0.691129 0.374032 -0.618417  0.122260 0.932909 0
0  14.573630 1.146633 30.684700  -0.691129 0.374032 -0.618417  0.125076 0.932840 0
kart_scrap
0  15.334600 0.494863 32.072765  0.219498 0.923880 0.313476  0.974093 0.661143 0
0  15.494198 0.796724 31.071367  0.219499 0.923880 0.313475  0.971560 0.662233 0
0  14.573630 1.146633 30.684700  0.219498 0.923880 0.313476  0.969994 0.660201 0
kart_scrap
0  14.573630 1.146633 30.684700  0.219498 0.923880 0.313476  0.969994 0.660201 0
0  13.845090 1.061028 31.447126  0.219498 0.923880 0.313475  0.971560 0.657855 0
0  14.315395 0.658212 32.304996  0.219497 0.923880 0.313476  0.974093 0.658437 0
kart_scrap
0  44.590000 26.719999 11.500000  1.000000 -0.000000 0.000005  0.714904 0.760479 0
0  44.012245 26.719999 8.595433  0.923881 -0.000000 -0.382679  0.714913 0.768177 0
0  44.012245 34.279999 8.595432  0.923878 -0.000000 -0.382688  0.694749 0.768177 0
kart_scrap
0  44.012245 26.719999 8.595433  0.923881 -0.000000 -0.382679  0.714913 0.768177 0
0  42.366940 26.719999 6.133060  0.707110 0.000000 -0.707103  0.714937 0.774601 0
0  42.366940 34.279999 6.133060  0.707103 0.000000 -0.707110  0.694773 0.774601 0
kart_scrap
0  42.366940 26.719999 6.133060  0.707110 0.000000 -0.707103  0.678455 0.794016 0
0  39.904568 26.719999 4.487754  0.382688 0.000000 -0.923878  0.678475 0.800609 0
0  39.904568 34.279999 4.487754  0.382679 0.000000 -0.923881  0.658311 0.800609 0
kart_scrap
0  39.904568 26.719999 4.487754  0.382688 0.000000 -0.923878  0.678475 0.800609 0
0  37.000000 26.719999 3.910000  0.000005 0.000000 -1.000000  0.678482 0.808369 0
0  37.000000 34.279999 3.910000  -0.000005 0.000000 -1.000000  0.658318 0.808369 0
kart_scrap
0  37.000000 26.719999 3.910000  0.000005 0.000000 -1.000000  0.678482 0.808369 0
0  34.095432 26.719999 4.487754  -0.382679 0.000000 -0.923881  0.678475 0.816116 0
0  34.095432 34.279999 4.487754  -0.382688 0.000000 -0.923878  0.658311 0.816116 0
kart_scrap
0  34.095432 26.719999 4.487754  -0.382679 0.000000 -0.923881  0.015623 0.835745 0
0  31.633060 26.719999 6.133060  -0.707103 -0.000000 -0.707110  0.007823 0.835759 0
0  31.633060 34.279999 6.133060  -0.707111 0.000000 -0.707103  0.007823 0.815579 0
kart_scrap
0  31.633060 26.719999 6.133060  -0.707103 -0.000000 -0.707110  0.007823 0.835759 0
0  29.987755 26.719999 8.595433  -0.923877 -0.000000 -0.382688  0.000140 0.835739 0
0  29.987755 34.279999 8.595432  -0.923881 -0.000000 -0.382679  0.000140 0.815559 0
kart_scrap
0  29.987755 26.719999 8.595433  -0.923877 -0.000000 -0.382688  0.787052 0.286570 0
0  29.410000 26.719999 11.500000  -1.000000 0.000000 -0.000005  0.787105 0.279338 0
0  29.410000 34.279999 11.500000  -1.000000 -0.000000 0.000005  0.807266 0.279338 0
kart_scrap
0  29.410000 26.719999 11.500000  -1.000000 0.000000 -0.000005  0.787105 0.279338 0
0  29.987755 26.720001 14.404568  -0.923881 0.000000 0.382679  0.787108 0.271434 0
0  29.987755 34.279999 14.404567  -0.923878 0.000000 0.382688  0.807269 0.271434 0
kart_scrap
0  29.987755 26.720001 14.404568  -0.923881 0.000000 0.382679  0.787108 0.271434 0
0  31.633060 26.720001 16.866940  -0.707110 0.000000 0.707103  0.787060 0.264063 0
0  31.633060 34.279999 16.866940  -0.707103 0.000000 0.707110  0.807222 0.264063 0
kart_scrap
0  31.633060 26.720001 16.866940  -0.707110 0.000000 0.707103  0.781871 0.535592 0
0  34.095432 26.720001 18.512245  -0.382688 0.000000 0.923877  0.781883 0.542160 0
0  34.095432 34.279999 18.512245  -0.382679 0.000000 0.923881  0.761719 0.542160 0
kart_scrap
0  34.095432 26.720001 18.512245  -0.382688 0.000000 0.923877  0.781883 0.542160 0
0  37.000000 26.720001 19.090000  -0.000005 0.000000 1.000000  0.781887 0.549912 0
0  37.000000 34.279999 19.090000  0.000005 0.000000 1.000000  0.761723 0.549912 0
kart_scrap
0  37.000000 26.720001 19.090000  -0.000005 0.000000 1.000000  0.781887 0.549912 0
0  39.904568 26.720001 18.512245  0.382679 0.000000 0.923881  0.781883 0.557667 0
0  39.904568 34.279999 18.512245  0.382688 0.000000 0.923877  0.761719 0.557667 0
kart_scrap
0  39.904568 26.720001 18.512245  0.382679 0.000000 0.923881  0.781883 0.557667 0
0  42.366940 26.720001 16.866940  0.707103 0.000000 0.707110  0.781871 0.564246 0
0  42.366940 34.279999 16.866940  0.707110 0.000000 0.707103  0.761707 0.564246 0
kart_scrap
0  42.366940 26.720001 16.866940  0.707103 0.000000 0.707110  0.714932 0.745963 0
0  44.012245 26.720001 14.404568  0.923878 0.000000 0.382688  0.714910 0.752679 0
0  44.012245 34.279999 14.404567  0.923881 0.000000 0.382679  0.694746 0.752679 0
kart_scrap
0  44.012245 26.720001 14.404568  0.923878 0.000000 0.382688  0.714910 0.752679 0
0  44.590000 26.719999 11.500000  1.000000 -0.000000 0.000005  0.714904 0.760479 0
0  44.590000 34.279999 11.500000  1.000000 0.000000 -0.000005  0.694739 0.760479 0
kart_scrap
0  44.590000 34.279999 11.500000  -0.684572 0.728945 -0.000000  0.692388 0.018841 0
0  44.012245 34.279999 8.595432  -0.632463 0.728944 0.261975  0.691011 0.026577 0
0  42.949783 33.200001 9.035519  -0.551847 0.802006 0.228583  0.687185 0.025431 0
kart_scrap
0  44.012245 34.279999 8.595432  -0.632463 0.728944 0.261975  0.691011 0.026577 0
0  42.366940 34.279999 6.133060  -0.484067 0.728944 0.484065  0.687092 0.033104 0
0  41.553768 33.200001 6.946232  -0.422366 0.802007 0.422365  0.683859 0.030970 0
kart_scrap
0  42.366940 34.279999 6.133060  -0.484067 0.728944 0.484065  0.687092 0.033104 0
0  39.904568 34.279999 4.487754  -0.261974 0.728945 0.632463  0.681225 0.037429 0
0  39.464481 33.200001 5.550216  -0.228582 0.802007 0.551847  0.678881 0.034639 0
kart_scrap
0  39.904568 34.279999 4.487754  -0.261974 0.728945 0.632463  0.520823 0.827856 0
0  37.000000 34.279999 3.910000  -0.000000 0.728944 0.684574  0.516976 0.822942 0
0  37.000000 33.200001 5.060000  0.000001 0.802006 0.597315  0.520822 0.821276 0
kart_scrap
0  37.000000 34.279999 3.910000  -0.000000 0.728944 0.684574  0.516976 0.822942 0
0  34.095432 34.279999 4.487754  0.261974 0.728945 0.632463  0.514895 0.816052 0
0  34.535519 33.200001 5.550216  0.228583 0.802007 0.551846  0.519055 0.815430 0
kart_scrap
0  34.095432 34.279999 4.487754  0.261974 0.728945 0.632463  0.514895 0.816052 0
0  31.633060 34.279999 6.133060  0.484066 0.728945 0.484066  0.514895 0.808237 0
0  32.446232 33.200001 6.946232  0.422366 0.802007 0.422365  0.519055 0.808799 0
kart_scrap
0  31.633060 34.279999 6.133060  0.484066 0.728945 0.484066  0.514895 0.808237 0
0  29.987755 34.279999 8.595432  0.632462 0.728945 0.261975  0.516976 0.800686 0
0  31.050217 33.200001 9.035519  0.551847 0.802007 0.228582  0.520822 0.802392 0
kart_scrap
0  29.987755 34.279999 8.595432  0.632462 0.728945 0.261975  0.516976 0.800686 0
0  29.410000 34.279999 11.500000  0.684573 0.728944 0.000000  0.520823 0.794549 0
0  30.559999 33.200001 11.500000  0.597315 0.802006 0.000000  0.524085 0.797185 0
kart_scrap
0  29.410000 34.279999 11.500000  0.684573 0.728944 0.000000  0.731726 0.781610 0
0  29.987755 34.279999 14.404567  0.632463 0.728944 -0.261974  0.729216 0.774381 0
0  31.050217 33.200001 13.964481  0.551847 0.802007 -0.228583  0.733340 0.773755 0
kart_scrap
0  29.987755 34.279999 14.404567  0.632463 0.728944 -0.261974  0.729216 0.774381 0
0  31.633060 34.279999 16.866940  0.484066 0.728945 -0.484065  0.729138 0.766478 0
0  32.446232 33.200001 16.053768  0.422365 0.802007 -0.422365  0.733273 0.767050 0
kart_scrap
0  31.633060 34.279999 16.866940  0.484066 0.728945 -0.484065  0.729138 0.766478 0
0  34.095432 34.279999 18.512245  0.261975 0.728944 -0.632463  0.731503 0.759106 0
0  34.535519 33.200001 17.449783  0.228582 0.802007 -0.551847  0.735280 0.760795 0
kart_scrap
0  34.095432 34.279999 18.512245  0.261975 0.728944 -0.632463  0.731503 0.759106 0
0  37.000000 34.279999 19.090000  -0.000000 0.728944 -0.684574  0.735952 0.753387 0
0  37.000000 33.200001 17.940001  -0.000001 0.802006 -0.597316  0.739055 0.755942 0
kart_scrap
0  37.000000 34.279999 19.090000  -0.000000 0.728944 -0.684574  0.735952 0.753387 0
0  39.904568 34.279999 18.512245  -0.261975 0.728945 -0.632463  0.741808 0.750191 0
0  39.464481 33.200001 17.449783  -0.228583 0.802007 -0.551847  0.744023 0.753231 0
kart_scrap
0  39.904568 34.279999 18.512245  -0.261975 0.728945 -0.632463  0.681225 0.000000 0
0  42.366940 34.279999 16.866940  -0.484067 0.728944 -0.484066  0.687092 0.004457 0
0  41.553768 33.200001 16.053768  -0.422366 0.802007 -0.422365  0.683859 0.006664 0
kart_scrap
0  42.366940 34.279999 16.866940  -0.484067 0.728944 -0.484066  0.687092 0.004457 0
0  44.012245 34.279999 14.404567  -0.632465 0.728942 -0.261976  0.691011 0.011073 0
0  42.949783 33.200001 13.964481  -0.551849 0.802005 -0.228583  0.687185 0.012277 0
kart_scrap
0  44.012245 34.279999 14.404567  -0.632465 0.728942 -0.261976  0.691011 0.011073 0
0  44.590000 34.279999 11.500000  -0.684572 0.728945 -0.000000  0.692388 0.018841 0
0  43.439999 33.200001 11.500000  -0.597315 0.802007 0.000000  0.688353 0.018868 0
kart_scrap
0  43.439999 33.200001 11.500000  -0.597315 0.802007 0.000000  0.688353 0.018868 0
0  42.949783 33.200001 9.035519  -0.551847 0.802006 0.228583  0.687185 0.025431 0
0  40.824860 31.940001 9.915690  -0.443882 0.877020 0.183861  0.680611 0.023093 0
kart_scrap
0  42.949783 33.200001 9.035519  -0.551847 0.802006 0.228583  0.687185 0.025431 0
0  41.553768 33.200001 6.946232  -0.422366 0.802007 0.422365  0.683859 0.030970 0
0  39.927422 31.940001 8.572578  -0.339734 0.877020 0.339730  0.678473 0.026653 0
kart_scrap
0  41.553768 33.200001 6.946232  -0.422366 0.802007 0.422365  0.683859 0.030970 0
0  39.464481 33.200001 5.550216  -0.228582 0.802007 0.551847  0.678881 0.034639 0
0  38.584309 31.940001 7.675138  -0.183864 0.877020 0.443880  0.675273 0.029012 0
kart_scrap
0  39.464481 33.200001 5.550216  -0.228582 0.802007 0.551847  0.678881 0.034639 0
0  37.000000 33.200001 5.060000  0.000001 0.802006 0.597315  0.673010 0.035881 0
0  37.000000 31.940001 7.360000  -0.000002 0.877019 0.480455  0.671499 0.029810 0
kart_scrap
0  37.000000 33.200001 5.060000  0.000001 0.802006 0.597315  0.520822 0.821276 0
0  34.535519 33.200001 5.550216  0.228583 0.802007 0.551846  0.519055 0.815430 0
0  35.415691 31.940001 7.675138  0.183859 0.877020 0.443882  0.525636 0.813937 0
kart_scrap
0  34.535519 33.200001 5.550216  0.228583 0.802007 0.551846  0.519055 0.815430 0
0  32.446232 33.200001 6.946232  0.422366 0.802007 0.422365  0.519055 0.808799 0
0  34.072578 31.940001 8.572578  0.339730 0.877020 0.339733  0.525636 0.809674 0
kart_scrap
0  32.446232 33.200001 6.946232  0.422366 0.802007 0.422365  0.519055 0.808799 0
0  31.050217 33.200001 9.035519  0.551847 0.802007 0.228582  0.520822 0.802392 0
0  33.175140 31.940001 9.915690  0.443881 0.877020 0.183863  0.526771 0.805555 0
kart_scrap
0  31.050217 33.200001 9.035519  0.551847 0.802007 0.228582  0.739338 0.784519 0
0  30.559999 33.200001 11.500000  0.597315 0.802006 0.000000  0.735469 0.779890 0
0  32.860001 31.940001 11.500000  0.480454 0.877020 0.000001  0.741536 0.776411 0
kart_scrap
0  30.559999 33.200001 11.500000  0.597315 0.802006 0.000000  0.735469 0.779890 0
0  31.050217 33.200001 13.964481  0.551847 0.802007 -0.228583  0.733340 0.773755 0
0  33.175140 31.940001 13.084310  0.443882 0.877020 -0.183861  0.740167 0.772468 0
kart_scrap
0  31.050217 33.200001 13.964481  0.551847 0.802007 -0.228583  0.733340 0.773755 0
0  32.446232 33.200001 16.053768  0.422365 0.802007 -0.422365  0.733273 0.767050 0
0  34.072578 31.940001 14.427422  0.339734 0.877020 -0.339731  0.740124 0.768157 0
kart_scrap
0  32.446232 33.200001 16.053768  0.422365 0.802007 -0.422365  0.733273 0.767050 0
0  34.535519 33.200001 17.449783  0.228582 0.802007 -0.551847  0.735280 0.760795 0
0  35.415691 31.940001 15.324862  0.183864 0.877020 -0.443881  0.741414 0.764136 0
kart_scrap
0  34.535519 33.200001 17.449783  0.228582 0.802007 -0.551847  0.735280 0.760795 0
0  37.000000 33.200001 17.940001  -0.000001 0.802006 -0.597316  0.739055 0.755942 0
0  37.000000 31.940001 15.639999  0.000002 0.877019 -0.480455  0.743841 0.761017 0
kart_scrap
0  37.000000 33.200001 17.940001  -0.000001 0.802006 -0.597316  0.673010 0.001507 0
0  39.464481 33.200001 17.449783  -0.228583 0.802007 -0.551847  0.678881 0.002882 0
0  38.584309 31.940001 15.324862  -0.183860 0.877020 -0.443882  0.675273 0.008596 0
kart_scrap
0  39.464481 33.200001 17.449783  -0.228583 0.802007 -0.551847  0.678881 0.002882 0
0  41.553768 33.200001 16.053768  -0.422366 0.802007 -0.422365  0.683859 0.006664 0
0  39.927422 31.940001 14.427422  -0.339730 0.877020 -0.339733  0.678473 0.011028 0
kart_scrap
0  41.553768 33.200001 16.053768  -0.422366 0.802007 -0.422365  0.683859 0.006664 0
0  42.949783 33.200001 13.964481  -0.551849 0.802005 -0.228583  0.687185 0.012277 0
0  40.824860 31.940001 13.084310  -0.443881 0.877020 -0.183863  0.680611 0.014636 0
kart_scrap
0  42.949783 33.200001 13.964481  -0.551849 0.802005 -0.228583  0.687185 0.012277 0
0  43.439999 33.200001 11.500000  -0.597315 0.802007 0.000000  0.688353 0.018868 0
0  41.139999 31.940001 11.500000  -0.480454 0.877020 -0.000001  0.681362 0.018873 0
kart_scrap
0  41.139999 31.940001 11.500000  0.364399 0.931243 0.000001  0.486444 0.217022 0
0  40.824860 31.940001 9.915690  0.336661 0.931243 -0.139450  0.487774 0.220979 0
0  39.124924 32.660000 10.619828  0.222592 0.970542 -0.092200  0.482756 0.221971 0
kart_scrap
0  40.824860 31.940001 9.915690  0.336661 0.931243 -0.139450  0.487774 0.220979 0
0  39.927422 31.940001 8.572578  0.257670 0.931243 -0.257669  0.487774 0.225289 0
0  38.626347 32.660000 9.873654  0.170364 0.970542 -0.170363  0.482756 0.224366 0
kart_scrap
0  39.927422 31.940001 8.572578  0.257670 0.931243 -0.257669  0.487774 0.225289 0
0  38.584309 31.940001 7.675138  0.139450 0.931243 -0.336659  0.486444 0.229298 0
0  37.880173 32.660000 9.375077  0.092201 0.970542 -0.222592  0.482017 0.226592 0
kart_scrap
0  38.584309 31.940001 7.675138  0.139450 0.931243 -0.336659  0.486444 0.229298 0
0  37.000000 31.940001 7.360000  0.000001 0.931243 -0.364399  0.483986 0.232393 0
0  37.000000 32.660000 9.200000  0.000001 0.970542 -0.240932  0.480652 0.228312 0
kart_scrap
0  37.000000 31.940001 7.360000  0.000001 0.931243 -0.364399  0.126046 0.833283 0
0  35.415691 31.940001 7.675138  -0.139448 0.931243 -0.336661  0.123472 0.830381 0
0  36.119827 32.660000 9.375077  -0.092200 0.970542 -0.222592  0.128174 0.828127 0
kart_scrap
0  35.415691 31.940001 7.675138  -0.139448 0.931243 -0.336661  0.123472 0.830381 0
0  34.072578 31.940001 8.572578  -0.257668 0.931243 -0.257668  0.122260 0.826548 0
0  35.373653 32.660000 9.873654  -0.170364 0.970542 -0.170364  0.127501 0.825997 0
kart_scrap
0  34.072578 31.940001 8.572578  -0.257668 0.931243 -0.257668  0.122260 0.826548 0
0  33.175140 31.940001 9.915690  -0.336661 0.931243 -0.139450  0.122594 0.822366 0
0  34.875076 32.660000 10.619828  -0.222592 0.970542 -0.092202  0.127686 0.823674 0
kart_scrap
0  33.175140 31.940001 9.915690  -0.336661 0.931243 -0.139450  0.122594 0.822366 0
0  32.860001 31.940001 11.500000  -0.364400 0.931243 -0.000001  0.124423 0.818472 0
0  34.700001 32.660000 11.500000  -0.240932 0.970542 -0.000002  0.128702 0.821510 0
kart_scrap
0  32.860001 31.940001 11.500000  -0.364400 0.931243 -0.000001  0.124423 0.818472 0
0  33.175140 31.940001 13.084310  -0.336662 0.931242 0.139451  0.127469 0.815459 0
0  34.875076 32.660000 12.380172  -0.222592 0.970542 0.092200  0.130394 0.819836 0
kart_scrap
0  33.175140 31.940001 13.084310  -0.336662 0.931242 0.139451  0.127469 0.815459 0
0  34.072578 31.940001 14.427422  -0.257670 0.931243 0.257669  0.131267 0.813785 0
0  35.373653 32.660000 13.126346  -0.170365 0.970542 0.170363  0.132505 0.818907 0
kart_scrap
0  34.072578 31.940001 14.427422  -0.257670 0.931243 0.257669  0.131267 0.813785 0
0  35.415691 31.940001 15.324862  -0.139450 0.931243 0.336660  0.135241 0.813706 0
0  36.119827 32.660000 13.624923  -0.092201 0.970542 0.222591  0.134712 0.818863 0
kart_scrap
0  35.415691 31.940001 15.324862  -0.139450 0.931243 0.336660  0.135241 0.813706 0
0  37.000000 31.940001 15.639999  -0.000001 0.931242 0.364401  0.138784 0.815233 0
0  37.000000 32.660000 13.800000  -0.000001 0.970542 0.240932  0.136681 0.819711 0
kart_scrap
0  37.000000 31.940001 15.639999  -0.000001 0.931242 0.364401  0.945934 0.161379 0
0  38.584309 31.940001 15.324862  0.139448 0.931243 0.336661  0.947069 0.165137 0
0  37.880173 32.660000 13.624923  0.092199 0.970542 0.222592  0.942362 0.166412 0
kart_scrap
0  38.584309 31.940001 15.324862  0.139448 0.931243 0.336661  0.947069 0.165137 0
0  39.927422 31.940001 14.427422  0.257668 0.931243 0.257669  0.947069 0.169400 0
0  38.626347 32.660000 13.126346  0.170363 0.970542 0.170363  0.942362 0.168780 0
kart_scrap
0  39.927422 31.940001 14.427422  0.257668 0.931243 0.257669  0.947069 0.169400 0
0  40.824860 31.940001 13.084310  0.336661 0.931243 0.139450  0.945934 0.173519 0
0  39.124924 32.660000 12.380172  0.222591 0.970542 0.092201  0.941731 0.171068 0
kart_scrap
0  40.824860 31.940001 13.084310  0.336661 0.931243 0.139450  0.483986 0.214021 0
0  41.139999 31.940001 11.500000  0.364399 0.931243 0.000001  0.486444 0.217022 0
0  39.299999 32.660000 11.500000  0.240932 0.970542 0.000002  0.482017 0.219772 0
kart_scrap
0  44.590000 -26.719999 11.500000  1.000000 0.000000 -0.000005  0.074543 0.762379 0
0  44.012245 -26.719999 14.404567  0.923881 0.000000 0.382679  0.074550 0.754579 0
0  44.012245 -34.279999 14.404568  0.923878 0.000000 0.382688  0.094714 0.754579 0
kart_scrap
0  44.012245 -26.719999 14.404567  0.923881 0.000000 0.382679  0.074550 0.754579 0
0  42.366940 -26.719999 16.866940  0.707110 0.000000 0.707103  0.074572 0.747863 0
0  42.366940 -34.279999 16.866941  0.707103 0.000001 0.707110  0.094736 0.747863 0
kart_scrap
0  42.366940 -26.719999 16.866940  0.707110 0.000000 0.707103  0.476213 0.782075 0
0  39.904568 -26.719999 18.512245  0.382688 0.000000 0.923878  0.476225 0.775496 0
0  39.904568 -34.279999 18.512245  0.382679 0.000000 0.923881  0.496389 0.775496 0
kart_scrap
0  39.904568 -26.719999 18.512245  0.382688 0.000000 0.923878  0.476225 0.775496 0
0  37.000000 -26.719999 19.090000  0.000005 0.000000 1.000000  0.476229 0.767741 0
0  37.000000 -34.279999 19.090000  -0.000005 0.000000 1.000000  0.496393 0.767741 0
kart_scrap
0  37.000000 -26.719999 19.090000  0.000005 0.000000 1.000000  0.476229 0.767741 0
0  34.095432 -26.719999 18.512245  -0.382679 0.000000 0.923881  0.476225 0.759989 0
0  34.095432 -34.279999 18.512245  -0.382688 0.000000 0.923878  0.496389 0.759989 0
kart_scrap
0  34.095432 -26.719999 18.512245  -0.382679 0.000000 0.923881  0.476225 0.759989 0
0  31.633060 -26.719999 16.866940  -0.707103 0.000000 0.707110  0.476213 0.753422 0
0  31.633060 -34.279999 16.866941  -0.707110 0.000000 0.707103  0.496377 0.753422 0
kart_scrap
0  31.633060 -26.719999 16.866940  -0.707103 0.000000 0.707110  0.182948 0.785755 0
0  29.987755 -26.719999 14.404567  -0.923877 0.000000 0.382688  0.182995 0.793126 0
0  29.987755 -34.279999 14.404568  -0.923881 0.000000 0.382679  0.162833 0.793126 0
kart_scrap
0  29.987755 -26.719999 14.404567  -0.923877 0.000000 0.382688  0.182995 0.793126 0
0  29.410000 -26.719999 11.500000  -1.000000 -0.000000 0.000005  0.182992 0.801030 0
0  29.410000 -34.279999 11.500000  -1.000000 0.000000 -0.000005  0.162831 0.801030 0
kart_scrap
0  29.410000 -26.719999 11.500000  -1.000000 -0.000000 0.000005  0.182992 0.801030 0
0  29.987755 -26.720001 8.595432  -0.923881 -0.000000 -0.382679  0.182939 0.808262 0
0  29.987755 -34.279999 8.595433  -0.923878 -0.000000 -0.382688  0.162778 0.808262 0
kart_scrap
0  29.987755 -26.720001 8.595432  -0.923881 -0.000000 -0.382679  0.820841 0.264063 0
0  31.633060 -26.720001 6.133059  -0.707110 -0.000000 -0.707103  0.828524 0.264083 0
0  31.633060 -34.279999 6.133060  -0.707103 0.000000 -0.707110  0.828524 0.284263 0
kart_scrap
0  31.633060 -26.720001 6.133059  -0.707110 -0.000000 -0.707103  0.828524 0.264083 0
0  34.095432 -26.720001 4.487754  -0.382688 -0.000000 -0.923878  0.836324 0.264069 0
0  34.095432 -34.279999 4.487755  -0.382679 -0.000000 -0.923881  0.836324 0.284249 0
kart_scrap
0  34.095432 -26.720001 4.487754  -0.382688 -0.000000 -0.923878  0.794471 0.169374 0
0  37.000000 -26.720001 3.909999  -0.000005 -0.000000 -1.000000  0.794478 0.161627 0
0  37.000000 -34.279999 3.910000  0.000005 -0.000000 -1.000000  0.814642 0.161627 0
kart_scrap
0  37.000000 -26.720001 3.909999  -0.000005 -0.000000 -1.000000  0.794478 0.161627 0
0  39.904568 -26.720001 4.487754  0.382679 -0.000000 -0.923881  0.794471 0.153866 0
0  39.904568 -34.279999 4.487755  0.382688 -0.000000 -0.923878  0.814635 0.153866 0
kart_scrap
0  39.904568 -26.720001 4.487754  0.382679 -0.000000 -0.923881  0.794471 0.153866 0
0  42.366940 -26.720001 6.133059  0.707103 -0.000000 -0.707110  0.794451 0.147273 0
0  42.366940 -34.279999 6.133060  0.707111 -0.000000 -0.707103  0.814615 0.147273 0
kart_scrap
0  42.366940 -26.720001 6.133059  0.707103 -0.000000 -0.707110  0.074577 0.776501 0
0  44.012245 -26.720001 8.595432  0.923878 -0.000000 -0.382688  0.074553 0.770077 0
0  44.012245 -34.279999 8.595433  0.923881 -0.000000 -0.382679  0.094717 0.770077 0
kart_scrap
0  44.012245 -26.720001 8.595432  0.923878 -0.000000 -0.382688  0.074553 0.770077 0
0  44.590000 -26.719999 11.500000  1.000000 0.000000 -0.000005  0.074543 0.762379 0
0  44.590000 -34.279999 11.500000  1.000000 0.000000 0.000005  0.094707 0.762379 0
kart_scrap
0  44.590000 -34.279999 11.500000  -0.684572 -0.728945 0.000000  0.310329 0.696679 0
0  44.012245 -34.279999 14.404568  -0.632463 -0.728944 -0.261975  0.311711 0.688910 0
0  42.949783 -33.200001 13.964481  -0.551848 -0.802006 -0.228583  0.315528 0.690120 0
kart_scrap
0  44.012245 -34.279999 14.404568  -0.632463 -0.728944 -0.261975  0.311711 0.688910 0
0  42.366940 -34.279999 16.866941  -0.484066 -0.728945 -0.484065  0.315645 0.682288 0
0  41.553768 -33.200001 16.053768  -0.422366 -0.802007 -0.422365  0.318866 0.684501 0
kart_scrap
0  42.366940 -34.279999 16.866941  -0.484066 -0.728945 -0.484065  0.315645 0.682288 0
0  39.904568 -34.279999 18.512245  -0.261974 -0.728944 -0.632463  0.321533 0.677821 0
0  39.464481 -33.200001 17.449783  -0.228582 -0.802007 -0.551847  0.323861 0.680710 0
kart_scrap
0  39.904568 -34.279999 18.512245  -0.261974 -0.728944 -0.632463  0.793372 0.700274 0
0  37.000000 -34.279999 19.090000  0.000000 -0.728944 -0.684573  0.797698 0.705980 0
0  37.000000 -33.200001 17.940001  0.000001 -0.802006 -0.597315  0.793900 0.707706 0
kart_scrap
0  37.000000 -34.279999 19.090000  0.000000 -0.728944 -0.684573  0.797698 0.705980 0
0  34.095432 -34.279999 18.512245  0.261974 -0.728945 -0.632463  0.800039 0.713344 0
0  34.535519 -33.200001 17.449783  0.228583 -0.802007 -0.551847  0.795886 0.713954 0
kart_scrap
0  34.095432 -34.279999 18.512245  0.261974 -0.728945 -0.632463  0.800039 0.713344 0
0  31.633060 -34.279999 16.866941  0.484066 -0.728945 -0.484066  0.800039 0.721245 0
0  32.446232 -33.200001 16.053768  0.422366 -0.802007 -0.422365  0.795886 0.720658 0
kart_scrap
0  31.633060 -34.279999 16.866941  0.484066 -0.728945 -0.484066  0.800039 0.721245 0
0  29.987755 -34.279999 14.404568  0.632462 -0.728945 -0.261975  0.797698 0.728481 0
0  31.050217 -33.200001 13.964481  0.551847 -0.802007 -0.228582  0.793900 0.726797 0
kart_scrap
0  29.987755 -34.279999 14.404568  0.632462 -0.728945 -0.261975  0.797698 0.728481 0
0  29.410000 -34.279999 11.500000  0.684573 -0.728944 -0.000000  0.793372 0.733948 0
0  30.559999 -33.200001 11.500000  0.597315 -0.802006 -0.000000  0.790230 0.731436 0
kart_scrap
0  29.410000 -34.279999 11.500000  0.684573 -0.728944 -0.000000  0.130035 0.766695 0
0  29.987755 -34.279999 8.595433  0.632463 -0.728944 0.261974  0.134599 0.772645 0
0  31.050217 -33.200001 9.035519  0.551847 -0.802007 0.228583  0.130855 0.774448 0
kart_scrap
0  29.987755 -34.279999 8.595433  0.632463 -0.728944 0.261974  0.134599 0.772645 0
0  31.633060 -34.279999 6.133060  0.484067 -0.728945 0.484065  0.137070 0.780110 0
0  32.446232 -33.200001 6.946232  0.422365 -0.802007 0.422365  0.132951 0.780782 0
kart_scrap
0  31.633060 -34.279999 6.133060  0.484067 -0.728945 0.484065  0.137070 0.780110 0
0  34.095432 -34.279999 4.487755  0.261975 -0.728944 0.632463  0.137070 0.787953 0
0  34.535519 -33.200001 5.550216  0.228582 -0.802007 0.551847  0.132951 0.787437 0
kart_scrap
0  34.095432 -34.279999 4.487755  0.261975 -0.728944 0.632463  0.137070 0.787953 0
0  37.000000 -34.279999 3.910000  -0.000000 -0.728944 0.684574  0.134599 0.794981 0
0  37.000000 -33.200001 5.060000  -0.000001 -0.802006 0.597315  0.130855 0.793399 0
kart_scrap
0  37.000000 -34.279999 3.910000  -0.000000 -0.728944 0.684574  0.134599 0.794981 0
0  39.904568 -34.279999 4.487755  -0.261974 -0.728945 0.632463  0.130035 0.800123 0
0  39.464481 -33.200001 5.550216  -0.228583 -0.802007 0.551846  0.126982 0.797762 0
kart_scrap
0  39.904568 -34.279999 4.487755  -0.261974 -0.728945 0.632463  0.321533 0.715246 0
0  42.366940 -34.279999 6.133060  -0.484067 -0.728944 0.484066  0.315645 0.710932 0
0  41.553768 -33.200001 6.946232  -0.422367 -0.802006 0.422365  0.318866 0.708805 0
kart_scrap
0  42.366940 -34.279999 6.133060  -0.484067 -0.728944 0.484066  0.315645 0.710932 0
0  44.012245 -34.279999 8.595433  -0.632464 -0.728943 0.261975  0.311711 0.704412 0
0  42.949783 -33.200001 9.035519  -0.551849 -0.802005 0.228582  0.315528 0.703273 0
kart_scrap
0  44.012245 -34.279999 8.595433  -0.632464 -0.728943 0.261975  0.311711 0.704412 0
0  44.590000 -34.279999 11.500000  -0.684572 -0.728945 0.000000  0.310329 0.696679 0
0  43.439999 -33.200001 11.500000  -0.597315 -0.802006 -0.000000  0.314355 0.696711 0
kart_scrap
0  43.439999 -33.200001 11.500000  -0.597315 -0.802006 -0.000000  0.314355 0.696711 0
0  42.949783 -33.200001 13.964481  -0.551848 -0.802006 -0.228583  0.315528 0.690120 0
0  40.824860 -31.940001 13.084310  -0.443882 -0.877020 -0.183861  0.322098 0.692482 0
kart_scrap
0  42.949783 -33.200001 13.964481  -0.551848 -0.802006 -0.228583  0.315528 0.690120 0
0  41.553768 -33.200001 16.053768  -0.422366 -0.802007 -0.422365  0.318866 0.684501 0
0  39.927422 -31.940001 14.427422  -0.339734 -0.877020 -0.339730  0.324244 0.688870 0
kart_scrap
0  41.553768 -33.200001 16.053768  -0.422366 -0.802007 -0.422365  0.318866 0.684501 0
0  39.464481 -33.200001 17.449783  -0.228582 -0.802007 -0.551847  0.323861 0.680710 0
0  38.584309 -31.940001 15.324862  -0.183864 -0.877020 -0.443881  0.327455 0.686433 0
kart_scrap
0  39.464481 -33.200001 17.449783  -0.228582 -0.802007 -0.551847  0.790230 0.702864 0
0  37.000000 -33.200001 17.940001  0.000001 -0.802006 -0.597315  0.793900 0.707706 0
0  37.000000 -31.940001 15.639999  -0.000002 -0.877020 -0.480455  0.787824 0.711094 0
kart_scrap
0  37.000000 -33.200001 17.940001  0.000001 -0.802006 -0.597315  0.793900 0.707706 0
0  34.535519 -33.200001 17.449783  0.228583 -0.802007 -0.551847  0.795886 0.713954 0
0  35.415691 -31.940001 15.324862  0.183859 -0.877020 -0.443882  0.789101 0.715111 0
kart_scrap
0  34.535519 -33.200001 17.449783  0.228583 -0.802007 -0.551847  0.795886 0.713954 0
0  32.446232 -33.200001 16.053768  0.422366 -0.802007 -0.422365  0.795886 0.720658 0
0  34.072578 -31.940001 14.427422  0.339730 -0.877020 -0.339733  0.789101 0.719420 0
kart_scrap
0  32.446232 -33.200001 16.053768  0.422366 -0.802007 -0.422365  0.795886 0.720658 0
0  31.050217 -33.200001 13.964481  0.551847 -0.802007 -0.228582  0.793900 0.726797 0
0  33.175140 -31.940001 13.084310  0.443881 -0.877020 -0.183863  0.787824 0.723367 0
kart_scrap
0  31.050217 -33.200001 13.964481  0.551847 -0.802007 -0.228582  0.793900 0.726797 0
0  30.559999 -33.200001 11.500000  0.597315 -0.802006 -0.000000  0.790230 0.731436 0
0  32.860001 -31.940001 11.500000  0.480454 -0.877020 -0.000002  0.785464 0.726349 0
kart_scrap
0  30.559999 -33.200001 11.500000  0.597315 -0.802006 -0.000000  0.126982 0.769400 0
0  31.050217 -33.200001 9.035519  0.551847 -0.802007 0.228583  0.130855 0.774448 0
0  33.175140 -31.940001 9.915690  0.443882 -0.877020 0.183861  0.124750 0.777808 0
kart_scrap
0  31.050217 -33.200001 9.035519  0.551847 -0.802007 0.228583  0.130855 0.774448 0
0  32.446232 -33.200001 6.946232  0.422365 -0.802007 0.422365  0.132951 0.780782 0
0  34.072578 -31.940001 8.572578  0.339734 -0.877020 0.339731  0.126097 0.781880 0
kart_scrap
0  32.446232 -33.200001 6.946232  0.422365 -0.802007 0.422365  0.132951 0.780782 0
0  34.535519 -33.200001 5.550216  0.228582 -0.802007 0.551847  0.132951 0.787437 0
0  35.415691 -31.940001 7.675138  0.183864 -0.877020 0.443881  0.126097 0.786158 0
kart_scrap
0  34.535519 -33.200001 5.550216  0.228582 -0.802007 0.551847  0.132951 0.787437 0
0  37.000000 -33.200001 5.060000  -0.000001 -0.802006 0.597315  0.130855 0.793399 0
0  37.000000 -31.940001 7.360000  0.000002 -0.877019 0.480455  0.124750 0.789991 0
kart_scrap
0  37.000000 -33.200001 5.060000  -0.000001 -0.802006 0.597315  0.130855 0.793399 0
0  39.464481 -33.200001 5.550216  -0.228583 -0.802007 0.551846  0.126982 0.797762 0
0  38.584309 -31.940001 7.675138  -0.183860 -0.877020 0.443882  0.122260 0.792796 0
kart_scrap
0  39.464481 -33.200001 5.550216  -0.228583 -0.802007 0.551846  0.323861 0.712465 0
0  41.553768 -33.200001 6.946232  -0.422367 -0.802006 0.422365  0.318866 0.708805 0
0  39.927422 -31.940001 8.572578  -0.339731 -0.877020 0.339734  0.324244 0.704493 0
kart_scrap
0  41.553768 -33.200001 6.946232  -0.422367 -0.802006 0.422365  0.318866 0.708805 0
0  42.949783 -33.200001 9.035519  -0.551849 -0.802005 0.228582  0.315528 0.703273 0
0  40.824860 -31.940001 9.915690  -0.443881 -0.877020 0.183864  0.322098 0.700937 0
kart_scrap
0  42.949783 -33.200001 9.035519  -0.551849 -0.802005 0.228582  0.315528 0.703273 0
0  43.439999 -33.200001 11.500000  -0.597315 -0.802006 -0.000000  0.314355 0.696711 0
0  41.139999 -31.940001 11.500000  -0.480454 -0.877020 0.000001  0.321344 0.696719 0
kart_scrap
0  41.139999 -31.940001 11.500000  0.364400 -0.931243 -0.000001  0.762316 0.893379 0
0  40.824860 -31.940001 13.084310  0.336661 -0.931243 0.139450  0.760375 0.889778 0
0  39.124924 -32.660000 12.380172  0.222592 -0.970542 0.092200  0.765176 0.887911 0
kart_scrap
0  40.824860 -31.940001 13.084310  0.336661 -0.931243 0.139450  0.760375 0.889778 0
0  39.927422 -31.940001 14.427422  0.257670 -0.931243 0.257669  0.759694 0.885543 0
0  38.626347 -32.660000 13.126346  0.170365 -0.970542 0.170363  0.764797 0.885558 0
kart_scrap
0  39.927422 -31.940001 14.427422  0.257670 -0.931243 0.257669  0.759694 0.885543 0
0  38.584309 -31.940001 15.324862  0.139451 -0.931243 0.336660  0.760375 0.881320 0
0  37.880173 -32.660000 13.624924  0.092201 -0.970542 0.222591  0.765175 0.883212 0
kart_scrap
0  38.584309 -31.940001 15.324862  0.139451 -0.931243 0.336660  0.760375 0.881320 0
0  37.000000 -31.940001 15.639999  0.000001 -0.931243 0.364400  0.762316 0.877750 0
0  37.000000 -32.660000 13.800000  0.000001 -0.970542 0.240931  0.766254 0.881229 0
kart_scrap
0  37.000000 -31.940001 15.639999  0.000001 -0.931243 0.364400  0.762316 0.877750 0
0  35.415691 -31.940001 15.324862  -0.139448 -0.931243 0.336661  0.765220 0.875379 0
0  36.119827 -32.660000 13.624924  -0.092200 -0.970542 0.222592  0.767867 0.879911 0
kart_scrap
0  35.415691 -31.940001 15.324862  -0.139448 -0.931243 0.336661  0.815531 0.827948 0
0  34.072578 -31.940001 14.427422  -0.257668 -0.931244 0.257668  0.819511 0.827948 0
0  35.373653 -32.660000 13.126346  -0.170364 -0.970542 0.170364  0.818360 0.833088 0
kart_scrap
0  34.072578 -31.940001 14.427422  -0.257668 -0.931244 0.257668  0.819511 0.827948 0
0  33.175140 -31.940001 13.084310  -0.336661 -0.931243 0.139450  0.823341 0.829549 0
0  34.875076 -32.660000 12.380172  -0.222592 -0.970542 0.092202  0.820488 0.833978 0
kart_scrap
0  33.175140 -31.940001 13.084310  -0.336661 -0.931243 0.139450  0.823341 0.829549 0
0  32.860001 -31.940001 11.500000  -0.364400 -0.931243 0.000001  0.826439 0.832507 0
0  34.700001 -32.660000 11.500000  -0.240932 -0.970542 0.000002  0.822209 0.835621 0
kart_scrap
0  32.860001 -31.940001 11.500000  -0.364400 -0.931243 0.000001  0.826439 0.832507 0
0  33.175140 -31.940001 9.915690  -0.336662 -0.931242 -0.139451  0.828332 0.836372 0
0  34.875076 -32.660000 10.619828  -0.222592 -0.970542 -0.092200  0.823261 0.837768 0
kart_scrap
0  33.175140 -31.940001 9.915690  -0.336662 -0.931242 -0.139451  0.828332 0.836372 0
0  34.072578 -31.940001 8.572578  -0.257670 -0.931243 -0.257669  0.828732 0.840555 0
0  35.373653 -32.660000 9.873654  -0.170364 -0.970542 -0.170363  0.823483 0.840092 0
kart_scrap
0  34.072578 -31.940001 8.572578  -0.257670 -0.931243 -0.257669  0.828732 0.840555 0
0  35.415691 -31.940001 7.675138  -0.139450 -0.931243 -0.336660  0.827579 0.844420 0
0  36.119827 -32.660000 9.375077  -0.092201 -0.970542 -0.222591  0.822842 0.842239 0
kart_scrap
0  35.415691 -31.940001 7.675138  -0.139450 -0.931243 -0.336660  0.792696 0.928646 0
0  37.000000 -31.940001 7.360000  -0.000001 -0.931242 -0.364400  0.790835 0.925211 0
0  37.000000 -32.660000 9.200001  -0.000001 -0.970542 -0.240932  0.795568 0.923216 0
kart_scrap
0  37.000000 -31.940001 7.360000  -0.000001 -0.931242 -0.364400  0.790835 0.925211 0
0  38.584309 -31.940001 7.675138  0.139448 -0.931243 -0.336661  0.790182 0.921047 0
0  37.880173 -32.660000 9.375077  0.092199 -0.970542 -0.222592  0.795205 0.920903 0
kart_scrap
0  38.584309 -31.940001 7.675138  0.139448 -0.931243 -0.336661  0.790182 0.921047 0
0  39.927422 -31.940001 8.572578  0.257668 -0.931243 -0.257669  0.790835 0.916787 0
0  38.626347 -32.660000 9.873654  0.170363 -0.970542 -0.170363  0.795568 0.918536 0
kart_scrap
0  39.927422 -31.940001 8.572578  0.257668 -0.931243 -0.257669  0.790835 0.916787 0
0  40.824860 -31.940001 9.915690  0.336661 -0.931243 -0.139450  0.792696 0.913080 0
0  39.124924 -32.660000 10.619828  0.222591 -0.970542 -0.092201  0.796601 0.916477 0
kart_scrap
0  40.824860 -31.940001 9.915690  0.336661 -0.931243 -0.139450  0.765220 0.895798 0
0  41.139999 -31.940001 11.500000  0.364400 -0.931243 -0.000001  0.762316 0.893379 0
0  39.299999 -32.660000 11.500000  0.240931 -0.970542 -0.000002  0.766254 0.889911 0
kart_scrap
0  -28.750000 23.959999 12.500000  1.000000 -0.000000 0.000005  0.635618 0.449843 0
0  -29.377995 23.959999 9.342862  0.923882 -0.000000 -0.382679  0.635629 0.458211 0
0  -29.377995 34.040001 9.342861  0.923878 -0.000000 -0.382688  0.608743 0.458211 0
kart_scrap
0  -29.377995 23.959999 9.342862  0.923882 -0.000000 -0.382679  0.635629 0.458211 0
0  -31.166368 23.959999 6.666369  0.707110 0.000000 -0.707103  0.635655 0.465193 0
0  -31.166368 34.040001 6.666369  0.707103 0.000000 -0.707110  0.608770 0.465193 0
kart_scrap
0  -31.166368 23.959999 6.666369  0.707110 0.000000 -0.707103  0.407696 0.751555 0
0  -33.842861 23.959999 4.877994  0.382688 0.000000 -0.923878  0.400536 0.751577 0
0  -33.842861 34.040001 4.877994  0.382679 0.000000 -0.923882  0.400536 0.724669 0
kart_scrap
0  -33.842861 23.959999 4.877994  0.382688 0.000000 -0.923878  0.400536 0.751577 0
0  -37.000000 23.959999 4.250000  0.000005 0.000000 -1.000000  0.392108 0.751585 0
0  -37.000000 34.040001 4.250000  -0.000005 0.000000 -1.000000  0.392108 0.724677 0
kart_scrap
0  -37.000000 23.959999 4.250000  0.000005 0.000000 -1.000000  0.392108 0.751585 0
0  -40.157139 23.959999 4.877994  -0.382679 0.000000 -0.923881  0.383694 0.751577 0
0  -40.157139 34.040001 4.877994  -0.382688 0.000000 -0.923877  0.383694 0.724669 0
kart_scrap
0  -40.157139 23.959999 4.877994  -0.382679 0.000000 -0.923881  0.577367 0.809879 0
0  -42.833630 23.959999 6.666369  -0.707103 0.000000 -0.707110  0.568889 0.809894 0
0  -42.833630 34.040001 6.666369  -0.707110 0.000000 -0.707103  0.568889 0.782987 0
kart_scrap
0  -42.833630 23.959999 6.666369  -0.707103 0.000000 -0.707110  0.568889 0.809894 0
0  -44.622005 23.959999 9.342862  -0.923878 0.000000 -0.382688  0.560538 0.809872 0
0  -44.622005 34.040001 9.342861  -0.923881 0.000000 -0.382679  0.560538 0.782966 0
kart_scrap
0  -44.622005 23.959999 9.342862  -0.923878 0.000000 -0.382688  0.222290 0.746661 0
0  -45.250000 23.959999 12.500000  -1.000000 0.000000 -0.000005  0.214436 0.746603 0
0  -45.250000 34.040001 12.500000  -1.000000 0.000000 0.000005  0.214436 0.719699 0
kart_scrap
0  -45.250000 23.959999 12.500000  -1.000000 0.000000 -0.000005  0.214436 0.746603 0
0  -44.622005 23.959999 15.657139  -0.923881 0.000000 0.382679  0.205852 0.746600 0
0  -44.622005 34.040001 15.657138  -0.923877 0.000000 0.382688  0.205852 0.719695 0
kart_scrap
0  -44.622005 23.959999 15.657139  -0.923881 0.000000 0.382679  0.205852 0.746600 0
0  -42.833630 23.960001 18.333632  -0.707111 0.000000 0.707103  0.197846 0.746651 0
0  -42.833630 34.040001 18.333632  -0.707103 0.000000 0.707111  0.197846 0.719747 0
kart_scrap
0  -42.833630 23.960001 18.333632  -0.707111 0.000000 0.707103  0.302317 0.633092 0
0  -40.157139 23.960001 20.122005  -0.382689 0.000000 0.923877  0.302330 0.640231 0
0  -40.157139 34.040001 20.122005  -0.382678 0.000000 0.923882  0.275444 0.640231 0
kart_scrap
0  -40.157139 23.960001 20.122005  -0.382689 0.000000 0.923877  0.302330 0.640231 0
0  -37.000000 23.960001 20.750000  -0.000005 0.000000 1.000000  0.302334 0.648657 0
0  -37.000000 34.040001 20.750000  0.000005 0.000000 1.000000  0.275448 0.648657 0
kart_scrap
0  -37.000000 23.960001 20.750000  -0.000005 0.000000 1.000000  0.302334 0.648657 0
0  -33.842861 23.960001 20.122005  0.382678 0.000000 0.923882  0.302330 0.657087 0
0  -33.842861 34.040001 20.122005  0.382688 0.000000 0.923878  0.275444 0.657087 0
kart_scrap
0  -33.842861 23.960001 20.122005  0.382678 0.000000 0.923882  0.302330 0.657087 0
0  -31.166368 23.960001 18.333632  0.707103 -0.000000 0.707111  0.302317 0.664238 0
0  -31.166368 34.040001 18.333632  0.707111 0.000000 0.707103  0.275431 0.664238 0
kart_scrap
0  -31.166368 23.960001 18.333632  0.707103 -0.000000 0.707111  0.635650 0.434065 0
0  -29.377995 23.959999 15.657139  0.923878 -0.000000 0.382688  0.635626 0.441364 0
0  -29.377995 34.040001 15.657138  0.923882 0.000000 0.382679  0.608740 0.441364 0
kart_scrap
0  -29.377995 23.959999 15.657139  0.923878 -0.000000 0.382688  0.635626 0.441364 0
0  -28.750000 23.959999 12.500000  1.000000 -0.000000 0.000005  0.635618 0.449843 0
0  -28.750000 34.040001 12.500000  1.000000 0.000000 -0.000005  0.608733 0.449843 0
kart_scrap
0  -28.750000 34.040001 12.500000  -0.755171 0.655528 0.000000  0.673080 0.443620 0
0  -29.377995 34.040001 9.342861  -0.697686 0.655529 0.288992  0.671584 0.452029 0
0  -30.532843 32.599998 9.821216  -0.620162 0.741223 0.256879  0.667106 0.450798 0
kart_scrap
0  -29.377995 34.040001 9.342861  -0.697686 0.655529 0.288992  0.671584 0.452029 0
0  -31.166368 34.040001 6.666369  -0.533986 0.655528 0.533987  0.667323 0.459123 0
0  -32.050251 32.599998 7.550252  -0.474652 0.741223 0.474651  0.663491 0.456818 0
kart_scrap
0  -31.166368 34.040001 6.666369  -0.533986 0.655528 0.533987  0.667323 0.459123 0
0  -33.842861 34.040001 4.877994  -0.288991 0.655529 0.697686  0.660947 0.463824 0
0  -34.321217 32.599998 6.032843  -0.256880 0.741223 0.620162  0.658080 0.460806 0
kart_scrap
0  -33.842861 34.040001 4.877994  -0.288991 0.655529 0.697686  0.959842 0.544020 0
0  -37.000000 34.040001 4.250000  0.000000 0.655528 0.755171  0.959842 0.535595 0
0  -37.000000 32.599998 5.500000  -0.000001 0.741223 0.671259  0.963692 0.535592 0
kart_scrap
0  -37.000000 34.040001 4.250000  0.000000 0.655528 0.755171  0.765443 0.030862 0
0  -40.157139 34.040001 4.877994  0.288992 0.655528 0.697687  0.763181 0.023374 0
0  -39.678783 32.599998 6.032843  0.256879 0.741223 0.620162  0.768218 0.022771 0
kart_scrap
0  -40.157139 34.040001 4.877994  0.288992 0.655528 0.697687  0.763181 0.023374 0
0  -42.833630 34.040001 6.666369  0.533986 0.655529 0.533985  0.763181 0.014879 0
0  -41.949749 32.599998 7.550252  0.474651 0.741223 0.474652  0.768218 0.015564 0
kart_scrap
0  -42.833630 34.040001 6.666369  0.533986 0.655529 0.533985  0.763181 0.014879 0
0  -44.622005 34.040001 9.342861  0.697686 0.655529 0.288991  0.765443 0.006671 0
0  -43.467155 32.599998 9.821216  0.620162 0.741223 0.256880  0.770137 0.008600 0
kart_scrap
0  -44.622005 34.040001 9.342861  0.697686 0.655529 0.288991  0.765443 0.006671 0
0  -45.250000 34.040001 12.500000  0.755171 0.655528 -0.000001  0.769624 0.000000 0
0  -44.000000 32.599998 12.500000  0.671259 0.741223 0.000000  0.773684 0.002939 0
kart_scrap
0  -45.250000 34.040001 12.500000  0.755171 0.655528 -0.000001  0.170481 0.772171 0
0  -44.622005 34.040001 15.657138  0.697686 0.655530 -0.288991  0.165483 0.765524 0
0  -43.467155 32.599998 15.178783  0.620162 0.741224 -0.256879  0.169945 0.763388 0
kart_scrap
0  -44.622005 34.040001 15.657138  0.697686 0.655530 -0.288991  0.165483 0.765524 0
0  -42.833630 34.040001 18.333632  0.533986 0.655527 -0.533988  0.162778 0.757372 0
0  -41.949749 32.599998 17.449747  0.474652 0.741223 -0.474652  0.167650 0.756470 0
kart_scrap
0  -42.833630 34.040001 18.333632  0.533986 0.655527 -0.533988  0.162778 0.757372 0
0  -40.157139 34.040001 20.122005  0.288991 0.655529 -0.697686  0.162778 0.748956 0
0  -39.678783 32.599998 18.967157  0.256880 0.741223 -0.620162  0.167650 0.749330 0
kart_scrap
0  -40.157139 34.040001 20.122005  0.288991 0.655529 -0.697686  0.162778 0.748956 0
0  -37.000000 34.040001 20.750000  -0.000001 0.655528 -0.755171  0.165483 0.741557 0
0  -37.000000 32.599998 19.500000  0.000001 0.741223 -0.671259  0.169945 0.743052 0
kart_scrap
0  -37.000000 34.040001 20.750000  -0.000001 0.655528 -0.755171  0.365053 0.956746 0
0  -33.842861 34.040001 20.122005  -0.288992 0.655528 -0.697687  0.365053 0.948326 0
0  -34.321217 32.599998 18.967157  -0.256879 0.741223 -0.620162  0.368910 0.949613 0
kart_scrap
0  -33.842861 34.040001 20.122005  -0.288992 0.655528 -0.697687  0.660947 0.423141 0
0  -31.166368 34.040001 18.333632  -0.533987 0.655529 -0.533986  0.667323 0.427986 0
0  -32.050251 32.599998 17.449747  -0.474651 0.741223 -0.474652  0.663491 0.430398 0
kart_scrap
0  -31.166368 34.040001 18.333632  -0.533987 0.655529 -0.533986  0.667323 0.427986 0
0  -29.377995 34.040001 15.657138  -0.697686 0.655529 -0.288991  0.671584 0.435177 0
0  -30.532843 32.599998 15.178783  -0.620162 0.741223 -0.256880  0.667106 0.436500 0
kart_scrap
0  -29.377995 34.040001 15.657138  -0.697686 0.655529 -0.288991  0.671584 0.435177 0
0  -28.750000 34.040001 12.500000  -0.755171 0.655528 0.000000  0.673080 0.443620 0
0  -30.000000 32.599998 12.500000  -0.671259 0.741223 -0.000001  0.668375 0.443663 0
kart_scrap
0  -30.000000 32.599998 12.500000  -0.671259 0.741223 -0.000001  0.668375 0.443663 0
0  -30.532843 32.599998 9.821216  -0.620162 0.741223 0.256879  0.667106 0.450798 0
0  -32.842541 30.920000 10.777925  -0.515304 0.830002 0.213444  0.659588 0.448272 0
kart_scrap
0  -30.532843 32.599998 9.821216  -0.620162 0.741223 0.256879  0.667106 0.450798 0
0  -32.050251 32.599998 7.550252  -0.474652 0.741223 0.474651  0.663491 0.456818 0
0  -33.818020 30.920000 9.318020  -0.394398 0.830003 0.394393  0.657264 0.452142 0
kart_scrap
0  -32.050251 32.599998 7.550252  -0.474652 0.741223 0.474651  0.663491 0.456818 0
0  -34.321217 32.599998 6.032843  -0.256880 0.741223 0.620162  0.658080 0.460806 0
0  -35.277924 30.920000 8.342543  -0.213448 0.830002 0.515302  0.653786 0.454706 0
kart_scrap
0  -34.321217 32.599998 6.032843  -0.256880 0.741223 0.620162  0.773684 0.033658 0
0  -37.000000 32.599998 5.500000  -0.000001 0.741223 0.671259  0.770137 0.029125 0
0  -37.000000 30.920000 8.000000  -0.000003 0.830001 0.557761  0.777204 0.025319 0
kart_scrap
0  -37.000000 32.599998 5.500000  -0.000001 0.741223 0.671259  0.770137 0.029125 0
0  -39.678783 32.599998 6.032843  0.256879 0.741223 0.620162  0.768218 0.022771 0
0  -38.722076 30.920000 8.342543  0.213444 0.830002 0.515305  0.775970 0.021234 0
kart_scrap
0  -39.678783 32.599998 6.032843  0.256879 0.741223 0.620162  0.768218 0.022771 0
0  -41.949749 32.599998 7.550252  0.474651 0.741223 0.474652  0.768218 0.015564 0
0  -40.181980 30.920000 9.318020  0.394394 0.830002 0.394398  0.775970 0.016601 0
kart_scrap
0  -41.949749 32.599998 7.550252  0.474651 0.741223 0.474652  0.768218 0.015564 0
0  -43.467155 32.599998 9.821216  0.620162 0.741223 0.256880  0.770137 0.008600 0
0  -41.157459 30.920000 10.777925  0.515303 0.830001 0.213449  0.777204 0.012124 0
kart_scrap
0  -43.467155 32.599998 9.821216  0.620162 0.741223 0.256880  0.770137 0.008600 0
0  -44.000000 32.599998 12.500000  0.671259 0.741223 0.000000  0.773684 0.002939 0
0  -41.500000 30.920000 12.500000  0.557761 0.830002 0.000003  0.779485 0.008485 0
kart_scrap
0  -44.000000 32.599998 12.500000  0.671259 0.741223 0.000000  0.174186 0.769028 0
0  -43.467155 32.599998 15.178783  0.620162 0.741224 -0.256879  0.169945 0.763388 0
0  -41.157459 30.920000 14.222075  0.515304 0.830002 -0.213444  0.177053 0.759647 0
kart_scrap
0  -43.467155 32.599998 15.178783  0.620162 0.741224 -0.256879  0.169945 0.763388 0
0  -41.949749 32.599998 17.449747  0.474652 0.741223 -0.474652  0.167650 0.756470 0
0  -40.181980 30.920000 15.681980  0.394398 0.830002 -0.394393  0.175578 0.755200 0
kart_scrap
0  -41.949749 32.599998 17.449747  0.474652 0.741223 -0.474652  0.167650 0.756470 0
0  -39.678783 32.599998 18.967157  0.256880 0.741223 -0.620162  0.167650 0.749330 0
0  -38.722076 30.920000 16.657457  0.213448 0.830002 -0.515302  0.175578 0.750609 0
kart_scrap
0  -39.678783 32.599998 18.967157  0.256880 0.741223 -0.620162  0.167650 0.749330 0
0  -37.000000 32.599998 19.500000  0.000001 0.741223 -0.671259  0.169945 0.743052 0
0  -37.000000 30.920000 17.000000  0.000002 0.830002 -0.557761  0.177053 0.746574 0
kart_scrap
0  -37.000000 32.599998 19.500000  0.000001 0.741223 -0.671259  0.169945 0.743052 0
0  -34.321217 32.599998 18.967157  -0.256879 0.741223 -0.620162  0.174186 0.738593 0
0  -35.277924 30.920000 16.657457  -0.213443 0.830002 -0.515305  0.179780 0.743708 0
kart_scrap
0  -34.321217 32.599998 18.967157  -0.256879 0.741223 -0.620162  0.658080 0.426287 0
0  -32.050251 32.599998 17.449747  -0.474651 0.741223 -0.474652  0.663491 0.430398 0
0  -33.818020 30.920000 15.681980  -0.394394 0.830002 -0.394399  0.657264 0.435158 0
kart_scrap
0  -32.050251 32.599998 17.449747  -0.474651 0.741223 -0.474652  0.663491 0.430398 0
0  -30.532843 32.599998 15.178783  -0.620162 0.741223 -0.256880  0.667106 0.436500 0
0  -32.842541 30.920000 14.222075  -0.515303 0.830002 -0.213449  0.659588 0.439081 0
kart_scrap
0  -30.532843 32.599998 15.178783  -0.620162 0.741223 -0.256880  0.667106 0.436500 0
0  -30.000000 32.599998 12.500000  -0.671259 0.741223 -0.000001  0.668375 0.443663 0
0  -32.500000 30.920000 12.500000  -0.557761 0.830002 -0.000003  0.660404 0.443686 0
kart_scrap
0  -32.500000 30.920000 12.500000  0.432732 0.901523 0.000002  0.443865 0.172847 0
0  -32.842541 30.920000 10.777925  0.399793 0.901522 -0.165598  0.442114 0.177033 0
0  -34.690300 31.880001 11.543291  0.266388 0.957529 -0.110340  0.437102 0.174047 0
kart_scrap
0  -32.842541 30.920000 10.777925  0.399793 0.901522 -0.165598  0.442114 0.177033 0
0  -33.818020 30.920000 9.318020  0.305988 0.901522 -0.305989  0.439023 0.180553 0
0  -35.232231 31.880001 10.732233  0.203885 0.957529 -0.203884  0.435385 0.176003 0
kart_scrap
0  -33.818020 30.920000 9.318020  0.305988 0.901522 -0.305989  0.439023 0.180553 0
0  -35.277924 30.920000 8.342543  0.165601 0.901522 -0.399792  0.435064 0.182870 0
0  -36.043293 31.880001 10.190301  0.110342 0.957529 -0.266387  0.433186 0.177290 0
kart_scrap
0  -35.277924 30.920000 8.342543  0.165601 0.901522 -0.399792  0.435064 0.182870 0
0  -37.000000 30.920000 8.000000  0.000002 0.901523 -0.432732  0.430838 0.183632 0
0  -37.000000 31.880001 10.000000  0.000001 0.957529 -0.288336  0.430838 0.177713 0
kart_scrap
0  -37.000000 30.920000 8.000000  0.000002 0.901523 -0.432732  0.201815 0.829011 0
0  -38.722076 30.920000 8.342543  -0.165598 0.901523 -0.399793  0.199081 0.825802 0
0  -37.956707 31.880001 10.190301  -0.110341 0.957529 -0.266389  0.204416 0.823572 0
kart_scrap
0  -38.722076 30.920000 8.342543  -0.165598 0.901523 -0.399793  0.199081 0.825802 0
0  -40.181980 30.920000 9.318020  -0.305987 0.901523 -0.305989  0.197846 0.821610 0
0  -38.767769 31.880001 10.732233  -0.203884 0.957529 -0.203886  0.203730 0.821243 0
kart_scrap
0  -40.181980 30.920000 9.318020  -0.305987 0.901523 -0.305989  0.197846 0.821610 0
0  -41.157459 30.920000 10.777925  -0.399792 0.901522 -0.165602  0.198299 0.817073 0
0  -39.309700 31.880001 11.543291  -0.266388 0.957529 -0.110343  0.203982 0.818722 0
kart_scrap
0  -41.157459 30.920000 10.777925  -0.399792 0.901522 -0.165602  0.198299 0.817073 0
0  -41.500000 30.920000 12.500000  -0.432732 0.901523 -0.000002  0.200371 0.812880 0
0  -39.500000 31.880001 12.500000  -0.288336 0.957529 -0.000001  0.205133 0.816393 0
kart_scrap
0  -41.500000 30.920000 12.500000  -0.432732 0.901523 -0.000002  0.200371 0.812880 0
0  -41.157459 30.920000 14.222075  -0.399793 0.901523 0.165598  0.203745 0.809671 0
0  -39.309700 31.880001 13.456709  -0.266388 0.957529 0.110340  0.207008 0.814611 0
kart_scrap
0  -41.157459 30.920000 14.222075  -0.399793 0.901523 0.165598  0.203745 0.809671 0
0  -40.181980 30.920000 15.681980  -0.305989 0.901522 0.305989  0.207909 0.807935 0
0  -38.767769 31.880001 14.267767  -0.203885 0.957529 0.203884  0.209321 0.813646 0
kart_scrap
0  -40.181980 30.920000 15.681980  -0.305989 0.901522 0.305989  0.207909 0.807935 0
0  -38.722076 30.920000 16.657457  -0.165601 0.901523 0.399792  0.212229 0.807934 0
0  -37.956707 31.880001 14.809698  -0.110342 0.957529 0.266387  0.211721 0.813646 0
kart_scrap
0  -38.722076 30.920000 16.657457  -0.165601 0.901523 0.399792  0.212229 0.807934 0
0  -37.000000 30.920000 17.000000  -0.000002 0.901523 0.432732  0.216047 0.809671 0
0  -37.000000 31.880001 15.000000  -0.000001 0.957529 0.288335  0.213842 0.814610 0
kart_scrap
0  -37.000000 30.920000 17.000000  -0.000002 0.901523 0.432732  0.891980 0.729045 0
0  -35.277924 30.920000 16.657457  0.165598 0.901523 0.399792  0.893214 0.733130 0
0  -36.043293 31.880001 14.809698  0.110341 0.957529 0.266388  0.887754 0.734466 0
kart_scrap
0  -35.277924 30.920000 16.657457  0.165598 0.901523 0.399792  0.893214 0.733130 0
0  -33.818020 30.920000 15.681980  0.305986 0.901523 0.305988  0.893214 0.737763 0
0  -35.232231 31.880001 14.267767  0.203884 0.957529 0.203886  0.887754 0.737040 0
kart_scrap
0  -33.818020 30.920000 15.681980  0.305986 0.901523 0.305988  0.893214 0.737763 0
0  -32.842541 30.920000 14.222075  0.399792 0.901522 0.165601  0.891980 0.742240 0
0  -34.690300 31.880001 13.456709  0.266388 0.957529 0.110343  0.887069 0.739527 0
kart_scrap
0  -32.842541 30.920000 14.222075  0.399792 0.901522 0.165601  0.444010 0.168633 0
0  -32.500000 30.920000 12.500000  0.432732 0.901523 0.000002  0.443865 0.172847 0
0  -34.500000 31.880001 12.500000  0.288336 0.957529 0.000001  0.438075 0.171722 0
kart_scrap
0  -28.750000 -23.959999 12.500000  1.000000 0.000000 -0.000005  0.127594 0.647112 0
0  -29.377995 -23.959999 15.657138  0.923881 0.000000 0.382679  0.127601 0.638633 0
0  -29.377995 -34.040001 15.657139  0.923878 -0.000000 0.382688  0.154487 0.638633 0
kart_scrap
0  -29.377995 -23.959999 15.657138  0.923881 0.000000 0.382679  0.127601 0.638633 0
0  -31.166368 -23.959999 18.333630  0.707110 0.000000 0.707103  0.127625 0.631334 0
0  -31.166368 -34.040001 18.333632  0.707103 -0.000000 0.707110  0.154511 0.631334 0
kart_scrap
0  -31.166368 -23.959999 18.333630  0.707110 0.000000 0.707103  0.560538 0.662873 0
0  -33.842861 -23.959999 20.122005  0.382688 0.000000 0.923878  0.560551 0.655722 0
0  -33.842861 -34.040001 20.122005  0.382679 0.000000 0.923881  0.587436 0.655722 0
kart_scrap
0  -33.842861 -23.959999 20.122005  0.382688 0.000000 0.923878  0.560551 0.655722 0
0  -37.000000 -23.959999 20.750000  0.000005 0.000000 1.000000  0.560555 0.647292 0
0  -37.000000 -34.040001 20.750000  -0.000005 0.000000 1.000000  0.587441 0.647292 0
kart_scrap
0  -37.000000 -23.959999 20.750000  0.000005 0.000000 1.000000  0.560555 0.647292 0
0  -40.157139 -23.959999 20.122005  -0.382679 0.000000 0.923881  0.560551 0.638866 0
0  -40.157139 -34.040001 20.122005  -0.382688 0.000000 0.923878  0.587436 0.638866 0
kart_scrap
0  -40.157139 -23.959999 20.122005  -0.382679 0.000000 0.923881  0.560551 0.638866 0
0  -42.833630 -23.959999 18.333630  -0.707103 0.000000 0.707110  0.560538 0.631728 0
0  -42.833630 -34.040001 18.333632  -0.707110 0.000000 0.707103  0.587424 0.631728 0
kart_scrap
0  -42.833630 -23.959999 18.333630  -0.707103 0.000000 0.707110  0.476213 0.712924 0
0  -44.622005 -23.959999 15.657138  -0.923877 0.000000 0.382688  0.484219 0.712873 0
0  -44.622005 -34.040001 15.657139  -0.923881 0.000000 0.382679  0.484219 0.739778 0
kart_scrap
0  -44.622005 -23.959999 15.657138  -0.923877 0.000000 0.382688  0.484219 0.712873 0
0  -45.250000 -23.959999 12.500000  -1.000000 -0.000000 0.000005  0.492802 0.712876 0
0  -45.250000 -34.040001 12.500000  -1.000000 0.000000 -0.000005  0.492802 0.739781 0
kart_scrap
0  -45.250000 -23.959999 12.500000  -1.000000 -0.000000 0.000005  0.492802 0.712876 0
0  -44.622005 -23.959999 9.342861  -0.923881 -0.000000 -0.382679  0.500657 0.712934 0
0  -44.622005 -34.040001 9.342862  -0.923877 -0.000000 -0.382688  0.500657 0.739838 0
kart_scrap
0  -44.622005 -23.959999 9.342861  -0.923881 -0.000000 -0.382679  0.793057 0.000000 0
0  -42.833630 -23.960001 6.666368  -0.707110 -0.000000 -0.707103  0.801407 0.000022 0
0  -42.833630 -34.040001 6.666369  -0.707103 -0.000000 -0.707111  0.801407 0.026928 0
kart_scrap
0  -42.833630 -23.960001 6.666368  -0.707110 -0.000000 -0.707103  0.801407 0.000022 0
0  -40.157139 -23.960001 4.877994  -0.382688 -0.000000 -0.923877  0.809886 0.000007 0
0  -40.157139 -34.040001 4.877995  -0.382679 -0.000000 -0.923881  0.809886 0.026914 0
kart_scrap
0  -40.157139 -23.960001 4.877994  -0.382688 -0.000000 -0.923877  0.122260 0.726196 0
0  -37.000000 -23.960001 4.250000  -0.000005 -0.000000 -1.000000  0.130673 0.726204 0
0  -37.000000 -34.040001 4.250000  0.000005 -0.000000 -1.000000  0.130673 0.753112 0
kart_scrap
0  -37.000000 -23.960001 4.250000  -0.000005 -0.000000 -1.000000  0.130673 0.726204 0
0  -33.842861 -23.960001 4.877994  0.382679 -0.000000 -0.923881  0.139102 0.726197 0
0  -33.842861 -34.040001 4.877995  0.382688 -0.000000 -0.923878  0.139102 0.753105 0
kart_scrap
0  -33.842861 -23.960001 4.877994  0.382679 -0.000000 -0.923881  0.139102 0.726197 0
0  -31.166368 -23.960001 6.666368  0.707103 0.000000 -0.707110  0.146262 0.726175 0
0  -31.166368 -34.040001 6.666369  0.707111 -0.000000 -0.707103  0.146262 0.753083 0
kart_scrap
0  -31.166368 -23.960001 6.666368  0.707103 0.000000 -0.707110  0.127631 0.662462 0
0  -29.377995 -23.959999 9.342861  0.923878 0.000000 -0.382688  0.127604 0.655480 0
0  -29.377995 -34.040001 9.342862  0.923882 -0.000000 -0.382679  0.154490 0.655480 0
kart_scrap
0  -29.377995 -23.959999 9.342861  0.923878 0.000000 -0.382688  0.127604 0.655480 0
0  -28.750000 -23.959999 12.500000  1.000000 0.000000 -0.000005  0.127594 0.647112 0
0  -28.750000 -34.040001 12.500000  1.000000 -0.000000 0.000005  0.154479 0.647112 0
kart_scrap
0  -28.750000 -34.040001 12.500000  -0.755171 -0.655528 -0.000000  0.343462 0.648095 0
0  -29.377995 -34.040001 15.657139  -0.697686 -0.655529 -0.288992  0.344963 0.639651 0
0  -30.532843 -32.599998 15.178784  -0.620162 -0.741223 -0.256879  0.349426 0.640982 0
kart_scrap
0  -29.377995 -34.040001 15.657139  -0.697686 -0.655529 -0.288992  0.344963 0.639651 0
0  -31.166368 -34.040001 18.333632  -0.533986 -0.655528 -0.533987  0.349239 0.632453 0
0  -32.050251 -32.599998 17.449749  -0.474652 -0.741223 -0.474651  0.353055 0.634875 0
kart_scrap
0  -31.166368 -34.040001 18.333632  -0.533986 -0.655528 -0.533987  0.349239 0.632453 0
0  -33.842861 -34.040001 20.122005  -0.288991 -0.655529 -0.697686  0.355639 0.627597 0
0  -34.321217 -32.599998 18.967157  -0.256880 -0.741223 -0.620162  0.358485 0.630755 0
kart_scrap
0  -33.842861 -34.040001 20.122005  -0.288991 -0.655529 -0.697686  0.742363 0.000000 0
0  -37.000000 -34.040001 20.750000  0.000001 -0.655528 -0.755171  0.747064 0.006202 0
0  -37.000000 -32.599998 19.500000  -0.000000 -0.741223 -0.671259  0.742487 0.008096 0
kart_scrap
0  -37.000000 -34.040001 20.750000  0.000001 -0.655528 -0.755171  0.747064 0.006202 0
0  -40.157139 -34.040001 20.122005  0.288992 -0.655528 -0.697686  0.749609 0.014207 0
0  -39.678783 -32.599998 18.967157  0.256879 -0.741223 -0.620162  0.744646 0.014888 0
kart_scrap
0  -40.157139 -34.040001 20.122005  0.288992 -0.655528 -0.697686  0.749609 0.014207 0
0  -42.833630 -34.040001 18.333632  0.533986 -0.655529 -0.533985  0.749609 0.022795 0
0  -41.949749 -32.599998 17.449749  0.474651 -0.741223 -0.474652  0.744646 0.022175 0
kart_scrap
0  -42.833630 -34.040001 18.333632  0.533986 -0.655529 -0.533985  0.749609 0.022795 0
0  -44.622005 -34.040001 15.657139  0.697686 -0.655529 -0.288990  0.747064 0.030659 0
0  -43.467155 -32.599998 15.178784  0.620162 -0.741224 -0.256880  0.742487 0.028848 0
kart_scrap
0  -44.622005 -34.040001 15.657139  0.697686 -0.655529 -0.288990  0.747064 0.030659 0
0  -45.250000 -34.040001 12.500000  0.755171 -0.655528 0.000001  0.742363 0.036602 0
0  -44.000000 -32.599998 12.500000  0.671259 -0.741223 -0.000000  0.738498 0.033890 0
kart_scrap
0  -45.250000 -34.040001 12.500000  0.755171 -0.655528 0.000001  0.738476 0.700274 0
0  -44.622005 -34.040001 9.342862  0.697686 -0.655530 0.288991  0.743437 0.706741 0
0  -43.467155 -32.599998 9.821217  0.620162 -0.741224 0.256879  0.738958 0.708774 0
kart_scrap
0  -44.622005 -34.040001 9.342862  0.697686 -0.655530 0.288991  0.743437 0.706741 0
0  -42.833630 -34.040001 6.666369  0.533986 -0.655528 0.533988  0.746122 0.714855 0
0  -41.949749 -32.599998 7.550253  0.474652 -0.741223 0.474652  0.741236 0.715658 0
kart_scrap
0  -42.833630 -34.040001 6.666369  0.533986 -0.655528 0.533988  0.746122 0.714855 0
0  -40.157139 -34.040001 4.877995  0.288991 -0.655529 0.697686  0.746122 0.723380 0
0  -39.678783 -32.599998 6.032844  0.256880 -0.741223 0.620162  0.741236 0.722892 0
kart_scrap
0  -40.157139 -34.040001 4.877995  0.288991 -0.655529 0.697686  0.746122 0.723380 0
0  -37.000000 -34.040001 4.250000  -0.000001 -0.655528 0.755171  0.743437 0.731019 0
0  -37.000000 -32.599998 5.500000  0.000001 -0.741223 0.671258  0.738958 0.729373 0
kart_scrap
0  -37.000000 -34.040001 4.250000  -0.000001 -0.655528 0.755171  0.743437 0.731019 0
0  -33.842861 -34.040001 4.877995  -0.288992 -0.655528 0.697686  0.738476 0.736608 0
0  -34.321217 -32.599998 6.032844  -0.256879 -0.741224 0.620162  0.734748 0.734115 0
kart_scrap
0  -33.842861 -34.040001 4.877995  -0.288992 -0.655528 0.697686  0.355639 0.668277 0
0  -31.166368 -34.040001 6.666369  -0.533987 -0.655528 0.533986  0.349239 0.663588 0
0  -32.050251 -32.599998 7.550253  -0.474651 -0.741223 0.474652  0.353055 0.661292 0
kart_scrap
0  -31.166368 -34.040001 6.666369  -0.533987 -0.655528 0.533986  0.349239 0.663588 0
0  -29.377995 -34.040001 9.342862  -0.697687 -0.655528 0.288991  0.344963 0.656501 0
0  -30.532843 -32.599998 9.821217  -0.620162 -0.741223 0.256880  0.349426 0.655279 0
kart_scrap
0  -29.377995 -34.040001 9.342862  -0.697687 -0.655528 0.288991  0.344963 0.656501 0
0  -28.750000 -34.040001 12.500000  -0.755171 -0.655528 -0.000000  0.343462 0.648095 0
0  -30.000000 -32.599998 12.500000  -0.671259 -0.741223 0.000001  0.348152 0.648147 0
kart_scrap
0  -30.000000 -32.599998 12.500000  -0.671259 -0.741223 0.000001  0.348152 0.648147 0
0  -30.532843 -32.599998 15.178784  -0.620162 -0.741223 -0.256879  0.349426 0.640982 0
0  -32.842541 -30.920000 14.222075  -0.515304 -0.830002 -0.213444  0.356935 0.643569 0
kart_scrap
0  -30.532843 -32.599998 15.178784  -0.620162 -0.741223 -0.256879  0.349426 0.640982 0
0  -32.050251 -32.599998 17.449749  -0.474652 -0.741223 -0.474651  0.353055 0.634875 0
0  -33.818020 -30.920000 15.681981  -0.394398 -0.830003 -0.394393  0.359267 0.639643 0
kart_scrap
0  -32.050251 -32.599998 17.449749  -0.474652 -0.741223 -0.474651  0.353055 0.634875 0
0  -34.321217 -32.599998 18.967157  -0.256880 -0.741223 -0.620162  0.358485 0.630755 0
0  -35.277924 -30.920000 16.657457  -0.213448 -0.830002 -0.515302  0.362758 0.636994 0
kart_scrap
0  -34.321217 -32.599998 18.967157  -0.256880 -0.741223 -0.620162  0.738498 0.002834 0
0  -37.000000 -32.599998 19.500000  -0.000000 -0.741223 -0.671259  0.742487 0.008096 0
0  -37.000000 -30.920000 17.000000  -0.000002 -0.830001 -0.557761  0.735359 0.011801 0
kart_scrap
0  -37.000000 -32.599998 19.500000  -0.000000 -0.741223 -0.671259  0.742487 0.008096 0
0  -39.678783 -32.599998 18.967157  0.256879 -0.741223 -0.620162  0.744646 0.014888 0
0  -38.722076 -30.920000 16.657457  0.213443 -0.830002 -0.515304  0.736747 0.016167 0
kart_scrap
0  -39.678783 -32.599998 18.967157  0.256879 -0.741223 -0.620162  0.744646 0.014888 0
0  -41.949749 -32.599998 17.449749  0.474651 -0.741223 -0.474652  0.744646 0.022175 0
0  -40.181980 -30.920000 15.681981  0.394393 -0.830002 -0.394398  0.736747 0.020851 0
kart_scrap
0  -41.949749 -32.599998 17.449749  0.474651 -0.741223 -0.474652  0.744646 0.022175 0
0  -43.467155 -32.599998 15.178784  0.620162 -0.741224 -0.256880  0.742487 0.028848 0
0  -41.157459 -30.920000 14.222075  0.515303 -0.830001 -0.213449  0.735359 0.025141 0
kart_scrap
0  -43.467155 -32.599998 15.178784  0.620162 -0.741224 -0.256880  0.742487 0.028848 0
0  -44.000000 -32.599998 12.500000  0.671259 -0.741223 -0.000000  0.738498 0.033890 0
0  -41.500000 -30.920000 12.500000  0.557761 -0.830001 -0.000003  0.732794 0.028382 0
kart_scrap
0  -44.000000 -32.599998 12.500000  0.671259 -0.741223 -0.000000  0.734748 0.703286 0
0  -43.467155 -32.599998 9.821217  0.620162 -0.741224 0.256879  0.738958 0.708774 0
0  -41.157459 -30.920000 10.777925  0.515305 -0.830002 0.213444  0.731844 0.712511 0
kart_scrap
0  -43.467155 -32.599998 9.821217  0.620162 -0.741224 0.256879  0.738958 0.708774 0
0  -41.949749 -32.599998 7.550253  0.474652 -0.741223 0.474652  0.741236 0.715658 0
0  -40.181980 -30.920000 9.318020  0.394398 -0.830002 0.394393  0.733309 0.716936 0
kart_scrap
0  -41.949749 -32.599998 7.550253  0.474652 -0.741223 0.474652  0.741236 0.715658 0
0  -39.678783 -32.599998 6.032844  0.256880 -0.741223 0.620162  0.741236 0.722892 0
0  -38.722076 -30.920000 8.342543  0.213448 -0.830002 0.515303  0.733309 0.721586 0
kart_scrap
0  -39.678783 -32.599998 6.032844  0.256880 -0.741223 0.620162  0.741236 0.722892 0
0  -37.000000 -32.599998 5.500000  0.000001 -0.741223 0.671258  0.738958 0.729373 0
0  -37.000000 -30.920000 8.000000  0.000003 -0.830002 0.557761  0.731844 0.725753 0
kart_scrap
0  -37.000000 -32.599998 5.500000  0.000001 -0.741223 0.671258  0.738958 0.729373 0
0  -34.321217 -32.599998 6.032844  -0.256879 -0.741224 0.620162  0.734748 0.734115 0
0  -35.277924 -30.920000 8.342543  -0.213444 -0.830002 0.515304  0.729138 0.728802 0
kart_scrap
0  -34.321217 -32.599998 6.032844  -0.256879 -0.741224 0.620162  0.358485 0.665271 0
0  -32.050251 -32.599998 7.550253  -0.474651 -0.741223 0.474652  0.353055 0.661292 0
0  -33.818020 -30.920000 9.318020  -0.394394 -0.830002 0.394398  0.359267 0.656625 0
kart_scrap
0  -32.050251 -32.599998 7.550253  -0.474651 -0.741223 0.474652  0.353055 0.661292 0
0  -30.532843 -32.599998 9.821217  -0.620162 -0.741223 0.256880  0.349426 0.655279 0
0  -32.842541 -30.920000 10.777925  -0.515303 -0.830002 0.213449  0.356935 0.652760 0
kart_scrap
0  -30.532843 -32.599998 9.821217  -0.620162 -0.741223 0.256880  0.349426 0.655279 0
0  -30.000000 -32.599998 12.500000  -0.671259 -0.741223 0.000001  0.348152 0.648147 0
0  -32.500000 -30.920000 12.500000  -0.557760 -0.830002 0.000003  0.356115 0.648175 0
kart_scrap
0  -32.500000 -30.920000 12.500000  0.432732 -0.901523 -0.000002  0.572737 0.229144 0
0  -32.842541 -30.920000 14.222075  0.399793 -0.901522 0.165598  0.568373 0.228306 0
0  -34.690300 -31.880001 13.456709  0.266388 -0.957529 0.110342  0.570272 0.222759 0
kart_scrap
0  -32.842541 -30.920000 14.222075  0.399793 -0.901522 0.165598  0.568373 0.228306 0
0  -33.818020 -30.920000 15.681981  0.305989 -0.901523 0.305987  0.564341 0.225970 0
0  -35.232231 -31.879999 14.267767  0.203884 -0.957529 0.203886  0.568032 0.221462 0
kart_scrap
0  -33.818020 -30.920000 15.681981  0.305989 -0.901523 0.305987  0.564341 0.225970 0
0  -35.277924 -30.920000 16.657457  0.165601 -0.901523 0.399790  0.561256 0.222494 0
0  -36.043293 -31.879999 14.809699  0.110342 -0.957529 0.266387  0.566318 0.219530 0
kart_scrap
0  -35.277924 -30.920000 16.657457  0.165601 -0.901523 0.399790  0.561256 0.222494 0
0  -37.000000 -30.920000 17.000000  0.000002 -0.901523 0.432732  0.559586 0.218406 0
0  -37.000000 -31.879999 15.000000  0.000001 -0.957529 0.288336  0.565390 0.217259 0
kart_scrap
0  -37.000000 -30.920000 17.000000  0.000002 -0.901523 0.432732  0.559586 0.218406 0
0  -38.722076 -30.920000 16.657457  -0.165597 -0.901523 0.399792  0.559586 0.214328 0
0  -37.956707 -31.879999 14.809699  -0.110341 -0.957529 0.266389  0.565390 0.214994 0
kart_scrap
0  -38.722076 -30.920000 16.657457  -0.165597 -0.901523 0.399792  0.387551 0.812858 0
0  -40.181980 -30.920000 15.681981  -0.305986 -0.901523 0.305989  0.391877 0.812858 0
0  -38.767769 -31.879999 14.267767  -0.203883 -0.957529 0.203886  0.390451 0.818560 0
kart_scrap
0  -40.181980 -30.920000 15.681981  -0.305986 -0.901523 0.305989  0.391877 0.812858 0
0  -41.157459 -30.920000 14.222075  -0.399792 -0.901522 0.165602  0.396041 0.814598 0
0  -39.309700 -31.880001 13.456709  -0.266388 -0.957529 0.110343  0.392764 0.819527 0
kart_scrap
0  -41.157459 -30.920000 14.222075  -0.399792 -0.901522 0.165602  0.396041 0.814598 0
0  -41.500000 -30.920000 12.500000  -0.432732 -0.901523 0.000002  0.399408 0.817814 0
0  -39.500000 -31.880001 12.500000  -0.288336 -0.957529 0.000001  0.394635 0.821313 0
kart_scrap
0  -41.500000 -30.920000 12.500000  -0.432732 -0.901523 0.000002  0.399408 0.817814 0
0  -41.157459 -30.920000 10.777925  -0.399793 -0.901523 -0.165598  0.401465 0.822014 0
0  -39.309700 -31.880001 11.543292  -0.266388 -0.957529 -0.110339  0.395778 0.823647 0
kart_scrap
0  -41.157459 -30.920000 10.777925  -0.399793 -0.901523 -0.165598  0.401465 0.822014 0
0  -40.181980 -30.920000 9.318020  -0.305989 -0.901522 -0.305989  0.401900 0.826561 0
0  -38.767769 -31.880001 10.732233  -0.203885 -0.957529 -0.203884  0.396019 0.826173 0
kart_scrap
0  -40.181980 -30.920000 9.318020  -0.305989 -0.901522 -0.305989  0.401900 0.826561 0
0  -38.722076 -30.920000 8.342543  -0.165601 -0.901523 -0.399792  0.400647 0.830762 0
0  -37.956707 -31.880001 10.190302  -0.110342 -0.957529 -0.266387  0.395323 0.828507 0
kart_scrap
0  -38.722076 -30.920000 8.342543  -0.165601 -0.901523 -0.399792  0.794134 0.899497 0
0  -37.000000 -30.920000 8.000000  -0.000002 -0.901523 -0.432732  0.791570 0.896114 0
0  -37.000000 -31.880001 10.000000  -0.000001 -0.957529 -0.288335  0.796625 0.893177 0
kart_scrap
0  -37.000000 -30.920000 8.000000  -0.000002 -0.901523 -0.432732  0.791570 0.896114 0
0  -35.277924 -30.920000 8.342543  0.165598 -0.901523 -0.399792  0.790182 0.891747 0
0  -36.043293 -31.880001 10.190302  0.110341 -0.957529 -0.266388  0.795854 0.890751 0
kart_scrap
0  -35.277924 -30.920000 8.342543  0.165598 -0.901523 -0.399792  0.790182 0.891747 0
0  -33.818020 -30.920000 9.318020  0.305986 -0.901523 -0.305988  0.790182 0.887063 0
0  -35.232231 -31.880001 10.732233  0.203884 -0.957529 -0.203886  0.795854 0.888149 0
kart_scrap
0  -33.818020 -30.920000 9.318020  0.305986 -0.901523 -0.305988  0.790182 0.887063 0
0  -32.842541 -30.920000 10.777925  0.399792 -0.901522 -0.165602  0.791570 0.882774 0
0  -34.690300 -31.880001 11.543292  0.266388 -0.957529 -0.110343  0.796625 0.885766 0
kart_scrap
0  -32.842541 -30.920000 10.777925  0.399792 -0.901522 -0.165602  0.791570 0.882774 0
0  -32.500000 -30.920000 12.500000  0.432732 -0.901523 -0.000002  0.794134 0.879532 0
0  -34.500000 -31.880001 12.500000  0.288336 -0.957529 -0.000001  0.798050 0.883965 0
kart_scrap
0  37.000000 24.000000 6.500000  -0.500001 -0.866025 0.000000  0.098593 0.921565 0
0  37.000000 24.000000 16.500000  -0.499999 -0.866026 0.000000  0.098593 0.894880 0
0  36.133976 24.500000 16.500000  -0.499999 -0.866026 0.000000  0.101254 0.894884 0
kart_scrap
0  40.105000 -32.300003 12.200000  0.500001 0.000000 0.866025  0.138650 0.984516 0
0  40.105000 -33.500000 12.200000  0.500000 0.000000 0.866026  0.141851 0.984516 0
0  40.711216 -33.500000 11.850000  0.500000 0.000000 0.866025  0.141848 0.986135 0
kart_scrap
0  40.105000 32.300003 10.800000  0.500001 0.000000 -0.866025  0.997749 0.070161 0
0  40.105000 33.500000 10.800000  0.500000 0.000000 -0.866026  0.997749 0.066958 0
0  40.711216 33.500000 11.150000  0.500000 0.000000 -0.866025  0.999370 0.066953 0
kart_scrap
0  38.565716 32.300003 14.803031  0.500001 0.000000 0.866025  0.985488 0.037989 0
0  38.565716 33.500000 14.803031  0.500000 0.000000 0.866026  0.982287 0.037989 0
0  37.959499 33.500000 15.153030  0.500000 0.000000 0.866025  0.982290 0.036369 0
kart_scrap
0  37.000000 26.000000 6.500000  0.000000 0.000000 -1.000000  0.846575 0.968331 0
0  37.866024 25.500000 6.500000  0.000000 0.000000 -1.000000  0.846575 0.965661 0
0  36.133976 24.500000 6.500000  0.000000 0.000000 -1.000000  0.851195 0.968331 0
kart_scrap
0  37.866024 25.500000 6.500000  0.000000 0.000000 -1.000000  0.846575 0.965661 0
0  37.866024 24.500000 6.500000  0.000000 0.000000 -1.000000  0.848885 0.964327 0
0  36.133976 24.500000 6.500000  0.000000 0.000000 -1.000000  0.851195 0.968331 0
kart_scrap
0  37.866024 24.500000 6.500000  0.000000 0.000000 -1.000000  0.848885 0.964327 0
0  37.000000 24.000000 6.500000  0.000000 0.000000 -1.000000  0.851195 0.965661 0
0  36.133976 24.500000 6.500000  0.000000 0.000000 -1.000000  0.851195 0.968331 0
kart_scrap
0  40.711216 32.300003 11.150000  1.000000 0.000000 0.000000  0.856596 0.518135 0
0  40.711216 33.500000 11.150000  1.000000 0.000000 0.000000  0.856596 0.514932 0
0  40.711216 33.500000 11.850000  1.000000 0.000000 0.000000  0.858462 0.514931 0
kart_scrap
0  34.488003 32.300003 8.974927  0.500000 0.000000 -0.866025  0.994536 0.223681 0
0  34.488003 33.500000 8.974927  0.500001 0.000000 -0.866025  0.994536 0.220478 0
0  35.094219 33.500000 9.324926  0.500001 0.000000 -0.866025  0.996157 0.220474 0
kart_scrap
0  37.959499 32.300003 7.846970  0.500001 0.000000 -0.866025  0.913768 1.000000 0
0  37.959499 33.500000 7.846970  0.499998 0.000000 -0.866027  0.913768 0.996797 0
0  38.565716 33.500000 8.196969  0.500000 0.000000 -0.866026  0.915389 0.996792 0
kart_scrap
0  40.711216 32.300003 11.850000  0.500001 0.000000 0.866025  0.815345 0.985914 0
0  40.711216 33.500000 11.850000  0.500000 0.000000 0.866026  0.812144 0.985914 0
0  40.105000 33.500000 12.200000  0.500000 0.000000 0.866025  0.812147 0.984294 0
kart_scrap
0  34.488003 32.300003 12.625073  0.500000 0.000000 -0.866025  0.772262 0.459708 0
0  34.488003 33.500000 12.625073  0.500001 0.000000 -0.866025  0.772262 0.456505 0
0  35.094219 33.500000 12.975073  0.500001 0.000000 -0.866025  0.773884 0.456501 0
kart_scrap
0  38.565716 32.300003 14.103030  1.000000 0.000000 0.000000  0.729573 0.172932 0
0  38.565716 33.500000 14.103030  1.000000 0.000000 0.000000  0.729573 0.169729 0
0  38.565716 33.500000 14.803031  1.000000 0.000000 0.000000  0.731439 0.169729 0
kart_scrap
0  40.105000 32.300003 12.200000  -0.500001 0.000000 0.866025  0.815347 0.984294 0
0  40.105000 33.500000 12.200000  -0.500000 0.000000 0.866026  0.812147 0.984294 0
0  39.498783 33.500000 11.850000  -0.500000 0.000000 0.866025  0.812144 0.982677 0
kart_scrap
0  40.711216 33.500000 11.850000  0.000000 1.000000 0.000000  0.980152 0.536543 0
0  40.711216 33.500000 11.150000  0.000000 1.000000 0.000000  0.980152 0.538411 0
0  39.498783 33.500000 11.850000  0.000000 1.000000 0.000000  0.977264 0.536510 0
kart_scrap
0  40.711216 33.500000 11.150000  0.000000 1.000000 0.000000  0.980152 0.538411 0
0  40.105000 33.500000 10.800000  0.000000 1.000000 0.000000  0.978708 0.539329 0
0  39.498783 33.500000 11.850000  0.000000 1.000000 0.000000  0.977264 0.536510 0
kart_scrap
0  40.105000 33.500000 10.800000  0.000000 1.000000 0.000000  0.978708 0.539329 0
0  39.498783 33.500000 11.150000  0.000000 1.000000 0.000000  0.977264 0.538378 0
0  39.498783 33.500000 11.850000  0.000000 1.000000 0.000000  0.977264 0.536510 0
kart_scrap
0  37.959499 32.300003 13.753031  0.500001 0.000000 -0.866025  0.997628 0.760305 0
0  37.959499 33.500000 13.753031  0.500000 0.000000 -0.866026  0.997628 0.757102 0
0  38.565716 33.500000 14.103030  0.500000 0.000000 -0.866025  0.999249 0.757097 0
kart_scrap
0  39.498783 32.300003 11.850000  -1.000000 0.000000 0.000000  0.606685 0.986883 0
0  39.498783 33.500000 11.850000  -1.000000 0.000000 0.000000  0.606685 0.983680 0
0  39.498783 33.500000 11.150000  -1.000000 0.000000 0.000000  0.608507 0.983687 0
kart_scrap
0  38.565716 32.300003 8.896970  0.500000 0.000000 0.866025  0.832120 0.985914 0
0  38.565716 33.500000 8.896970  0.500001 0.000000 0.866025  0.828920 0.985914 0
0  37.959499 33.500000 9.246969  0.500001 0.000000 0.866025  0.828922 0.984294 0
kart_scrap
0  38.565716 32.300003 8.196969  1.000000 0.000000 0.000000  0.982311 0.086948 0
0  38.565716 33.500000 8.196969  1.000000 0.000000 0.000000  0.982311 0.083745 0
0  38.565716 33.500000 8.896970  1.000000 0.000000 0.000000  0.984177 0.083744 0
kart_scrap
0  39.498783 32.300003 11.150000  -0.500001 0.000000 -0.866025  0.989011 0.325817 0
0  39.498783 33.500000 11.150000  -0.500000 0.000000 -0.866026  0.989011 0.322614 0
0  40.105000 33.500000 10.800000  -0.500000 0.000000 -0.866025  0.990832 0.322610 0
kart_scrap
0  39.498783 32.300003 11.150000  0.000000 -1.000000 0.000000  0.976669 0.441457 0
0  40.105000 32.300003 10.800000  0.000000 -1.000000 0.000000  0.975220 0.442410 0
0  40.711216 32.300003 11.150000  0.000000 -1.000000 0.000000  0.973770 0.441495 0
kart_scrap
0  40.711216 32.300003 11.150000  0.000000 -1.000000 0.000000  0.973770 0.441495 0
0  40.711216 32.300003 11.850000  0.000000 -1.000000 0.000000  0.973770 0.439627 0
0  40.105000 32.300003 12.200000  0.000000 -1.000000 0.000000  0.975220 0.438674 0
kart_scrap
0  40.105000 32.300003 12.200000  0.000000 -1.000000 0.000000  0.975220 0.438674 0
0  39.498783 32.300003 11.850000  0.000000 -1.000000 0.000000  0.976669 0.439589 0
0  40.711216 32.300003 11.150000  0.000000 -1.000000 0.000000  0.973770 0.441495 0
kart_scrap
0  37.959499 32.300003 9.246969  -0.500001 0.000000 0.866025  0.832123 0.984294 0
0  37.959499 33.500000 9.246969  -0.499998 0.000000 0.866027  0.828922 0.984294 0
0  37.353283 33.500000 8.896970  -0.500000 0.000000 0.866026  0.828919 0.982677 0
kart_scrap
0  37.959499 33.500000 9.246969  0.000000 1.000000 0.000000  0.978924 0.129475 0
0  38.565716 33.500000 8.896970  0.000000 1.000000 0.000000  0.980368 0.130426 0
0  37.353283 33.500000 8.196969  0.000000 1.000000 0.000000  0.977479 0.132261 0
kart_scrap
0  38.565716 33.500000 8.896970  0.000000 1.000000 0.000000  0.980368 0.130426 0
0  38.565716 33.500000 8.196969  0.000000 1.000000 0.000000  0.980368 0.132294 0
0  37.353283 33.500000 8.196969  0.000000 1.000000 0.000000  0.977479 0.132261 0
kart_scrap
0  38.565716 33.500000 8.196969  0.000000 1.000000 0.000000  0.980368 0.132294 0
0  37.959499 33.500000 7.846970  0.000000 1.000000 0.000000  0.978924 0.133212 0
0  37.353283 33.500000 8.196969  0.000000 1.000000 0.000000  0.977479 0.132261 0
kart_scrap
0  -38.583538 17.600000 12.388617  -0.600001 0.000000 -0.800000  0.201047 0.891247 0
0  -30.663540 17.600000 6.448615  -0.600000 0.000000 -0.800000  0.201047 0.917533 0
0  -30.663540 16.400000 6.448615  -0.600000 0.000000 -0.800000  0.197846 0.917529 0
kart_scrap
0  37.353283 32.300003 8.896970  -1.000000 0.000000 0.000000  0.456197 0.988715 0
0  37.353283 33.500000 8.896970  -1.000000 0.000000 0.000000  0.456197 0.985512 0
0  37.353283 33.500000 8.196969  -1.000000 0.000000 0.000000  0.458019 0.985519 0
kart_scrap
0  35.094219 32.300003 10.024927  0.500001 0.000000 0.866025  0.003341 0.986327 0
0  35.094219 33.500000 10.024927  0.499998 0.000000 0.866027  0.000140 0.986327 0
0  34.488003 33.500000 10.374927  0.500000 0.000000 0.866026  0.000143 0.984708 0
kart_scrap
0  35.094219 32.300003 9.324926  1.000000 0.000000 0.000000  0.982190 0.760301 0
0  35.094219 33.500000 9.324926  1.000000 0.000000 0.000000  0.982190 0.757098 0
0  35.094219 33.500000 10.024927  1.000000 0.000000 0.000000  0.984056 0.757097 0
kart_scrap
0  37.353283 32.300003 8.196969  -0.500000 0.000000 -0.866025  0.990246 0.421624 0
0  37.353283 33.500000 8.196969  -0.500001 0.000000 -0.866025  0.990246 0.418421 0
0  37.959499 33.500000 7.846970  -0.500001 0.000000 -0.866025  0.992066 0.418416 0
kart_scrap
0  38.565716 32.300003 8.896970  0.000000 -1.000000 0.000000  0.973774 0.419369 0
0  37.959499 32.300003 9.246969  0.000000 -1.000000 0.000000  0.975224 0.418416 0
0  37.353283 32.300003 8.896970  0.000000 -1.000000 0.000000  0.976674 0.419331 0
kart_scrap
0  37.353283 32.300003 8.896970  0.000000 -1.000000 0.000000  0.976674 0.419331 0
0  37.353283 32.300003 8.196969  0.000000 -1.000000 0.000000  0.976674 0.421199 0
0  37.959499 32.300003 7.846970  0.000000 -1.000000 0.000000  0.975224 0.422152 0
kart_scrap
0  37.959499 32.300003 7.846970  0.000000 -1.000000 0.000000  0.975224 0.422152 0
0  38.565716 32.300003 8.196969  0.000000 -1.000000 0.000000  0.973774 0.421237 0
0  37.353283 32.300003 8.896970  0.000000 -1.000000 0.000000  0.976674 0.419331 0
kart_scrap
0  34.488003 32.300003 10.374927  -0.500000 0.000000 0.866025  0.003343 0.984708 0
0  34.488003 33.500000 10.374927  -0.500001 0.000000 0.866025  0.000143 0.984708 0
0  33.881786 33.500000 10.024927  -0.500001 0.000000 0.866025  0.000140 0.983091 0
kart_scrap
0  35.094219 33.500000 10.024927  0.000000 1.000000 0.000000  0.978141 0.481793 0
0  35.094219 33.500000 9.324926  0.000000 1.000000 0.000000  0.978141 0.483661 0
0  33.881786 33.500000 10.024927  0.000000 1.000000 0.000000  0.975253 0.481760 0
kart_scrap
0  35.094219 33.500000 9.324926  0.000000 1.000000 0.000000  0.978141 0.483661 0
0  34.488003 33.500000 8.974927  0.000000 1.000000 0.000000  0.976697 0.484579 0
0  33.881786 33.500000 10.024927  0.000000 1.000000 0.000000  0.975253 0.481760 0
kart_scrap
0  34.488003 33.500000 8.974927  0.000000 1.000000 0.000000  0.976697 0.484579 0
0  33.881786 33.500000 9.324926  0.000000 1.000000 0.000000  0.975253 0.483628 0
0  33.881786 33.500000 10.024927  0.000000 1.000000 0.000000  0.975253 0.481760 0
kart_scrap
0  40.711216 -32.300003 11.150000  0.500001 0.000000 -0.866025  0.056337 0.994063 0
0  40.711216 -33.500000 11.150000  0.500000 0.000000 -0.866026  0.056337 0.997267 0
0  40.105000 -33.500000 10.800000  0.500000 0.000000 -0.866025  0.054716 0.997271 0
kart_scrap
0  33.881786 32.300003 10.024927  -1.000000 0.000000 0.000000  0.437194 0.989325 0
0  33.881786 33.500000 10.024927  -1.000000 0.000000 0.000000  0.437194 0.986122 0
0  33.881786 33.500000 9.324926  -1.000000 0.000000 0.000000  0.439016 0.986128 0
kart_scrap
0  35.094219 32.300003 13.675074  0.500002 0.000000 0.866024  0.217400 0.986146 0
0  35.094219 33.500000 13.675074  0.499996 0.000000 0.866028  0.214199 0.986146 0
0  34.488003 33.500000 14.025073  0.499999 0.000000 0.866026  0.214201 0.984527 0
kart_scrap
0  35.094219 32.300003 12.975073  1.000000 0.000000 0.000000  0.897491 0.048820 0
0  35.094219 33.500000 12.975073  1.000000 0.000000 0.000000  0.897491 0.045617 0
0  35.094219 33.500000 13.675074  1.000000 0.000000 0.000000  0.899357 0.045617 0
kart_scrap
0  33.881786 32.300003 9.324926  -0.500001 0.000000 -0.866025  0.990241 0.441882 0
0  33.881786 33.500000 9.324926  -0.499998 0.000000 -0.866027  0.990241 0.438679 0
0  34.488003 33.500000 8.974927  -0.500000 0.000000 -0.866026  0.992062 0.438674 0
kart_scrap
0  35.094219 32.300003 9.324926  0.000000 -1.000000 0.000000  0.926648 0.574696 0
0  35.094219 32.300003 10.024927  0.000000 -1.000000 0.000000  0.926648 0.572828 0
0  33.881786 32.300003 9.324926  0.000000 -1.000000 0.000000  0.929547 0.574658 0
kart_scrap
0  35.094219 32.300003 10.024927  0.000000 -1.000000 0.000000  0.926648 0.572828 0
0  34.488003 32.300003 10.374927  0.000000 -1.000000 0.000000  0.928097 0.571875 0
0  33.881786 32.300003 9.324926  0.000000 -1.000000 0.000000  0.929547 0.574658 0
kart_scrap
0  34.488003 32.300003 10.374927  0.000000 -1.000000 0.000000  0.928097 0.571875 0
0  33.881786 32.300003 10.024927  0.000000 -1.000000 0.000000  0.929547 0.572790 0
0  33.881786 32.300003 9.324926  0.000000 -1.000000 0.000000  0.929547 0.574658 0
kart_scrap
0  34.488003 32.300003 14.025073  -0.500000 0.000000 0.866026  0.217402 0.984527 0
0  34.488003 33.500000 14.025073  -0.500003 0.000000 0.866024  0.214201 0.984527 0
0  33.881786 33.500000 13.675074  -0.500001 0.000000 0.866025  0.214199 0.982910 0
kart_scrap
0  38.565716 -32.300003 14.103030  0.500001 0.000000 -0.866025  0.999764 0.808607 0
0  38.565716 -33.500000 14.103030  0.500000 0.000000 -0.866026  0.999764 0.811811 0
0  37.959499 -33.500000 13.753031  0.500000 0.000000 -0.866025  0.998143 0.811815 0
kart_scrap
0  34.488003 32.300003 12.625073  0.000000 -1.000000 0.000000  0.328240 0.967039 0
0  35.094219 32.300003 12.975073  0.000000 -1.000000 0.000000  0.326791 0.966124 0
0  33.881786 32.300003 13.675074  0.000000 -1.000000 0.000000  0.329690 0.964218 0
kart_scrap
0  35.094219 32.300003 12.975073  0.000000 -1.000000 0.000000  0.326791 0.966124 0
0  35.094219 32.300003 13.675074  0.000000 -1.000000 0.000000  0.326791 0.964256 0
0  33.881786 32.300003 13.675074  0.000000 -1.000000 0.000000  0.329690 0.964218 0
kart_scrap
0  35.094219 32.300003 13.675074  0.000000 -1.000000 0.000000  0.326791 0.964256 0
0  34.488003 32.300003 14.025073  0.000000 -1.000000 0.000000  0.328240 0.963303 0
0  33.881786 32.300003 13.675074  0.000000 -1.000000 0.000000  0.329690 0.964218 0
kart_scrap
0  33.881786 32.300003 13.675074  -1.000000 0.000000 0.000000  0.985283 0.936214 0
0  33.881786 33.500000 13.675074  -1.000000 0.000000 0.000000  0.985283 0.933011 0
0  33.881786 33.500000 12.975073  -1.000000 0.000000 0.000000  0.987105 0.933018 0
kart_scrap
0  40.711216 -32.300003 11.850000  1.000000 0.000000 0.000000  0.933180 0.843570 0
0  40.711216 -33.500000 11.850000  1.000000 0.000000 0.000000  0.933180 0.846774 0
0  40.711216 -33.500000 11.150000  1.000000 0.000000 0.000000  0.931314 0.846774 0
kart_scrap
0  37.959499 -32.300003 15.153030  0.500001 0.000000 0.866025  0.475839 0.984187 0
0  37.959499 -33.500000 15.153030  0.500000 0.000000 0.866026  0.479039 0.984187 0
0  38.565716 -33.500000 14.803031  0.500000 0.000000 0.866025  0.479037 0.985806 0
kart_scrap
0  33.881786 32.300003 12.975073  -0.500001 0.000000 -0.866025  0.694739 0.991754 0
0  33.881786 33.500000 12.975073  -0.499998 0.000000 -0.866027  0.694739 0.988551 0
0  34.488003 33.500000 12.625073  -0.500000 0.000000 -0.866026  0.696560 0.988547 0
kart_scrap
0  33.881786 33.500000 13.675074  0.000000 1.000000 0.000000  0.983247 0.567551 0
0  34.488003 33.500000 14.025073  0.000000 1.000000 0.000000  0.984807 0.568254 0
0  35.094219 33.500000 13.675074  0.000000 1.000000 0.000000  0.984807 0.569984 0
kart_scrap
0  35.094219 33.500000 13.675074  0.000000 1.000000 0.000000  0.984807 0.569984 0
0  35.094219 33.500000 12.975073  0.000000 1.000000 0.000000  0.983247 0.571010 0
0  34.488003 33.500000 12.625073  0.000000 1.000000 0.000000  0.981688 0.570307 0
kart_scrap
0  34.488003 33.500000 12.625073  0.000000 1.000000 0.000000  0.981688 0.570307 0
0  33.881786 33.500000 12.975073  0.000000 1.000000 0.000000  0.981688 0.568577 0
0  35.094219 33.500000 13.675074  0.000000 1.000000 0.000000  0.984807 0.569984 0
kart_scrap
0  37.959499 32.300003 15.153030  -0.500001 0.000000 0.866025  0.985491 0.036369 0
0  37.959499 33.500000 15.153030  -0.500000 0.000000 0.866026  0.982290 0.036369 0
0  37.353283 33.500000 14.803031  -0.500000 0.000000 0.866025  0.982287 0.034752 0
kart_scrap
0  35.094219 -32.300003 12.975073  0.500001 0.000000 -0.866025  0.928153 0.169145 0
0  35.094219 -33.500000 12.975073  0.499998 0.000000 -0.866027  0.928153 0.172348 0
0  34.488003 -33.500000 12.625073  0.500000 0.000000 -0.866026  0.926532 0.172352 0
kart_scrap
0  38.565716 32.300003 14.103030  0.000000 -1.000000 0.000000  0.345022 0.985434 0
0  38.565716 32.300003 14.803031  0.000000 -1.000000 0.000000  0.343462 0.984409 0
0  37.353283 32.300003 14.103030  0.000000 -1.000000 0.000000  0.346582 0.982988 0
kart_scrap
0  38.565716 32.300003 14.803031  0.000000 -1.000000 0.000000  0.343462 0.984409 0
0  37.959499 32.300003 15.153030  0.000000 -1.000000 0.000000  0.343462 0.982673 0
0  37.353283 32.300003 14.103030  0.000000 -1.000000 0.000000  0.346582 0.982988 0
kart_scrap
0  37.959499 32.300003 15.153030  0.000000 -1.000000 0.000000  0.343462 0.982673 0
0  37.353283 32.300003 14.803031  0.000000 -1.000000 0.000000  0.345022 0.981963 0
0  37.353283 32.300003 14.103030  0.000000 -1.000000 0.000000  0.346582 0.982988 0
kart_scrap
0  37.353283 32.300003 14.803031  -1.000000 0.000000 0.000000  0.987129 0.979680 0
0  37.353283 33.500000 14.803031  -1.000000 0.000000 0.000000  0.987129 0.976478 0
0  37.353283 33.500000 14.103030  -1.000000 0.000000 0.000000  0.988951 0.976484 0
kart_scrap
0  38.565716 -32.300003 14.803031  1.000000 0.000000 0.000000  0.985165 0.878597 0
0  38.565716 -33.500000 14.803031  1.000000 0.000000 0.000000  0.985165 0.881800 0
0  38.565716 -33.500000 14.103030  1.000000 0.000000 0.000000  0.983299 0.881800 0
kart_scrap
0  34.488003 -32.300003 14.025073  0.500000 0.000000 0.866026  0.982274 0.001617 0
0  34.488003 -33.500000 14.025073  0.500003 0.000000 0.866024  0.985475 0.001617 0
0  35.094219 -33.500000 13.675074  0.500001 0.000000 0.866025  0.985472 0.003237 0
kart_scrap
0  37.353283 32.300003 14.103030  -0.500001 0.000000 -0.866025  0.992939 0.275687 0
0  37.353283 33.500000 14.103030  -0.500000 0.000000 -0.866026  0.992939 0.272484 0
0  37.959499 33.500000 13.753031  -0.500000 0.000000 -0.866025  0.994759 0.272479 0
kart_scrap
0  37.353283 33.500000 14.803031  0.000000 1.000000 0.000000  0.978076 0.221391 0
0  37.959499 33.500000 15.153030  0.000000 1.000000 0.000000  0.979520 0.220474 0
0  38.565716 33.500000 14.803031  0.000000 1.000000 0.000000  0.980964 0.221424 0
kart_scrap
0  38.565716 33.500000 14.803031  0.000000 1.000000 0.000000  0.980964 0.221424 0
0  38.565716 33.500000 14.103030  0.000000 1.000000 0.000000  0.980964 0.223292 0
0  37.959499 33.500000 13.753031  0.000000 1.000000 0.000000  0.979520 0.224210 0
kart_scrap
0  37.959499 33.500000 13.753031  0.000000 1.000000 0.000000  0.979520 0.224210 0
0  37.353283 33.500000 14.103030  0.000000 1.000000 0.000000  0.978076 0.223259 0
0  38.565716 33.500000 14.803031  0.000000 1.000000 0.000000  0.980964 0.221424 0
kart_scrap
0  40.105000 -32.300003 10.800000  -0.500001 0.000000 -0.866025  0.382267 0.988216 0
0  40.105000 -33.500000 10.800000  -0.500000 0.000000 -0.866026  0.382267 0.991419 0
0  39.498783 -33.500000 11.150000  -0.500000 0.000000 -0.866025  0.380446 0.991423 0
kart_scrap
0  35.094219 -32.300003 9.324926  0.500001 0.000000 -0.866025  0.972289 0.993797 0
0  35.094219 -33.500000 9.324926  0.499998 0.000000 -0.866027  0.972289 0.997000 0
0  34.488003 -33.500000 8.974927  0.500000 0.000000 -0.866026  0.970668 0.997005 0
kart_scrap
0  40.711216 -32.300003 11.150000  0.000000 1.000000 0.000000  0.954132 0.981091 0
0  40.105000 -32.300003 10.800000  0.000000 1.000000 0.000000  0.952687 0.982008 0
0  39.498783 -32.300003 11.150000  0.000000 1.000000 0.000000  0.951243 0.981058 0
kart_scrap
0  39.498783 -32.300003 11.150000  0.000000 1.000000 0.000000  0.951243 0.981058 0
0  39.498783 -32.300003 11.850000  0.000000 1.000000 0.000000  0.951243 0.979190 0
0  40.105000 -32.300003 12.200000  0.000000 1.000000 0.000000  0.952687 0.978272 0
kart_scrap
0  40.105000 -32.300003 12.200000  0.000000 1.000000 0.000000  0.952687 0.978272 0
0  40.711216 -32.300003 11.850000  0.000000 1.000000 0.000000  0.954132 0.979223 0
0  39.498783 -32.300003 11.150000  0.000000 1.000000 0.000000  0.951243 0.981058 0
kart_scrap
0  39.498783 -32.300003 11.150000  -1.000000 0.000000 0.000000  0.986273 0.900649 0
0  39.498783 -33.500000 11.150000  -1.000000 0.000000 0.000000  0.986273 0.903852 0
0  39.498783 -33.500000 11.850000  -1.000000 0.000000 0.000000  0.984451 0.903845 0
kart_scrap
0  35.094219 -32.300003 13.675074  1.000000 0.000000 0.000000  0.951720 0.401132 0
0  35.094219 -33.500000 13.675074  1.000000 0.000000 0.000000  0.951720 0.404336 0
0  35.094219 -33.500000 12.975073  1.000000 0.000000 0.000000  0.949854 0.404336 0
kart_scrap
0  34.488003 -32.300003 10.374927  0.500000 0.000000 0.866025  0.016918 0.984708 0
0  34.488003 -33.500000 10.374927  0.500001 0.000000 0.866025  0.020119 0.984708 0
0  35.094219 -33.500000 10.024927  0.500001 0.000000 0.866025  0.020116 0.986327 0
kart_scrap
0  39.498783 -32.300003 11.850000  -0.500001 0.000000 0.866025  0.138648 0.982899 0
0  39.498783 -33.500000 11.850000  -0.500000 0.000000 0.866026  0.141848 0.982899 0
0  40.105000 -33.500000 12.200000  -0.500000 0.000000 0.866025  0.141851 0.984516 0
kart_scrap
0  39.498783 -33.500000 11.150000  0.000000 -1.000000 0.000000  0.885070 0.981578 0
0  40.105000 -33.500000 10.800000  0.000000 -1.000000 0.000000  0.885070 0.983313 0
0  40.711216 -33.500000 11.150000  0.000000 -1.000000 0.000000  0.883510 0.984024 0
kart_scrap
0  40.711216 -33.500000 11.150000  0.000000 -1.000000 0.000000  0.883510 0.984024 0
0  40.711216 -33.500000 11.850000  0.000000 -1.000000 0.000000  0.881950 0.982998 0
0  40.105000 -33.500000 12.200000  0.000000 -1.000000 0.000000  0.881950 0.981262 0
kart_scrap
0  40.105000 -33.500000 12.200000  0.000000 -1.000000 0.000000  0.881950 0.981262 0
0  39.498783 -33.500000 11.850000  0.000000 -1.000000 0.000000  0.883510 0.980552 0
0  40.711216 -33.500000 11.150000  0.000000 -1.000000 0.000000  0.883510 0.984024 0
kart_scrap
0  37.959499 -32.300003 13.753031  -0.500001 0.000000 -0.866025  0.992197 0.187742 0
0  37.959499 -33.500000 13.753031  -0.500000 0.000000 -0.866026  0.992197 0.190946 0
0  37.353283 -33.500000 14.103030  -0.500000 0.000000 -0.866025  0.990377 0.190950 0
kart_scrap
0  38.565716 -32.300003 8.196969  0.500000 0.000000 -0.866025  0.997169 0.500730 0
0  38.565716 -33.500000 8.196969  0.500001 0.000000 -0.866025  0.997169 0.503933 0
0  37.959499 -33.500000 7.846970  0.500001 0.000000 -0.866025  0.995547 0.503938 0
kart_scrap
0  38.565716 -32.300003 14.103030  0.000000 1.000000 0.000000  0.981975 0.503549 0
0  37.959499 -32.300003 13.753031  0.000000 1.000000 0.000000  0.980531 0.504466 0
0  37.353283 -32.300003 14.103030  0.000000 1.000000 0.000000  0.979087 0.503516 0
kart_scrap
0  37.353283 -32.300003 14.103030  0.000000 1.000000 0.000000  0.979087 0.503516 0
0  37.353283 -32.300003 14.803031  0.000000 1.000000 0.000000  0.979087 0.501648 0
0  37.959499 -32.300003 15.153030  0.000000 1.000000 0.000000  0.980531 0.500730 0
kart_scrap
0  37.959499 -32.300003 15.153030  0.000000 1.000000 0.000000  0.980531 0.500730 0
0  38.565716 -32.300003 14.803031  0.000000 1.000000 0.000000  0.981975 0.501680 0
0  37.353283 -32.300003 14.103030  0.000000 1.000000 0.000000  0.979087 0.503516 0
kart_scrap
0  37.353283 -32.300003 14.103030  -1.000000 0.000000 0.000000  0.593113 0.983687 0
0  37.353283 -33.500000 14.103030  -1.000000 0.000000 0.000000  0.593113 0.986890 0
0  37.353283 -33.500000 14.803031  -1.000000 0.000000 0.000000  0.591291 0.986883 0
kart_scrap
0  35.094219 -32.300003 10.024927  1.000000 0.000000 0.000000  0.516761 0.982992 0
0  35.094219 -33.500000 10.024927  1.000000 0.000000 0.000000  0.516761 0.986195 0
0  35.094219 -33.500000 9.324926  1.000000 0.000000 0.000000  0.514895 0.986195 0
kart_scrap
0  37.959499 -32.300003 9.246969  0.500001 0.000000 0.866025  0.522814 0.051597 0
0  37.959499 -33.500000 9.246969  0.499998 0.000000 0.866027  0.526015 0.051597 0
0  38.565716 -33.500000 8.896970  0.500000 0.000000 0.866026  0.526012 0.053217 0
kart_scrap
0  37.353283 -32.300003 14.803031  -0.500001 0.000000 0.866025  0.475836 0.982570 0
0  37.353283 -33.500000 14.803031  -0.500000 0.000000 0.866026  0.479037 0.982570 0
0  37.959499 -33.500000 15.153030  -0.500000 0.000000 0.866025  0.479039 0.984187 0
kart_scrap
0  37.353283 -33.500000 14.103030  0.000000 -1.000000 0.000000  0.976805 0.190526 0
0  37.959499 -33.500000 13.753031  0.000000 -1.000000 0.000000  0.975355 0.191478 0
0  38.565716 -33.500000 14.103030  0.000000 -1.000000 0.000000  0.973906 0.190563 0
kart_scrap
0  38.565716 -33.500000 14.103030  0.000000 -1.000000 0.000000  0.973906 0.190563 0
0  38.565716 -33.500000 14.803031  0.000000 -1.000000 0.000000  0.973906 0.188695 0
0  37.959499 -33.500000 15.153030  0.000000 -1.000000 0.000000  0.975355 0.187742 0
kart_scrap
0  37.959499 -33.500000 15.153030  0.000000 -1.000000 0.000000  0.975355 0.187742 0
0  37.353283 -33.500000 14.803031  0.000000 -1.000000 0.000000  0.976805 0.188658 0
0  38.565716 -33.500000 14.103030  0.000000 -1.000000 0.000000  0.973906 0.190563 0
kart_scrap
0  34.488003 -32.300003 12.625073  -0.500000 0.000000 -0.866025  0.993828 0.460812 0
0  34.488003 -33.500000 12.625073  -0.500001 0.000000 -0.866025  0.993828 0.464016 0
0  33.881786 -33.500000 12.975073  -0.500001 0.000000 -0.866025  0.992008 0.464020 0
kart_scrap
0  -33.018784 31.400002 12.850000  0.500000 0.000000 0.866026  0.985220 0.699798 0
0  -33.018784 32.599998 12.850000  0.500000 0.000000 0.866026  0.982019 0.699798 0
0  -33.625000 32.599998 13.200000  0.500000 0.000000 0.866026  0.982022 0.698179 0
kart_scrap
0  35.094219 -32.300003 12.975073  0.000000 1.000000 0.000000  0.973557 0.979296 0
0  34.488003 -32.300003 12.625073  0.000000 1.000000 0.000000  0.972112 0.980214 0
0  33.881786 -32.300003 12.975073  0.000000 1.000000 0.000000  0.970668 0.979263 0
kart_scrap
0  33.881786 -32.300003 12.975073  0.000000 1.000000 0.000000  0.970668 0.979263 0
0  33.881786 -32.300003 13.675074  0.000000 1.000000 0.000000  0.970668 0.977395 0
0  34.488003 -32.300003 14.025073  0.000000 1.000000 0.000000  0.972112 0.976478 0
kart_scrap
0  34.488003 -32.300003 14.025073  0.000000 1.000000 0.000000  0.972112 0.976478 0
0  35.094219 -32.300003 13.675074  0.000000 1.000000 0.000000  0.973557 0.977428 0
0  33.881786 -32.300003 12.975073  0.000000 1.000000 0.000000  0.970668 0.979263 0
kart_scrap
0  33.881786 -32.300003 12.975073  -1.000000 0.000000 0.000000  0.985906 0.860376 0
0  33.881786 -33.500000 12.975073  -1.000000 0.000000 0.000000  0.985906 0.863579 0
0  33.881786 -33.500000 13.675074  -1.000000 0.000000 0.000000  0.984083 0.863572 0
kart_scrap
0  38.565716 -32.300003 8.896970  1.000000 0.000000 0.000000  0.630177 0.983146 0
0  38.565716 -33.500000 8.896970  1.000000 0.000000 0.000000  0.630177 0.986349 0
0  38.565716 -33.500000 8.196969  1.000000 0.000000 0.000000  0.628311 0.986350 0
kart_scrap
0  -33.625000 31.400002 11.800000  0.500000 0.000000 -0.866026  0.995548 0.520728 0
0  -33.625000 32.599998 11.800000  0.500000 0.000000 -0.866026  0.995548 0.517525 0
0  -33.018784 32.599998 12.150000  0.500000 0.000000 -0.866026  0.997169 0.517521 0
kart_scrap
0  33.881786 -32.300003 13.675074  -0.500002 0.000000 0.866024  0.982271 0.000000 0
0  33.881786 -33.500000 13.675074  -0.499996 0.000000 0.866028  0.985472 0.000000 0
0  34.488003 -33.500000 14.025073  -0.499999 0.000000 0.866026  0.985475 0.001617 0
kart_scrap
0  33.881786 -33.500000 12.975073  0.000000 -1.000000 0.000000  0.982992 0.812038 0
0  34.488003 -33.500000 12.625073  0.000000 -1.000000 0.000000  0.981414 0.811319 0
0  35.094219 -33.500000 12.975073  0.000000 -1.000000 0.000000  0.981414 0.809604 0
kart_scrap
0  35.094219 -33.500000 12.975073  0.000000 -1.000000 0.000000  0.981414 0.809604 0
0  35.094219 -33.500000 13.675074  0.000000 -1.000000 0.000000  0.982992 0.808607 0
0  34.488003 -33.500000 14.025073  0.000000 -1.000000 0.000000  0.984571 0.809326 0
kart_scrap
0  34.488003 -33.500000 14.025073  0.000000 -1.000000 0.000000  0.984571 0.809326 0
0  33.881786 -33.500000 13.675074  0.000000 -1.000000 0.000000  0.984571 0.811041 0
0  35.094219 -33.500000 12.975073  0.000000 -1.000000 0.000000  0.981414 0.809604 0
kart_scrap
0  34.488003 -32.300003 8.974927  -0.500000 0.000000 -0.866025  0.993534 0.480843 0
0  34.488003 -33.500000 8.974927  -0.500001 0.000000 -0.866025  0.993534 0.484046 0
0  33.881786 -33.500000 9.324926  -0.500001 0.000000 -0.866025  0.991713 0.484050 0
kart_scrap
0  -35.350853 31.400002 9.640184  0.500000 0.000000 0.866026  0.793383 0.986068 0
0  -35.350853 32.599998 9.640184  0.500000 0.000000 0.866026  0.790182 0.986068 0
0  -35.957069 32.599998 9.990184  0.500000 0.000000 0.866026  0.790185 0.984448 0
kart_scrap
0  35.094219 -32.300003 9.324926  0.000000 1.000000 0.000000  0.057605 0.979562 0
0  34.488003 -32.300003 8.974927  0.000000 1.000000 0.000000  0.056161 0.980480 0
0  33.881786 -32.300003 9.324926  0.000000 1.000000 0.000000  0.054716 0.979529 0
kart_scrap
0  33.881786 -32.300003 9.324926  0.000000 1.000000 0.000000  0.054716 0.979529 0
0  33.881786 -32.300003 10.024927  0.000000 1.000000 0.000000  0.054716 0.977661 0
0  34.488003 -32.300003 10.374927  0.000000 1.000000 0.000000  0.056161 0.976744 0
kart_scrap
0  34.488003 -32.300003 10.374927  0.000000 1.000000 0.000000  0.056161 0.976744 0
0  35.094219 -32.300003 10.024927  0.000000 1.000000 0.000000  0.057605 0.977694 0
0  33.881786 -32.300003 9.324926  0.000000 1.000000 0.000000  0.054716 0.979529 0
kart_scrap
0  33.881786 -32.300003 9.324926  -1.000000 0.000000 0.000000  0.761516 0.984882 0
0  33.881786 -33.500000 9.324926  -1.000000 0.000000 0.000000  0.761516 0.988085 0
0  33.881786 -33.500000 10.024927  -1.000000 0.000000 0.000000  0.759694 0.988078 0
kart_scrap
0  -33.018784 31.400002 12.150000  1.000000 0.000000 0.000000  0.540343 0.986420 0
0  -33.018784 32.599998 12.150000  1.000000 0.000000 0.000000  0.540343 0.983217 0
0  -33.018784 32.599998 12.850000  1.000000 0.000000 0.000000  0.542209 0.983216 0
kart_scrap
0  -35.957069 31.400002 8.590184  0.500000 0.000000 -0.866026  0.996214 0.164587 0
0  -35.957069 32.599998 8.590184  0.500000 0.000000 -0.866026  0.996214 0.161384 0
0  -35.350853 32.599998 8.940184  0.500000 0.000000 -0.866026  0.997835 0.161379 0
kart_scrap
0  33.881786 -32.300003 10.024927  -0.500001 0.000000 0.866025  0.016915 0.983091 0
0  33.881786 -33.500000 10.024927  -0.499998 0.000000 0.866027  0.020116 0.983091 0
0  34.488003 -33.500000 10.374927  -0.500000 0.000000 0.866026  0.020119 0.984708 0
kart_scrap
0  33.881786 -33.500000 9.324926  0.000000 -1.000000 0.000000  0.745860 0.971727 0
0  34.488003 -33.500000 8.974927  0.000000 -1.000000 0.000000  0.744411 0.972680 0
0  35.094219 -33.500000 9.324926  0.000000 -1.000000 0.000000  0.742961 0.971764 0
kart_scrap
0  35.094219 -33.500000 9.324926  0.000000 -1.000000 0.000000  0.742961 0.971764 0
0  35.094219 -33.500000 10.024927  0.000000 -1.000000 0.000000  0.742961 0.969896 0
0  34.488003 -33.500000 10.374927  0.000000 -1.000000 0.000000  0.744411 0.968944 0
kart_scrap
0  34.488003 -33.500000 10.374927  0.000000 -1.000000 0.000000  0.744411 0.968944 0
0  33.881786 -33.500000 10.024927  0.000000 -1.000000 0.000000  0.745860 0.969859 0
0  35.094219 -33.500000 9.324926  0.000000 -1.000000 0.000000  0.742961 0.971764 0
kart_scrap
0  37.959499 -32.300003 7.846970  -0.500001 0.000000 -0.866025  0.076364 0.989629 0
0  37.959499 -33.500000 7.846970  -0.499998 0.000000 -0.866027  0.076364 0.992832 0
0  37.353283 -33.500000 8.196969  -0.500000 0.000000 -0.866026  0.074543 0.992836 0
kart_scrap
0  -39.124214 31.400002 10.866225  0.500000 0.000000 0.866026  0.310754 0.985890 0
0  -39.124214 32.599998 10.866225  0.500000 0.000000 0.866026  0.307553 0.985890 0
0  -39.730431 32.599998 11.216225  0.500000 0.000000 0.866026  0.307556 0.984271 0
kart_scrap
0  38.565716 -32.300003 8.196969  0.000000 1.000000 0.000000  0.981975 0.520868 0
0  37.959499 -32.300003 7.846970  0.000000 1.000000 0.000000  0.980531 0.521786 0
0  37.353283 -32.300003 8.196969  0.000000 1.000000 0.000000  0.979087 0.520835 0
kart_scrap
0  37.353283 -32.300003 8.196969  0.000000 1.000000 0.000000  0.979087 0.520835 0
0  37.353283 -32.300003 8.896970  0.000000 1.000000 0.000000  0.979087 0.518967 0
0  37.959499 -32.300003 9.246969  0.000000 1.000000 0.000000  0.980531 0.518050 0
kart_scrap
0  37.959499 -32.300003 9.246969  0.000000 1.000000 0.000000  0.980531 0.518050 0
0  38.565716 -32.300003 8.896970  0.000000 1.000000 0.000000  0.981975 0.519000 0
0  37.353283 -32.300003 8.196969  0.000000 1.000000 0.000000  0.979087 0.520835 0
kart_scrap
0  37.353283 -32.300003 8.196969  -1.000000 0.000000 0.000000  0.986385 0.840360 0
0  37.353283 -33.500000 8.196969  -1.000000 0.000000 0.000000  0.986385 0.843563 0
0  37.353283 -33.500000 8.896970  -1.000000 0.000000 0.000000  0.984563 0.843556 0
kart_scrap
0  -35.350853 31.400002 8.940184  1.000000 0.000000 0.000000  0.098593 0.987034 0
0  -35.350853 32.599998 8.940184  1.000000 0.000000 0.000000  0.098593 0.983830 0
0  -35.350853 32.599998 9.640184  1.000000 0.000000 0.000000  0.100459 0.983830 0
kart_scrap
0  -39.730431 31.400002 9.816225  0.500000 0.000000 -0.866026  0.987129 0.996478 0
0  -39.730431 32.599998 9.816225  0.500000 0.000000 -0.866026  0.987129 0.993275 0
0  -39.124214 32.599998 10.166224  0.500000 0.000000 -0.866026  0.988750 0.993271 0
kart_scrap
0  37.353283 -32.300003 8.896970  -0.500000 0.000000 0.866025  0.522811 0.049980 0
0  37.353283 -33.500000 8.896970  -0.500001 0.000000 0.866025  0.526012 0.049980 0
0  37.959499 -33.500000 9.246969  -0.500001 0.000000 0.866025  0.526015 0.051597 0
kart_scrap
0  37.353283 -33.500000 8.196969  0.000000 -1.000000 0.000000  0.974858 0.305139 0
0  37.959499 -33.500000 7.846970  0.000000 -1.000000 0.000000  0.973409 0.306092 0
0  38.565716 -33.500000 8.196969  0.000000 -1.000000 0.000000  0.971959 0.305177 0
kart_scrap
0  38.565716 -33.500000 8.196969  0.000000 -1.000000 0.000000  0.971959 0.305177 0
0  38.565716 -33.500000 8.896970  0.000000 -1.000000 0.000000  0.971959 0.303309 0
0  37.959499 -33.500000 9.246969  0.000000 -1.000000 0.000000  0.973409 0.302356 0
kart_scrap
0  37.959499 -33.500000 9.246969  0.000000 -1.000000 0.000000  0.973409 0.302356 0
0  37.353283 -33.500000 8.896970  0.000000 -1.000000 0.000000  0.974858 0.303271 0
0  38.565716 -33.500000 8.196969  0.000000 -1.000000 0.000000  0.971959 0.305177 0
kart_scrap
0  -33.625000 31.400002 13.200000  -0.500000 0.000000 0.866026  0.985222 0.698179 0
0  -33.625000 32.599998 13.200000  -0.500000 0.000000 0.866026  0.982022 0.698179 0
0  -34.231216 32.599998 12.850000  -0.500000 0.000000 0.866026  0.982019 0.696562 0
kart_scrap
0  -39.124214 31.400002 14.833776  0.500000 0.000000 0.866026  0.985472 0.020056 0
0  -39.124214 32.599998 14.833776  0.500000 0.000000 0.866026  0.982272 0.020056 0
0  -39.730431 32.599998 15.183775  0.500000 0.000000 0.866026  0.982274 0.018437 0
kart_scrap
0  -33.018784 31.400002 12.850000  0.000000 -1.000000 0.000000  0.851278 0.357074 0
0  -33.625000 31.400002 13.200000  0.000000 -1.000000 0.000000  0.852727 0.356121 0
0  -34.231216 31.400002 12.850000  0.000000 -1.000000 0.000000  0.854177 0.357036 0
kart_scrap
0  -34.231216 31.400002 12.850000  0.000000 -1.000000 0.000000  0.854177 0.357036 0
0  -34.231216 31.400002 12.150000  0.000000 -1.000000 0.000000  0.854177 0.358904 0
0  -33.625000 31.400002 11.800000  0.000000 -1.000000 0.000000  0.852727 0.359857 0
kart_scrap
0  -33.625000 31.400002 11.800000  0.000000 -1.000000 0.000000  0.852727 0.359857 0
0  -33.018784 31.400002 12.150000  0.000000 -1.000000 0.000000  0.851278 0.358942 0
0  -34.231216 31.400002 12.850000  0.000000 -1.000000 0.000000  0.854177 0.357036 0
kart_scrap
0  -34.231216 31.400002 12.850000  -1.000000 0.000000 0.000000  0.274565 0.987529 0
0  -34.231216 32.599998 12.850000  -1.000000 0.000000 0.000000  0.274565 0.984326 0
0  -34.231216 32.599998 12.150000  -1.000000 0.000000 0.000000  0.276387 0.984333 0
kart_scrap
0  -39.124214 31.400002 10.166224  1.000000 0.000000 0.000000  0.198761 0.966154 0
0  -39.124214 32.599998 10.166224  1.000000 0.000000 0.000000  0.198761 0.962951 0
0  -39.124214 32.599998 10.866225  1.000000 0.000000 0.000000  0.200627 0.962951 0
kart_scrap
0  -39.730431 31.400002 13.783775  0.500001 0.000000 -0.866025  0.951243 0.998799 0
0  -39.730431 32.599998 13.783775  0.499996 0.000000 -0.866028  0.951243 0.995596 0
0  -39.124214 32.599998 14.133775  0.499998 0.000000 -0.866026  0.952864 0.995592 0
kart_scrap
0  -34.231216 31.400002 12.150000  -0.500000 0.000000 -0.866026  0.993724 0.538800 0
0  -34.231216 32.599998 12.150000  -0.500000 0.000000 -0.866026  0.993724 0.535597 0
0  -33.625000 32.599998 11.800000  -0.500000 0.000000 -0.866026  0.995545 0.535592 0
kart_scrap
0  -34.231216 32.599998 12.850000  0.000000 1.000000 0.000000  0.983386 0.676651 0
0  -33.625000 32.599998 13.200000  0.000000 1.000000 0.000000  0.984945 0.677354 0
0  -33.018784 32.599998 12.850000  0.000000 1.000000 0.000000  0.984945 0.679084 0
kart_scrap
0  -33.018784 32.599998 12.850000  0.000000 1.000000 0.000000  0.984945 0.679084 0
0  -33.018784 32.599998 12.150000  0.000000 1.000000 0.000000  0.983386 0.680110 0
0  -33.625000 32.599998 11.800000  0.000000 1.000000 0.000000  0.981826 0.679407 0
kart_scrap
0  -33.625000 32.599998 11.800000  0.000000 1.000000 0.000000  0.981826 0.679407 0
0  -34.231216 32.599998 12.150000  0.000000 1.000000 0.000000  0.981826 0.677677 0
0  -33.018784 32.599998 12.850000  0.000000 1.000000 0.000000  0.984945 0.679084 0
kart_scrap
0  -35.957069 31.400002 9.990184  -0.500000 0.000000 0.866026  0.793385 0.984448 0
0  -35.957069 32.599998 9.990184  -0.500000 0.000000 0.866026  0.790185 0.984448 0
0  -36.563286 32.599998 9.640184  -0.500000 0.000000 0.866026  0.790182 0.982831 0
kart_scrap
0  -35.350853 31.400002 16.059816  0.500001 0.000000 0.866025  0.182999 0.986242 0
0  -35.350853 32.599998 16.059816  0.500003 0.000000 0.866024  0.179798 0.986242 0
0  -35.957069 32.599998 16.409817  0.500002 0.000000 0.866024  0.179800 0.984623 0
kart_scrap
0  -35.350853 31.400002 9.640184  0.000000 -1.000000 0.000000  0.745027 0.680946 0
0  -35.957069 31.400002 9.990184  0.000000 -1.000000 0.000000  0.746477 0.679993 0
0  -36.563286 31.400002 9.640184  0.000000 -1.000000 0.000000  0.747926 0.680909 0
kart_scrap
0  -36.563286 31.400002 9.640184  0.000000 -1.000000 0.000000  0.747926 0.680909 0
0  -36.563286 31.400002 8.940184  0.000000 -1.000000 0.000000  0.747926 0.682777 0
0  -35.957069 31.400002 8.590184  0.000000 -1.000000 0.000000  0.746477 0.683729 0
kart_scrap
0  -35.957069 31.400002 8.590184  0.000000 -1.000000 0.000000  0.746477 0.683729 0
0  -35.350853 31.400002 8.940184  0.000000 -1.000000 0.000000  0.745027 0.682814 0
0  -36.563286 31.400002 9.640184  0.000000 -1.000000 0.000000  0.747926 0.680909 0
kart_scrap
0  -36.563286 31.400002 9.640184  -1.000000 0.000000 0.000000  0.985738 0.105123 0
0  -36.563286 32.599998 9.640184  -1.000000 0.000000 0.000000  0.985738 0.101920 0
0  -36.563286 32.599998 8.940184  -1.000000 0.000000 0.000000  0.987561 0.101927 0
kart_scrap
0  -39.124214 31.400002 14.133775  1.000000 0.000000 0.000000  0.019125 0.966830 0
0  -39.124214 32.599998 14.133775  1.000000 0.000000 0.000000  0.019125 0.963627 0
0  -39.124214 32.599998 14.833776  1.000000 0.000000 0.000000  0.020991 0.963627 0
kart_scrap
0  -35.957069 31.400002 15.009816  0.500000 0.000000 -0.866026  0.998189 0.739766 0
0  -35.957069 32.599998 15.009816  0.500000 0.000000 -0.866026  0.998189 0.736563 0
0  -35.350853 32.599998 15.359816  0.500000 0.000000 -0.866026  0.999810 0.736558 0
kart_scrap
0  -36.563286 31.400002 8.940184  -0.500000 0.000000 -0.866026  0.035280 0.990633 0
0  -36.563286 32.599998 8.940184  -0.500000 0.000000 -0.866026  0.035280 0.987430 0
0  -35.957069 32.599998 8.590184  -0.500000 0.000000 -0.866026  0.037101 0.987425 0
kart_scrap
0  -36.563286 32.599998 9.640184  0.000000 1.000000 0.000000  0.975627 0.242421 0
0  -35.957069 32.599998 9.990184  0.000000 1.000000 0.000000  0.977072 0.241503 0
0  -35.350853 32.599998 9.640184  0.000000 1.000000 0.000000  0.978516 0.242454 0
kart_scrap
0  -35.350853 32.599998 9.640184  0.000000 1.000000 0.000000  0.978516 0.242454 0
0  -35.350853 32.599998 8.940184  0.000000 1.000000 0.000000  0.978516 0.244322 0
0  -35.957069 32.599998 8.590184  0.000000 1.000000 0.000000  0.977072 0.245240 0
kart_scrap
0  -35.957069 32.599998 8.590184  0.000000 1.000000 0.000000  0.977072 0.245240 0
0  -36.563286 32.599998 8.940184  0.000000 1.000000 0.000000  0.975627 0.244289 0
0  -35.350853 32.599998 9.640184  0.000000 1.000000 0.000000  0.978516 0.242454 0
kart_scrap
0  -39.730431 31.400002 11.216225  -0.500000 0.000000 0.866026  0.310756 0.984271 0
0  -39.730431 32.599998 11.216225  -0.500000 0.000000 0.866026  0.307556 0.984271 0
0  -40.336647 32.599998 10.866225  -0.500000 0.000000 0.866026  0.307553 0.982654 0
kart_scrap
0  -33.018784 -31.400002 12.150000  0.500000 0.000000 -0.866026  0.832836 0.963434 0
0  -33.018784 -32.599998 12.150000  0.500000 0.000000 -0.866026  0.832836 0.966638 0
0  -33.625000 -32.599998 11.800000  0.500000 0.000000 -0.866026  0.831215 0.966642 0
kart_scrap
0  -39.124214 31.400002 10.866225  0.000000 -1.000000 0.000000  0.934899 0.981863 0
0  -39.730431 31.400002 11.216225  0.000000 -1.000000 0.000000  0.936478 0.982581 0
0  -40.336647 31.400002 10.866225  0.000000 -1.000000 0.000000  0.936478 0.984297 0
kart_scrap
0  -40.336647 31.400002 10.866225  0.000000 -1.000000 0.000000  0.936478 0.984297 0
0  -40.336647 31.400002 10.166224  0.000000 -1.000000 0.000000  0.934899 0.985293 0
0  -39.730431 31.400002 9.816225  0.000000 -1.000000 0.000000  0.933320 0.984575 0
kart_scrap
0  -39.730431 31.400002 9.816225  0.000000 -1.000000 0.000000  0.933320 0.984575 0
0  -39.124214 31.400002 10.166224  0.000000 -1.000000 0.000000  0.933320 0.982859 0
0  -40.336647 31.400002 10.866225  0.000000 -1.000000 0.000000  0.936478 0.984297 0
kart_scrap
0  -40.336647 31.400002 10.866225  -1.000000 0.000000 0.000000  0.289959 0.987529 0
0  -40.336647 32.599998 10.866225  -1.000000 0.000000 0.000000  0.289959 0.984326 0
0  -40.336647 32.599998 10.166224  -1.000000 0.000000 0.000000  0.291782 0.984333 0
kart_scrap
0  -35.350853 31.400002 15.359816  1.000000 0.000000 0.000000  0.675330 0.986372 0
0  -35.350853 32.599998 15.359816  1.000000 0.000000 0.000000  0.675330 0.983169 0
0  -35.350853 32.599998 16.059816  1.000000 0.000000 0.000000  0.677196 0.983169 0
kart_scrap
0  -33.625000 -31.400002 13.200000  0.500000 0.000000 0.866026  0.539589 0.051597 0
0  -33.625000 -32.599998 13.200000  0.500000 0.000000 0.866026  0.542790 0.051597 0
0  -33.018784 -32.599998 12.850000  0.500000 0.000000 0.866026  0.542787 0.053217 0
kart_scrap
0  -40.336647 31.400002 10.166224  -0.500000 0.000000 -0.866026  0.987896 0.961537 0
0  -40.336647 32.599998 10.166224  -0.500000 0.000000 -0.866026  0.987896 0.958334 0
0  -39.730431 32.599998 9.816225  -0.500000 0.000000 -0.866026  0.989717 0.958329 0
kart_scrap
0  -40.336647 32.599998 10.866225  0.000000 1.000000 0.000000  0.981895 0.609528 0
0  -39.730431 32.599998 11.216225  0.000000 1.000000 0.000000  0.981895 0.607815 0
0  -39.124214 32.599998 10.866225  0.000000 1.000000 0.000000  0.983471 0.607105 0
kart_scrap
0  -39.124214 32.599998 10.866225  0.000000 1.000000 0.000000  0.983471 0.607105 0
0  -39.124214 32.599998 10.166224  0.000000 1.000000 0.000000  0.985047 0.608106 0
0  -39.730431 32.599998 9.816225  0.000000 1.000000 0.000000  0.985047 0.609818 0
kart_scrap
0  -39.730431 32.599998 9.816225  0.000000 1.000000 0.000000  0.985047 0.609818 0
0  -40.336647 32.599998 10.166224  0.000000 1.000000 0.000000  0.983471 0.610529 0
0  -39.124214 32.599998 10.866225  0.000000 1.000000 0.000000  0.983471 0.607105 0
kart_scrap
0  -39.730431 31.400002 15.183775  -0.500000 0.000000 0.866026  0.985475 0.018437 0
0  -39.730431 32.599998 15.183775  -0.500000 0.000000 0.866026  0.982274 0.018437 0
0  -40.336647 32.599998 14.833776  -0.500000 0.000000 0.866026  0.982272 0.016820 0
kart_scrap
0  -35.350853 -31.400002 15.359816  0.500000 0.000000 -0.866026  0.999838 0.716573 0
0  -35.350853 -32.599998 15.359816  0.500000 0.000000 -0.866026  0.999838 0.719776 0
0  -35.957069 -32.599998 15.009816  0.500000 0.000000 -0.866026  0.998217 0.719781 0
kart_scrap
0  -39.124214 31.400002 14.833776  0.000000 -1.000000 0.000000  0.328311 0.981963 0
0  -39.730431 31.400002 15.183775  0.000000 -1.000000 0.000000  0.329890 0.982681 0
0  -40.336647 31.400002 14.833776  0.000000 -1.000000 0.000000  0.329890 0.984397 0
kart_scrap
0  -40.336647 31.400002 14.833776  0.000000 -1.000000 0.000000  0.329890 0.984397 0
0  -40.336647 31.400002 14.133775  0.000000 -1.000000 0.000000  0.328311 0.985393 0
0  -39.730431 31.400002 13.783775  0.000000 -1.000000 0.000000  0.326732 0.984675 0
kart_scrap
0  -39.730431 31.400002 13.783775  0.000000 -1.000000 0.000000  0.326732 0.984675 0
0  -39.124214 31.400002 14.133775  0.000000 -1.000000 0.000000  0.326732 0.982959 0
0  -40.336647 31.400002 14.833776  0.000000 -1.000000 0.000000  0.329890 0.984397 0
kart_scrap
0  -40.336647 31.400002 14.833776  -1.000000 0.000000 0.000000  0.985677 0.636339 0
0  -40.336647 32.599998 14.833776  -1.000000 0.000000 0.000000  0.985677 0.633136 0
0  -40.336647 32.599998 14.133775  -1.000000 0.000000 0.000000  0.987499 0.633143 0
kart_scrap
0  -33.018784 -31.400002 12.850000  1.000000 0.000000 0.000000  0.986047 0.393891 0
0  -33.018784 -32.599998 12.850000  1.000000 0.000000 0.000000  0.986047 0.397094 0
0  -33.018784 -32.599998 12.150000  1.000000 0.000000 0.000000  0.984181 0.397095 0
kart_scrap
0  -35.957069 -31.400002 16.409817  0.500002 0.000000 0.866024  0.418246 0.984537 0
0  -35.957069 -32.599998 16.409817  0.500000 0.000000 0.866026  0.421447 0.984538 0
0  -35.350853 -32.599998 16.059816  0.500001 0.000000 0.866025  0.421444 0.986157 0
kart_scrap
0  -40.336647 31.400002 14.133775  -0.499998 0.000000 -0.866026  0.365053 0.991423 0
0  -40.336647 32.599998 14.133775  -0.500003 0.000000 -0.866024  0.365053 0.988220 0
0  -39.730431 32.599998 13.783775  -0.500001 0.000000 -0.866025  0.366874 0.988216 0
kart_scrap
0  -40.336647 32.599998 14.833776  0.000000 1.000000 0.000000  0.913768 0.980391 0
0  -39.730431 32.599998 15.183775  0.000000 1.000000 0.000000  0.915212 0.979473 0
0  -39.124214 32.599998 14.833776  0.000000 1.000000 0.000000  0.916656 0.980423 0
kart_scrap
0  -39.124214 32.599998 14.833776  0.000000 1.000000 0.000000  0.916656 0.980423 0
0  -39.124214 32.599998 14.133775  0.000000 1.000000 0.000000  0.916656 0.982291 0
0  -39.730431 32.599998 13.783775  0.000000 1.000000 0.000000  0.915212 0.983209 0
kart_scrap
0  -39.730431 32.599998 13.783775  0.000000 1.000000 0.000000  0.915212 0.983209 0
0  -40.336647 32.599998 14.133775  0.000000 1.000000 0.000000  0.913768 0.982259 0
0  -39.124214 32.599998 14.833776  0.000000 1.000000 0.000000  0.916656 0.980423 0
kart_scrap
0  -35.957069 31.400002 16.409817  -0.500002 0.000000 0.866024  0.183001 0.984623 0
0  -35.957069 32.599998 16.409817  -0.500000 0.000000 0.866026  0.179800 0.984623 0
0  -36.563286 32.599998 16.059816  -0.500001 0.000000 0.866025  0.179798 0.983006 0
kart_scrap
0  -39.124214 -31.400002 14.133775  0.499998 0.000000 -0.866026  0.711753 0.988547 0
0  -39.124214 -32.599998 14.133775  0.500003 0.000000 -0.866024  0.711753 0.991750 0
0  -39.730431 -32.599998 13.783775  0.500001 0.000000 -0.866025  0.710132 0.991754 0
kart_scrap
0  -35.350853 31.400002 16.059816  0.000000 -1.000000 0.000000  0.738447 0.399496 0
0  -35.957069 31.400002 16.409817  0.000000 -1.000000 0.000000  0.739896 0.398543 0
0  -36.563286 31.400002 16.059816  0.000000 -1.000000 0.000000  0.741346 0.399458 0
kart_scrap
0  -36.563286 31.400002 16.059816  0.000000 -1.000000 0.000000  0.741346 0.399458 0
0  -36.563286 31.400002 15.359816  0.000000 -1.000000 0.000000  0.741346 0.401326 0
0  -35.957069 31.400002 15.009816  0.000000 -1.000000 0.000000  0.739896 0.402279 0
kart_scrap
0  -35.957069 31.400002 15.009816  0.000000 -1.000000 0.000000  0.739896 0.402279 0
0  -35.350853 31.400002 15.359816  0.000000 -1.000000 0.000000  0.738447 0.401364 0
0  -36.563286 31.400002 16.059816  0.000000 -1.000000 0.000000  0.741346 0.399458 0
kart_scrap
0  -36.563286 31.400002 16.059816  -1.000000 0.000000 0.000000  0.237745 0.987775 0
0  -36.563286 32.599998 16.059816  -1.000000 0.000000 0.000000  0.237745 0.984572 0
0  -36.563286 32.599998 15.359816  -1.000000 0.000000 0.000000  0.239567 0.984578 0
kart_scrap
0  -35.350853 -31.400002 16.059816  1.000000 0.000000 0.000000  0.659005 0.983176 0
0  -35.350853 -32.599998 16.059816  1.000000 0.000000 0.000000  0.659005 0.986380 0
0  -35.350853 -32.599998 15.359816  1.000000 0.000000 0.000000  0.657139 0.986380 0
kart_scrap
0  -39.730431 -31.400002 15.183775  0.500000 0.000000 0.866026  0.120085 0.984667 0
0  -39.730431 -32.599998 15.183775  0.500000 0.000000 0.866026  0.123286 0.984667 0
0  -39.124214 -32.599998 14.833776  0.500000 0.000000 0.866026  0.123284 0.986287 0
kart_scrap
0  -36.563286 31.400002 15.359816  -0.500000 0.000000 -0.866026  0.725363 0.990225 0
0  -36.563286 32.599998 15.359816  -0.500000 0.000000 -0.866026  0.725363 0.987022 0
0  -35.957069 32.599998 15.009816  -0.500000 0.000000 -0.866026  0.727183 0.987017 0
kart_scrap
0  -36.563286 32.599998 16.059816  0.000000 1.000000 0.000000  0.975334 0.342971 0
0  -35.957069 32.599998 16.409817  0.000000 1.000000 0.000000  0.976778 0.342053 0
0  -35.350853 32.599998 16.059816  0.000000 1.000000 0.000000  0.978222 0.343003 0
kart_scrap
0  -35.350853 32.599998 16.059816  0.000000 1.000000 0.000000  0.978222 0.343003 0
0  -35.350853 32.599998 15.359816  0.000000 1.000000 0.000000  0.978222 0.344872 0
0  -35.957069 32.599998 15.009816  0.000000 1.000000 0.000000  0.976778 0.345789 0
kart_scrap
0  -35.957069 32.599998 15.009816  0.000000 1.000000 0.000000  0.976778 0.345789 0
0  -36.563286 32.599998 15.359816  0.000000 1.000000 0.000000  0.975334 0.344839 0
0  -35.350853 32.599998 16.059816  0.000000 1.000000 0.000000  0.978222 0.343003 0
kart_scrap
0  -33.625000 -31.400002 11.800000  -0.500000 0.000000 -0.866026  0.993909 0.241503 0
0  -33.625000 -32.599998 11.800000  -0.500000 0.000000 -0.866026  0.993909 0.244707 0
0  -34.231216 -32.599998 12.150000  -0.500000 0.000000 -0.866026  0.992088 0.244711 0
kart_scrap
0  -39.124214 -31.400002 10.166224  0.500000 0.000000 -0.866026  0.995561 0.129475 0
0  -39.124214 -32.599998 10.166224  0.500000 0.000000 -0.866026  0.995561 0.132679 0
0  -39.730431 -32.599998 9.816225  0.500000 0.000000 -0.866026  0.993940 0.132683 0
kart_scrap
0  -33.018784 -31.400002 12.150000  0.000000 1.000000 0.000000  0.979367 0.275298 0
0  -33.625000 -31.400002 11.800000  0.000000 1.000000 0.000000  0.977922 0.276215 0
0  -34.231216 -31.400002 12.150000  0.000000 1.000000 0.000000  0.976478 0.275265 0
kart_scrap
0  -34.231216 -31.400002 12.150000  0.000000 1.000000 0.000000  0.976478 0.275265 0
0  -34.231216 -31.400002 12.850000  0.000000 1.000000 0.000000  0.976478 0.273397 0
0  -33.625000 -31.400002 13.200000  0.000000 1.000000 0.000000  0.977922 0.272479 0
kart_scrap
0  -33.625000 -31.400002 13.200000  0.000000 1.000000 0.000000  0.977922 0.272479 0
0  -33.018784 -31.400002 12.850000  0.000000 1.000000 0.000000  0.979367 0.273429 0
0  -34.231216 -31.400002 12.150000  0.000000 1.000000 0.000000  0.976478 0.275265 0
kart_scrap
0  -34.231216 -31.400002 12.150000  -1.000000 0.000000 0.000000  0.258292 0.983835 0
0  -34.231216 -32.599998 12.150000  -1.000000 0.000000 0.000000  0.258292 0.987038 0
0  -34.231216 -32.599998 12.850000  -1.000000 0.000000 0.000000  0.256470 0.987031 0
kart_scrap
0  -39.124214 -31.400002 14.833776  1.000000 0.000000 0.000000  0.848441 0.983249 0
0  -39.124214 -32.599998 14.833776  1.000000 0.000000 0.000000  0.848441 0.986452 0
0  -39.124214 -32.599998 14.133775  1.000000 0.000000 0.000000  0.846575 0.986453 0
kart_scrap
0  -39.730431 -31.400002 11.216225  0.500000 0.000000 0.866026  0.160746 0.984642 0
0  -39.730431 -32.599998 11.216225  0.500000 0.000000 0.866026  0.163946 0.984642 0
0  -39.124214 -32.599998 10.866225  0.500000 0.000000 0.866026  0.163944 0.986261 0
kart_scrap
0  -34.231216 -31.400002 12.850000  -0.500000 0.000000 0.866026  0.539587 0.049980 0
0  -34.231216 -32.599998 12.850000  -0.500000 0.000000 0.866026  0.542787 0.049980 0
0  -33.625000 -32.599998 13.200000  -0.500000 0.000000 0.866026  0.542790 0.051597 0
kart_scrap
0  -34.231216 -32.599998 12.150000  0.000000 -1.000000 0.000000  0.983039 0.739989 0
0  -33.625000 -32.599998 11.800000  0.000000 -1.000000 0.000000  0.981460 0.739270 0
0  -33.018784 -32.599998 12.150000  0.000000 -1.000000 0.000000  0.981460 0.737555 0
kart_scrap
0  -33.018784 -32.599998 12.150000  0.000000 -1.000000 0.000000  0.981460 0.737555 0
0  -33.018784 -32.599998 12.850000  0.000000 -1.000000 0.000000  0.983039 0.736558 0
0  -33.625000 -32.599998 13.200000  0.000000 -1.000000 0.000000  0.984617 0.737277 0
kart_scrap
0  -33.625000 -32.599998 13.200000  0.000000 -1.000000 0.000000  0.984617 0.737277 0
0  -34.231216 -32.599998 12.850000  0.000000 -1.000000 0.000000  0.984617 0.738992 0
0  -33.018784 -32.599998 12.150000  0.000000 -1.000000 0.000000  0.981460 0.737555 0
kart_scrap
0  -35.957069 -31.400002 15.009816  -0.500000 0.000000 -0.866026  0.990251 0.302356 0
0  -35.957069 -32.599998 15.009816  -0.500000 0.000000 -0.866026  0.990251 0.305559 0
0  -36.563286 -32.599998 15.359816  -0.500000 0.000000 -0.866026  0.988430 0.305564 0
kart_scrap
0  -35.350853 -31.400002 8.940184  0.500001 -0.000001 -0.866025  1.000000 0.567551 0
0  -35.350853 -32.599998 8.940185  0.500000 -0.000002 -0.866026  1.000000 0.570754 0
0  -35.957069 -32.599998 8.590184  0.500000 -0.000001 -0.866025  0.998379 0.570758 0
kart_scrap
0  -35.350853 -31.400002 15.359816  0.000000 1.000000 0.000000  0.978435 0.463631 0
0  -35.957069 -31.400002 15.009816  0.000000 1.000000 0.000000  0.976991 0.464549 0
0  -36.563286 -31.400002 15.359816  0.000000 1.000000 0.000000  0.975547 0.463598 0
kart_scrap
0  -36.563286 -31.400002 15.359816  0.000000 1.000000 0.000000  0.975547 0.463598 0
0  -36.563286 -31.400002 16.059816  0.000000 1.000000 0.000000  0.975547 0.461730 0
0  -35.957069 -31.400002 16.409817  0.000000 1.000000 0.000000  0.976991 0.460812 0
kart_scrap
0  -35.957069 -31.400002 16.409817  0.000000 1.000000 0.000000  0.976991 0.460812 0
0  -35.350853 -31.400002 16.059816  0.000000 1.000000 0.000000  0.978435 0.461763 0
0  -36.563286 -31.400002 15.359816  0.000000 1.000000 0.000000  0.975547 0.463598 0
kart_scrap
0  -36.563286 -31.400002 15.359816  -1.000000 0.000000 0.000000  0.399611 0.984024 0
0  -36.563286 -32.599998 15.359816  -1.000000 0.000000 0.000000  0.399611 0.987227 0
0  -36.563286 -32.599998 16.059816  -1.000000 0.000000 0.000000  0.397789 0.987220 0
kart_scrap
0  -39.124214 -31.400002 10.866225  1.000000 0.000000 0.000000  0.985968 0.375739 0
0  -39.124214 -32.599998 10.866225  1.000000 0.000000 0.000000  0.985968 0.378943 0
0  -39.124214 -32.599998 10.166224  1.000000 0.000000 0.000000  0.984102 0.378943 0
kart_scrap
0  -35.957069 -31.400000 9.990184  0.500000 0.000001 0.866025  0.196575 0.984623 0
0  -35.957069 -32.599998 9.990185  0.500005 0.000000 0.866023  0.199776 0.984623 0
0  -35.350853 -32.599998 9.640184  0.500002 0.000000 0.866024  0.199774 0.986242 0
kart_scrap
0  -36.563286 -31.400002 16.059816  -0.500001 0.000000 0.866025  0.418243 0.982920 0
0  -36.563286 -32.599998 16.059816  -0.500003 0.000000 0.866024  0.421444 0.982920 0
0  -35.957069 -32.599998 16.409817  -0.500002 0.000000 0.866024  0.421447 0.984538 0
kart_scrap
0  -36.563286 -32.599998 15.359816  0.000000 -1.000000 0.000000  0.867877 0.969927 0
0  -35.957069 -32.599998 15.009816  0.000000 -1.000000 0.000000  0.866428 0.970880 0
0  -35.350853 -32.599998 15.359816  0.000000 -1.000000 0.000000  0.864978 0.969965 0
kart_scrap
0  -35.350853 -32.599998 15.359816  0.000000 -1.000000 0.000000  0.864978 0.969965 0
0  -35.350853 -32.599998 16.059816  0.000000 -1.000000 0.000000  0.864978 0.968097 0
0  -35.957069 -32.599998 16.409817  0.000000 -1.000000 0.000000  0.866428 0.967144 0
kart_scrap
0  -35.957069 -32.599998 16.409817  0.000000 -1.000000 0.000000  0.866428 0.967144 0
0  -36.563286 -32.599998 16.059816  0.000000 -1.000000 0.000000  0.867877 0.968059 0
0  -35.350853 -32.599998 15.359816  0.000000 -1.000000 0.000000  0.864978 0.969965 0
kart_scrap
0  -39.730431 -31.400002 13.783775  -0.500001 0.000000 -0.866025  0.993615 0.342053 0
0  -39.730431 -32.599998 13.783775  -0.499996 0.000000 -0.866028  0.993615 0.345256 0
0  -40.336647 -32.599998 14.133775  -0.499998 0.000000 -0.866026  0.991794 0.345261 0
kart_scrap
0  38.212437 -27.400000 12.199999  0.500001 -0.000000 0.866025  0.462641 0.302361 0
0  38.212437 27.400000 12.200001  0.499998 -0.000000 0.866026  0.462641 0.448647 0
0  37.000000 27.400000 12.900001  0.499998 -0.000000 0.866026  0.459404 0.448642 0
kart_scrap
0  -39.124214 -31.400002 14.133775  0.000000 1.000000 0.000000  0.982642 0.164198 0
0  -39.730431 -31.400002 13.783775  0.000000 1.000000 0.000000  0.981198 0.165116 0
0  -40.336647 -31.400002 14.133775  0.000000 1.000000 0.000000  0.979754 0.164165 0
kart_scrap
0  -40.336647 -31.400002 14.133775  0.000000 1.000000 0.000000  0.979754 0.164165 0
0  -40.336647 -31.400002 14.833776  0.000000 1.000000 0.000000  0.979754 0.162297 0
0  -39.730431 -31.400002 15.183775  0.000000 1.000000 0.000000  0.981198 0.161379 0
kart_scrap
0  -39.730431 -31.400002 15.183775  0.000000 1.000000 0.000000  0.981198 0.161379 0
0  -39.124214 -31.400002 14.833776  0.000000 1.000000 0.000000  0.982642 0.162330 0
0  -40.336647 -31.400002 14.133775  0.000000 1.000000 0.000000  0.979754 0.164165 0
kart_scrap
0  -40.336647 -31.400002 14.133775  -1.000000 0.000000 0.000000  0.744783 0.986270 0
0  -40.336647 -32.599998 14.133775  -1.000000 0.000000 0.000000  0.744783 0.989473 0
0  -40.336647 -32.599998 14.833776  -1.000000 0.000000 0.000000  0.742961 0.989466 0
kart_scrap
0  -35.350853 -31.400000 9.640183  1.000000 0.000001 0.000000  0.984177 0.066957 0
0  -35.350853 -32.599998 9.640184  1.000000 0.000000 0.000000  0.984177 0.070161 0
0  -35.350853 -32.599998 8.940185  1.000000 0.000000 0.000000  0.982311 0.070161 0
kart_scrap
0  37.000000 -27.400000 10.099999  0.499999 0.000000 -0.866026  0.567254 0.448650 0
0  37.000000 27.400000 10.100001  0.500000 0.000000 -0.866026  0.567254 0.302364 0
0  38.212437 27.400000 10.800001  0.499999 0.000000 -0.866026  0.570496 0.302356 0
kart_scrap
0  -40.336647 -31.400002 14.833776  -0.500000 0.000000 0.866026  0.120083 0.983050 0
0  -40.336647 -32.599998 14.833776  -0.500000 0.000000 0.866026  0.123284 0.983050 0
0  -39.730431 -32.599998 15.183775  -0.500000 0.000000 0.866026  0.123286 0.984667 0
kart_scrap
0  -40.336647 -32.599998 14.133775  0.000000 -1.000000 0.000000  0.563658 0.982806 0
0  -39.730431 -32.599998 13.783775  0.000000 -1.000000 0.000000  0.563658 0.984541 0
0  -39.124214 -32.599998 14.133775  0.000000 -1.000000 0.000000  0.562098 0.985252 0
kart_scrap
0  -39.124214 -32.599998 14.133775  0.000000 -1.000000 0.000000  0.562098 0.985252 0
0  -39.124214 -32.599998 14.833776  0.000000 -1.000000 0.000000  0.560538 0.984226 0
0  -39.730431 -32.599998 15.183775  0.000000 -1.000000 0.000000  0.560538 0.982490 0
kart_scrap
0  -39.730431 -32.599998 15.183775  0.000000 -1.000000 0.000000  0.560538 0.982490 0
0  -40.336647 -32.599998 14.833776  0.000000 -1.000000 0.000000  0.562098 0.981780 0
0  -39.124214 -32.599998 14.133775  0.000000 -1.000000 0.000000  0.562098 0.985252 0
kart_scrap
0  -39.730431 -31.400002 9.816225  -0.500000 0.000000 -0.866026  0.993615 0.358844 0
0  -39.730431 -32.599998 9.816225  -0.500000 0.000000 -0.866026  0.993615 0.362047 0
0  -40.336647 -32.599998 10.166224  -0.500000 0.000000 -0.866026  0.991794 0.362052 0
kart_scrap
0  -35.000000 -25.000000 12.499999  0.923880 -0.000000 0.382683  0.484370 0.200429 0
0  -35.000000 25.000000 12.500001  0.923880 0.000000 0.382683  0.484370 0.066957 0
0  -35.585785 25.000000 13.914214  0.923880 -0.000000 0.382683  0.488192 0.066965 0
kart_scrap
0  -39.124214 -31.400002 10.166224  0.000000 1.000000 0.000000  0.497512 0.983482 0
0  -39.730431 -31.400002 9.816225  0.000000 1.000000 0.000000  0.497512 0.985194 0
0  -40.336647 -31.400002 10.166224  0.000000 1.000000 0.000000  0.495936 0.985905 0
kart_scrap
0  -40.336647 -31.400002 10.166224  0.000000 1.000000 0.000000  0.495936 0.985905 0
0  -40.336647 -31.400002 10.866225  0.000000 1.000000 0.000000  0.494360 0.984904 0
0  -39.730431 -31.400002 11.216225  0.000000 1.000000 0.000000  0.494360 0.983191 0
kart_scrap
0  -39.730431 -31.400002 11.216225  0.000000 1.000000 0.000000  0.494360 0.983191 0
0  -39.124214 -31.400002 10.866225  0.000000 1.000000 0.000000  0.495936 0.982480 0
0  -40.336647 -31.400002 10.166224  0.000000 1.000000 0.000000  0.495936 0.985905 0
kart_scrap
0  -40.336647 -31.400002 10.166224  -1.000000 0.000000 0.000000  0.986765 0.786850 0
0  -40.336647 -32.599998 10.166224  -1.000000 0.000000 0.000000  0.986765 0.790053 0
0  -40.336647 -32.599998 10.866225  -1.000000 0.000000 0.000000  0.984942 0.790046 0
kart_scrap
0  38.212437 -27.400000 10.799999  1.000000 0.000000 0.000000  0.361027 0.534905 0
0  38.212437 27.400000 10.800001  1.000000 0.000000 0.000000  0.361027 0.388620 0
0  38.212437 27.400000 12.200001  1.000000 0.000000 0.000000  0.364759 0.388620 0
kart_scrap
0  -37.000000 -25.000000 10.499999  0.382684 0.000000 -0.923879  0.574069 0.200436 0
0  -37.000000 25.000000 10.500001  0.382683 0.000000 -0.923880  0.574069 0.066965 0
0  -35.585785 25.000000 11.085787  0.382683 0.000000 -0.923880  0.577848 0.066957 0
kart_scrap
0  -40.336647 -31.400002 10.866225  -0.500000 0.000000 0.866026  0.160743 0.983025 0
0  -40.336647 -32.599998 10.866225  -0.500000 0.000000 0.866026  0.163944 0.983025 0
0  -39.730431 -32.599998 11.216225  -0.500000 0.000000 0.866026  0.163946 0.984642 0
kart_scrap
0  -40.336647 -32.599998 10.166224  0.000000 -1.000000 0.000000  0.077442 0.975092 0
0  -39.730431 -32.599998 9.816225  0.000000 -1.000000 0.000000  0.075993 0.976045 0
0  -39.124214 -32.599998 10.166224  0.000000 -1.000000 0.000000  0.074543 0.975130 0
kart_scrap
0  -39.124214 -32.599998 10.166224  0.000000 -1.000000 0.000000  0.074543 0.975130 0
0  -39.124214 -32.599998 10.866225  0.000000 -1.000000 0.000000  0.074543 0.973262 0
0  -39.730431 -32.599998 11.216225  0.000000 -1.000000 0.000000  0.075993 0.972309 0
kart_scrap
0  -39.730431 -32.599998 11.216225  0.000000 -1.000000 0.000000  0.075993 0.972309 0
0  -40.336647 -32.599998 10.866225  0.000000 -1.000000 0.000000  0.077442 0.973224 0
0  -39.124214 -32.599998 10.166224  0.000000 -1.000000 0.000000  0.074543 0.975130 0
kart_scrap
0  -35.957069 -31.400002 8.590183  -0.500000 -0.000001 -0.866025  0.989486 0.657855 0
0  -35.957069 -32.599998 8.590184  -0.500001 0.000000 -0.866025  0.989486 0.661058 0
0  -36.563286 -32.599998 8.940185  -0.500001 -0.000000 -0.866025  0.987665 0.661063 0
kart_scrap
0  -51.588905 15.700000 6.766711  -0.474344 -0.866024 -0.158115  0.658291 0.923725 0
0  -54.411095 15.700000 15.233289  -0.474341 -0.866026 -0.158113  0.658291 0.900060 0
0  -55.479156 16.350000 14.877270  -0.474342 -0.866026 -0.158114  0.661748 0.900029 0
kart_scrap
0  -35.350853 -31.400002 8.940184  -0.000000 1.000000 0.000000  0.983455 0.593521 0
0  -35.957069 -31.400002 8.590183  0.000000 1.000000 0.000000  0.981895 0.592818 0
0  -36.563286 -31.400002 8.940184  0.000000 1.000000 0.000000  0.981895 0.591088 0
kart_scrap
0  -36.563286 -31.400002 8.940184  0.000000 1.000000 0.000000  0.981895 0.591088 0
0  -36.563286 -31.400000 9.640183  0.000000 1.000000 0.000000  0.983455 0.590061 0
0  -35.350853 -31.400002 8.940184  -0.000000 1.000000 0.000000  0.983455 0.593521 0
kart_scrap
0  -36.563286 -31.400000 9.640183  0.000000 1.000000 0.000000  0.983455 0.590061 0
0  -35.957069 -31.400000 9.990184  0.000000 1.000000 0.000000  0.985014 0.590765 0
0  -35.350853 -31.400002 8.940184  -0.000000 1.000000 0.000000  0.983455 0.593521 0
kart_scrap
0  -36.563286 -31.400002 8.940184  -1.000000 -0.000001 0.000000  0.866800 0.984470 0
0  -36.563286 -32.599998 8.940185  -1.000000 0.000000 0.000000  0.866800 0.987673 0
0  -36.563286 -32.599998 9.640184  -1.000000 -0.000000 0.000000  0.864978 0.987666 0
kart_scrap
0  -35.585785 -25.000000 11.085786  0.923880 -0.000000 -0.382683  0.480652 0.200438 0
0  -35.585785 25.000000 11.085787  0.923880 0.000000 -0.382683  0.480652 0.066966 0
0  -35.000000 25.000000 12.500001  0.923880 0.000000 -0.382683  0.484370 0.066957 0
kart_scrap
0  -38.583538 16.400000 12.388617  -0.300000 -0.866025 -0.400000  0.277693 0.896874 0
0  -30.663540 16.400000 6.448615  -0.299999 -0.866026 -0.399999  0.277693 0.921741 0
0  -30.040001 15.800000 7.279999  -0.299999 -0.866026 -0.399999  0.274565 0.921971 0
kart_scrap
0  -36.563286 -31.400000 9.640183  -0.500002 0.000001 0.866024  0.196573 0.983006 0
0  -36.563286 -32.599998 9.640184  -0.499998 0.000002 0.866027  0.199774 0.983006 0
0  -35.957069 -32.599998 9.990185  -0.500000 0.000002 0.866025  0.199776 0.984623 0
kart_scrap
0  -36.563286 -32.599998 8.940185  0.000000 -1.000000 0.000000  0.983066 0.720004 0
0  -35.957069 -32.599998 8.590184  0.000000 -1.000000 0.000000  0.981488 0.719285 0
0  -35.350853 -32.599998 8.940185  0.000000 -1.000000 0.000000  0.981488 0.717570 0
kart_scrap
0  -35.350853 -32.599998 8.940185  0.000000 -1.000000 0.000000  0.981488 0.717570 0
0  -35.350853 -32.599998 9.640184  0.000000 -1.000000 0.000000  0.983066 0.716573 0
0  -36.563286 -32.599998 8.940185  0.000000 -1.000000 0.000000  0.983066 0.720004 0
kart_scrap
0  -35.350853 -32.599998 9.640184  0.000000 -1.000000 0.000000  0.983066 0.716573 0
0  -35.957069 -32.599998 9.990185  0.000000 -1.000000 0.000000  0.984645 0.717292 0
0  -36.563286 -32.599998 8.940185  0.000000 -1.000000 0.000000  0.983066 0.720004 0
kart_scrap
0  37.000000 -27.400000 12.899999  -0.499998 -0.000000 0.866026  0.459404 0.302356 0
0  37.000000 27.400000 12.900001  -0.500001 -0.000000 0.866025  0.459404 0.448642 0
0  35.787563 27.400000 12.200001  -0.500001 -0.000000 0.866025  0.456173 0.448647 0
kart_scrap
0  -37.959999 18.200001 13.220001  -0.299999 0.866026 -0.400000  0.386430 0.897609 0
0  -30.040001 18.200001 7.279999  -0.300001 0.866025 -0.399999  0.386430 0.922403 0
0  -30.663540 17.600000 6.448615  -0.300001 0.866025 -0.399999  0.383301 0.922170 0
kart_scrap
0  38.212437 -27.400000 12.199999  0.000000 -1.000000 0.000000  0.888315 0.171676 0
0  37.000000 -27.400000 12.899999  0.000000 -1.000000 0.000000  0.888315 0.168204 0
0  37.000000 -27.400000 10.099999  0.000000 -1.000000 0.000000  0.894556 0.172306 0
kart_scrap
0  37.000000 -27.400000 12.899999  0.000000 -1.000000 0.000000  0.888315 0.168204 0
0  35.787563 -27.400000 12.199999  0.000000 -1.000000 0.000000  0.891436 0.166784 0
0  37.000000 -27.400000 10.099999  0.000000 -1.000000 0.000000  0.894556 0.172306 0
kart_scrap
0  35.787563 -27.400000 12.199999  0.000000 -1.000000 0.000000  0.891436 0.166784 0
0  35.787563 -27.400000 10.799999  0.000000 -1.000000 0.000000  0.894556 0.168835 0
0  37.000000 -27.400000 10.099999  0.000000 -1.000000 0.000000  0.894556 0.172306 0
kart_scrap
0  35.787563 -27.400000 12.199999  -1.000000 0.000000 0.000000  0.173185 0.552046 0
0  35.787563 27.400000 12.200001  -1.000000 -0.000000 0.000000  0.173185 0.405780 0
0  35.787563 27.400000 10.800001  -1.000000 -0.000000 0.000000  0.176829 0.405793 0
kart_scrap
0  37.000000 -24.000000 6.500000  0.500001 0.866025 0.000000  0.921552 0.485828 0
0  37.000000 -24.000000 16.500000  0.499999 0.866026 0.000000  0.921552 0.460822 0
0  37.866024 -24.500000 16.500000  0.499999 0.866026 0.000000  0.924220 0.460812 0
kart_scrap
0  -37.959999 -15.800000 13.220001  -0.299999 0.866027 -0.399998  0.921624 0.633370 0
0  -30.040001 -15.800000 7.279999  -0.300000 0.866024 -0.400002  0.921624 0.658164 0
0  -30.663540 -16.400000 6.448615  -0.300000 0.866025 -0.400001  0.918495 0.657930 0
kart_scrap
0  35.787563 -27.400000 10.799999  -0.499999 0.000000 -0.866026  0.550041 0.448643 0
0  35.787563 27.400000 10.800001  -0.500000 0.000000 -0.866026  0.550041 0.302365 0
0  37.000000 27.400000 10.100001  -0.499999 0.000000 -0.866026  0.553682 0.302356 0
kart_scrap
0  35.787563 27.400000 12.200001  0.000000 1.000000 0.000000  0.759694 0.947427 0
0  37.000000 27.400000 12.900001  0.000000 1.000000 0.000000  0.762582 0.945592 0
0  37.000000 27.400000 10.100001  0.000000 1.000000 0.000000  0.762582 0.953064 0
kart_scrap
0  37.000000 27.400000 12.900001  0.000000 1.000000 0.000000  0.762582 0.945592 0
0  38.212437 27.400000 12.200001  0.000000 1.000000 0.000000  0.765471 0.947493 0
0  37.000000 27.400000 10.100001  0.000000 1.000000 0.000000  0.762582 0.953064 0
kart_scrap
0  38.212437 27.400000 12.200001  0.000000 1.000000 0.000000  0.765471 0.947493 0
0  38.212437 27.400000 10.800001  0.000000 1.000000 0.000000  0.765471 0.951229 0
0  37.000000 27.400000 10.100001  0.000000 1.000000 0.000000  0.762582 0.953064 0
kart_scrap
0  -35.585785 -25.000000 13.914213  0.382683 -0.000000 0.923880  0.056095 0.349249 0
0  -35.585785 25.000000 13.914214  0.382684 -0.000000 0.923879  0.056095 0.482722 0
0  -37.000000 25.000000 14.500001  0.382684 -0.000000 0.923879  0.052321 0.482718 0
kart_scrap
0  37.000000 26.000000 6.500000  0.500001 0.866025 0.000000  0.922042 0.443431 0
0  37.000000 26.000000 16.500000  0.499999 0.866026 0.000000  0.922042 0.418426 0
0  37.866024 25.500000 16.500000  0.499999 0.866026 0.000000  0.924709 0.418416 0
kart_scrap
0  26.819309 18.762377 7.000001  0.269055 0.917346 -0.293403  0.794601 0.814176 0
0  47.681305 14.126377 11.635998  0.269055 0.917347 -0.293401  0.794601 0.757097 0
0  47.879719 13.620960 10.237719  0.269055 0.917347 -0.293401  0.798572 0.757199 0
kart_scrap
0  -37.000000 -25.000000 14.499999  -0.382684 -0.000000 0.923879  0.052321 0.349245 0
0  -37.000000 25.000000 14.500001  -0.382683 -0.000000 0.923880  0.052321 0.482718 0
0  -38.414215 25.000000 13.914214  -0.382683 -0.000000 0.923880  0.048551 0.482722 0
kart_scrap
0  -53.498451 18.500000 8.068111  -0.022704 0.866026 -0.499484  0.797354 0.125376 0
0  -28.501547 18.500000 6.931889  -0.022704 0.866026 -0.499484  0.797354 0.067227 0
0  -28.560534 17.750000 5.634191  -0.022704 0.866026 -0.499484  0.801317 0.066957 0
kart_scrap
0  37.866024 24.500000 6.500000  0.499999 -0.866026 0.000000  0.540343 0.929510 0
0  37.866024 24.500000 16.500000  0.500002 -0.866024 0.000000  0.540343 0.905113 0
0  37.000000 24.000000 16.500000  0.500001 -0.866025 0.000000  0.543008 0.905160 0
kart_scrap
0  -38.414215 -25.000000 13.914213  -0.923880 -0.000000 0.382683  0.106433 0.571789 0
0  -38.414215 25.000000 13.914214  -0.923880 0.000000 0.382683  0.106433 0.438334 0
0  -39.000000 25.000000 12.500001  -0.923880 0.000000 0.382683  0.110455 0.438322 0
kart_scrap
0  -35.000000 -25.000000 12.499999  0.000000 -1.000000 0.000000  0.361253 0.178042 0
0  -35.585785 -25.000000 13.914213  0.000000 -1.000000 0.000000  0.361253 0.173999 0
0  -37.000000 -25.000000 14.499999  0.000000 -1.000000 0.000000  0.363868 0.171318 0
kart_scrap
0  -37.000000 -25.000000 14.499999  0.000000 -1.000000 0.000000  0.363868 0.171318 0
0  -38.414215 -25.000000 13.914213  0.000000 -1.000000 0.000000  0.367567 0.171569 0
0  -39.000000 -25.000000 12.499999  0.000000 -1.000000 0.000000  0.370182 0.174606 0
kart_scrap
0  -39.000000 -25.000000 12.499999  0.000000 -1.000000 0.000000  0.370182 0.174606 0
0  -38.414215 -25.000000 11.085786  0.000000 -1.000000 0.000000  0.370182 0.178649 0
0  -37.000000 -25.000000 10.499999  0.000000 -1.000000 0.000000  0.367567 0.181330 0
kart_scrap
0  -37.000000 -25.000000 10.499999  0.000000 -1.000000 0.000000  0.367567 0.181330 0
0  -35.585785 -25.000000 11.085786  0.000000 -1.000000 0.000000  0.363868 0.181078 0
0  -35.000000 -25.000000 12.499999  0.000000 -1.000000 0.000000  0.361253 0.178042 0
kart_scrap
0  -35.000000 -25.000000 12.499999  0.000000 -1.000000 0.000000  0.361253 0.178042 0
0  -37.000000 -25.000000 14.499999  0.000000 -1.000000 0.000000  0.363868 0.171318 0
0  -39.000000 -25.000000 12.499999  0.000000 -1.000000 0.000000  0.370182 0.174606 0
kart_scrap
0  -39.000000 -25.000000 12.499999  -0.923880 -0.000000 -0.382683  0.493784 0.435821 0
0  -39.000000 25.000000 12.500001  -0.923880 0.000000 -0.382683  0.493784 0.302356 0
0  -38.414215 25.000000 11.085787  -0.923880 0.000000 -0.382683  0.497494 0.302374 0
kart_scrap
0  37.866024 25.500000 6.500000  1.000000 0.000000 0.000000  0.915343 0.783777 0
0  37.866024 25.500000 16.500000  1.000000 0.000000 0.000000  0.915343 0.757097 0
0  37.866024 24.500000 16.500000  1.000000 0.000000 0.000000  0.918011 0.757098 0
kart_scrap
0  36.133976 24.500000 6.500000  -1.000000 0.000000 0.000000  0.919200 0.328421 0
0  36.133976 24.500000 16.500000  -1.000000 0.000000 0.000000  0.919200 0.302366 0
0  36.133976 25.500000 16.500000  -1.000000 0.000000 0.000000  0.921867 0.302356 0
kart_scrap
0  -38.414215 -25.000000 11.085786  -0.382683 0.000000 -0.923880  0.497494 0.435840 0
0  -38.414215 25.000000 11.085787  -0.382684 0.000000 -0.923879  0.497494 0.302374 0
0  -37.000000 25.000000 10.500001  -0.382684 0.000000 -0.923879  0.501323 0.302359 0
kart_scrap
0  -37.000000 25.000000 14.500001  0.000000 1.000000 0.000000  0.390050 0.171318 0
0  -35.585785 25.000000 13.914214  0.000000 1.000000 0.000000  0.392658 0.173986 0
0  -35.000000 25.000000 12.500001  0.000000 1.000000 0.000000  0.392658 0.178026 0
kart_scrap
0  -35.000000 25.000000 12.500001  0.000000 1.000000 0.000000  0.392658 0.178026 0
0  -35.585785 25.000000 11.085787  0.000000 1.000000 0.000000  0.390050 0.181069 0
0  -37.000000 25.000000 10.500001  0.000000 1.000000 0.000000  0.386362 0.181334 0
kart_scrap
0  -37.000000 25.000000 10.500001  0.000000 1.000000 0.000000  0.386362 0.181334 0
0  -38.414215 25.000000 11.085787  0.000000 1.000000 0.000000  0.383754 0.178666 0
0  -39.000000 25.000000 12.500001  0.000000 1.000000 0.000000  0.383754 0.174626 0
kart_scrap
0  -39.000000 25.000000 12.500001  0.000000 1.000000 0.000000  0.383754 0.174626 0
0  -38.414215 25.000000 13.914214  0.000000 1.000000 0.000000  0.386362 0.171583 0
0  -37.000000 25.000000 14.500001  0.000000 1.000000 0.000000  0.390050 0.171318 0
kart_scrap
0  -37.000000 25.000000 14.500001  0.000000 1.000000 0.000000  0.390050 0.171318 0
0  -35.000000 25.000000 12.500001  0.000000 1.000000 0.000000  0.392658 0.178026 0
0  -37.000000 25.000000 10.500001  0.000000 1.000000 0.000000  0.386362 0.181334 0
kart_scrap
0  -31.500000 16.250000 5.700961  0.000000 -0.866025 -0.500000  0.536909 0.221169 0
0  29.500000 16.250000 5.700963  0.000000 -0.866025 -0.500000  0.536909 0.067073 0
0  29.500000 15.500000 7.000001  0.000000 -0.866025 -0.500000  0.540894 0.066957 0
kart_scrap
0  -31.500000 17.750000 5.700961  0.000000 0.000000 -1.000000  0.519336 0.229793 0
0  29.500000 17.750000 5.700963  0.000000 0.000000 -1.000000  0.519336 0.066957 0
0  29.500000 16.250000 5.700963  0.000000 0.000000 -1.000000  0.523337 0.066957 0
kart_scrap
0  36.133976 25.500000 6.500000  -0.499999 0.866026 0.000000  0.915080 0.835299 0
0  36.133976 25.500000 16.500000  -0.500002 0.866024 0.000000  0.915080 0.808611 0
0  37.000000 26.000000 16.500000  -0.500001 0.866025 0.000000  0.917742 0.808607 0
kart_scrap
0  37.000000 26.000000 16.500000  0.000000 0.000000 1.000000  0.677640 0.969585 0
0  36.133976 25.500000 16.500000  0.000000 0.000000 1.000000  0.675330 0.968251 0
0  37.866024 24.500000 16.500000  0.000000 0.000000 1.000000  0.679950 0.965581 0
kart_scrap
0  36.133976 25.500000 16.500000  0.000000 0.000000 1.000000  0.675330 0.968251 0
0  36.133976 24.500000 16.500000  0.000000 0.000000 1.000000  0.675330 0.965581 0
0  37.866024 24.500000 16.500000  0.000000 0.000000 1.000000  0.679950 0.965581 0
kart_scrap
0  36.133976 24.500000 16.500000  0.000000 0.000000 1.000000  0.675330 0.965581 0
0  37.000000 24.000000 16.500000  0.000000 0.000000 1.000000  0.677640 0.964247 0
0  37.866024 24.500000 16.500000  0.000000 0.000000 1.000000  0.679950 0.965581 0
kart_scrap
0  -37.959999 15.800000 13.220001  0.300000 -0.866026 0.400000  0.916642 0.676679 0
0  -30.040001 15.800000 7.279999  0.300000 -0.866026 0.400000  0.916642 0.702990 0
0  -29.416462 16.400000 8.111383  0.300000 -0.866026 0.400000  0.913456 0.702961 0
kart_scrap
0  -29.416462 16.400000 8.111383  0.800000 0.000000 -0.600000  0.967842 0.813403 0
0  -30.040001 15.800000 7.279999  0.800000 0.000000 -0.600000  0.965681 0.815014 0
0  -30.663540 16.400000 6.448615  0.800000 0.000000 -0.600000  0.963520 0.813422 0
kart_scrap
0  -30.663540 16.400000 6.448615  0.800000 0.000000 -0.600000  0.963520 0.813422 0
0  -30.663540 17.600000 6.448615  0.800000 0.000000 -0.600000  0.963520 0.810218 0
0  -29.416462 16.400000 8.111383  0.800000 0.000000 -0.600000  0.967842 0.813403 0
kart_scrap
0  -30.663540 17.600000 6.448615  0.800000 0.000000 -0.600000  0.963520 0.810218 0
0  -30.040001 18.200001 7.279999  0.800000 0.000000 -0.600000  0.965681 0.808607 0
0  -29.416462 16.400000 8.111383  0.800000 0.000000 -0.600000  0.967842 0.813403 0
kart_scrap
0  -31.500000 18.500000 6.999999  0.000000 0.866025 -0.500000  0.423930 0.547391 0
0  29.500000 18.500000 7.000001  0.000000 0.866025 -0.500000  0.423930 0.404248 0
0  29.500000 17.750000 5.700963  0.000000 0.866025 -0.500000  0.427905 0.404031 0
kart_scrap
0  -37.336460 16.400000 14.051386  0.600000 0.000000 0.800000  0.933415 0.676650 0
0  -29.416462 16.400000 8.111383  0.600001 0.000000 0.800000  0.933415 0.697813 0
0  -29.416462 17.600000 8.111383  0.600001 0.000000 0.800000  0.930214 0.697819 0
kart_scrap
0  37.866024 -25.500000 6.500000  0.499999 -0.866026 0.000000  0.925494 0.153873 0
0  37.866024 -25.500000 16.500000  0.500002 -0.866024 0.000000  0.925494 0.129475 0
0  37.000000 -26.000000 16.500000  0.500001 -0.866025 0.000000  0.928159 0.129523 0
kart_scrap
0  37.866024 -24.500000 6.500000  1.000000 0.000000 0.000000  0.917242 0.402419 0
0  37.866024 -24.500000 16.500000  1.000000 0.000000 0.000000  0.917242 0.375739 0
0  37.866024 -25.500000 16.500000  1.000000 0.000000 0.000000  0.919909 0.375740 0
kart_scrap
0  -37.336460 17.600000 14.051386  0.300001 0.866025 0.399999  0.917944 0.590061 0
0  -29.416462 17.600000 8.111383  0.299999 0.866025 0.400000  0.917944 0.616324 0
0  -30.040001 18.200001 7.279999  0.299999 0.866025 0.400000  0.914879 0.616427 0
kart_scrap
0  -37.336460 17.600000 14.051386  -0.800000 0.000000 0.600000  0.963271 0.591682 0
0  -37.959999 18.200001 13.220001  -0.799999 0.000000 0.600001  0.965797 0.590061 0
0  -38.583538 17.600000 12.388617  -0.800000 0.000000 0.600000  0.968323 0.591644 0
kart_scrap
0  -38.583538 17.600000 12.388617  -0.800000 0.000000 0.600000  0.968323 0.591644 0
0  -38.583538 16.400000 12.388617  -0.800000 0.000000 0.600001  0.968323 0.594847 0
0  -37.959999 15.800000 13.220001  -0.800000 0.000000 0.600000  0.965797 0.596467 0
kart_scrap
0  -37.959999 15.800000 13.220001  -0.800000 0.000000 0.600000  0.965797 0.596467 0
0  -37.336460 16.400000 14.051386  -0.800000 0.000000 0.600001  0.963271 0.594885 0
0  -37.336460 17.600000 14.051386  -0.800000 0.000000 0.600000  0.963271 0.591682 0
kart_scrap
0  37.000000 -26.000000 6.500000  -0.500001 -0.866025 0.000000  0.917239 0.887055 0
0  37.000000 -26.000000 16.500000  -0.499999 -0.866026 0.000000  0.917239 0.860369 0
0  36.133976 -25.500000 16.500000  -0.499999 -0.866026 0.000000  0.919900 0.860374 0
kart_scrap
0  36.133976 -25.500000 16.500000  0.000000 0.000000 1.000000  0.542653 0.964294 0
0  37.000000 -26.000000 16.500000  0.000000 0.000000 1.000000  0.544963 0.965629 0
0  37.866024 -25.500000 16.500000  0.000000 0.000000 1.000000  0.544963 0.968298 0
kart_scrap
0  37.866024 -25.500000 16.500000  0.000000 0.000000 1.000000  0.544963 0.968298 0
0  37.866024 -24.500000 16.500000  0.000000 0.000000 1.000000  0.542653 0.969633 0
0  37.000000 -24.000000 16.500000  0.000000 0.000000 1.000000  0.540343 0.968298 0
kart_scrap
0  37.000000 -24.000000 16.500000  0.000000 0.000000 1.000000  0.540343 0.968298 0
0  36.133976 -24.500000 16.500000  0.000000 0.000000 1.000000  0.540343 0.965629 0
0  37.866024 -25.500000 16.500000  0.000000 0.000000 1.000000  0.544963 0.968298 0
kart_scrap
0  -18.914217 30.739658 12.074235  0.884383 -0.346852 0.312347  0.846536 0.535912 0
0  -23.663851 16.490755 9.699418  0.884383 -0.346852 0.312347  0.846536 0.574473 0
0  -23.247629 16.539423 8.574967  0.884383 -0.346852 0.312347  0.843517 0.574805 0
kart_scrap
0  36.133976 -25.500000 6.500000  -1.000000 0.000000 0.000000  0.000140 0.924747 0
0  36.133976 -25.500000 16.500000  -1.000000 0.000000 0.000000  0.000140 0.898692 0
0  36.133976 -24.500000 16.500000  -1.000000 0.000000 0.000000  0.002807 0.898682 0
kart_scrap
0  -38.583538 -17.600000 12.388617  -0.300001 -0.866025 -0.399999  0.403130 0.896577 0
0  -30.663540 -17.600000 6.448615  -0.300000 -0.866026 -0.400000  0.403130 0.921444 0
0  -30.040001 -18.200001 7.279999  -0.300000 -0.866026 -0.400000  0.400002 0.921674 0
kart_scrap
0  -38.583538 -16.400000 12.388617  -0.600001 0.000000 -0.800000  0.217819 0.891247 0
0  -30.663540 -16.400000 6.448615  -0.600000 0.000000 -0.800000  0.217819 0.917533 0
0  -30.663540 -17.600000 6.448615  -0.600000 0.000000 -0.800000  0.214619 0.917529 0
kart_scrap
0  36.133976 -24.500000 6.500000  -0.499999 0.866026 0.000000  0.327087 0.917639 0
0  36.133976 -24.500000 16.500000  -0.500002 0.866024 0.000000  0.327087 0.890951 0
0  37.000000 -24.000000 16.500000  -0.500001 0.866025 0.000000  0.329750 0.890948 0
kart_scrap
0  37.866024 -25.500000 6.500000  0.000000 0.000000 -1.000000  0.659448 0.964254 0
0  37.000000 -26.000000 6.500000  0.000000 0.000000 -1.000000  0.661758 0.965589 0
0  36.133976 -25.500000 6.500000  0.000000 0.000000 -1.000000  0.661758 0.968258 0
kart_scrap
0  36.133976 -25.500000 6.500000  0.000000 0.000000 -1.000000  0.661758 0.968258 0
0  36.133976 -24.500000 6.500000  0.000000 0.000000 -1.000000  0.659448 0.969593 0
0  37.000000 -24.000000 6.500000  0.000000 0.000000 -1.000000  0.657139 0.968258 0
kart_scrap
0  37.000000 -24.000000 6.500000  0.000000 0.000000 -1.000000  0.657139 0.968258 0
0  37.866024 -24.500000 6.500000  0.000000 0.000000 -1.000000  0.657139 0.965589 0
0  36.133976 -25.500000 6.500000  0.000000 0.000000 -1.000000  0.661758 0.968258 0
kart_scrap
0  -37.959999 -18.200001 13.220001  0.300000 -0.866025 0.400001  0.313515 0.890977 0
0  -30.040001 -18.200001 7.279999  0.300000 -0.866026 0.399999  0.313515 0.917287 0
0  -29.416462 -17.600000 8.111383  0.300000 -0.866026 0.399999  0.310329 0.917258 0
kart_scrap
0  -29.416462 -17.600000 8.111383  0.800000 0.000000 -0.600000  0.968116 0.572346 0
0  -30.040001 -18.200001 7.279999  0.799999 0.000000 -0.600001  0.965955 0.573957 0
0  -30.663540 -17.600000 6.448615  0.800000 0.000000 -0.600001  0.963794 0.572365 0
kart_scrap
0  -30.663540 -17.600000 6.448615  0.800000 0.000000 -0.600001  0.963794 0.572365 0
0  -30.663540 -16.400000 6.448615  0.800000 0.000000 -0.600001  0.963794 0.569161 0
0  -30.040001 -15.800000 7.279999  0.800000 0.000000 -0.600000  0.965955 0.567551 0
kart_scrap
0  -30.040001 -15.800000 7.279999  0.800000 0.000000 -0.600000  0.965955 0.567551 0
0  -29.416462 -16.400000 8.111383  0.800000 0.000000 -0.600000  0.968116 0.569143 0
0  -29.416462 -17.600000 8.111383  0.800000 0.000000 -0.600000  0.968116 0.572346 0
kart_scrap
0  26.767416 16.812582 5.283722  -0.019973 -0.750476 -0.660596  0.832178 0.644597 0
0  47.629410 12.176583 9.919719  -0.019974 -0.750476 -0.660596  0.832178 0.590068 0
0  47.180691 11.237624 10.999999  -0.019974 -0.750476 -0.660596  0.836179 0.590061 0
kart_scrap
0  -37.336460 -17.600000 14.051386  0.600000 0.000000 0.800000  0.933554 0.000000 0
0  -29.416462 -17.600000 8.111383  0.600001 0.000000 0.800000  0.933554 0.021163 0
0  -29.416462 -16.400000 8.111383  0.600001 0.000000 0.800000  0.930353 0.021169 0
kart_scrap
0  -53.557442 16.250000 6.770413  -0.022704 -0.866025 -0.499484  0.787052 0.250480 0
0  -28.560534 16.250000 5.634191  -0.022704 -0.866025 -0.499485  0.787052 0.187848 0
0  -28.501547 15.500000 6.931889  -0.022704 -0.866025 -0.499485  0.791041 0.187742 0
kart_scrap
0  -53.557442 17.750000 6.770413  -0.045408 0.000000 -0.998968  0.779781 0.133672 0
0  -28.560534 17.750000 5.634191  -0.045408 0.000000 -0.998969  0.779781 0.066958 0
0  -28.560534 16.250000 5.634191  -0.045408 0.000000 -0.998968  0.783782 0.066957 0
kart_scrap
0  -37.336460 -16.400000 14.051386  0.300000 0.866025 0.400001  0.917557 0.066957 0
0  -29.416462 -16.400000 8.111383  0.299999 0.866027 0.399998  0.917557 0.093220 0
0  -30.040001 -15.800000 7.279999  0.299999 0.866026 0.399998  0.914493 0.093323 0
kart_scrap
0  -38.583538 -16.400000 12.388617  -0.800000 0.000000 0.600000  0.968323 0.611633 0
0  -38.583538 -17.600000 12.388617  -0.800000 0.000000 0.600000  0.968323 0.614836 0
0  -37.959999 -18.200001 13.220001  -0.799999 0.000000 0.600001  0.965797 0.616456 0
kart_scrap
0  -37.959999 -18.200001 13.220001  -0.799999 0.000000 0.600001  0.965797 0.616456 0
0  -37.336460 -17.600000 14.051386  -0.799999 0.000000 0.600001  0.963271 0.614874 0
0  -37.336460 -16.400000 14.051386  -0.799999 0.000000 0.600001  0.963271 0.611671 0
kart_scrap
0  -37.336460 -16.400000 14.051386  -0.799999 0.000000 0.600001  0.963271 0.611671 0
0  -37.959999 -15.800000 13.220001  -0.800000 0.000000 0.600000  0.965797 0.610051 0
0  -37.959999 -18.200001 13.220001  -0.799999 0.000000 0.600001  0.965797 0.616456 0
kart_scrap
0  -53.498451 15.500000 8.068111  0.022704 -0.866025 0.499484  0.791475 0.460812 0
0  -28.501547 15.500000 6.931889  0.022704 -0.866026 0.499484  0.791475 0.521943 0
0  -28.442560 16.250000 8.229588  0.022704 -0.866026 0.499484  0.787478 0.522009 0
kart_scrap
0  44.830288 13.484375 9.297897  -0.136358 -0.547847 -0.825391  0.899700 0.923688 0
0  53.484245 9.157397 10.740221  -0.136358 -0.547846 -0.825392  0.899700 0.901844 0
0  52.815441 8.092278 11.557673  -0.136358 -0.547846 -0.825392  0.903667 0.902130 0
kart_scrap
0  -53.498451 18.500000 8.068111  -0.998969 0.000000 0.045408  0.819055 0.947914 0
0  -53.557442 17.750000 6.770413  -0.998968 0.000000 0.045411  0.815600 0.949851 0
0  -53.557442 16.250000 6.770413  -0.998968 0.000000 0.045411  0.812144 0.947834 0
kart_scrap
0  -53.557442 16.250000 6.770413  -0.998968 0.000000 0.045411  0.812144 0.947834 0
0  -53.498451 15.500000 8.068111  -0.998968 0.000000 0.045408  0.812144 0.943880 0
0  -53.498451 18.500000 8.068111  -0.998969 0.000000 0.045408  0.819055 0.947914 0
kart_scrap
0  -53.498451 15.500000 8.068111  -0.998968 0.000000 0.045408  0.812144 0.943880 0
0  -53.439468 16.250000 9.365809  -0.998969 0.000000 0.045405  0.815600 0.941943 0
0  -53.498451 18.500000 8.068111  -0.998969 0.000000 0.045408  0.819055 0.947914 0
kart_scrap
0  -53.439468 16.250000 9.365809  0.045408 0.000000 0.998968  0.766209 0.066957 0
0  -28.442560 16.250000 8.229588  0.045408 0.000000 0.998969  0.766209 0.133690 0
0  -28.442560 17.750000 8.229588  0.045408 0.000000 0.998968  0.762208 0.133690 0
kart_scrap
0  27.017723 18.256960 5.601721  0.249082 0.166870 -0.953998  0.812144 0.814365 0
0  47.879719 13.620960 10.237719  0.249082 0.166870 -0.953998  0.812144 0.757274 0
0  47.629410 12.176583 9.919719  0.249082 0.166870 -0.953998  0.816055 0.757097 0
kart_scrap
0  45.184559 14.907722 11.442327  0.454311 0.888870 -0.059261  0.904949 0.267615 0
0  53.838512 10.580744 12.884651  0.454312 0.888870 -0.059259  0.904949 0.241503 0
0  53.995781 10.401629 11.403710  0.454312 0.888870 -0.059259  0.908766 0.241520 0
kart_scrap
0  -53.439468 17.750000 9.365809  0.022704 0.866025 0.499484  0.808573 0.187742 0
0  -28.442560 17.750000 8.229588  0.022704 0.866026 0.499483  0.808573 0.245596 0
0  -28.501547 18.500000 6.931889  0.022704 0.866026 0.499483  0.804613 0.245881 0
kart_scrap
0  -28.442560 16.250000 8.229588  0.998969 0.000000 -0.045408  0.567446 0.946205 0
0  -28.501547 15.500000 6.931889  0.998968 0.000000 -0.045408  0.563992 0.948208 0
0  -28.501547 18.500000 6.931889  0.998969 0.000000 -0.045408  0.563992 0.940200 0
kart_scrap
0  -28.501547 15.500000 6.931889  0.998968 0.000000 -0.045408  0.563992 0.948208 0
0  -28.560534 16.250000 5.634191  0.998969 0.000000 -0.045408  0.560538 0.946208 0
0  -28.501547 18.500000 6.931889  0.998969 0.000000 -0.045408  0.563992 0.940200 0
kart_scrap
0  -28.560534 16.250000 5.634191  0.998969 0.000000 -0.045408  0.560538 0.946208 0
0  -28.560534 17.750000 5.634191  0.998969 0.000000 -0.045408  0.560538 0.942204 0
0  -28.501547 18.500000 6.931889  0.998969 0.000000 -0.045408  0.563992 0.940200 0
kart_scrap
0  -31.500000 15.500000 6.999999  -0.000000 -0.866025 0.500000  0.405245 0.387931 0
0  29.500000 15.500000 7.000001  -0.000000 -0.866025 0.500000  0.405245 0.535562 0
0  29.500000 16.250000 8.299039  -0.000000 -0.866025 0.500000  0.401251 0.535663 0
kart_scrap
0  -53.557442 -17.750000 6.770413  -0.022704 -0.866025 -0.499484  0.780994 0.438477 0
0  -28.560534 -17.750000 5.634191  -0.022704 -0.866026 -0.499484  0.780994 0.375845 0
0  -28.501547 -18.500000 6.931889  -0.022704 -0.866026 -0.499484  0.784983 0.375739 0
kart_scrap
0  -31.500000 17.750000 5.700961  -1.000000 0.000000 0.000000  0.793631 0.950081 0
0  -31.500000 16.250000 5.700961  -1.000000 0.000000 0.000000  0.790182 0.948052 0
0  -31.500000 15.500000 6.999999  -1.000000 0.000000 0.000000  0.790182 0.944126 0
kart_scrap
0  -31.500000 15.500000 6.999999  -1.000000 0.000000 0.000000  0.790182 0.944126 0
0  -31.500000 16.250000 8.299037  -1.000000 0.000000 0.000000  0.793631 0.942229 0
0  -31.500000 17.750000 8.299037  -1.000000 0.000000 0.000000  0.797080 0.944258 0
kart_scrap
0  -31.500000 17.750000 8.299037  -1.000000 0.000000 0.000000  0.797080 0.944258 0
0  -31.500000 18.500000 6.999999  -1.000000 0.000000 0.000000  0.797080 0.948184 0
0  -31.500000 17.750000 5.700961  -1.000000 0.000000 0.000000  0.793631 0.950081 0
kart_scrap
0  -31.500000 16.250000 8.299037  -0.000000 0.000000 1.000000  0.518896 0.302356 0
0  29.500000 16.250000 8.299039  -0.000000 0.000000 1.000000  0.518896 0.465193 0
0  29.500000 17.750000 8.299039  -0.000000 0.000000 1.000000  0.514895 0.465193 0
kart_scrap
0  45.341824 14.728607 9.961386  0.317953 0.341023 -0.884652  0.904880 0.444509 0
0  53.995781 10.401629 11.403710  0.317953 0.341024 -0.884651  0.904880 0.418674 0
0  53.484245 9.157397 10.740221  0.317953 0.341024 -0.884651  0.908470 0.418416 0
kart_scrap
0  -53.498451 -15.500000 8.068111  -0.022704 0.866025 -0.499485  0.798555 0.434158 0
0  -28.501547 -15.500000 6.931889  -0.022704 0.866026 -0.499484  0.798555 0.376009 0
0  -28.560534 -16.250000 5.634191  -0.022704 0.866026 -0.499484  0.802518 0.375739 0
kart_scrap
0  -31.500000 17.750000 8.299037  -0.000000 0.866025 0.500000  0.075318 0.438322 0
0  29.500000 17.750000 8.299039  -0.000000 0.866025 0.500000  0.075318 0.577048 0
0  29.500000 18.500000 7.000001  -0.000000 0.866025 0.500000  0.071346 0.577302 0
kart_scrap
0  29.500000 16.250000 8.299039  1.000000 0.000000 0.000000  0.885414 0.938978 0
0  29.500000 15.500000 7.000001  1.000000 0.000000 0.000000  0.888879 0.940977 0
0  29.500000 16.250000 5.700963  1.000000 0.000000 0.000000  0.888879 0.944980 0
kart_scrap
0  29.500000 16.250000 5.700963  1.000000 0.000000 0.000000  0.888879 0.944980 0
0  29.500000 17.750000 5.700963  1.000000 0.000000 0.000000  0.885414 0.946982 0
0  29.500000 18.500000 7.000001  1.000000 0.000000 0.000000  0.881950 0.944982 0
kart_scrap
0  29.500000 18.500000 7.000001  1.000000 0.000000 0.000000  0.881950 0.944982 0
0  29.500000 17.750000 8.299039  1.000000 0.000000 0.000000  0.881950 0.940980 0
0  29.500000 16.250000 8.299039  1.000000 0.000000 0.000000  0.885414 0.938978 0
kart_scrap
0  26.318695 15.873623 6.364002  -0.269055 -0.917346 0.293402  0.816090 0.432436 0
0  47.180691 11.237624 10.999999  -0.269055 -0.917346 0.293403  0.816090 0.375739 0
0  46.982277 11.743041 12.398279  -0.269055 -0.917346 0.293403  0.819936 0.376002 0
kart_scrap
0  -31.500000 -17.750000 5.700961  0.000000 -0.866025 -0.500000  0.383695 0.542142 0
0  29.500000 -17.750000 5.700963  0.000000 -0.866025 -0.500000  0.383694 0.388046 0
0  29.500000 -18.500000 7.000001  0.000000 -0.866025 -0.500000  0.387679 0.387931 0
kart_scrap
0  26.767416 16.812582 5.283722  -0.953998 0.211999 -0.212000  0.543574 0.950711 0
0  26.318695 15.873623 6.364002  -0.953999 0.211996 -0.212000  0.540343 0.949227 0
0  26.120281 16.379040 7.762281  -0.953998 0.211999 -0.212000  0.540343 0.945442 0
kart_scrap
0  26.120281 16.379040 7.762281  -0.953998 0.211999 -0.212000  0.540343 0.945442 0
0  26.370588 17.823416 8.080281  -0.953998 0.212000 -0.212000  0.543574 0.943141 0
0  26.767416 16.812582 5.283722  -0.953998 0.211999 -0.212000  0.543574 0.950711 0
kart_scrap
0  26.370588 17.823416 8.080281  -0.953998 0.212000 -0.212000  0.543574 0.943141 0
0  26.819309 18.762377 7.000001  -0.953998 0.212000 -0.212000  0.546804 0.944625 0
0  26.767416 16.812582 5.283722  -0.953998 0.211999 -0.212000  0.543574 0.950711 0
kart_scrap
0  26.120281 16.379040 7.762281  -0.249082 -0.166871 0.953998  0.818792 0.067145 0
0  46.982277 11.743041 12.398279  -0.249082 -0.166871 0.953998  0.818792 0.124185 0
0  47.232582 13.187417 12.716278  -0.249082 -0.166871 0.953998  0.814889 0.123998 0
kart_scrap
0  -53.557442 -16.250000 6.770413  -0.045408 0.000000 -0.998968  0.779556 0.656776 0
0  -28.560534 -16.250000 5.634191  -0.045408 0.000000 -0.998969  0.779556 0.590062 0
0  -28.560534 -17.750000 5.634191  -0.045408 0.000000 -0.998968  0.783557 0.590061 0
kart_scrap
0  -31.500000 -15.500000 6.999999  0.000000 0.866025 -0.500000  0.321022 0.546676 0
0  29.500000 -15.500000 7.000001  0.000000 0.866025 -0.500000  0.321022 0.403533 0
0  29.500000 -16.250000 5.700963  0.000000 0.866025 -0.500000  0.324997 0.403316 0
kart_scrap
0  26.370588 17.823416 8.080281  0.019973 0.750475 0.660597  0.843024 0.461261 0
0  47.232582 13.187417 12.716278  0.019973 0.750476 0.660596  0.843024 0.512976 0
0  47.681305 14.126377 11.635998  0.019973 0.750476 0.660596  0.839141 0.512528 0
kart_scrap
0  46.982277 11.743041 12.398279  0.953998 -0.212001 0.212000  0.950221 0.569633 0
0  47.180691 11.237624 10.999999  0.953998 -0.212000 0.211999  0.950221 0.573616 0
0  47.629410 12.176583 9.919719  0.953998 -0.212000 0.211999  0.946872 0.575516 0
kart_scrap
0  47.629410 12.176583 9.919719  0.953998 -0.212000 0.211999  0.946872 0.575516 0
0  47.879719 13.620960 10.237719  0.953999 -0.211996 0.212000  0.943522 0.573434 0
0  47.681305 14.126377 11.635998  0.953998 -0.212000 0.212000  0.943522 0.569451 0
kart_scrap
0  47.681305 14.126377 11.635998  0.953998 -0.212000 0.212000  0.943522 0.569451 0
0  47.232582 13.187417 12.716278  0.953998 -0.211999 0.212001  0.946872 0.567551 0
0  46.982277 11.743041 12.398279  0.953998 -0.212001 0.212000  0.950221 0.569633 0
kart_scrap
0  44.161488 12.419256 10.115349  -0.454312 -0.888869 0.059260  0.901643 0.328470 0
0  52.815441 8.092278 11.557673  -0.454312 -0.888870 0.059260  0.901643 0.302356 0
0  52.658176 8.271393 13.038614  -0.454312 -0.888870 0.059260  0.905628 0.302356 0
kart_scrap
0  27.017723 -18.256960 5.601721  0.269055 -0.917347 -0.293402  0.805047 0.519197 0
0  47.879719 -13.620960 10.237719  0.269055 -0.917347 -0.293402  0.805047 0.460846 0
0  47.681305 -14.126377 11.635998  0.269055 -0.917347 -0.293402  0.808877 0.460812 0
kart_scrap
0  44.830288 13.484375 9.297897  -0.884652 0.442326 -0.147441  0.597188 0.949953 0
0  44.161488 12.419256 10.115349  -0.884652 0.442325 -0.147442  0.594239 0.951436 0
0  45.184559 14.907722 11.442327  -0.884652 0.442325 -0.147442  0.594239 0.943682 0
kart_scrap
0  44.161488 12.419256 10.115349  -0.884652 0.442325 -0.147442  0.594239 0.951436 0
0  44.004219 12.598371 11.596290  -0.884652 0.442325 -0.147444  0.591291 0.949042 0
0  45.184559 14.907722 11.442327  -0.884652 0.442325 -0.147442  0.594239 0.943682 0
kart_scrap
0  44.004219 12.598371 11.596290  -0.884652 0.442325 -0.147444  0.591291 0.949042 0
0  44.515755 13.842603 12.259779  -0.884650 0.442330 -0.147442  0.591291 0.945165 0
0  45.184559 14.907722 11.442327  -0.884652 0.442325 -0.147442  0.594239 0.943682 0
kart_scrap
0  44.004219 12.598371 11.596290  -0.317954 -0.341024 0.884651  0.909503 0.561421 0
0  52.658176 8.271393 13.038614  -0.317954 -0.341023 0.884652  0.909503 0.535592 0
0  53.169712 9.515625 13.702103  -0.317954 -0.341023 0.884652  0.913076 0.535858 0
kart_scrap
0  -31.500000 -16.250000 5.700961  0.000000 0.000000 -1.000000  0.532468 0.465192 0
0  29.500000 -16.250000 5.700963  0.000000 0.000000 -1.000000  0.532468 0.302356 0
0  29.500000 -17.750000 5.700963  0.000000 0.000000 -1.000000  0.536469 0.302356 0
kart_scrap
0  26.318695 -15.873623 6.364002  -0.019974 0.750475 -0.660597  0.540343 0.843535 0
0  47.180691 -11.237624 10.999999  -0.019973 0.750476 -0.660595  0.540343 0.794840 0
0  47.629410 -12.176583 9.919719  -0.019973 0.750476 -0.660595  0.544309 0.794549 0
kart_scrap
0  44.515755 13.842603 12.259779  0.136359 0.547846 0.825391  0.056938 0.914111 0
0  53.169712 9.515625 13.702103  0.136358 0.547845 0.825392  0.056938 0.888746 0
0  53.838512 10.580744 12.884651  0.136358 0.547845 0.825392  0.060509 0.889175 0
kart_scrap
0  52.658176 8.271393 13.038614  0.884652 -0.442326 0.147442  0.911546 0.286465 0
0  52.815441 8.092278 11.557673  0.884648 -0.442333 0.147441  0.908247 0.288713 0
0  53.484245 9.157397 10.740221  0.884651 -0.442328 0.147442  0.904949 0.287211 0
kart_scrap
0  53.484245 9.157397 10.740221  0.884651 -0.442328 0.147442  0.904949 0.287211 0
0  53.995781 10.401629 11.403710  0.884649 -0.442330 0.147443  0.904949 0.283461 0
0  53.838512 10.580744 12.884651  0.884652 -0.442326 0.147442  0.908247 0.281214 0
kart_scrap
0  53.838512 10.580744 12.884651  0.884652 -0.442326 0.147442  0.908247 0.281214 0
0  53.169712 9.515625 13.702103  0.884653 -0.442324 0.147441  0.911546 0.282716 0
0  52.658176 8.271393 13.038614  0.884652 -0.442326 0.147442  0.911546 0.286465 0
kart_scrap
0  -53.498451 -18.500000 8.068111  0.022704 -0.866025 0.499484  0.801127 0.590061 0
0  -28.501547 -18.500000 6.931889  0.022704 -0.866026 0.499483  0.801127 0.651192 0
0  -28.442560 -17.750000 8.229588  0.022704 -0.866026 0.499483  0.797129 0.651258 0
kart_scrap
0  45.341824 -14.728607 9.961386  0.454311 -0.888870 -0.059260  0.310329 0.877229 0
0  53.995781 -10.401629 11.403710  0.454312 -0.888870 -0.059260  0.310329 0.851188 0
0  53.838512 -10.580744 12.884651  0.454312 -0.888870 -0.059260  0.313893 0.851324 0
kart_scrap
0  -53.557442 -17.750000 6.770413  -0.998968 0.000000 0.045411  0.497807 0.948998 0
0  -53.498451 -18.500000 8.068111  -0.998968 0.000000 0.045408  0.494360 0.947066 0
0  -53.498451 -15.500000 8.068111  -0.998969 0.000000 0.045408  0.501254 0.943002 0
kart_scrap
0  -53.498451 -18.500000 8.068111  -0.998968 0.000000 0.045408  0.494360 0.947066 0
0  -53.439468 -17.750000 9.365809  -0.998969 0.000000 0.045405  0.494360 0.943102 0
0  -53.498451 -15.500000 8.068111  -0.998969 0.000000 0.045408  0.501254 0.943002 0
kart_scrap
0  -53.439468 -17.750000 9.365809  -0.998969 0.000000 0.045405  0.494360 0.943102 0
0  -53.439468 -16.250000 9.365809  -0.998969 0.000000 0.045405  0.497807 0.941070 0
0  -53.498451 -15.500000 8.068111  -0.998969 0.000000 0.045408  0.501254 0.943002 0
kart_scrap
0  -53.439468 -17.750000 9.365809  0.045408 0.000000 0.998968  0.765984 0.590061 0
0  -28.442560 -17.750000 8.229588  0.045408 0.000000 0.998969  0.765984 0.656794 0
0  -28.442560 -16.250000 8.229588  0.045408 0.000000 0.998968  0.761984 0.656794 0
kart_scrap
0  26.767416 -16.812582 5.283722  0.249082 -0.166869 -0.953998  0.813611 0.733765 0
0  47.629410 -12.176583 9.919719  0.249082 -0.166871 -0.953998  0.813611 0.676650 0
0  47.879719 -13.620960 10.237719  0.249082 -0.166871 -0.953998  0.817513 0.676833 0
kart_scrap
0  44.161488 -12.419256 10.115349  -0.136358 0.547845 -0.825392  0.162778 0.880284 0
0  52.815441 -8.092278 11.557673  -0.136359 0.547847 -0.825391  0.162778 0.854433 0
0  53.484245 -9.157397 10.740221  -0.136359 0.547847 -0.825391  0.166121 0.854122 0
kart_scrap
0  -53.439468 -16.250000 9.365809  0.022704 0.866026 0.499483  0.804070 0.302356 0
0  -28.442560 -16.250000 8.229588  0.022704 0.866025 0.499485  0.804070 0.360209 0
0  -28.501547 -15.500000 6.931889  0.022704 0.866025 0.499485  0.800110 0.360495 0
kart_scrap
0  -28.442560 -17.750000 8.229588  0.998969 0.000000 -0.045408  0.350370 0.946386 0
0  -28.501547 -18.500000 6.931889  0.998968 0.000000 -0.045408  0.346916 0.948390 0
0  -28.501547 -15.500000 6.931889  0.998969 0.000000 -0.045408  0.346916 0.940382 0
kart_scrap
0  -28.501547 -18.500000 6.931889  0.998968 0.000000 -0.045408  0.346916 0.948390 0
0  -28.560534 -17.750000 5.634191  0.998969 0.000000 -0.045408  0.343462 0.946389 0
0  -28.501547 -15.500000 6.931889  0.998969 0.000000 -0.045408  0.346916 0.940382 0
kart_scrap
0  -28.560534 -17.750000 5.634191  0.998969 0.000000 -0.045408  0.343462 0.946389 0
0  -28.560534 -16.250000 5.634191  0.998969 0.000000 -0.045408  0.343462 0.942385 0
0  -28.501547 -15.500000 6.931889  0.998969 0.000000 -0.045408  0.346916 0.940382 0
kart_scrap
0  -31.500000 -18.500000 6.999999  -0.000000 -0.866025 0.500000  0.347455 0.388620 0
0  29.500000 -18.500000 7.000001  -0.000000 -0.866025 0.500000  0.347455 0.536251 0
0  29.500000 -17.750000 8.299039  -0.000000 -0.866025 0.500000  0.343462 0.536352 0
kart_scrap
0  -48.874168 -18.299999 8.650000  0.499999 -0.000000 0.866026  0.614739 0.478781 0
0  -48.874168 18.299999 8.650001  0.500001 0.000000 0.866025  0.614739 0.576483 0
0  -50.000000 18.299999 9.300000  0.500001 -0.000000 0.866025  0.611734 0.576479 0
kart_scrap
0  -31.500000 -17.750000 5.700961  -1.000000 0.000000 0.000000  0.418243 0.948152 0
0  -31.500000 -18.500000 6.999999  -1.000000 0.000000 0.000000  0.418243 0.944226 0
0  -31.500000 -17.750000 8.299037  -1.000000 0.000000 0.000000  0.421692 0.942329 0
kart_scrap
0  -31.500000 -17.750000 8.299037  -1.000000 0.000000 0.000000  0.421692 0.942329 0
0  -31.500000 -16.250000 8.299037  -1.000000 0.000000 0.000000  0.425141 0.944357 0
0  -31.500000 -15.500000 6.999999  -1.000000 0.000000 0.000000  0.425141 0.948283 0
kart_scrap
0  -31.500000 -15.500000 6.999999  -1.000000 0.000000 0.000000  0.425141 0.948283 0
0  -31.500000 -16.250000 5.700961  -1.000000 0.000000 0.000000  0.421692 0.950181 0
0  -31.500000 -17.750000 5.700961  -1.000000 0.000000 0.000000  0.418243 0.948152 0
kart_scrap
0  -31.500000 -17.750000 8.299037  -0.000000 0.000000 1.000000  0.505765 0.066957 0
0  29.500000 -17.750000 8.299039  -0.000000 0.000000 1.000000  0.505765 0.229795 0
0  29.500000 -16.250000 8.299039  -0.000000 0.000000 1.000000  0.501764 0.229795 0
kart_scrap
0  44.830288 -13.484375 9.297897  0.317954 -0.341023 -0.884652  0.166121 0.879973 0
0  53.484245 -9.157397 10.740221  0.317953 -0.341023 -0.884652  0.166121 0.854122 0
0  53.995781 -10.401629 11.403710  0.317953 -0.341023 -0.884652  0.169696 0.854376 0
kart_scrap
0  -50.000000 -18.299999 6.699999  0.500001 0.000000 -0.866025  0.197846 0.706112 0
0  -50.000000 18.299999 6.700001  0.500001 0.000000 -0.866025  0.197846 0.608411 0
0  -48.874168 18.299999 7.350001  0.500001 0.000000 -0.866025  0.200857 0.608403 0
kart_scrap
0  -31.500000 -16.250000 8.299037  -0.000000 0.866025 0.500000  0.092861 0.438322 0
0  29.500000 -16.250000 8.299039  -0.000000 0.866025 0.500000  0.092861 0.577048 0
0  29.500000 -15.500000 7.000001  -0.000000 0.866025 0.500000  0.088890 0.577302 0
kart_scrap
0  29.500000 -17.750000 8.299039  1.000000 0.000000 0.000000  0.917233 0.937905 0
0  29.500000 -18.500000 7.000001  1.000000 0.000000 0.000000  0.920697 0.939905 0
0  29.500000 -17.750000 5.700963  1.000000 0.000000 0.000000  0.920697 0.943907 0
kart_scrap
0  29.500000 -17.750000 5.700963  1.000000 0.000000 0.000000  0.920697 0.943907 0
0  29.500000 -16.250000 5.700963  1.000000 0.000000 0.000000  0.917233 0.945910 0
0  29.500000 -15.500000 7.000001  1.000000 0.000000 0.000000  0.913768 0.943910 0
kart_scrap
0  29.500000 -15.500000 7.000001  1.000000 0.000000 0.000000  0.913768 0.943910 0
0  29.500000 -16.250000 8.299039  1.000000 0.000000 0.000000  0.913768 0.939907 0
0  29.500000 -17.750000 8.299039  1.000000 0.000000 0.000000  0.917233 0.937905 0
kart_scrap
0  26.819309 -18.762377 7.000001  0.019973 -0.750475 0.660596  0.829627 0.812925 0
0  47.681305 -14.126377 11.635998  0.019973 -0.750475 0.660597  0.829627 0.757554 0
0  47.232582 -13.187417 12.716278  0.019973 -0.750475 0.660597  0.833359 0.757098 0
kart_scrap
0  -28.874166 -18.299999 7.649999  0.499999 0.000000 0.866026  0.606669 0.302361 0
0  -28.874166 18.299999 7.650001  0.500000 0.000000 0.866025  0.606669 0.400063 0
0  -30.000000 18.299999 8.300000  0.500000 0.000000 0.866025  0.603664 0.400058 0
kart_scrap
0  27.017723 -18.256960 5.601721  -0.953998 -0.211999 -0.212000  0.588560 0.678606 0
0  26.819309 -18.762377 7.000001  -0.953999 -0.211994 -0.212001  0.591654 0.676457 0
0  26.370588 -17.823416 8.080281  -0.953998 -0.212000 -0.212000  0.594748 0.678291 0
kart_scrap
0  26.370588 -17.823416 8.080281  -0.953998 -0.212000 -0.212000  0.594748 0.678291 0
0  26.120281 -16.379040 7.762281  -0.953997 -0.212003 -0.211999  0.594748 0.682275 0
0  26.318695 -15.873623 6.364002  -0.953998 -0.212002 -0.212000  0.591654 0.684424 0
kart_scrap
0  26.318695 -15.873623 6.364002  -0.953998 -0.212002 -0.212000  0.591654 0.684424 0
0  26.767416 -16.812582 5.283722  -0.953998 -0.212000 -0.212001  0.588560 0.682590 0
0  27.017723 -18.256960 5.601721  -0.953998 -0.211999 -0.212000  0.588560 0.678606 0
kart_scrap
0  26.370588 -17.823416 8.080281  -0.249082 0.166871 0.953998  0.818606 0.590061 0
0  47.232582 -13.187417 12.716278  -0.249081 0.166870 0.953998  0.818606 0.647088 0
0  46.982277 -11.743041 12.398279  -0.249081 0.166870 0.953998  0.814699 0.647271 0
kart_scrap
0  -48.874168 -18.299999 7.349999  1.000000 0.000000 0.000000  0.677748 0.164659 0
0  -48.874168 18.299999 7.350001  1.000000 -0.000000 0.000000  0.677748 0.066958 0
0  -48.874168 18.299999 8.650001  1.000000 -0.000000 0.000000  0.681213 0.066957 0
kart_scrap
0  -30.000000 -18.299999 5.699999  0.500000 0.000000 -0.866025  0.661152 0.692428 0
0  -30.000000 18.299999 5.700001  0.500000 0.000000 -0.866025  0.661152 0.594727 0
0  -28.874166 18.299999 6.350001  0.500000 0.000000 -0.866025  0.664162 0.594719 0
kart_scrap
0  26.120281 -16.379040 7.762281  -0.269055 0.917346 0.293403  0.817642 0.359228 0
0  46.982277 -11.743041 12.398279  -0.269055 0.917347 0.293401  0.817642 0.302621 0
0  47.180691 -11.237624 10.999999  -0.269055 0.917347 0.293401  0.821493 0.302356 0
kart_scrap
0  47.232582 -13.187417 12.716278  0.953998 0.212000 0.212000  0.221351 0.700214 0
0  47.681305 -14.126377 11.635998  0.953999 0.211996 0.212000  0.221351 0.704060 0
0  47.879719 -13.620960 10.237719  0.953998 0.211999 0.212000  0.217890 0.706029 0
kart_scrap
0  47.879719 -13.620960 10.237719  0.953998 0.211999 0.212000  0.217890 0.706029 0
0  47.629410 -12.176583 9.919719  0.953998 0.212000 0.211998  0.214429 0.704152 0
0  47.180691 -11.237624 10.999999  0.953998 0.212001 0.211999  0.214429 0.700306 0
kart_scrap
0  47.180691 -11.237624 10.999999  0.953998 0.212001 0.211999  0.214429 0.700306 0
0  46.982277 -11.743041 12.398279  0.953997 0.212004 0.211999  0.217890 0.698337 0
0  47.232582 -13.187417 12.716278  0.953998 0.212000 0.212000  0.221351 0.700214 0
kart_scrap
0  45.184559 -14.907722 11.442327  0.136359 -0.547845 0.825392  0.313893 0.877365 0
0  53.838512 -10.580744 12.884651  0.136358 -0.547846 0.825392  0.313893 0.851324 0
0  53.169712 -9.515625 13.702103  0.136358 -0.547846 0.825392  0.317250 0.851161 0
kart_scrap
0  -2.874167 -18.299999 7.649999  0.500000 -0.000000 0.866026  0.614128 0.178252 0
0  -2.874167 18.299999 7.650001  0.500001 -0.000000 0.866025  0.614128 0.275954 0
0  -4.000000 18.299999 8.300000  0.500001 -0.000000 0.866025  0.611123 0.275950 0
kart_scrap
0  45.341824 -14.728607 9.961386  -0.884650 -0.442330 -0.147442  0.938354 0.223934 0
0  45.184559 -14.907722 11.442327  -0.884650 -0.442330 -0.147442  0.939911 0.220474 0
0  44.515755 -13.842603 12.259779  -0.884652 -0.442326 -0.147442  0.943273 0.220473 0
kart_scrap
0  44.515755 -13.842603 12.259779  -0.884652 -0.442326 -0.147442  0.943273 0.220473 0
0  44.004219 -12.598371 11.596290  -0.884652 -0.442324 -0.147443  0.945079 0.223934 0
0  44.161488 -12.419256 10.115349  -0.884655 -0.442319 -0.147443  0.943522 0.227394 0
kart_scrap
0  44.161488 -12.419256 10.115349  -0.884655 -0.442319 -0.147443  0.943522 0.227394 0
0  44.830288 -13.484375 9.297897  -0.884653 -0.442324 -0.147442  0.940159 0.227394 0
0  44.515755 -13.842603 12.259779  -0.884652 -0.442326 -0.147442  0.943273 0.220473 0
kart_scrap
0  44.515755 -13.842603 12.259779  -0.317954 0.341024 0.884651  0.911922 0.129475 0
0  53.169712 -9.515625 13.702103  -0.317953 0.341022 0.884652  0.911922 0.155294 0
0  52.658176 -8.271393 13.038614  -0.317953 0.341022 0.884652  0.908341 0.155562 0
kart_scrap
0  -28.874166 -18.299999 6.349999  1.000000 0.000000 0.000000  0.677740 0.285444 0
0  -28.874166 18.299999 6.350001  1.000000 0.000000 0.000000  0.677740 0.187743 0
0  -28.874166 18.299999 7.650001  1.000000 0.000000 0.000000  0.681205 0.187742 0
kart_scrap
0  -4.000000 -18.299999 5.699999  0.500000 0.000000 -0.866025  0.628311 0.703253 0
0  -4.000000 18.299999 5.700001  0.500001 0.000000 -0.866025  0.628311 0.605552 0
0  -2.874167 18.299999 6.350001  0.500001 0.000000 -0.866025  0.631321 0.605544 0
kart_scrap
0  44.004219 -12.598371 11.596290  -0.454312 0.888869 0.059260  0.900936 0.659251 0
0  52.658176 -8.271393 13.038614  -0.454311 0.888870 0.059260  0.900936 0.633138 0
0  52.815441 -8.092278 11.557673  -0.454311 0.888870 0.059260  0.904923 0.633136 0
kart_scrap
0  53.169712 -9.515625 13.702103  0.884651 0.442326 0.147442  0.874797 0.356268 0
0  53.838512 -10.580744 12.884651  0.884656 0.442317 0.147443  0.874797 0.359881 0
0  53.995781 -10.401629 11.403710  0.884653 0.442323 0.147443  0.871392 0.361964 0
kart_scrap
0  53.995781 -10.401629 11.403710  0.884653 0.442323 0.147443  0.871392 0.361964 0
0  53.484245 -9.157397 10.740221  0.884650 0.442329 0.147442  0.867987 0.360433 0
0  53.169712 -9.515625 13.702103  0.884651 0.442326 0.147442  0.874797 0.356268 0
kart_scrap
0  53.484245 -9.157397 10.740221  0.884650 0.442329 0.147442  0.867987 0.360433 0
0  52.815441 -8.092278 11.557673  0.884649 0.442332 0.147441  0.867987 0.356821 0
0  53.169712 -9.515625 13.702103  0.884651 0.442326 0.147442  0.874797 0.356268 0
kart_scrap
0  -50.000000 -18.299999 9.299999  -0.500001 -0.000000 0.866025  0.611734 0.478776 0
0  -50.000000 18.299999 9.300000  -0.499999 0.000000 0.866026  0.611734 0.576479 0
0  -51.125832 18.299999 8.650001  -0.499999 -0.000000 0.866026  0.608733 0.576483 0
kart_scrap
0  23.125834 -18.299999 7.649999  0.499999 -0.000000 0.866026  0.614128 0.066962 0
0  23.125834 18.299999 7.650001  0.500000 -0.000000 0.866025  0.614128 0.164664 0
0  22.000000 18.299999 8.300000  0.500000 -0.000000 0.866025  0.611122 0.164660 0
kart_scrap
0  -48.874168 -18.299999 8.650000  0.000000 -1.000000 0.000000  0.956181 0.465355 0
0  -50.000000 -18.299999 9.299999  0.000000 -1.000000 0.000000  0.956181 0.462131 0
0  -51.125832 -18.299999 8.650000  0.000000 -1.000000 0.000000  0.959078 0.460812 0
kart_scrap
0  -51.125832 -18.299999 8.650000  0.000000 -1.000000 0.000000  0.959078 0.460812 0
0  -51.125832 -18.299999 7.349999  0.000000 -1.000000 0.000000  0.961975 0.462717 0
0  -50.000000 -18.299999 6.699999  0.000000 -1.000000 0.000000  0.961975 0.465940 0
kart_scrap
0  -50.000000 -18.299999 6.699999  0.000000 -1.000000 0.000000  0.961975 0.465940 0
0  -48.874168 -18.299999 7.349999  0.000000 -1.000000 0.000000  0.959078 0.467259 0
0  -51.125832 -18.299999 8.650000  0.000000 -1.000000 0.000000  0.959078 0.460812 0
kart_scrap
0  -51.125832 -18.299999 8.650000  -1.000000 0.000000 0.000000  0.106433 0.683061 0
0  -51.125832 18.299999 8.650001  -1.000000 -0.000000 0.000000  0.106433 0.585372 0
0  -51.125832 18.299999 7.350001  -1.000000 -0.000000 0.000000  0.109817 0.585385 0
kart_scrap
0  -2.874167 -18.299999 6.349999  1.000000 -0.000000 0.000000  0.677783 0.576478 0
0  -2.874167 18.299999 6.350001  1.000000 0.000000 0.000000  0.677783 0.478777 0
0  -2.874167 18.299999 7.650001  1.000000 -0.000000 0.000000  0.681249 0.478776 0
kart_scrap
0  22.000000 -18.299999 5.699999  0.500000 0.000000 -0.866025  0.694821 0.576478 0
0  22.000000 18.299999 5.700001  0.500000 0.000000 -0.866025  0.694821 0.478777 0
0  23.125834 18.299999 6.350001  0.500000 0.000000 -0.866025  0.697831 0.478769 0
kart_scrap
0  -51.125832 -18.299999 7.349999  -0.500001 0.000000 -0.866025  0.088299 0.688591 0
0  -51.125832 18.299999 7.350001  -0.500001 0.000000 -0.866025  0.088299 0.590894 0
0  -50.000000 18.299999 6.700001  -0.500001 0.000000 -0.866025  0.091680 0.590886 0
kart_scrap
0  -51.125832 18.299999 8.650001  0.000000 1.000000 0.000000  0.961011 0.129475 0
0  -50.000000 18.299999 9.300000  0.000000 1.000000 0.000000  0.963907 0.130782 0
0  -48.874168 18.299999 8.650001  0.000000 1.000000 0.000000  0.963907 0.133995 0
kart_scrap
0  -48.874168 18.299999 8.650001  0.000000 1.000000 0.000000  0.963907 0.133995 0
0  -48.874168 18.299999 7.350001  0.000000 1.000000 0.000000  0.961011 0.135901 0
0  -50.000000 18.299999 6.700001  0.000000 1.000000 0.000000  0.958115 0.134594 0
kart_scrap
0  -50.000000 18.299999 6.700001  0.000000 1.000000 0.000000  0.958115 0.134594 0
0  -51.125832 18.299999 7.350001  0.000000 1.000000 0.000000  0.958115 0.131381 0
0  -48.874168 18.299999 8.650001  0.000000 1.000000 0.000000  0.963907 0.133995 0
kart_scrap
0  -30.000000 -18.299999 8.299999  -0.500000 -0.000000 0.866025  0.603664 0.302356 0
0  -30.000000 18.299999 8.300000  -0.500000 0.000000 0.866026  0.603664 0.400058 0
0  -31.125834 18.299999 7.650001  -0.499999 -0.000000 0.866026  0.600663 0.400063 0
kart_scrap
0  47.125832 -14.300000 11.650000  0.499999 -0.000000 0.866026  0.220435 0.608407 0
0  47.125832 14.300000 11.650001  0.500001 0.000000 0.866025  0.220435 0.684754 0
0  46.000000 14.300000 12.300000  0.500001 -0.000000 0.866025  0.217430 0.684749 0
kart_scrap
0  -28.874166 -18.299999 7.649999  0.000000 -1.000000 0.000000  0.955967 0.346595 0
0  -30.000000 -18.299999 8.299999  0.000000 -1.000000 0.000000  0.955967 0.343372 0
0  -30.000000 -18.299999 5.699999  0.000000 -1.000000 0.000000  0.961762 0.347181 0
kart_scrap
0  -30.000000 -18.299999 8.299999  0.000000 -1.000000 0.000000  0.955967 0.343372 0
0  -31.125834 -18.299999 7.649999  0.000000 -1.000000 0.000000  0.958865 0.342053 0
0  -30.000000 -18.299999 5.699999  0.000000 -1.000000 0.000000  0.961762 0.347181 0
kart_scrap
0  -31.125834 -18.299999 7.649999  0.000000 -1.000000 0.000000  0.958865 0.342053 0
0  -31.125834 -18.299999 6.349999  0.000000 -1.000000 0.000000  0.961762 0.343957 0
0  -30.000000 -18.299999 5.699999  0.000000 -1.000000 0.000000  0.961762 0.347181 0
kart_scrap
0  -31.125834 -18.299999 7.649999  -1.000000 -0.000000 0.000000  0.493784 0.686686 0
0  -31.125834 18.299999 7.650001  -1.000000 0.000000 0.000000  0.493784 0.588997 0
0  -31.125834 18.299999 6.350001  -1.000000 0.000000 0.000000  0.497169 0.589010 0
kart_scrap
0  23.125834 -18.299999 6.349999  1.000000 0.000000 0.000000  0.044117 0.682560 0
0  23.125834 18.299999 6.350001  1.000000 0.000000 0.000000  0.044117 0.584859 0
0  23.125834 18.299999 7.650001  1.000000 0.000000 0.000000  0.047582 0.584858 0
kart_scrap
0  46.000000 -14.300000 9.700000  0.500001 -0.000000 -0.866025  0.591420 0.274561 0
0  46.000000 14.300000 9.700001  0.500000 0.000000 -0.866026  0.591420 0.198216 0
0  47.125832 14.300000 10.350000  0.500000 0.000000 -0.866026  0.594431 0.198208 0
kart_scrap
0  -31.125834 -18.299999 6.349999  -0.500000 0.000000 -0.866025  0.687298 0.400061 0
0  -31.125834 18.299999 6.350001  -0.500000 0.000000 -0.866025  0.687298 0.302364 0
0  -30.000000 18.299999 5.700001  -0.500000 0.000000 -0.866025  0.690679 0.302356 0
kart_scrap
0  -31.125834 18.299999 7.650001  0.000000 1.000000 0.000000  0.057613 0.956735 0
0  -30.000000 18.299999 8.300000  0.000000 1.000000 0.000000  0.060509 0.958042 0
0  -30.000000 18.299999 5.700001  0.000000 1.000000 0.000000  0.054716 0.961854 0
kart_scrap
0  -30.000000 18.299999 8.300000  0.000000 1.000000 0.000000  0.060509 0.958042 0
0  -28.874166 18.299999 7.650001  0.000000 1.000000 0.000000  0.060509 0.961254 0
0  -30.000000 18.299999 5.700001  0.000000 1.000000 0.000000  0.054716 0.961854 0
kart_scrap
0  -28.874166 18.299999 7.650001  0.000000 1.000000 0.000000  0.060509 0.961254 0
0  -28.874166 18.299999 6.350001  0.000000 1.000000 0.000000  0.057613 0.963160 0
0  -30.000000 18.299999 5.700001  0.000000 1.000000 0.000000  0.054716 0.961854 0
kart_scrap
0  -4.000000 -18.299999 8.299999  -0.500001 -0.000000 0.866025  0.611123 0.178247 0
0  -4.000000 18.299999 8.300000  -0.500000 -0.000000 0.866026  0.611123 0.275950 0
0  -5.125833 18.299999 7.650001  -0.500000 -0.000000 0.866026  0.608122 0.275954 0
kart_scrap
0  -52.400002 -23.600000 13.999999  0.923880 -0.000000 0.382683  0.022582 0.552794 0
0  -52.400002 23.600000 14.000001  0.923880 0.000000 0.382682  0.022582 0.426797 0
0  -52.868629 23.600000 15.131371  0.923880 -0.000000 0.382682  0.025639 0.426803 0
kart_scrap
0  -2.874167 -18.299999 7.649999  0.000000 -1.000000 0.000000  0.956261 0.246046 0
0  -4.000000 -18.299999 8.299999  0.000000 -1.000000 0.000000  0.956261 0.242822 0
0  -4.000000 -18.299999 5.699999  0.000000 -1.000000 0.000000  0.962055 0.246631 0
kart_scrap
0  -4.000000 -18.299999 8.299999  0.000000 -1.000000 0.000000  0.956261 0.242822 0
0  -5.125833 -18.299999 7.649999  0.000000 -1.000000 0.000000  0.959158 0.241503 0
0  -4.000000 -18.299999 5.699999  0.000000 -1.000000 0.000000  0.962055 0.246631 0
kart_scrap
0  -5.125833 -18.299999 7.649999  0.000000 -1.000000 0.000000  0.959158 0.241503 0
0  -5.125833 -18.299999 6.349999  0.000000 -1.000000 0.000000  0.962055 0.243408 0
0  -4.000000 -18.299999 5.699999  0.000000 -1.000000 0.000000  0.962055 0.246631 0
kart_scrap
0  -5.125833 -18.299999 7.649999  -1.000000 -0.000000 0.000000  0.608733 0.687756 0
0  -5.125833 18.299999 7.650001  -1.000000 0.000000 0.000000  0.608733 0.590066 0
0  -5.125833 18.299999 6.350001  -1.000000 -0.000000 0.000000  0.612117 0.590079 0
kart_scrap
0  47.125832 -14.300000 10.349999  1.000000 0.000000 0.000000  0.745038 0.264089 0
0  47.125832 14.300000 10.350000  1.000000 -0.000000 0.000000  0.745038 0.187743 0
0  47.125832 14.300000 11.650001  1.000000 -0.000000 0.000000  0.748504 0.187742 0
kart_scrap
0  -54.000000 -23.600000 12.400000  0.382683 0.000000 -0.923880  0.584068 0.428359 0
0  -54.000000 23.600000 12.400001  0.382685 0.000000 -0.923879  0.584068 0.302362 0
0  -52.868629 23.600000 12.868629  0.382685 0.000000 -0.923879  0.587091 0.302356 0
kart_scrap
0  -5.125833 -18.299999 6.349999  -0.500001 0.000000 -0.866025  0.694785 0.164662 0
0  -5.125833 18.299999 6.350001  -0.500000 0.000000 -0.866025  0.694785 0.066966 0
0  -4.000000 18.299999 5.700001  -0.500000 0.000000 -0.866025  0.698166 0.066957 0
kart_scrap
0  -5.125833 18.299999 7.650001  0.000000 1.000000 0.000000  0.960010 0.272479 0
0  -4.000000 18.299999 8.300000  0.000000 1.000000 0.000000  0.962906 0.273786 0
0  -4.000000 18.299999 5.700001  0.000000 1.000000 0.000000  0.957113 0.277598 0
kart_scrap
0  -4.000000 18.299999 8.300000  0.000000 1.000000 0.000000  0.962906 0.273786 0
0  -2.874167 18.299999 7.650001  0.000000 1.000000 0.000000  0.962906 0.276998 0
0  -4.000000 18.299999 5.700001  0.000000 1.000000 0.000000  0.957113 0.277598 0
kart_scrap
0  -2.874167 18.299999 7.650001  0.000000 1.000000 0.000000  0.962906 0.276998 0
0  -2.874167 18.299999 6.350001  0.000000 1.000000 0.000000  0.960010 0.278905 0
0  -4.000000 18.299999 5.700001  0.000000 1.000000 0.000000  0.957113 0.277598 0
kart_scrap
0  22.000000 -18.299999 8.299999  -0.500000 -0.000000 0.866025  0.611122 0.066957 0
0  22.000000 18.299999 8.300000  -0.500000 -0.000000 0.866026  0.611122 0.164660 0
0  20.874166 18.299999 7.650001  -0.499999 -0.000000 0.866026  0.608122 0.164664 0
kart_scrap
0  -54.411095 18.299999 15.233289  -0.316227 0.000000 0.948683  0.952462 0.307494 0
0  -55.479156 17.650000 14.877270  -0.316225 0.000000 0.948684  0.952462 0.304159 0
0  -55.479156 16.350000 14.877270  -0.316227 0.000000 0.948684  0.955424 0.302356 0
kart_scrap
0  -55.479156 16.350000 14.877270  -0.316227 0.000000 0.948684  0.955424 0.302356 0
0  -54.411095 15.700000 15.233289  -0.316228 0.000000 0.948683  0.958387 0.303888 0
0  -54.411095 18.299999 15.233289  -0.316227 0.000000 0.948683  0.952462 0.307494 0
kart_scrap
0  -54.411095 15.700000 15.233289  -0.316228 0.000000 0.948683  0.958387 0.303888 0
0  -53.343037 16.350000 15.589308  -0.316229 0.000000 0.948683  0.958387 0.307224 0
0  -54.411095 18.299999 15.233289  -0.316227 0.000000 0.948683  0.952462 0.307494 0
kart_scrap
0  23.125834 -18.299999 7.649999  0.000000 -1.000000 0.000000  0.950209 0.840353 0
0  22.000000 -18.299999 8.299999  0.000000 -1.000000 0.000000  0.953141 0.841688 0
0  22.000000 -18.299999 5.699999  0.000000 -1.000000 0.000000  0.947278 0.845389 0
kart_scrap
0  22.000000 -18.299999 8.299999  0.000000 -1.000000 0.000000  0.953141 0.841688 0
0  20.874166 -18.299999 7.649999  0.000000 -1.000000 0.000000  0.953141 0.844873 0
0  22.000000 -18.299999 5.699999  0.000000 -1.000000 0.000000  0.947278 0.845389 0
kart_scrap
0  20.874166 -18.299999 7.649999  0.000000 -1.000000 0.000000  0.953141 0.844873 0
0  20.874166 -18.299999 6.349999  0.000000 -1.000000 0.000000  0.950209 0.846724 0
0  22.000000 -18.299999 5.699999  0.000000 -1.000000 0.000000  0.947278 0.845389 0
kart_scrap
0  20.874166 -18.299999 7.649999  -1.000000 0.000000 0.000000  0.677783 0.687750 0
0  20.874166 18.299999 7.650001  -1.000000 -0.000000 0.000000  0.677783 0.590061 0
0  20.874166 18.299999 6.350001  -1.000000 -0.000000 0.000000  0.681167 0.590074 0
kart_scrap
0  -52.868629 -23.600000 12.868629  0.923880 -0.000000 -0.382683  0.019607 0.552801 0
0  -52.868629 23.600000 12.868629  0.923880 0.000000 -0.382682  0.019607 0.426804 0
0  -52.400002 23.600000 14.000001  0.923880 -0.000000 -0.382682  0.022582 0.426797 0
kart_scrap
0  25.478243 17.282963 8.574966  0.915617 0.253148 0.312348  0.867987 0.340923 0
0  20.728609 31.531864 10.949784  0.915618 0.253148 0.312347  0.867987 0.302356 0
0  20.424831 31.243196 12.074236  0.915618 0.253148 0.312347  0.871100 0.302588 0
kart_scrap
0  20.874166 -18.299999 6.349999  -0.500000 0.000000 -0.866025  0.071346 0.688591 0
0  20.874166 18.299999 6.350001  -0.500000 0.000000 -0.866025  0.071346 0.590894 0
0  22.000000 18.299999 5.700001  -0.500000 0.000000 -0.866025  0.074727 0.590886 0
kart_scrap
0  20.874166 18.299999 7.650001  0.000000 1.000000 0.000000  0.951243 0.962829 0
0  22.000000 18.299999 8.300000  0.000000 1.000000 0.000000  0.951243 0.959649 0
0  22.000000 18.299999 5.700001  0.000000 1.000000 0.000000  0.957096 0.963369 0
kart_scrap
0  22.000000 18.299999 8.300000  0.000000 1.000000 0.000000  0.951243 0.959649 0
0  23.125834 18.299999 7.650001  0.000000 1.000000 0.000000  0.954170 0.958329 0
0  22.000000 18.299999 5.700001  0.000000 1.000000 0.000000  0.957096 0.963369 0
kart_scrap
0  23.125834 18.299999 7.650001  0.000000 1.000000 0.000000  0.954170 0.958329 0
0  23.125834 18.299999 6.350001  0.000000 1.000000 0.000000  0.957096 0.960189 0
0  22.000000 18.299999 5.700001  0.000000 1.000000 0.000000  0.957096 0.963369 0
kart_scrap
0  46.000000 -14.300000 12.299999  -0.500001 -0.000000 0.866025  0.217430 0.608403 0
0  46.000000 14.300000 12.300000  -0.499999 0.000000 0.866026  0.217430 0.684749 0
0  44.874168 14.300000 11.650001  -0.499999 -0.000000 0.866026  0.214429 0.684754 0
kart_scrap
0  21.200001 31.200001 10.999999  0.000000 0.866024 0.500003  0.694739 0.686691 0
0  -21.200001 31.200001 11.000001  0.000000 0.866026 0.499999  0.694739 0.590265 0
0  -21.200001 30.600000 12.039231  0.000000 0.866026 0.499999  0.697917 0.590062 0
kart_scrap
0  47.125832 -14.300000 11.650000  0.000000 -1.000000 0.000000  0.225895 0.762013 0
0  46.000000 -14.300000 12.299999  0.000000 -1.000000 0.000000  0.228587 0.760244 0
0  44.874168 -14.300000 11.650000  0.000000 -1.000000 0.000000  0.231279 0.761943 0
kart_scrap
0  44.874168 -14.300000 11.650000  0.000000 -1.000000 0.000000  0.231279 0.761943 0
0  44.874168 -14.300000 10.349999  0.000000 -1.000000 0.000000  0.231279 0.765412 0
0  47.125832 -14.300000 11.650000  0.000000 -1.000000 0.000000  0.225895 0.762013 0
kart_scrap
0  44.874168 -14.300000 10.349999  0.000000 -1.000000 0.000000  0.231279 0.765412 0
0  46.000000 -14.300000 9.700000  0.000000 -1.000000 0.000000  0.228587 0.767182 0
0  47.125832 -14.300000 11.650000  0.000000 -1.000000 0.000000  0.225895 0.762013 0
kart_scrap
0  44.874168 -14.300000 11.650000  -1.000000 0.000000 0.000000  0.745027 0.666398 0
0  44.874168 14.300000 11.650001  -1.000000 0.000000 0.000000  0.745027 0.590061 0
0  44.874168 14.300000 10.350000  -1.000000 0.000000 0.000000  0.748412 0.590074 0
kart_scrap
0  -51.588905 -15.700000 6.766711  0.474342 0.866025 0.158115  0.864978 0.928430 0
0  -54.411095 -15.700000 15.233289  0.474344 0.866024 0.158114  0.864978 0.905862 0
0  -53.343037 -16.350000 15.589308  0.474343 0.866024 0.158114  0.868342 0.906132 0
kart_scrap
0  -20.041405 31.075783 12.311859  0.141809 -0.208549 0.967676  0.855055 0.227818 0
0  -24.791040 16.826881 9.937043  0.141809 -0.208549 0.967676  0.855055 0.187742 0
0  -23.663851 16.490755 9.699418  0.141809 -0.208549 0.967676  0.858191 0.187844 0
kart_scrap
0  44.874168 -14.300000 10.349999  -0.500000 0.000000 -0.866026  0.745255 0.143308 0
0  44.874168 14.300000 10.350000  -0.500001 0.000000 -0.866025  0.745255 0.066966 0
0  46.000000 14.300000 9.700001  -0.500001 0.000000 -0.866025  0.748636 0.066957 0
kart_scrap
0  44.874168 14.300000 11.650001  0.000000 1.000000 0.000000  0.958651 0.224974 0
0  46.000000 14.300000 12.300000  0.000000 1.000000 0.000000  0.958651 0.221794 0
0  47.125832 14.300000 11.650001  0.000000 1.000000 0.000000  0.961577 0.220474 0
kart_scrap
0  47.125832 14.300000 11.650001  0.000000 1.000000 0.000000  0.961577 0.220474 0
0  47.125832 14.300000 10.350000  0.000000 1.000000 0.000000  0.964504 0.222333 0
0  44.874168 14.300000 11.650001  0.000000 1.000000 0.000000  0.958651 0.224974 0
kart_scrap
0  47.125832 14.300000 10.350000  0.000000 1.000000 0.000000  0.964504 0.222333 0
0  46.000000 14.300000 9.700001  0.000000 1.000000 0.000000  0.964504 0.225513 0
0  44.874168 14.300000 11.650001  0.000000 1.000000 0.000000  0.958651 0.224974 0
kart_scrap
0  -52.868629 -23.600000 15.131371  0.382683 -0.000000 0.923880  0.006035 0.426801 0
0  -52.868629 23.600000 15.131371  0.382685 -0.000000 0.923879  0.006035 0.552799 0
0  -54.000000 23.600000 15.600000  0.382685 -0.000000 0.923879  0.003016 0.552796 0
kart_scrap
0  -51.588905 18.299999 6.766711  0.474342 0.866025 0.158114  0.812144 0.928090 0
0  -54.411095 18.299999 15.233289  0.474343 0.866025 0.158114  0.812144 0.905522 0
0  -53.343037 17.650000 15.589308  0.474343 0.866025 0.158114  0.815508 0.905792 0
kart_scrap
0  24.678595 17.164217 7.688140  0.677041 0.334902 -0.655329  0.888220 0.275351 0
0  19.928961 31.413118 10.062958  0.677040 0.334902 -0.655330  0.888220 0.241503 0
0  20.728609 31.531864 10.949784  0.677040 0.334902 -0.655330  0.891377 0.241798 0
kart_scrap
0  -54.000000 -23.600000 15.599999  -0.382685 -0.000000 0.923879  0.003016 0.426797 0
0  -54.000000 23.600000 15.600000  -0.382683 0.000000 0.923880  0.003016 0.552796 0
0  -55.131371 23.600000 15.131371  -0.382683 -0.000000 0.923880  0.000000 0.552799 0
kart_scrap
0  25.174465 16.994295 9.699418  0.238577 -0.081754 0.967676  0.854415 0.302456 0
0  20.424831 31.243196 12.074236  0.238574 -0.081754 0.967677  0.854415 0.342537 0
0  19.321405 30.835783 12.311859  0.238574 -0.081754 0.967677  0.851278 0.342437 0
kart_scrap
0  -50.520844 16.350000 7.122731  0.474341 -0.866026 0.158114  0.560538 0.926617 0
0  -53.343037 16.350000 15.589308  0.474346 -0.866023 0.158116  0.560538 0.903559 0
0  -54.411095 15.700000 15.233289  0.474345 -0.866023 0.158115  0.564000 0.903512 0
kart_scrap
0  -55.131371 -23.600000 15.131371  -0.923880 -0.000000 0.382682  0.493784 0.575414 0
0  -55.131371 23.600000 15.131371  -0.923880 0.000000 0.382683  0.493784 0.449432 0
0  -55.599998 23.600000 14.000001  -0.923880 0.000000 0.382683  0.497002 0.449423 0
kart_scrap
0  -18.497993 30.788326 10.949783  0.742574 -0.138303 -0.655329  0.843517 0.536244 0
0  -23.247629 16.539423 8.574967  0.742573 -0.138303 -0.655330  0.843517 0.574805 0
0  -23.958595 16.924217 7.688141  0.742573 -0.138303 -0.655330  0.841087 0.574153 0
kart_scrap
0  -52.400002 -23.600000 13.999999  0.000000 -1.000000 -0.000000  0.421958 0.742164 0
0  -52.868629 -23.600000 15.131371  0.000000 -1.000000 -0.000004  0.421958 0.738930 0
0  -54.000000 -23.600000 15.599999  0.000000 -1.000000 -0.000001  0.424050 0.736785 0
kart_scrap
0  -54.000000 -23.600000 15.599999  0.000000 -1.000000 -0.000001  0.424050 0.736785 0
0  -55.131371 -23.600000 15.131371  0.000000 -1.000000 -0.000002  0.427008 0.736986 0
0  -55.599998 -23.600000 13.999999  0.000000 -1.000000 0.000000  0.429100 0.739416 0
kart_scrap
0  -55.599998 -23.600000 13.999999  0.000000 -1.000000 0.000000  0.429100 0.739416 0
0  -55.131371 -23.600000 12.868629  0.000000 -1.000000 0.000004  0.429100 0.742650 0
0  -54.000000 -23.600000 12.400000  0.000000 -1.000000 0.000001  0.427008 0.744795 0
kart_scrap
0  -54.000000 -23.600000 12.400000  0.000000 -1.000000 0.000001  0.427008 0.744795 0
0  -52.868629 -23.600000 12.868629  0.000000 -1.000000 0.000002  0.424050 0.744594 0
0  -52.400002 -23.600000 13.999999  0.000000 -1.000000 -0.000000  0.421958 0.742164 0
kart_scrap
0  -52.400002 -23.600000 13.999999  0.000000 -1.000000 -0.000000  0.421958 0.742164 0
0  -54.000000 -23.600000 15.599999  0.000000 -1.000000 -0.000001  0.424050 0.736785 0
0  -55.599998 -23.600000 13.999999  0.000000 -1.000000 0.000000  0.429100 0.739416 0
kart_scrap
0  -55.599998 -23.600000 13.999999  -0.923880 -0.000000 -0.382682  0.554466 0.192949 0
0  -55.599998 23.600000 14.000001  -0.923880 0.000000 -0.382683  0.554466 0.066957 0
0  -55.131371 23.600000 12.868629  -0.923880 0.000000 -0.382683  0.557434 0.066972 0
kart_scrap
0  -50.520844 17.650000 7.122731  0.948683 0.000000 0.316228  0.829132 0.926816 0
0  -53.343037 17.650000 15.589308  0.948683 0.000000 0.316228  0.829132 0.903977 0
0  -53.343037 16.350000 15.589308  0.948683 0.000000 0.316228  0.832600 0.903972 0
kart_scrap
0  -52.656963 16.350000 6.410692  -0.948683 0.000000 -0.316228  0.035280 0.934234 0
0  -55.479156 16.350000 14.877270  -0.948683 0.000000 -0.316228  0.035280 0.913348 0
0  -55.479156 17.650000 14.877270  -0.948683 0.000000 -0.316228  0.038747 0.913327 0
kart_scrap
0  -55.131371 -23.600000 12.868629  -0.382685 0.000000 -0.923879  0.557434 0.192964 0
0  -55.131371 23.600000 12.868629  -0.382683 0.000000 -0.923880  0.557434 0.066972 0
0  -54.000000 23.600000 12.400001  -0.382683 0.000000 -0.923880  0.560497 0.066960 0
kart_scrap
0  -54.000000 23.600000 15.600000  0.000000 1.000000 -0.000001  0.877937 0.513272 0
0  -52.868629 23.600000 15.131371  0.000000 1.000000 -0.000002  0.880024 0.515407 0
0  -52.400002 23.600000 14.000001  0.000000 1.000000 0.000000  0.880024 0.518638 0
kart_scrap
0  -52.400002 23.600000 14.000001  0.000000 1.000000 0.000000  0.880024 0.518638 0
0  -52.868629 23.600000 12.868629  0.000000 1.000000 0.000004  0.877937 0.521073 0
0  -54.000000 23.600000 12.400001  0.000000 1.000000 0.000001  0.874986 0.521285 0
kart_scrap
0  -54.000000 23.600000 12.400001  0.000000 1.000000 0.000001  0.874986 0.521285 0
0  -55.131371 23.600000 12.868629  0.000000 1.000000 0.000002  0.872900 0.519150 0
0  -55.599998 23.600000 14.000001  0.000000 1.000000 -0.000000  0.872900 0.515919 0
kart_scrap
0  -55.599998 23.600000 14.000001  0.000000 1.000000 -0.000000  0.872900 0.515919 0
0  -55.131371 23.600000 15.131371  0.000000 1.000000 -0.000004  0.874986 0.513484 0
0  -54.000000 23.600000 15.600000  0.000000 1.000000 -0.000001  0.877937 0.513272 0
kart_scrap
0  -54.000000 23.600000 15.600000  0.000000 1.000000 -0.000001  0.877937 0.513272 0
0  -52.400002 23.600000 14.000001  0.000000 1.000000 0.000000  0.880024 0.518638 0
0  -55.599998 23.600000 14.000001  0.000000 1.000000 -0.000000  0.872900 0.515919 0
kart_scrap
0  -50.520844 -17.650000 7.122731  0.474340 -0.866026 0.158113  0.922338 0.264608 0
0  -53.343037 -17.650000 15.589308  0.474345 -0.866023 0.158115  0.922338 0.241551 0
0  -54.411095 -18.299999 15.233289  0.474345 -0.866024 0.158115  0.925800 0.241503 0
kart_scrap
0  -50.520844 -16.350000 7.122731  0.948683 0.000000 0.316228  0.343462 0.926798 0
0  -53.343037 -16.350000 15.589308  0.948683 0.000000 0.316228  0.343462 0.903959 0
0  -53.343037 -17.650000 15.589308  0.948683 0.000000 0.316228  0.346929 0.903954 0
kart_scrap
0  -52.656963 17.650000 6.410692  -0.474342 0.866025 -0.158114  0.846575 0.923733 0
0  -55.479156 17.650000 14.877270  -0.474343 0.866025 -0.158114  0.846575 0.900084 0
0  -54.411095 18.299999 15.233289  -0.474343 0.866025 -0.158114  0.850033 0.900114 0
kart_scrap
0  -51.588905 18.299999 6.766711  0.316228 0.000000 -0.948683  0.725363 0.950211 0
0  -50.520844 17.650000 7.122731  0.316228 0.000000 -0.948683  0.728324 0.948673 0
0  -50.520844 16.350000 7.122731  0.316227 0.000000 -0.948684  0.731285 0.950479 0
kart_scrap
0  -50.520844 16.350000 7.122731  0.316227 0.000000 -0.948684  0.731285 0.950479 0
0  -51.588905 15.700000 6.766711  0.316227 0.000000 -0.948683  0.731285 0.953822 0
0  -51.588905 18.299999 6.766711  0.316228 0.000000 -0.948683  0.725363 0.950211 0
kart_scrap
0  -51.588905 15.700000 6.766711  0.316227 0.000000 -0.948683  0.731285 0.953822 0
0  -52.656963 16.350000 6.410692  0.316228 0.000000 -0.948683  0.728324 0.955360 0
0  -51.588905 18.299999 6.766711  0.316228 0.000000 -0.948683  0.725363 0.950211 0
kart_scrap
0  -51.588905 -18.299999 6.766711  -0.474344 -0.866024 -0.158115  0.675320 0.923725 0
0  -54.411095 -18.299999 15.233289  -0.474341 -0.866026 -0.158113  0.675320 0.900060 0
0  -55.479156 -17.650000 14.877270  -0.474341 -0.866026 -0.158113  0.678777 0.900029 0
kart_scrap
0  -52.656963 -16.350000 6.410692  0.316228 0.000000 -0.948683  0.697705 0.957095 0
0  -51.588905 -15.700000 6.766711  0.316227 0.000000 -0.948683  0.694740 0.955554 0
0  -51.588905 -18.299999 6.766711  0.316227 0.000000 -0.948683  0.700670 0.951957 0
kart_scrap
0  -51.588905 -15.700000 6.766711  0.316227 0.000000 -0.948683  0.694740 0.955554 0
0  -50.520844 -16.350000 7.122731  0.316227 0.000000 -0.948684  0.694740 0.952215 0
0  -51.588905 -18.299999 6.766711  0.316227 0.000000 -0.948683  0.700670 0.951957 0
kart_scrap
0  -50.520844 -16.350000 7.122731  0.316227 0.000000 -0.948684  0.694740 0.952215 0
0  -50.520844 -17.650000 7.122731  0.316227 0.000000 -0.948684  0.697705 0.950417 0
0  -51.588905 -18.299999 6.766711  0.316227 0.000000 -0.948683  0.700670 0.951957 0
kart_scrap
0  -52.656963 -17.650000 6.410692  -0.948683 0.000000 -0.316228  0.458719 0.933553 0
0  -55.479156 -17.650000 14.877270  -0.948683 0.000000 -0.316228  0.458719 0.912667 0
0  -55.479156 -16.350000 14.877270  -0.948683 0.000000 -0.316228  0.462186 0.912646 0
kart_scrap
0  24.071039 -16.586882 9.937042  0.238575 0.081754 0.967677  0.848603 0.107169 0
0  19.321405 -30.835783 12.311859  0.238576 0.081755 0.967677  0.848603 0.067056 0
0  20.424831 -31.243196 12.074236  0.238576 0.081755 0.967677  0.851739 0.066957 0
kart_scrap
0  -52.656963 -16.350000 6.410692  -0.474343 0.866025 -0.158114  0.917239 0.924292 0
0  -55.479156 -16.350000 14.877270  -0.474343 0.866024 -0.158115  0.917239 0.900642 0
0  -54.411095 -15.700000 15.233289  -0.474343 0.866024 -0.158115  0.920697 0.900672 0
kart_scrap
0  -55.479156 -16.350000 14.877270  -0.316226 0.000000 0.948684  0.074543 0.953858 0
0  -55.479156 -17.650000 14.877270  -0.316227 0.000000 0.948684  0.077506 0.952056 0
0  -54.411095 -18.299999 15.233289  -0.316227 0.000000 0.948683  0.080469 0.953588 0
kart_scrap
0  -54.411095 -18.299999 15.233289  -0.316227 0.000000 0.948683  0.080469 0.953588 0
0  -53.343037 -17.650000 15.589308  -0.316229 0.000000 0.948683  0.080469 0.956923 0
0  -53.343037 -16.350000 15.589308  -0.316228 0.000000 0.948683  0.077506 0.958726 0
kart_scrap
0  -53.343037 -16.350000 15.589308  -0.316228 0.000000 0.948683  0.077506 0.958726 0
0  -54.411095 -15.700000 15.233289  -0.316227 0.000000 0.948684  0.074543 0.957193 0
0  -54.411095 -18.299999 15.233289  -0.316227 0.000000 0.948683  0.080469 0.953588 0
kart_scrap
0  24.071039 16.586882 9.937042  -0.677041 -0.334902 0.655329  0.383694 0.883255 0
0  19.321405 30.835783 12.311859  -0.677040 -0.334902 0.655330  0.383694 0.844843 0
0  18.521757 30.717037 11.425034  -0.677041 -0.334902 0.655330  0.386430 0.845380 0
kart_scrap
0  19.321405 30.835783 12.311859  -0.312348 0.937042 0.156174  0.219627 0.964489 0
0  20.424831 31.243196 12.074236  -0.312348 0.937042 0.156173  0.219627 0.967674 0
0  18.825535 31.005705 10.300582  -0.312348 0.937042 0.156174  0.214199 0.964608 0
kart_scrap
0  20.424831 31.243196 12.074236  -0.312348 0.937042 0.156173  0.219627 0.967674 0
0  20.728609 31.531864 10.949784  -0.312348 0.937042 0.156173  0.216913 0.969326 0
0  18.825535 31.005705 10.300582  -0.312348 0.937042 0.156174  0.214199 0.964608 0
kart_scrap
0  20.728609 31.531864 10.949784  -0.312348 0.937042 0.156173  0.216913 0.969326 0
0  19.928961 31.413118 10.062958  -0.312349 0.937042 0.156176  0.214199 0.967793 0
0  18.825535 31.005705 10.300582  -0.312348 0.937042 0.156174  0.214199 0.964608 0
kart_scrap
0  25.478243 -17.282963 8.574966  0.677041 -0.334901 -0.655329  0.540343 0.891303 0
0  20.728609 -31.531864 10.949784  0.677041 -0.334902 -0.655329  0.540343 0.857118 0
0  19.928961 -31.413118 10.062958  0.677041 -0.334902 -0.655329  0.543516 0.857345 0
kart_scrap
0  23.271391 16.468136 9.050216  -0.915617 -0.253147 -0.312349  0.856596 0.501168 0
0  18.521757 30.717037 11.425034  -0.915617 -0.253148 -0.312347  0.856596 0.460812 0
0  18.825535 31.005705 10.300582  -0.915617 -0.253148 -0.312348  0.859328 0.460992 0
kart_scrap
0  21.200001 29.400000 12.039229  0.000000 -0.866026 0.499999  0.321022 0.662956 0
0  -21.200001 29.400000 12.039231  0.000000 -0.866024 0.500003  0.321022 0.560340 0
0  -21.200001 28.799999 11.000001  0.000000 -0.866024 0.500003  0.324217 0.560260 0
kart_scrap
0  21.200001 30.600000 12.039229  0.000000 0.000000 1.000000  0.620241 0.415541 0
0  -21.200001 30.600000 12.039231  0.000000 0.000000 1.000000  0.620241 0.302356 0
0  -21.200001 29.400000 12.039231  0.000000 0.000000 1.000000  0.623442 0.302356 0
kart_scrap
0  23.575169 16.756804 7.925765  -0.238575 0.081754 -0.967677  0.849751 0.630276 0
0  18.825535 31.005705 10.300582  -0.238576 0.081754 -0.967676  0.849751 0.590163 0
0  19.928961 31.413118 10.062958  -0.238576 0.081754 -0.967676  0.852883 0.590061 0
kart_scrap
0  25.478243 17.282963 8.574966  0.312348 -0.937042 -0.156174  0.763181 0.051719 0
0  25.174465 16.994295 9.699418  0.312346 -0.937044 -0.156169  0.763181 0.048791 0
0  24.071039 16.586882 9.937042  0.312348 -0.937042 -0.156174  0.765944 0.047241 0
kart_scrap
0  24.071039 16.586882 9.937042  0.312348 -0.937042 -0.156174  0.765944 0.047241 0
0  23.271391 16.468136 9.050216  0.312348 -0.937042 -0.156173  0.768708 0.048619 0
0  25.478243 17.282963 8.574966  0.312348 -0.937042 -0.156174  0.763181 0.051719 0
kart_scrap
0  23.271391 16.468136 9.050216  0.312348 -0.937042 -0.156173  0.768708 0.048619 0
0  23.575169 16.756804 7.925765  0.312348 -0.937042 -0.156172  0.768708 0.051546 0
0  25.478243 17.282963 8.574966  0.312348 -0.937042 -0.156174  0.763181 0.051719 0
kart_scrap
0  21.200001 28.799999 10.999999  -0.000000 -0.866024 -0.500003  0.664176 0.066957 0
0  -21.200001 28.799999 11.000001  -0.000000 -0.866026 -0.499999  0.664176 0.174067 0
0  -21.200001 29.400000 9.960771  -0.000000 -0.866026 -0.499999  0.660988 0.174159 0
kart_scrap
0  21.200001 -30.600000 12.039229  0.000000 -0.866026 0.499999  0.245262 0.660727 0
0  -21.200001 -30.600000 12.039231  0.000000 -0.866024 0.500003  0.245262 0.558110 0
0  -21.200001 -31.200001 11.000001  0.000000 -0.866024 0.500003  0.248457 0.558030 0
kart_scrap
0  21.200001 31.200001 10.999999  1.000000 0.000000 0.000000  0.963411 0.161379 0
0  21.200001 30.600000 12.039229  1.000000 0.000000 0.000000  0.966182 0.162981 0
0  21.200001 29.400000 9.960769  1.000000 0.000000 0.000000  0.960641 0.166185 0
kart_scrap
0  21.200001 30.600000 12.039229  1.000000 0.000000 0.000000  0.966182 0.162981 0
0  21.200001 29.400000 12.039229  1.000000 0.000000 0.000000  0.966182 0.166184 0
0  21.200001 29.400000 9.960769  1.000000 0.000000 0.000000  0.960641 0.166185 0
kart_scrap
0  21.200001 29.400000 12.039229  1.000000 0.000000 0.000000  0.966182 0.166184 0
0  21.200001 28.799999 10.999999  1.000000 0.000000 0.000000  0.963411 0.167786 0
0  21.200001 29.400000 9.960769  1.000000 0.000000 0.000000  0.960641 0.166185 0
kart_scrap
0  21.200001 29.400000 9.960769  -0.000000 0.000000 -1.000000  0.631511 0.478776 0
0  -21.200001 29.400000 9.960771  -0.000000 0.000000 -1.000000  0.631512 0.591961 0
0  -21.200001 30.600000 9.960771  -0.000000 0.000000 -1.000000  0.628311 0.591961 0
kart_scrap
0  25.174465 -16.994295 9.699418  0.915617 -0.253148 0.312347  0.865311 0.105881 0
0  20.424831 -31.243196 12.074236  0.915617 -0.253147 0.312348  0.865311 0.067184 0
0  20.728609 -31.531864 10.949784  0.915617 -0.253147 0.312348  0.868423 0.066957 0
kart_scrap
0  21.200001 -28.799999 10.999999  0.000000 0.866024 0.500003  0.694777 0.284372 0
0  -21.200001 -28.799999 11.000001  0.000000 0.866026 0.499999  0.694777 0.187946 0
0  -21.200001 -29.400000 12.039231  0.000000 0.866026 0.499999  0.697954 0.187743 0
kart_scrap
0  21.200001 30.600000 9.960769  -0.000000 0.866026 -0.499999  0.664168 0.187742 0
0  -21.200001 30.600000 9.960771  -0.000000 0.866024 -0.500003  0.664168 0.287239 0
0  -21.200001 31.200001 11.000001  -0.000000 0.866024 -0.500003  0.660988 0.287412 0
kart_scrap
0  -21.200001 29.400000 9.960771  -1.000000 0.000000 0.000000  0.958931 0.487144 0
0  -21.200001 28.799999 11.000001  -1.000000 0.000000 0.000000  0.956181 0.485631 0
0  -21.200001 29.400000 12.039231  -1.000000 0.000000 0.000000  0.956181 0.482481 0
kart_scrap
0  -21.200001 29.400000 12.039231  -1.000000 0.000000 0.000000  0.956181 0.482481 0
0  -21.200001 30.600000 12.039231  -1.000000 0.000000 0.000000  0.958931 0.480843 0
0  -21.200001 31.200001 11.000001  -1.000000 0.000000 0.000000  0.961681 0.482355 0
kart_scrap
0  -21.200001 31.200001 11.000001  -1.000000 0.000000 0.000000  0.961681 0.482355 0
0  -21.200001 30.600000 9.960771  -1.000000 0.000000 0.000000  0.961681 0.485506 0
0  -21.200001 29.400000 12.039231  -1.000000 0.000000 0.000000  0.956181 0.482481 0
kart_scrap
0  -19.208960 31.173119 10.062957  -0.141808 0.208549 -0.967676  0.850570 0.676650 0
0  -23.958595 16.924217 7.688141  -0.141808 0.208549 -0.967677  0.850570 0.716781 0
0  -25.085783 17.260342 7.925765  -0.141808 0.208549 -0.967677  0.847436 0.716879 0
kart_scrap
0  -18.914217 -30.739658 12.074235  0.141808 0.208549 0.967676  0.852768 0.375739 0
0  -23.663851 -16.490755 9.699418  0.141809 0.208549 0.967676  0.852768 0.415847 0
0  -24.791040 -16.826881 9.937043  0.141809 0.208549 0.967676  0.849631 0.415945 0
kart_scrap
0  -18.914217 30.739658 12.074235  0.312346 0.937043 0.156173  0.968715 0.036596 0
0  -18.497993 30.788326 10.949783  0.312345 0.937044 0.156172  0.968715 0.039680 0
0  -19.208960 31.173119 10.062957  0.312347 0.937043 0.156174  0.966177 0.040920 0
kart_scrap
0  -19.208960 31.173119 10.062957  0.312347 0.937043 0.156174  0.966177 0.040920 0
0  -20.336149 31.509245 10.300582  0.312348 0.937042 0.156174  0.963639 0.039076 0
0  -20.752371 31.460577 11.425033  0.312349 0.937042 0.156176  0.963639 0.035992 0
kart_scrap
0  -20.752371 31.460577 11.425033  0.312349 0.937042 0.156176  0.963639 0.035992 0
0  -20.041405 31.075783 12.311859  0.312348 0.937042 0.156175  0.966177 0.034752 0
0  -19.208960 31.173119 10.062957  0.312347 0.937043 0.156174  0.966177 0.040920 0
kart_scrap
0  -20.336149 31.509245 10.300582  -0.884383 0.346852 -0.312347  0.876878 0.574579 0
0  -25.085783 17.260342 7.925765  -0.884383 0.346852 -0.312348  0.876878 0.536076 0
0  -25.502007 17.211674 9.050217  -0.884383 0.346852 -0.312348  0.879692 0.535592 0
kart_scrap
0  21.200001 -29.400000 12.039229  0.000000 0.000000 1.000000  0.627700 0.180143 0
0  -21.200001 -29.400000 12.039231  0.000000 0.000000 1.000000  0.627700 0.066957 0
0  -21.200001 -30.600000 12.039231  0.000000 0.000000 1.000000  0.630900 0.066957 0
kart_scrap
0  -19.208960 -31.173119 10.062957  0.742574 0.138303 -0.655329  0.850482 0.000000 0
0  -23.958595 -16.924217 7.688141  0.742573 0.138303 -0.655330  0.850482 0.038426 0
0  -23.247629 -16.539423 8.574967  0.742573 0.138303 -0.655330  0.848049 0.039097 0
kart_scrap
0  -20.752371 31.460577 11.425033  -0.742573 0.138303 0.655330  0.874649 0.241503 0
0  -25.502007 17.211674 9.050217  -0.742574 0.138303 0.655329  0.874649 0.280396 0
0  -24.791040 16.826881 9.937043  -0.742574 0.138303 0.655329  0.871759 0.280791 0
kart_scrap
0  -25.085783 17.260342 7.925765  -0.312347 -0.937043 -0.156172  0.967888 0.738095 0
0  -23.958595 16.924217 7.688141  -0.312348 -0.937043 -0.156171  0.967888 0.741257 0
0  -23.247629 16.539423 8.574967  -0.312347 -0.937043 -0.156173  0.965130 0.742883 0
kart_scrap
0  -23.247629 16.539423 8.574967  -0.312347 -0.937043 -0.156173  0.965130 0.742883 0
0  -23.663851 16.490755 9.699418  -0.312347 -0.937043 -0.156172  0.962372 0.741346 0
0  -24.791040 16.826881 9.937043  -0.312348 -0.937042 -0.156175  0.962372 0.738184 0
kart_scrap
0  -24.791040 16.826881 9.937043  -0.312348 -0.937042 -0.156175  0.962372 0.738184 0
0  -25.502007 17.211674 9.050217  -0.312347 -0.937043 -0.156174  0.965130 0.736558 0
0  -23.247629 16.539423 8.574967  -0.312347 -0.937043 -0.156173  0.965130 0.742883 0
kart_scrap
0  24.678595 -17.164217 7.688140  -0.238577 -0.081754 -0.967676  0.368187 0.818872 0
0  19.928961 -31.413118 10.062958  -0.238576 -0.081754 -0.967677  0.368187 0.858929 0
0  18.825535 -31.005705 10.300582  -0.238576 -0.081754 -0.967677  0.365053 0.858824 0
kart_scrap
0  25.478243 -17.282963 8.574966  0.312348 0.937042 -0.156174  0.966004 0.073186 0
0  24.678595 -17.164217 7.688140  0.312348 0.937041 -0.156182  0.963270 0.071523 0
0  23.575169 -16.756804 7.925765  0.312348 0.937042 -0.156175  0.963270 0.068408 0
kart_scrap
0  23.575169 -16.756804 7.925765  0.312348 0.937042 -0.156175  0.963270 0.068408 0
0  23.271391 -16.468136 9.050216  0.312347 0.937043 -0.156174  0.966004 0.066957 0
0  24.071039 -16.586882 9.937042  0.312348 0.937043 -0.156172  0.968739 0.068621 0
kart_scrap
0  24.071039 -16.586882 9.937042  0.312348 0.937043 -0.156172  0.968739 0.068621 0
0  25.174465 -16.994295 9.699418  0.312346 0.937044 -0.156168  0.968739 0.071735 0
0  25.478243 -17.282963 8.574966  0.312348 0.937042 -0.156174  0.966004 0.073186 0
kart_scrap
0  23.575169 -16.756804 7.925765  -0.915617 0.253148 -0.312348  0.855257 0.170056 0
0  18.825535 -31.005705 10.300582  -0.915617 0.253148 -0.312348  0.855257 0.129620 0
0  18.521757 -30.717037 11.425034  -0.915617 0.253148 -0.312348  0.858001 0.129475 0
kart_scrap
0  -18.497993 -30.788326 10.949783  0.884383 0.346852 0.312347  0.848049 0.000671 0
0  -23.247629 -16.539423 8.574967  0.884383 0.346852 0.312347  0.848049 0.039097 0
0  -23.663851 -16.490755 9.699418  0.884383 0.346852 0.312347  0.845032 0.038753 0
kart_scrap
0  23.271391 -16.468136 9.050216  -0.677041 0.334902 0.655329  0.880915 0.715202 0
0  18.521757 -30.717037 11.425034  -0.677041 0.334902 0.655329  0.880915 0.677243 0
0  19.321405 -30.835783 12.311859  -0.677041 0.334902 0.655329  0.883645 0.676650 0
kart_scrap
0  18.825535 -31.005705 10.300582  -0.312347 -0.937043 0.156171  0.141419 0.969315 0
0  19.928961 -31.413118 10.062958  -0.312349 -0.937042 0.156176  0.138648 0.967744 0
0  20.728609 -31.531864 10.949784  -0.312348 -0.937043 0.156173  0.138648 0.964623 0
kart_scrap
0  20.728609 -31.531864 10.949784  -0.312348 -0.937043 0.156173  0.138648 0.964623 0
0  20.424831 -31.243196 12.074236  -0.312348 -0.937043 0.156169  0.141419 0.963074 0
0  19.321405 -30.835783 12.311859  -0.312349 -0.937042 0.156174  0.144191 0.964646 0
kart_scrap
0  19.321405 -30.835783 12.311859  -0.312349 -0.937042 0.156174  0.144191 0.964646 0
0  18.521757 -30.717037 11.425034  -0.312348 -0.937043 0.156173  0.144191 0.967766 0
0  20.728609 -31.531864 10.949784  -0.312348 -0.937043 0.156173  0.138648 0.964623 0
kart_scrap
0  21.200001 -31.200001 10.999999  -0.000000 -0.866024 -0.500003  0.656974 0.302356 0
0  -21.200001 -31.200001 11.000001  -0.000000 -0.866026 -0.499999  0.656974 0.409465 0
0  -21.200001 -30.600000 9.960771  -0.000000 -0.866026 -0.499999  0.653786 0.409558 0
kart_scrap
0  21.200001 -30.600000 12.039229  1.000000 0.000000 0.000000  0.884721 0.960565 0
0  21.200001 -31.200001 10.999999  1.000000 0.000000 0.000000  0.887493 0.962165 0
0  21.200001 -30.600000 9.960769  1.000000 0.000000 0.000000  0.887493 0.965367 0
kart_scrap
0  21.200001 -30.600000 9.960769  1.000000 0.000000 0.000000  0.887493 0.965367 0
0  21.200001 -29.400000 9.960769  1.000000 0.000000 0.000000  0.884721 0.966969 0
0  21.200001 -28.799999 10.999999  1.000000 0.000000 0.000000  0.881950 0.965369 0
kart_scrap
0  21.200001 -28.799999 10.999999  1.000000 0.000000 0.000000  0.881950 0.965369 0
0  21.200001 -29.400000 12.039229  1.000000 0.000000 0.000000  0.881950 0.962167 0
0  21.200001 -30.600000 9.960769  1.000000 0.000000 0.000000  0.887493 0.965367 0
kart_scrap
0  21.200001 -30.600000 9.960769  -0.000000 0.000000 -1.000000  0.640214 0.302356 0
0  -21.200001 -30.600000 9.960771  -0.000000 0.000000 -1.000000  0.640214 0.415540 0
0  -21.200001 -29.400000 9.960771  -0.000000 0.000000 -1.000000  0.637014 0.415540 0
kart_scrap
0  21.200001 -29.400000 9.960769  -0.000000 0.866026 -0.499999  0.673726 0.302356 0
0  -21.200001 -29.400000 9.960771  -0.000000 0.866024 -0.500003  0.673726 0.401852 0
0  -21.200001 -28.799999 11.000001  -0.000000 0.866024 -0.500003  0.670546 0.402026 0
kart_scrap
0  -21.200001 -30.600000 9.960771  -1.000000 0.000000 0.000000  0.307553 0.967447 0
0  -21.200001 -31.200001 11.000001  -1.000000 0.000000 0.000000  0.307553 0.964306 0
0  -21.200001 -30.600000 12.039231  -1.000000 0.000000 0.000000  0.310312 0.962789 0
kart_scrap
0  -21.200001 -30.600000 12.039231  -1.000000 0.000000 0.000000  0.310312 0.962789 0
0  -21.200001 -29.400000 12.039231  -1.000000 0.000000 0.000000  0.313071 0.964412 0
0  -21.200001 -28.799999 11.000001  -1.000000 0.000000 0.000000  0.313071 0.967552 0
kart_scrap
0  -21.200001 -28.799999 11.000001  -1.000000 0.000000 0.000000  0.313071 0.967552 0
0  -21.200001 -29.400000 9.960771  -1.000000 0.000000 0.000000  0.310312 0.969070 0
0  -21.200001 -30.600000 12.039231  -1.000000 0.000000 0.000000  0.310312 0.962789 0
kart_scrap
0  -20.041405 -31.075783 12.311859  -0.742573 -0.138303 0.655330  0.869334 0.590419 0
0  -24.791040 -16.826881 9.937043  -0.742574 -0.138303 0.655329  0.869334 0.629666 0
0  -25.502007 -17.211674 9.050217  -0.742574 -0.138303 0.655329  0.866455 0.629308 0
kart_scrap
0  -18.914217 -30.739658 12.074235  0.312347 -0.937042 0.156176  0.963296 0.001694 0
0  -20.041405 -31.075783 12.311859  0.312347 -0.937044 0.156170  0.965998 0.000000 0
0  -20.752371 -31.460577 11.425033  0.312347 -0.937042 0.156175  0.968700 0.001444 0
kart_scrap
0  -20.752371 -31.460577 11.425033  0.312347 -0.937042 0.156175  0.968700 0.001444 0
0  -20.336149 -31.509245 10.300582  0.312348 -0.937042 0.156176  0.968700 0.004582 0
0  -19.208960 -31.173119 10.062957  0.312347 -0.937042 0.156176  0.965998 0.006276 0
kart_scrap
0  -19.208960 -31.173119 10.062957  0.312347 -0.937042 0.156176  0.965998 0.006276 0
0  -18.497993 -30.788326 10.949783  0.312347 -0.937042 0.156177  0.963296 0.004832 0
0  -20.752371 -31.460577 11.425033  0.312347 -0.937042 0.156175  0.968700 0.001444 0
kart_scrap
0  -20.752371 -31.460577 11.425033  -0.884383 -0.346852 -0.312346  0.291265 0.880935 0
0  -25.502007 -17.211674 9.050217  -0.884382 -0.346853 -0.312348  0.291265 0.842716 0
0  -25.085783 -17.260342 7.925765  -0.884382 -0.346853 -0.312348  0.294074 0.843233 0
kart_scrap
0  42.570866 9.000000 16.174967  0.015876 0.000011 -0.999874  0.406506 0.176975 0
0  42.464741 10.880913 16.776829  -0.016873 0.580413 -0.814148  0.406230 0.171947 0
0  44.982956 11.116027 16.892258  -0.016871 0.580401 -0.814156  0.412948 0.171318 0
kart_scrap
0  -20.336149 -31.509245 10.300582  -0.141808 -0.208549 -0.967677  0.855055 0.281579 0
0  -25.085783 -17.260342 7.925765  -0.141808 -0.208549 -0.967677  0.855055 0.241503 0
0  -23.958595 -16.924217 7.688141  -0.141808 -0.208549 -0.967677  0.858187 0.241609 0
kart_scrap
0  -25.502007 -17.211674 9.050217  -0.312347 0.937043 -0.156175  0.497117 0.962581 0
0  -24.791040 -16.826881 9.937043  -0.312347 0.937042 -0.156178  0.499875 0.964208 0
0  -23.663851 -16.490755 9.699418  -0.312347 0.937042 -0.156175  0.499875 0.967366 0
kart_scrap
0  -23.663851 -16.490755 9.699418  -0.312347 0.937042 -0.156175  0.499875 0.967366 0
0  -23.247629 -16.539423 8.574967  -0.312349 0.937042 -0.156175  0.497117 0.968897 0
0  -23.958595 -16.924217 7.688141  -0.312348 0.937043 -0.156173  0.494360 0.967271 0
kart_scrap
0  -23.958595 -16.924217 7.688141  -0.312348 0.937043 -0.156173  0.494360 0.967271 0
0  -25.085783 -17.260342 7.925765  -0.312347 0.937043 -0.156173  0.494360 0.964113 0
0  -23.663851 -16.490755 9.699418  -0.312347 0.937042 -0.156175  0.499875 0.967366 0
kart_scrap
0  42.464741 10.880913 16.776829  -0.016873 0.580413 -0.814148  0.300176 0.077548 0
0  42.186905 12.043381 18.352520  -0.102606 0.939116 -0.327924  0.300176 0.072312 0
0  44.670387 12.423803 18.664911  -0.102604 0.939111 -0.327937  0.305833 0.072455 0
kart_scrap
0  42.186905 12.043381 18.352520  -0.102606 0.939116 -0.327924  0.793057 0.050403 0
0  41.843479 12.043381 20.300182  -0.208578 0.939109 0.273075  0.793803 0.045185 0
0  44.284035 12.423803 20.856033  -0.208576 0.939113 0.273062  0.800219 0.045655 0
kart_scrap
0  41.843479 12.043381 20.300182  -0.208578 0.939109 0.273075  0.793803 0.045185 0
0  41.565643 10.880913 21.875875  -0.294312 0.580394 0.759291  0.793057 0.040613 0
0  43.971466 11.116027 22.628687  -0.294310 0.580405 0.759284  0.799379 0.040512 0
kart_scrap
0  41.565643 10.880913 21.875875  -0.294312 0.580394 0.759291  0.278691 0.083334 0
0  41.459518 9.000000 22.477737  -0.327058 -0.000011 0.945004  0.278121 0.078333 0
0  43.852077 9.000000 23.305780  -0.327058 0.000002 0.945004  0.284489 0.077965 0
kart_scrap
0  41.459518 9.000000 22.477737  -0.327058 -0.000011 0.945004  0.278121 0.078333 0
0  41.565643 7.119087 21.875875  -0.294309 -0.580413 0.759278  0.278121 0.073309 0
0  43.971466 6.883973 22.628687  -0.294310 -0.580401 0.759287  0.284489 0.072312 0
kart_scrap
0  41.565643 7.119087 21.875875  -0.294309 -0.580413 0.759278  0.938296 0.102017 0
0  41.843479 5.956619 20.300182  -0.208575 -0.939116 0.273053  0.937558 0.106573 0
0  44.284035 5.576197 20.856033  -0.208577 -0.939111 0.273068  0.931129 0.107046 0
kart_scrap
0  41.843479 5.956619 20.300182  -0.208575 -0.939116 0.273053  0.937558 0.106573 0
0  42.186905 5.956619 18.352520  -0.102602 -0.939108 -0.327945  0.938296 0.111794 0
0  44.670387 5.576197 18.664911  -0.102605 -0.939113 -0.327932  0.931960 0.112919 0
kart_scrap
0  42.186905 5.956619 18.352520  -0.102602 -0.939108 -0.327945  0.308374 0.171317 0
0  42.464741 7.119087 16.776829  -0.016870 -0.580394 -0.814161  0.308701 0.176585 0
0  44.982956 6.883973 16.892258  -0.016871 -0.580405 -0.814153  0.302458 0.177244 0
kart_scrap
0  42.464741 7.119087 16.776829  -0.016870 -0.580394 -0.814161  0.406230 0.181989 0
0  42.570866 9.000000 16.174967  0.015876 0.000011 -0.999874  0.406506 0.176975 0
0  45.102345 9.000000 16.215164  0.015878 -0.000003 -0.999874  0.413258 0.176975 0
kart_scrap
0  45.102345 9.000000 16.215164  0.772746 -0.000001 -0.634715  0.307271 0.082704 0
0  44.982956 11.116027 16.892258  0.747567 0.446280 -0.491912  0.305833 0.078346 0
0  45.588032 10.763355 17.491848  0.747567 0.446282 -0.491910  0.308162 0.077776 0
kart_scrap
0  44.982956 11.116027 16.892258  0.747567 0.446280 -0.491912  0.305833 0.078346 0
0  44.670387 12.423803 18.664911  0.681647 0.722096 -0.118051  0.305833 0.072455 0
0  45.327557 11.853169 18.969059  0.681646 0.722096 -0.118047  0.308162 0.072867 0
kart_scrap
0  44.670387 12.423803 18.664911  0.681647 0.722096 -0.118051  0.941486 0.287995 0
0  44.284035 12.423803 20.856033  0.600161 0.722098 0.344066  0.939372 0.283018 0
0  45.005596 11.853169 20.794992  0.600161 0.722097 0.344069  0.941780 0.282530 0
kart_scrap
0  44.284035 12.423803 20.856033  0.600161 0.722098 0.344066  0.939372 0.283018 0
0  43.971466 11.116027 22.628687  0.534239 0.446282 0.717928  0.939372 0.277092 0
0  44.745125 10.763355 22.272205  0.534237 0.446280 0.717930  0.941780 0.277591 0
kart_scrap
0  43.971466 11.116027 22.628687  0.534239 0.446282 0.717928  0.939372 0.277092 0
0  43.852077 9.000000 23.305780  0.509063 -0.000000 0.860729  0.941486 0.272479 0
0  44.645634 9.000000 22.836449  0.509063 -0.000004 0.860729  0.943541 0.273747 0
kart_scrap
0  43.852077 9.000000 23.305780  0.509063 -0.000000 0.860729  0.284489 0.077965 0
0  43.971466 6.883973 22.628687  0.534239 -0.446277 0.717932  0.284489 0.072312 0
0  44.745125 7.236644 22.272205  0.534240 -0.446279 0.717930  0.286604 0.073137 0
kart_scrap
0  43.971466 6.883973 22.628687  0.534239 -0.446277 0.717932  0.867239 0.942284 0
0  44.284035 5.576197 20.856033  0.600161 -0.722097 0.344068  0.868132 0.948018 0
0  45.005596 6.146831 20.794992  0.600163 -0.722097 0.344065  0.865722 0.947989 0
kart_scrap
0  44.284035 5.576197 20.856033  0.600161 -0.722097 0.344068  0.868132 0.948018 0
0  44.670387 5.576197 18.664911  0.681645 -0.722098 -0.118049  0.867239 0.953561 0
0  45.327557 6.146831 18.969059  0.681645 -0.722097 -0.118052  0.864978 0.952608 0
kart_scrap
0  44.670387 5.576197 18.664911  0.681645 -0.722098 -0.118049  0.302090 0.171317 0
0  44.982956 6.883973 16.892258  0.747568 -0.446281 -0.491910  0.302458 0.177244 0
0  45.588032 7.236644 17.491848  0.747568 -0.446279 -0.491912  0.300273 0.176910 0
kart_scrap
0  44.982956 6.883973 16.892258  0.747568 -0.446281 -0.491910  0.302458 0.177244 0
0  45.102345 9.000000 16.215164  0.772746 -0.000001 -0.634715  0.301982 0.182169 0
0  45.687523 9.000000 16.927603  0.772746 0.000002 -0.634715  0.299876 0.181014 0
kart_scrap
0  24.630592 1.000000 8.223886  0.388058 0.866025 0.315297  0.833508 0.435974 0
0  10.369408 1.000000 25.776114  0.388057 0.866026 0.315296  0.833508 0.375739 0
0  11.041542 0.500000 26.322224  0.388057 0.866026 0.315296  0.836059 0.375792 0
kart_scrap
0  25.302727 0.500000 8.769996  0.776114 0.000000 0.630593  0.497786 0.843763 0
0  11.041542 0.500000 26.322224  0.776114 0.000000 0.630593  0.497786 0.795669 0
0  11.041542 -0.500000 26.322224  0.776114 0.000000 0.630593  0.500454 0.795659 0
kart_scrap
0  10.500000 -7.600000 24.900000  0.707106 0.000000 -0.707107  0.882906 0.630644 0
0  10.500000 7.600000 24.900000  0.707109 0.000000 -0.707105  0.882906 0.590069 0
0  11.100000 7.600000 25.500000  0.707109 0.000000 -0.707105  0.884513 0.590061 0
kart_scrap
0  25.302727 -0.500000 8.769996  0.388057 -0.866026 0.315296  0.644926 0.668445 0
0  11.041542 -0.500000 26.322224  0.388058 -0.866025 0.315297  0.644926 0.608146 0
0  10.369408 -1.000000 25.776114  0.388058 -0.866025 0.315297  0.647579 0.608133 0
kart_scrap
0  10.500000 7.600000 26.100000  0.000000 1.000000 0.000000  0.552161 0.462226 0
0  11.100000 7.600000 25.500000  0.000000 1.000000 0.000000  0.552161 0.464386 0
0  10.500000 7.600000 24.900000  0.000000 1.000000 0.000000  0.550041 0.464625 0
kart_scrap
0  24.630592 -1.000000 8.223886  -0.388058 -0.866025 -0.315297  0.835065 0.360767 0
0  10.369408 -1.000000 25.776114  -0.388057 -0.866026 -0.315296  0.835065 0.302453 0
0  9.697273 -0.500000 25.230003  -0.388057 -0.866025 -0.315296  0.837706 0.302356 0
kart_scrap
0  11.041542 -0.500000 26.322224  -0.630594 0.000000 0.776113  0.966103 0.882624 0
0  11.041542 0.500000 26.322224  -0.630592 0.000000 0.776115  0.966103 0.879955 0
0  10.369408 1.000000 25.776114  -0.630593 0.000000 0.776113  0.967915 0.878597 0
kart_scrap
0  10.369408 1.000000 25.776114  -0.630593 0.000000 0.776113  0.967915 0.878597 0
0  9.697273 0.500000 25.230003  -0.630595 0.000000 0.776112  0.969727 0.879908 0
0  9.697273 -0.500000 25.230003  -0.630593 0.000000 0.776114  0.969727 0.882577 0
kart_scrap
0  9.697273 -0.500000 25.230003  -0.630593 0.000000 0.776114  0.969727 0.882577 0
0  10.369408 -1.000000 25.776114  -0.630593 0.000000 0.776113  0.967915 0.883935 0
0  10.369408 1.000000 25.776114  -0.630593 0.000000 0.776113  0.967915 0.878597 0
kart_scrap
0  23.958458 -0.500000 7.677777  -0.776114 0.000000 -0.630593  0.832364 0.126731 0
0  9.697273 -0.500000 25.230003  -0.776114 0.000000 -0.630593  0.832364 0.066962 0
0  9.697273 0.500000 25.230003  -0.776114 0.000000 -0.630593  0.835031 0.066957 0
kart_scrap
0  10.500000 -7.600000 26.100000  -0.707104 0.000000 0.707109  0.881995 0.107548 0
0  10.500000 7.600000 26.100000  -0.707109 0.000000 0.707105  0.881995 0.066977 0
0  9.900000 7.600000 25.500000  -0.707109 0.000000 0.707105  0.883905 0.066957 0
kart_scrap
0  11.100000 -7.600000 25.500000  0.707109 0.000000 0.707105  0.907981 0.460812 0
0  11.100000 7.600000 25.500000  0.707104 0.000000 0.707110  0.907981 0.490536 0
0  10.500000 7.600000 26.100000  0.707104 0.000000 0.707109  0.905717 0.490553 0
kart_scrap
0  23.958458 0.500000 7.677777  -0.388057 0.866026 -0.315296  0.838841 0.245938 0
0  9.697273 0.500000 25.230003  -0.388058 0.866025 -0.315297  0.838841 0.187743 0
0  10.369408 1.000000 25.776114  -0.388058 0.866025 -0.315297  0.841483 0.187840 0
kart_scrap
0  23.958458 0.500000 7.677777  0.630592 0.000000 -0.776114  0.966713 0.843249 0
0  24.630592 1.000000 8.223886  0.630592 0.000000 -0.776114  0.966713 0.841004 0
0  24.630592 -1.000000 8.223886  0.630593 0.000000 -0.776114  0.970991 0.844193 0
kart_scrap
0  24.630592 1.000000 8.223886  0.630592 0.000000 -0.776114  0.966713 0.841004 0
0  25.302727 0.500000 8.769996  0.630592 0.000000 -0.776114  0.968852 0.840353 0
0  24.630592 -1.000000 8.223886  0.630593 0.000000 -0.776114  0.970991 0.844193 0
kart_scrap
0  25.302727 0.500000 8.769996  0.630592 0.000000 -0.776114  0.968852 0.840353 0
0  25.302727 -0.500000 8.769996  0.630593 0.000000 -0.776113  0.970991 0.841948 0
0  24.630592 -1.000000 8.223886  0.630593 0.000000 -0.776114  0.970991 0.844193 0
kart_scrap
0  9.900000 -7.600000 25.500000  -0.707109 0.000000 -0.707105  0.275431 0.883289 0
0  9.900000 7.600000 25.500000  -0.707106 0.000000 -0.707107  0.275431 0.842716 0
0  10.500000 7.600000 24.900000  -0.707106 0.000000 -0.707107  0.277693 0.842717 0
kart_scrap
0  9.900000 -7.600000 25.500000  0.000000 -1.000000 0.000000  0.569376 0.462464 0
0  10.500000 -7.600000 24.900000  0.000000 -1.000000 0.000000  0.569376 0.464629 0
0  11.100000 -7.600000 25.500000  0.000000 -1.000000 0.000000  0.567254 0.464397 0
kart_scrap
0  -23.500000 -10.000000 24.000000  0.970143 0.242536 0.000005  0.849631 0.437409 0
0  -24.359425 -10.000000 26.645033  0.784858 0.242537 0.570240  0.849643 0.430276 0
0  -23.954914 -12.000000 26.938927  0.808805 0.022823 0.587633  0.854972 0.429528 0
kart_scrap
0  -24.359425 -10.000000 26.645033  0.784858 0.242537 0.570240  0.035280 0.955260 0
0  -26.609423 -10.000000 28.279755  0.299786 0.242536 0.922662  0.035280 0.947891 0
0  -26.454914 -12.000000 28.755283  0.308935 0.022823 0.950809  0.040032 0.947818 0
kart_scrap
0  -26.609423 -10.000000 28.279755  0.299786 0.242536 0.922662  0.658291 0.844200 0
0  -29.390577 -10.000000 28.279755  -0.299796 0.242536 0.922659  0.658297 0.836776 0
0  -29.545086 -12.000000 28.755283  -0.308938 0.022823 0.950808  0.663635 0.836367 0
kart_scrap
0  -29.390577 -10.000000 28.279755  -0.299796 0.242536 0.922659  0.658297 0.836776 0
0  -31.640575 -10.000000 26.645033  -0.784865 0.242536 0.570231  0.658291 0.830775 0
0  -32.045086 -12.000000 26.938927  -0.808807 0.022823 0.587631  0.663628 0.829699 0
kart_scrap
0  -31.640575 -10.000000 26.645033  -0.784865 0.242536 0.570231  0.278637 0.171317 0
0  -32.500000 -10.000000 24.000000  -0.970143 0.242535 -0.000005  0.286022 0.171317 0
0  -33.000000 -12.000000 24.000000  -0.999740 0.022823 -0.000002  0.286304 0.176635 0
kart_scrap
0  -32.500000 -10.000000 24.000000  -0.970143 0.242535 -0.000005  0.861778 0.644827 0
0  -31.640575 -10.000000 21.354965  -0.784859 0.242536 -0.570240  0.861753 0.651308 0
0  -32.045086 -12.000000 21.061073  -0.808805 0.022822 -0.587633  0.856404 0.651061 0
kart_scrap
0  -31.640575 -10.000000 21.354965  -0.784859 0.242536 -0.570240  0.861753 0.651308 0
0  -29.390577 -10.000000 19.720245  -0.299785 0.242536 -0.922662  0.861778 0.658680 0
0  -29.545086 -12.000000 19.244717  -0.308935 0.022823 -0.950809  0.856432 0.659251 0
kart_scrap
0  -29.390577 -10.000000 19.720245  -0.299785 0.242536 -0.922662  0.875350 0.658825 0
0  -26.609423 -10.000000 19.720245  0.299796 0.242536 -0.922659  0.875361 0.651401 0
0  -26.454914 -12.000000 19.244717  0.308938 0.022823 -0.950808  0.880702 0.651002 0
kart_scrap
0  -26.609423 -10.000000 19.720245  0.299796 0.242536 -0.922659  0.875361 0.651401 0
0  -24.359425 -10.000000 21.354965  0.784865 0.242536 -0.570231  0.875350 0.645375 0
0  -23.954914 -12.000000 21.061073  0.808807 0.022823 -0.587631  0.880690 0.644307 0
kart_scrap
0  -24.359425 -10.000000 21.354965  0.784865 0.242536 -0.570231  0.849643 0.444390 0
0  -23.500000 -10.000000 24.000000  0.970143 0.242536 0.000005  0.849631 0.437409 0
0  -23.000000 -12.000000 24.000000  0.999740 0.022823 0.000002  0.854958 0.437454 0
kart_scrap
0  -23.000000 -12.000000 24.000000  0.999740 0.022823 0.000002  0.854958 0.437454 0
0  -23.954914 -12.000000 26.938927  0.808805 0.022823 0.587633  0.854972 0.429528 0
0  -24.359425 -14.500000 26.645035  0.793313 -0.196116 0.576362  0.861646 0.430278 0
kart_scrap
0  -23.954914 -12.000000 26.938927  0.808805 0.022823 0.587633  0.663610 0.851296 0
0  -26.454914 -12.000000 28.755283  0.308935 0.022823 0.950809  0.663628 0.844616 0
0  -26.609423 -14.500000 28.279755  0.303026 -0.196116 0.932584  0.670293 0.844211 0
kart_scrap
0  -26.454914 -12.000000 28.755283  0.308935 0.022823 0.950809  0.663628 0.844616 0
0  -29.545086 -12.000000 28.755283  -0.308938 0.022823 0.950808  0.663635 0.836367 0
0  -29.390577 -14.500000 28.279755  -0.303006 -0.196117 0.932591  0.670300 0.836787 0
kart_scrap
0  -29.545086 -12.000000 28.755283  -0.308938 0.022823 0.950808  0.663635 0.836367 0
0  -32.045086 -12.000000 26.938927  -0.808807 0.022823 0.587631  0.663628 0.829699 0
0  -31.640575 -14.500000 26.645035  -0.793300 -0.196116 0.576379  0.670293 0.830786 0
kart_scrap
0  -32.045086 -12.000000 26.938927  -0.808807 0.022823 0.587631  0.278099 0.176635 0
0  -33.000000 -12.000000 24.000000  -0.999740 0.022823 -0.000002  0.286304 0.176635 0
0  -32.500000 -14.500000 24.000000  -0.980581 -0.196115 0.000010  0.286003 0.183328 0
kart_scrap
0  -33.000000 -12.000000 24.000000  -0.999740 0.022823 -0.000002  0.856432 0.643859 0
0  -32.045086 -12.000000 21.061073  -0.808805 0.022822 -0.587633  0.856404 0.651061 0
0  -31.640575 -14.500000 21.354967  -0.793313 -0.196116 -0.576362  0.849751 0.651334 0
kart_scrap
0  -32.045086 -12.000000 21.061073  -0.808805 0.022822 -0.587633  0.856404 0.651061 0
0  -29.545086 -12.000000 19.244717  -0.308935 0.022823 -0.950809  0.856432 0.659251 0
0  -29.390577 -14.500000 19.720245  -0.303026 -0.196116 -0.932584  0.849776 0.658706 0
kart_scrap
0  -29.545086 -12.000000 19.244717  -0.308935 0.022823 -0.950809  0.880690 0.659251 0
0  -26.454914 -12.000000 19.244717  0.308938 0.022823 -0.950808  0.880702 0.651002 0
0  -26.609423 -14.500000 19.720245  0.303006 -0.196117 -0.932591  0.887364 0.651419 0
kart_scrap
0  -26.454914 -12.000000 19.244717  0.308938 0.022823 -0.950808  0.880702 0.651002 0
0  -23.954914 -12.000000 21.061073  0.808807 0.022823 -0.587631  0.880690 0.644307 0
0  -24.359425 -14.500000 21.354967  0.793300 -0.196118 -0.576379  0.887353 0.645393 0
kart_scrap
0  -23.954914 -12.000000 21.061073  0.808807 0.022823 -0.587631  0.854972 0.445210 0
0  -23.000000 -12.000000 24.000000  0.999740 0.022823 0.000002  0.854958 0.437454 0
0  -23.500000 -14.500000 24.000000  0.980581 -0.196116 -0.000010  0.861633 0.437411 0
kart_scrap
0  -45.000000 12.500000 21.000000  0.500001 0.866025 0.000000  0.951868 0.113182 0
0  -45.000000 12.500000 25.500000  0.499999 0.866026 0.000000  0.951868 0.101930 0
0  -44.133976 12.000000 25.500000  0.499999 0.866026 0.000000  0.954535 0.101920 0
kart_scrap
0  -44.133976 12.000000 21.000000  1.000000 0.000000 0.000000  0.949864 0.872375 0
0  -44.133976 12.000000 25.500000  1.000000 0.000000 0.000000  0.949864 0.860369 0
0  -44.133976 11.000000 25.500000  1.000000 0.000000 0.000000  0.952531 0.860370 0
kart_scrap
0  -44.133976 11.000000 21.000000  0.499999 -0.866026 0.000000  0.745038 0.288651 0
0  -44.133976 11.000000 25.500000  0.500002 -0.866024 0.000000  0.745038 0.277672 0
0  -45.000000 10.500000 25.500000  0.500001 -0.866025 0.000000  0.747703 0.277719 0
kart_scrap
0  -45.000000 10.500000 21.000000  -0.500001 -0.866025 0.000000  0.438729 0.954574 0
0  -45.000000 10.500000 25.500000  -0.499999 -0.866026 0.000000  0.438729 0.942565 0
0  -45.866024 11.000000 25.500000  -0.499999 -0.866026 0.000000  0.441390 0.942570 0
kart_scrap
0  -44.133976 11.000000 25.500000  0.000000 0.000000 1.000000  0.632931 0.968228 0
0  -44.133976 12.000000 25.500000  0.000000 0.000000 1.000000  0.630621 0.969563 0
0  -45.866024 11.000000 25.500000  0.000000 0.000000 1.000000  0.630621 0.964224 0
kart_scrap
0  -44.133976 12.000000 25.500000  0.000000 0.000000 1.000000  0.630621 0.969563 0
0  -45.000000 12.500000 25.500000  0.000000 0.000000 1.000000  0.628311 0.968228 0
0  -45.866024 11.000000 25.500000  0.000000 0.000000 1.000000  0.630621 0.964224 0
kart_scrap
0  -45.000000 12.500000 25.500000  0.000000 0.000000 1.000000  0.628311 0.968228 0
0  -45.866024 12.000000 25.500000  0.000000 0.000000 1.000000  0.628311 0.965558 0
0  -45.866024 11.000000 25.500000  0.000000 0.000000 1.000000  0.630621 0.964224 0
kart_scrap
0  -45.866024 11.000000 21.000000  -1.000000 0.000000 0.000000  0.951243 0.944746 0
0  -45.866024 11.000000 25.500000  -1.000000 0.000000 0.000000  0.951243 0.933021 0
0  -45.866024 12.000000 25.500000  -1.000000 0.000000 0.000000  0.953910 0.933011 0
kart_scrap
0  -45.866024 12.000000 21.000000  -0.499999 0.866026 0.000000  0.950581 0.912656 0
0  -45.866024 12.000000 25.500000  -0.500002 0.866024 0.000000  0.950581 0.900646 0
0  -45.000000 12.500000 25.500000  -0.500001 0.866025 0.000000  0.953244 0.900643 0
kart_scrap
0  -45.866024 12.000000 21.000000  0.000000 0.000000 -1.000000  0.100903 0.970247 0
0  -45.000000 12.500000 21.000000  0.000000 0.000000 -1.000000  0.098593 0.968912 0
0  -44.133976 12.000000 21.000000  0.000000 0.000000 -1.000000  0.098593 0.966242 0
kart_scrap
0  -44.133976 12.000000 21.000000  0.000000 0.000000 -1.000000  0.098593 0.966242 0
0  -44.133976 11.000000 21.000000  0.000000 0.000000 -1.000000  0.100903 0.964908 0
0  -45.000000 10.500000 21.000000  0.000000 0.000000 -1.000000  0.103212 0.966242 0
kart_scrap
0  -45.000000 10.500000 21.000000  0.000000 0.000000 -1.000000  0.103212 0.966242 0
0  -45.866024 11.000000 21.000000  0.000000 0.000000 -1.000000  0.103212 0.968912 0
0  -44.133976 12.000000 21.000000  0.000000 0.000000 -1.000000  0.098593 0.966242 0
kart_scrap
0  -40.000000 3.000000 30.000000  0.000000 0.000000 1.000000  0.831799 0.890388 0
0  -41.000000 3.000000 30.000000  0.000000 0.000000 1.000000  0.829132 0.890388 0
0  -41.000000 -9.000000 30.000000  0.000000 0.000000 1.000000  0.829132 0.858355 0
kart_scrap
0  -28.000000 2.531807 22.921413  1.000000 0.000000 0.000000  0.343462 0.778488 0
0  -28.000000 1.316270 29.815067  1.000000 0.000000 0.000000  0.362122 0.778489 0
0  -28.000000 -8.531807 28.078587  1.000000 0.000000 0.000000  0.362122 0.805183 0
kart_scrap
0  -37.000000 -12.000000 7.500000  -0.000007 0.000000 -1.000000  0.318157 0.837578 0
0  -37.000000 -5.000000 7.500000  0.000007 0.000000 -1.000000  0.318156 0.818892 0
0  -34.061073 -5.000000 8.454915  0.587791 0.000000 -0.809013  0.326007 0.818880 0
kart_scrap
0  -37.500000 -9.000000 22.000000  -1.000000 0.000000 0.000000  0.612117 0.733457 0
0  -37.500000 -9.000000 30.000000  -1.000000 0.000000 0.000000  0.591291 0.733381 0
0  -37.500000 3.000000 30.000000  -1.000000 0.000000 0.000000  0.591291 0.701351 0
kart_scrap
0  -42.000000 2.531807 22.921413  0.000000 0.984808 0.173648  0.713487 0.418302 0
0  -42.000000 1.316270 29.815067  0.000000 0.984808 0.173648  0.731786 0.416636 0
0  -28.000000 1.316270 29.815067  0.000000 0.984808 0.173648  0.731786 0.450019 0
kart_scrap
0  -34.061073 -12.000000 8.454915  0.587780 0.000000 -0.809021  0.457427 0.817588 0
0  -34.061073 -5.000000 8.454915  0.587791 0.000000 -0.809013  0.438757 0.817588 0
0  -32.244717 -5.000000 10.954915  0.951059 0.000000 -0.309010  0.438730 0.811079 0
kart_scrap
0  -40.000000 -9.000000 22.000000  0.000000 -1.000000 0.000000  0.930228 0.737953 0
0  -40.000000 -9.000000 30.000000  0.000000 -1.000000 0.000000  0.930228 0.716604 0
0  -41.000000 -9.000000 30.000000  0.000000 -1.000000 0.000000  0.932620 0.716573 0
kart_scrap
0  -42.000000 -7.316270 21.184933  -1.000000 0.000000 0.000000  0.328554 0.805209 0
0  -42.000000 -8.531807 28.078587  -1.000000 0.000000 0.000000  0.310329 0.805297 0
0  -42.000000 1.316270 29.815067  -1.000000 0.000000 0.000000  0.310329 0.778608 0
kart_scrap
0  -32.244717 -12.000000 10.954915  0.951054 0.000000 -0.309024  0.457400 0.811079 0
0  -32.244717 -5.000000 10.954915  0.951059 0.000000 -0.309010  0.438730 0.811079 0
0  -32.244717 -5.000000 14.045085  0.951054 0.000000 0.309024  0.438729 0.802834 0
kart_scrap
0  -40.000000 3.000000 22.000000  1.000000 0.000000 0.000000  0.275431 0.677825 0
0  -40.000000 3.000000 30.000000  1.000000 0.000000 0.000000  0.296757 0.677821 0
0  -40.000000 -9.000000 30.000000  1.000000 0.000000 0.000000  0.296757 0.709854 0
kart_scrap
0  -24.000000 7.000000 22.000000  0.000000 0.000000 1.000000  0.071346 0.358303 0
0  -46.000000 7.000000 22.000000  0.000000 0.000000 1.000000  0.071346 0.299575 0
0  -46.000000 -9.000000 22.000000  0.000000 0.000000 1.000000  0.114022 0.299575 0
kart_scrap
0  -32.244717 -12.000000 14.045085  0.951059 0.000000 0.309010  0.457399 0.802834 0
0  -32.244717 -5.000000 14.045085  0.951054 0.000000 0.309024  0.438729 0.802834 0
0  -34.061073 -5.000000 16.545086  0.587779 0.000000 0.809021  0.438753 0.796003 0
kart_scrap
0  -41.000000 3.000000 22.000000  0.000000 1.000000 0.000000  0.931583 0.778448 0
0  -41.000000 3.000000 30.000000  0.000000 1.000000 0.000000  0.931583 0.757098 0
0  -40.000000 3.000000 30.000000  0.000000 1.000000 0.000000  0.933965 0.757125 0
kart_scrap
0  -46.000000 7.000000 9.000000  0.000000 0.000000 -1.000000  0.339681 0.157734 0
0  -24.000000 7.000000 9.000000  0.000000 0.000000 -1.000000  0.339681 0.099007 0
0  -24.000000 -9.000000 9.000000  0.000000 0.000000 -1.000000  0.382356 0.099006 0
kart_scrap
0  -34.061073 -12.000000 16.545086  0.587791 0.000000 0.809013  0.178455 0.821852 0
0  -34.061073 -5.000000 16.545086  0.587779 0.000000 0.809021  0.178455 0.840538 0
0  -37.000000 -5.000000 17.500000  -0.000007 0.000000 1.000000  0.170613 0.840531 0
kart_scrap
0  -41.000000 -9.000000 22.000000  -1.000000 0.000000 0.000000  0.715566 0.732380 0
0  -41.000000 -9.000000 30.000000  -1.000000 0.000000 0.000000  0.694739 0.732303 0
0  -41.000000 3.000000 30.000000  -1.000000 0.000000 0.000000  0.694739 0.700274 0
kart_scrap
0  -24.000000 -9.000000 9.000000  0.000000 -1.000000 0.000000  0.421814 0.053105 0
0  -24.000000 -9.000000 22.000000  0.000000 -1.000000 0.000000  0.387155 0.052654 0
0  -46.000000 -9.000000 22.000000  0.000000 -1.000000 0.000000  0.387155 0.000000 0
kart_scrap
0  -37.000000 -12.000000 17.500000  0.000007 0.000000 1.000000  0.170613 0.821845 0
0  -37.000000 -5.000000 17.500000  -0.000007 0.000000 1.000000  0.170613 0.840531 0
0  -39.938927 -5.000000 16.545086  -0.587791 0.000000 0.809013  0.162778 0.840538 0
kart_scrap
0  -28.000000 1.316270 29.815067  0.000000 -0.173648 0.984808  0.127594 0.617744 0
0  -42.000000 1.316270 29.815067  0.000000 -0.173648 0.984808  0.127594 0.580372 0
0  -42.000000 -8.531807 28.078587  0.000000 -0.173648 0.984808  0.153849 0.580378 0
kart_scrap
0  -24.000000 7.000000 9.000000  1.000000 0.000000 0.000000  0.435386 0.000006 0
0  -24.000000 7.000000 22.000000  1.000000 0.000000 0.000000  0.470041 0.000000 0
0  -24.000000 -9.000000 22.000000  1.000000 0.000000 0.000000  0.470041 0.042711 0
kart_scrap
0  -39.938927 -12.000000 16.545086  -0.587779 0.000000 0.809021  0.560538 0.842215 0
0  -39.938927 -5.000000 16.545086  -0.587791 0.000000 0.809013  0.560538 0.823531 0
0  -41.755283 -5.000000 14.045085  -0.951059 0.000000 0.309010  0.568100 0.823477 0
kart_scrap
0  -42.000000 2.531807 22.921413  0.000000 0.173648 -0.984808  0.568400 0.037372 0
0  -28.000000 2.531807 22.921413  0.000000 0.173648 -0.984808  0.568400 0.000000 0
0  -28.000000 -7.316270 21.184933  0.000000 0.173648 -0.984808  0.594689 0.000020 0
kart_scrap
0  -46.000000 7.000000 9.000000  0.000000 1.000000 0.000000  0.071346 0.372279 0
0  -46.000000 7.000000 22.000000  0.000000 1.000000 0.000000  0.106009 0.371887 0
0  -24.000000 7.000000 22.000000  0.000000 1.000000 0.000000  0.106009 0.424347 0
kart_scrap
0  -41.755283 -12.000000 14.045085  -0.951054 0.000000 0.309024  0.568100 0.842161 0
0  -41.755283 -5.000000 14.045085  -0.951059 0.000000 0.309010  0.568100 0.823477 0
0  -41.755283 -5.000000 10.954915  -0.951054 0.000000 -0.309024  0.576145 0.823507 0
kart_scrap
0  -32.244717 -5.000000 10.954915  0.000000 1.000000 0.000000  0.058233 0.768227 0
0  -34.061073 -5.000000 8.454915  0.000000 1.000000 0.000000  0.051952 0.773034 0
0  -37.000000 -5.000000 7.500000  0.000000 1.000000 0.000000  0.044528 0.773034 0
kart_scrap
0  -37.000000 -5.000000 7.500000  0.000000 1.000000 0.000000  0.044528 0.773034 0
0  -39.938927 -5.000000 8.454915  0.000000 1.000000 0.000000  0.038797 0.768227 0
0  -41.755283 -5.000000 10.954915  0.000000 1.000000 0.000000  0.036948 0.760449 0
kart_scrap
0  -41.755283 -5.000000 10.954915  0.000000 1.000000 0.000000  0.036948 0.760449 0
0  -41.755283 -5.000000 14.045085  0.000000 1.000000 0.000000  0.039686 0.752671 0
0  -39.938927 -5.000000 16.545086  0.000000 1.000000 0.000000  0.045967 0.747863 0
kart_scrap
0  -39.938927 -5.000000 16.545086  0.000000 1.000000 0.000000  0.045967 0.747863 0
0  -37.000000 -5.000000 17.500000  0.000000 1.000000 0.000000  0.053390 0.747863 0
0  -41.755283 -5.000000 10.954915  0.000000 1.000000 0.000000  0.036948 0.760449 0
kart_scrap
0  -37.000000 -5.000000 17.500000  0.000000 1.000000 0.000000  0.053390 0.747863 0
0  -34.061073 -5.000000 16.545086  0.000000 1.000000 0.000000  0.059121 0.752671 0
0  -41.755283 -5.000000 10.954915  0.000000 1.000000 0.000000  0.036948 0.760449 0
kart_scrap
0  -34.061073 -5.000000 16.545086  0.000000 1.000000 0.000000  0.059121 0.752671 0
0  -32.244717 -5.000000 14.045085  0.000000 1.000000 0.000000  0.060971 0.760449 0
0  -41.755283 -5.000000 10.954915  0.000000 1.000000 0.000000  0.036948 0.760449 0
kart_scrap
0  -32.244717 -5.000000 14.045085  0.000000 1.000000 0.000000  0.060971 0.760449 0
0  -32.244717 -5.000000 10.954915  0.000000 1.000000 0.000000  0.058233 0.768227 0
0  -41.755283 -5.000000 10.954915  0.000000 1.000000 0.000000  0.036948 0.760449 0
kart_scrap
0  -46.000000 -9.000000 9.000000  -1.000000 0.000000 0.000000  0.231690 0.499184 0
0  -46.000000 -9.000000 22.000000  -1.000000 0.000000 0.000000  0.197846 0.499060 0
0  -46.000000 7.000000 22.000000  -1.000000 0.000000 0.000000  0.197846 0.456354 0
kart_scrap
0  -41.755283 -12.000000 10.954915  -0.951059 0.000000 -0.309010  0.035280 0.899727 0
0  -41.755283 -5.000000 10.954915  -0.951054 0.000000 -0.309024  0.035280 0.881042 0
0  -39.938927 -5.000000 8.454915  -0.587780 0.000000 -0.809021  0.043366 0.881059 0
kart_scrap
0  -41.000000 3.000000 22.000000  0.000000 0.000000 -1.000000  0.889478 0.460812 0
0  -40.000000 3.000000 22.000000  0.000000 0.000000 -1.000000  0.892145 0.460812 0
0  -40.000000 -9.000000 22.000000  0.000000 0.000000 -1.000000  0.892145 0.492846 0
kart_scrap
0  -28.000000 -7.316270 21.184933  0.000000 -0.984808 -0.173648  0.679626 0.739518 0
0  -28.000000 -8.531807 28.078587  0.000000 -0.984808 -0.173648  0.661151 0.740715 0
0  -42.000000 -8.531807 28.078587  0.000000 -0.984808 -0.173648  0.661151 0.707208 0
kart_scrap
0  -39.938927 -12.000000 8.454915  -0.587791 0.000000 -0.809013  0.310329 0.837566 0
0  -39.938927 -5.000000 8.454915  -0.587780 0.000000 -0.809021  0.310329 0.818880 0
0  -37.000000 -5.000000 7.500000  0.000007 0.000000 -1.000000  0.318156 0.818892 0
kart_scrap
0  -39.938927 -12.000000 8.454915  0.000000 -1.000000 0.000000  0.609689 0.771087 0
0  -37.000000 -12.000000 7.500000  0.000000 -1.000000 0.000000  0.602661 0.773726 0
0  -34.061073 -12.000000 8.454915  0.000000 -1.000000 0.000000  0.595634 0.771269 0
kart_scrap
0  -34.061073 -12.000000 8.454915  0.000000 -1.000000 0.000000  0.595634 0.771269 0
0  -32.244717 -12.000000 10.954915  0.000000 -1.000000 0.000000  0.591291 0.764655 0
0  -32.244717 -12.000000 14.045085  0.000000 -1.000000 0.000000  0.591291 0.756408 0
kart_scrap
0  -32.244717 -12.000000 14.045085  0.000000 -1.000000 0.000000  0.591291 0.756408 0
0  -34.061073 -12.000000 16.545086  0.000000 -1.000000 0.000000  0.595634 0.749681 0
0  -37.000000 -12.000000 17.500000  0.000000 -1.000000 0.000000  0.602661 0.747041 0
kart_scrap
0  -37.000000 -12.000000 17.500000  0.000000 -1.000000 0.000000  0.602661 0.747041 0
0  -39.938927 -12.000000 16.545086  0.000000 -1.000000 0.000000  0.609689 0.749498 0
0  -41.755283 -12.000000 14.045085  0.000000 -1.000000 0.000000  0.614032 0.756112 0
kart_scrap
0  -41.755283 -12.000000 14.045085  0.000000 -1.000000 0.000000  0.614032 0.756112 0
0  -41.755283 -12.000000 10.954915  0.000000 -1.000000 0.000000  0.614032 0.764359 0
0  -39.938927 -12.000000 8.454915  0.000000 -1.000000 0.000000  0.609689 0.771087 0
kart_scrap
0  -39.938927 -12.000000 8.454915  0.000000 -1.000000 0.000000  0.609689 0.771087 0
0  -34.061073 -12.000000 8.454915  0.000000 -1.000000 0.000000  0.595634 0.771269 0
0  -32.244717 -12.000000 14.045085  0.000000 -1.000000 0.000000  0.591291 0.756408 0
kart_scrap
0  -32.244717 -12.000000 14.045085  0.000000 -1.000000 0.000000  0.591291 0.756408 0
0  -37.000000 -12.000000 17.500000  0.000000 -1.000000 0.000000  0.602661 0.747041 0
0  -39.938927 -12.000000 8.454915  0.000000 -1.000000 0.000000  0.609689 0.771087 0
kart_scrap
0  -37.500000 3.000000 22.000000  0.000000 1.000000 0.000000  0.611316 0.934941 0
0  -37.500000 3.000000 30.000000  0.000000 1.000000 0.000000  0.611316 0.913590 0
0  -36.500000 3.000000 30.000000  0.000000 1.000000 0.000000  0.613698 0.913617 0
kart_scrap
0  -36.500000 3.000000 22.000000  1.000000 0.000000 0.000000  0.383694 0.679031 0
0  -36.500000 3.000000 30.000000  1.000000 0.000000 0.000000  0.405021 0.679027 0
0  -36.500000 -9.000000 30.000000  1.000000 0.000000 0.000000  0.405021 0.711060 0
kart_scrap
0  -36.500000 -9.000000 22.000000  0.000000 -1.000000 0.000000  0.931516 0.611441 0
0  -36.500000 -9.000000 30.000000  0.000000 -1.000000 0.000000  0.931516 0.590093 0
0  -37.500000 -9.000000 30.000000  0.000000 -1.000000 0.000000  0.933907 0.590061 0
kart_scrap
0  -37.500000 3.000000 22.000000  0.000000 0.000000 -1.000000  0.897217 0.676651 0
0  -36.500000 3.000000 22.000000  0.000000 0.000000 -1.000000  0.899884 0.676651 0
0  -36.500000 -9.000000 22.000000  0.000000 0.000000 -1.000000  0.899884 0.708684 0
kart_scrap
0  -36.500000 3.000000 30.000000  0.000000 0.000000 1.000000  0.108412 0.734207 0
0  -37.500000 3.000000 30.000000  0.000000 0.000000 1.000000  0.105745 0.734207 0
0  -37.500000 -9.000000 30.000000  0.000000 0.000000 1.000000  0.105745 0.702174 0
kart_scrap
0  -34.000000 -9.000000 22.000000  -1.000000 0.000000 0.000000  0.092173 0.734280 0
0  -34.000000 -9.000000 30.000000  -1.000000 0.000000 0.000000  0.071346 0.734203 0
0  -34.000000 3.000000 30.000000  -1.000000 0.000000 0.000000  0.071346 0.702174 0
kart_scrap
0  -34.000000 3.000000 22.000000  0.000000 1.000000 0.000000  0.725363 0.935063 0
0  -34.000000 3.000000 30.000000  0.000000 1.000000 0.000000  0.725363 0.913713 0
0  -33.000000 3.000000 30.000000  0.000000 1.000000 0.000000  0.727745 0.913740 0
kart_scrap
0  -33.000000 3.000000 22.000000  1.000000 0.000000 0.000000  0.343462 0.681864 0
0  -33.000000 3.000000 30.000000  1.000000 0.000000 0.000000  0.364788 0.681860 0
0  -33.000000 -9.000000 30.000000  1.000000 0.000000 0.000000  0.364788 0.713893 0
kart_scrap
0  -33.000000 -9.000000 22.000000  0.000000 -1.000000 0.000000  0.931129 0.088337 0
0  -33.000000 -9.000000 30.000000  0.000000 -1.000000 0.000000  0.931129 0.066989 0
0  -34.000000 -9.000000 30.000000  0.000000 -1.000000 0.000000  0.933520 0.066957 0
kart_scrap
0  -34.000000 3.000000 22.000000  0.000000 0.000000 -1.000000  0.893264 0.535592 0
0  -33.000000 3.000000 22.000000  0.000000 0.000000 -1.000000  0.895931 0.535592 0
0  -33.000000 -9.000000 22.000000  0.000000 0.000000 -1.000000  0.895931 0.567626 0
kart_scrap
0  -33.000000 3.000000 30.000000  0.000000 0.000000 1.000000  0.867645 0.892279 0
0  -34.000000 3.000000 30.000000  0.000000 0.000000 1.000000  0.864978 0.892279 0
0  -34.000000 -9.000000 30.000000  0.000000 0.000000 1.000000  0.864978 0.860245 0
kart_scrap
0  -30.500000 -9.000000 22.000000  -1.000000 0.000000 0.000000  0.057774 0.734280 0
0  -30.500000 -9.000000 30.000000  -1.000000 0.000000 0.000000  0.036948 0.734203 0
0  -30.500000 3.000000 30.000000  -1.000000 0.000000 0.000000  0.036948 0.702174 0
kart_scrap
0  -30.500000 3.000000 22.000000  0.000000 1.000000 0.000000  0.741317 0.935063 0
0  -30.500000 3.000000 30.000000  0.000000 1.000000 0.000000  0.741317 0.913713 0
0  -29.500000 3.000000 30.000000  0.000000 1.000000 0.000000  0.743699 0.913740 0
kart_scrap
0  -29.500000 3.000000 22.000000  1.000000 0.000000 0.000000  0.000140 0.684384 0
0  -29.500000 3.000000 30.000000  1.000000 0.000000 0.000000  0.021466 0.684380 0
0  -29.500000 -9.000000 30.000000  1.000000 0.000000 0.000000  0.021466 0.716413 0
kart_scrap
0  -29.500000 -9.000000 22.000000  0.000000 -1.000000 0.000000  0.931314 0.829987 0
0  -29.500000 -9.000000 30.000000  0.000000 -1.000000 0.000000  0.931314 0.808639 0
0  -30.500000 -9.000000 30.000000  0.000000 -1.000000 0.000000  0.933706 0.808607 0
kart_scrap
0  -30.500000 3.000000 22.000000  0.000000 0.000000 -1.000000  0.897491 0.000000 0
0  -29.500000 3.000000 22.000000  0.000000 0.000000 -1.000000  0.900158 0.000000 0
0  -29.500000 -9.000000 22.000000  0.000000 0.000000 -1.000000  0.900158 0.032033 0
kart_scrap
0  -29.500000 3.000000 30.000000  0.000000 0.000000 1.000000  0.891063 0.219776 0
0  -30.500000 3.000000 30.000000  0.000000 0.000000 1.000000  0.888396 0.219776 0
0  -30.500000 -9.000000 30.000000  0.000000 0.000000 1.000000  0.888396 0.187742 0
kart_scrap
0  -28.000000 7.000000 15.500000  1.000000 0.000000 -0.000003  0.592070 0.453040 0
0  -29.336882 7.000000 11.385504  0.809015 0.000000 -0.587788  0.592089 0.463899 0
0  -29.336882 10.000000 11.385504  0.809019 0.000000 -0.587782  0.584087 0.463897 0
kart_scrap
0  -29.336882 7.000000 11.385504  0.809015 0.000000 -0.587788  0.891291 0.423587 0
0  -32.836880 7.000000 8.842604  0.309014 0.000000 -0.951057  0.891308 0.432961 0
0  -32.836880 10.000000 8.842604  0.309020 0.000000 -0.951055  0.883307 0.432949 0
kart_scrap
0  -32.836880 7.000000 8.842604  0.309014 0.000000 -0.951057  0.891308 0.432961 0
0  -37.163120 7.000000 8.842604  -0.309020 0.000000 -0.951055  0.891291 0.444509 0
0  -37.163120 10.000000 8.842604  -0.309014 0.000000 -0.951057  0.883289 0.444497 0
kart_scrap
0  -37.163120 7.000000 8.842604  -0.309020 0.000000 -0.951055  0.658330 0.886446 0
0  -40.663120 7.000000 11.385504  -0.809019 0.000000 -0.587782  0.658291 0.874978 0
0  -40.663120 10.000000 11.385504  -0.809015 0.000000 -0.587788  0.666292 0.874961 0
kart_scrap
0  -40.663120 7.000000 11.385504  -0.809019 0.000000 -0.587782  0.658291 0.874978 0
0  -42.000000 7.000000 15.500000  -1.000000 0.000000 0.000003  0.658330 0.864896 0
0  -42.000000 10.000000 15.500000  -1.000000 0.000000 -0.000003  0.666331 0.864879 0
kart_scrap
0  -42.000000 7.000000 15.500000  -1.000000 0.000000 0.000003  0.339681 0.182815 0
0  -40.663120 7.000000 19.614496  -0.809015 0.000000 0.587788  0.339681 0.171318 0
0  -40.663120 10.000000 19.614496  -0.809019 0.000000 0.587783  0.347682 0.171330 0
kart_scrap
0  -40.663120 7.000000 19.614496  -0.809015 0.000000 0.587788  0.351463 0.818767 0
0  -37.163120 7.000000 22.157396  -0.309014 0.000000 0.951057  0.351481 0.828101 0
0  -37.163120 10.000000 22.157396  -0.309020 0.000000 0.951055  0.343480 0.828101 0
kart_scrap
0  -37.163120 7.000000 22.157396  -0.309014 0.000000 0.951057  0.351481 0.828101 0
0  -32.836880 7.000000 22.157396  0.309020 0.000000 0.951055  0.351481 0.839650 0
0  -32.836880 10.000000 22.157396  0.309014 0.000000 0.951057  0.343480 0.839650 0
kart_scrap
0  -32.836880 7.000000 22.157396  0.309020 0.000000 0.951055  0.351481 0.839650 0
0  -29.336882 7.000000 19.614496  0.809019 0.000000 0.587782  0.351463 0.849002 0
0  -29.336882 10.000000 19.614496  0.809015 0.000000 0.587788  0.343461 0.849002 0
kart_scrap
0  -29.336882 7.000000 19.614496  0.809019 0.000000 0.587782  0.592089 0.441944 0
0  -28.000000 7.000000 15.500000  1.000000 0.000000 -0.000003  0.592070 0.453040 0
0  -28.000000 10.000000 15.500000  1.000000 0.000000 0.000003  0.584068 0.453038 0
kart_scrap
0  -28.000000 10.000000 15.500000  0.624695 0.780869 -0.000002  0.836125 0.140315 0
0  -29.336882 10.000000 11.385504  0.505387 0.780869 -0.367188  0.841685 0.150205 0
0  -30.550407 11.200000 12.267181  0.324168 0.916212 -0.235523  0.836732 0.151502 0
kart_scrap
0  -29.336882 10.000000 11.385504  0.505387 0.780869 -0.367188  0.841685 0.150205 0
0  -32.836880 10.000000 8.842604  0.193039 0.780869 -0.594120  0.841685 0.161565 0
0  -33.300407 11.200000 10.269190  0.123820 0.916212 -0.381083  0.836732 0.160428 0
kart_scrap
0  -32.836880 10.000000 8.842604  0.193039 0.780869 -0.594120  0.841685 0.161565 0
0  -37.163120 10.000000 8.842604  -0.193043 0.780870 -0.594119  0.836125 0.170056 0
0  -36.699593 11.200000 10.269190  -0.123822 0.916212 -0.381082  0.832364 0.167100 0
kart_scrap
0  -37.163120 10.000000 8.842604  -0.193043 0.780870 -0.594119  0.225545 0.592614 0
0  -40.663120 10.000000 11.385504  -0.505390 0.780869 -0.367185  0.214965 0.594819 0
0  -39.449593 11.200000 12.267181  -0.324169 0.916212 -0.235521  0.215815 0.589947 0
kart_scrap
0  -40.663120 10.000000 11.385504  -0.505390 0.780869 -0.367185  0.214965 0.594819 0
0  -42.000000 10.000000 15.500000  -0.624694 0.780869 0.000002  0.204385 0.590414 0
0  -40.500000 11.200000 15.500000  -0.400694 0.916212 0.000001  0.207502 0.586485 0
kart_scrap
0  -42.000000 10.000000 15.500000  -0.624694 0.780869 0.000002  0.204385 0.590414 0
0  -40.663120 10.000000 19.614496  -0.505388 0.780869 0.367188  0.197846 0.581081 0
0  -39.449593 11.200000 18.732819  -0.324168 0.916212 0.235523  0.202365 0.579152 0
kart_scrap
0  -40.663120 10.000000 19.614496  -0.505388 0.780869 0.367188  0.197846 0.581081 0
0  -37.163120 10.000000 22.157396  -0.193039 0.780869 0.594120  0.197846 0.570383 0
0  -36.699593 11.200000 20.730810  -0.123820 0.916212 0.381083  0.202365 0.570747 0
kart_scrap
0  -37.163120 10.000000 22.157396  -0.193039 0.780869 0.594120  0.632253 0.818442 0
0  -32.836880 10.000000 22.157396  0.193044 0.780869 0.594119  0.636905 0.827110 0
0  -33.300407 11.200000 20.730810  0.123822 0.916212 0.381082  0.631966 0.828408 0
kart_scrap
0  -32.836880 10.000000 22.157396  0.193044 0.780869 0.594119  0.636905 0.827110 0
0  -29.336882 10.000000 19.614496  0.505390 0.780869 0.367184  0.636905 0.838571 0
0  -30.550407 11.200000 18.732819  0.324169 0.916212 0.235521  0.631966 0.837414 0
kart_scrap
0  -29.336882 10.000000 19.614496  0.505390 0.780869 0.367184  0.636905 0.838571 0
0  -28.000000 10.000000 15.500000  0.624695 0.780869 -0.000002  0.632253 0.848449 0
0  -29.500000 11.200000 15.500000  0.400694 0.916212 -0.000001  0.628311 0.845175 0
kart_scrap
0  29.903801 -17.000000 7.204489  0.058722 -0.707107 -0.704664  0.846931 0.794141 0
0  44.295509 -17.000000 8.403801  0.058722 -0.707107 -0.704664  0.846931 0.757097 0
0  44.195854 -18.200001 9.599656  0.058722 -0.707107 -0.704664  0.851406 0.757286 0
kart_scrap
0  29.804146 -15.800000 8.400344  0.058722 0.707107 -0.704664  0.074543 0.875719 0
0  44.195854 -15.800000 9.599656  0.058722 0.707107 -0.704664  0.074543 0.841214 0
0  44.295509 -17.000000 8.403801  0.058722 0.707107 -0.704664  0.078816 0.840547 0
kart_scrap
0  29.804146 18.200001 8.400344  0.058722 0.707107 -0.704664  0.694739 0.873819 0
0  44.195854 18.200001 9.599656  0.058722 0.707107 -0.704665  0.694739 0.839314 0
0  44.295509 17.000000 8.403801  0.058722 0.707107 -0.704664  0.699012 0.838647 0
kart_scrap
0  44.295509 -17.000000 8.403801  0.996546 0.000000 0.083046  0.260993 0.970239 0
0  44.195854 -15.800000 9.599656  0.996546 0.000003 0.083046  0.256470 0.970245 0
0  44.096199 -17.000000 10.795511  0.996546 0.000000 0.083046  0.256470 0.965717 0
kart_scrap
0  49.204998 -18.092505 7.666054  0.302387 0.380916 -0.873765  0.016913 0.919688 0
0  54.272152 -10.491772 12.733212  0.302387 0.380919 -0.873764  0.016913 0.895218 0
0  55.333202 -11.229522 12.778789  0.302387 0.380919 -0.873764  0.020359 0.895282 0
kart_scrap
0  29.903801 17.000000 7.204489  0.058722 -0.707107 -0.704664  0.846931 0.844957 0
0  44.295509 17.000000 8.403801  0.058722 -0.707107 -0.704664  0.846931 0.807914 0
0  44.195854 15.800000 9.599656  0.058722 -0.707107 -0.704664  0.851406 0.808102 0
kart_scrap
0  44.295509 17.000000 8.403801  0.996546 -0.000000 0.083046  0.242268 0.970983 0
0  44.195854 18.200001 9.599656  0.996546 0.000003 0.083046  0.237745 0.970988 0
0  44.096199 17.000000 10.795511  0.996546 -0.000000 0.083046  0.237745 0.966460 0
kart_scrap
0  50.266045 -18.830256 7.711631  0.873812 -0.424883 -0.236488  0.239567 0.923469 0
0  55.333202 -11.229522 12.778789  0.873813 -0.424881 -0.236488  0.239567 0.899272 0
0  55.289200 -11.925967 13.867460  0.873813 -0.424881 -0.236488  0.243016 0.899266 0
kart_scrap
0  29.804146 15.800000 8.400344  -0.058722 -0.707106 0.704665  0.202086 0.842594 0
0  44.195854 15.800000 9.599656  -0.058722 -0.707107 0.704664  0.202086 0.876940 0
0  44.096199 17.000000 10.795511  -0.058722 -0.707107 0.704664  0.197846 0.877660 0
kart_scrap
0  56.159847 -1.024290 13.840035  0.916265 0.108490 0.385602  0.518109 0.841553 0
0  54.977772 13.160591 12.657961  0.916264 0.108489 0.385603  0.518109 0.879524 0
0  54.470955 13.217382 13.846275  0.916264 0.108489 0.385603  0.514895 0.879411 0
kart_scrap
0  55.334690 11.907129 13.793715  0.304670 0.660561 0.686174  0.903667 0.860376 0
0  50.267532 19.507866 8.726558  0.304671 0.660562 0.686173  0.903667 0.888261 0
0  49.207577 19.268564 9.427563  0.304671 0.660562 0.686173  0.900353 0.888254 0
kart_scrap
0  29.704491 17.000000 9.596199  -0.058722 0.707106 0.704665  0.021363 0.849810 0
0  44.096199 17.000000 10.795511  -0.058722 0.707107 0.704665  0.021363 0.881634 0
0  44.195854 18.200001 9.599656  -0.058722 0.707107 0.704665  0.016913 0.881166 0
kart_scrap
0  29.804146 18.200001 8.400344  -0.996546 0.000000 -0.083046  0.764102 0.966648 0
0  29.903801 17.000000 7.204489  -0.996546 0.000000 -0.083046  0.764102 0.971087 0
0  29.804146 15.800000 8.400344  -0.996546 0.000000 -0.083046  0.759694 0.971292 0
kart_scrap
0  51.864365 9.222326 10.826617  0.737041 -0.523033 -0.428026  0.000140 0.950025 0
0  55.197701 12.555659 12.493284  0.737045 -0.523028 -0.428026  0.000140 0.938330 0
0  55.328197 11.931394 13.480822  0.737044 -0.523029 -0.428026  0.003275 0.938349 0
kart_scrap
0  29.804146 -18.200001 8.400344  -0.058722 -0.707106 0.704665  0.219898 0.842594 0
0  44.195854 -18.200001 9.599656  -0.058722 -0.707107 0.704665  0.219898 0.876940 0
0  44.096199 -17.000000 10.795511  -0.058722 -0.707107 0.704665  0.215658 0.877660 0
kart_scrap
0  -14.922469 -15.419150 5.824610  0.999480 0.000262 0.032237  0.711403 0.567983 0
0  -15.999839 -14.880466 39.223053  0.999480 0.000259 0.032237  0.711403 0.478769 0
0  -16.000151 -16.080309 39.242393  0.999480 0.000259 0.032237  0.714604 0.478769 0
kart_scrap
0  -17.540102 -13.725760 41.386780  -0.679112 -0.366209 0.636158  0.176108 0.565643 0
0  -47.393314 -14.773242 8.914877  -0.679111 -0.366213 0.636158  0.176108 0.667605 0
0  -47.058720 -15.866789 8.642542  -0.679111 -0.366213 0.636158  0.173185 0.668173 0
kart_scrap
0  29.704491 -17.000000 9.596199  -0.058722 0.707107 0.704664  0.480663 0.849752 0
0  44.096199 -17.000000 10.795511  -0.058722 0.707107 0.704665  0.480663 0.881576 0
0  44.195854 -15.800000 9.599656  -0.058722 0.707107 0.704665  0.476213 0.881108 0
kart_scrap
0  29.804146 -18.200001 8.400344  -0.996546 0.000000 -0.083046  0.966103 0.865013 0
0  29.704491 -17.000000 9.596199  -0.996546 0.000000 -0.083046  0.966103 0.860574 0
0  29.804146 -15.800000 8.400344  -0.996546 0.000000 -0.083046  0.970511 0.860369 0
kart_scrap
0  54.922707 -13.141571 12.484800  0.968498 -0.099723 0.228183  0.866340 0.413801 0
0  56.104778 1.043309 13.666872  0.968498 -0.099723 0.228183  0.866340 0.375795 0
0  55.801064 0.964080 14.921329  0.968498 -0.099723 0.228183  0.869717 0.375739 0
kart_scrap
0  50.222042 -19.526701 8.800303  0.237659 -0.643514 0.727604  0.904635 0.215129 0
0  55.289200 -11.925967 13.867460  0.237658 -0.643513 0.727605  0.904635 0.187743 0
0  54.200954 -11.618644 14.494719  0.237658 -0.643513 0.727605  0.907857 0.187975 0
kart_scrap
0  51.000000 10.000000 11.000000  0.122183 0.343418 -0.931201  0.322932 0.085085 0
0  54.333332 13.333334 12.666667  0.122183 0.343416 -0.931202  0.322932 0.072473 0
0  55.197701 12.555659 12.493284  0.122183 0.343416 -0.931202  0.326029 0.072312 0
kart_scrap
0  50.266045 -18.830256 7.711631  -0.485073 -0.727606 -0.485071  0.966815 0.762622 0
0  50.222042 -19.526701 8.800303  -0.485071 -0.727607 -0.485070  0.963897 0.761788 0
0  49.204998 -18.092505 7.666054  -0.485073 -0.727606 -0.485071  0.968618 0.759723 0
kart_scrap
0  50.222042 -19.526701 8.800303  -0.485071 -0.727607 -0.485070  0.963897 0.761788 0
0  49.133797 -19.219378 9.427562  -0.485072 -0.727607 -0.485071  0.963897 0.758373 0
0  49.204998 -18.092505 7.666054  -0.485073 -0.727606 -0.485071  0.968618 0.759723 0
kart_scrap
0  49.133797 -19.219378 9.427562  -0.726931 0.027173 0.686173  0.913456 0.742858 0
0  54.200954 -11.618644 14.494719  -0.726930 0.027172 0.686173  0.913456 0.717062 0
0  53.572384 -10.732262 13.793715  -0.726930 0.027172 0.686173  0.916656 0.716573 0
kart_scrap
0  53.825462 -12.994446 11.816525  0.522654 0.027455 -0.852103  0.400002 0.882855 0
0  55.007538 1.190435 12.998596  0.522654 0.027453 -0.852103  0.400002 0.844843 0
0  56.104778 1.043309 13.666872  0.522654 0.027453 -0.852103  0.402959 0.844981 0
kart_scrap
0  54.618992 -13.220800 13.739257  0.075911 -0.089086 0.993127  0.459175 0.831195 0
0  55.801064 0.964080 14.921329  0.075908 -0.089087 0.993127  0.459175 0.869184 0
0  54.516117 1.062241 15.028349  0.075908 -0.089087 0.993127  0.455737 0.869160 0
kart_scrap
0  48.505230 -18.332994 8.726558  -0.686928 0.660303 -0.303528  0.514895 0.918499 0
0  53.572384 -10.732262 13.793715  -0.686926 0.660304 -0.303530  0.514895 0.893202 0
0  54.272152 -10.491772 12.733212  -0.686926 0.660304 -0.303529  0.518337 0.893108 0
kart_scrap
0  55.289200 -11.925967 13.867460  0.485068 0.727610 0.485069  0.421523 0.963764 0
0  55.333202 -11.229522 12.778789  0.485071 0.727607 0.485071  0.423551 0.966552 0
0  54.200954 -11.618644 14.494719  0.485070 0.727608 0.485071  0.418243 0.964826 0
kart_scrap
0  55.333202 -11.229522 12.778789  0.485071 0.727607 0.485071  0.423551 0.966552 0
0  54.272152 -10.491772 12.733212  0.485072 0.727606 0.485072  0.421523 0.969337 0
0  54.200954 -11.618644 14.494719  0.485070 0.727608 0.485071  0.418243 0.964826 0
kart_scrap
0  51.994862 8.598061 11.814155  0.333334 -0.666667 0.666666  0.675330 0.950553 0
0  55.328197 11.931394 13.480822  0.333334 -0.666666 0.666667  0.675330 0.937309 0
0  54.544483 12.323251 14.264535  0.333334 -0.666666 0.666667  0.678337 0.937419 0
kart_scrap
0  53.825462 -12.994446 11.816525  -0.082761 -0.993127 -0.082761  0.516787 0.969408 0
0  54.922707 -13.141571 12.484800  -0.082760 -0.993127 -0.082762  0.514895 0.966698 0
0  54.618992 -13.220800 13.739257  -0.082760 -0.993127 -0.082760  0.516787 0.963848 0
kart_scrap
0  54.618992 -13.220800 13.739257  -0.082760 -0.993127 -0.082760  0.516787 0.963848 0
0  53.334042 -13.122639 13.846276  -0.082761 -0.993127 -0.082760  0.519847 0.964798 0
0  53.825462 -12.994446 11.816525  -0.082761 -0.993127 -0.082761  0.516787 0.969408 0
kart_scrap
0  53.334042 -13.122639 13.846276  -0.921583 0.044666 0.385602  0.864978 0.846662 0
0  54.516117 1.062241 15.028349  -0.921583 0.044665 0.385604  0.864978 0.808654 0
0  54.025688 1.202136 13.840034  -0.921583 0.044665 0.385604  0.868378 0.808608 0
kart_scrap
0  55.189606 -1.175263 12.998597  0.655890 -0.008243 -0.754811  0.881950 0.846786 0
0  54.007530 13.009617 11.816523  0.655891 -0.008244 -0.754811  0.881950 0.808802 0
0  54.977772 13.160591 12.657961  0.655891 -0.008244 -0.754811  0.884573 0.808607 0
kart_scrap
0  55.653030 -0.967498 15.028350  -0.089609 0.075294 0.993127  0.442165 0.831194 0
0  54.470955 13.217382 13.846275  -0.089608 0.075293 0.993127  0.442165 0.869200 0
0  53.187485 13.101508 13.739255  -0.089608 0.075293 0.993127  0.438729 0.869176 0
kart_scrap
0  52.843616 -12.982744 12.657963  -0.645479 0.116691 -0.754812  0.864978 0.795010 0
0  54.025688 1.202136 13.840034  -0.645478 0.116690 -0.754812  0.864978 0.757098 0
0  55.007538 1.190435 12.998596  -0.645478 0.116690 -0.754812  0.868425 0.757112 0
kart_scrap
0  54.025688 1.202136 13.840034  0.082761 0.993127 0.082760  0.160743 0.966239 0
0  54.516117 1.062241 15.028349  0.082761 0.993127 0.082760  0.163389 0.964260 0
0  55.801064 0.964080 14.921329  0.082761 0.993127 0.082760  0.165593 0.966239 0
kart_scrap
0  55.801064 0.964080 14.921329  0.082761 0.993127 0.082760  0.165593 0.966239 0
0  56.104778 1.043309 13.666872  0.082761 0.993127 0.082760  0.164310 0.969441 0
0  54.025688 1.202136 13.840034  0.082761 0.993127 0.082760  0.160743 0.966239 0
kart_scrap
0  52.070377 -8.810303 11.238640  0.531031 0.111009 -0.840049  0.916533 0.040217 0
0  55.403709 -12.143637 12.905307  0.531033 0.111007 -0.840048  0.916533 0.052801 0
0  54.788853 -13.010083 12.402132  0.531033 0.111007 -0.840048  0.913730 0.053269 0
kart_scrap
0  56.159847 -1.024290 13.840035  0.082760 -0.993127 0.082761  0.951346 0.660648 0
0  55.653030 -0.967498 15.028350  0.082760 -0.993127 0.082760  0.953285 0.657855 0
0  54.369556 -1.083372 14.921329  0.082760 -0.993127 0.082761  0.956422 0.658439 0
kart_scrap
0  54.369556 -1.083372 14.921329  0.082760 -0.993127 0.082761  0.956422 0.658439 0
0  54.083145 -1.211778 13.666874  0.082760 -0.993127 0.082761  0.956422 0.661593 0
0  56.159847 -1.024290 13.840035  0.082760 -0.993127 0.082761  0.951346 0.660648 0
kart_scrap
0  54.369556 -1.083372 14.921329  -0.971645 -0.061954 0.228183  0.798050 0.827862 0
0  53.187485 13.101508 13.739255  -0.971645 -0.061955 0.228183  0.798050 0.865949 0
0  52.901073 12.973103 12.484799  -0.971645 -0.061955 0.228183  0.794601 0.865948 0
kart_scrap
0  55.287537 11.168694 12.733211  0.873715 0.380121 -0.303531  0.260029 0.899791 0
0  50.220379 18.769428 7.666054  0.873714 0.380123 -0.303531  0.260029 0.923864 0
0  50.267532 19.507866 8.726558  0.873714 0.380123 -0.303531  0.256588 0.923986 0
kart_scrap
0  54.274734 11.667829 14.494719  -0.685417 0.028123 0.727607  0.916781 0.000573 0
0  49.207577 19.268564 9.427563  -0.685417 0.028127 0.727607  0.916781 0.026634 0
0  48.505337 18.382231 8.800303  -0.685417 0.028127 0.727607  0.913730 0.026061 0
kart_scrap
0  54.083145 -1.211778 13.666874  -0.510902 -0.113584 -0.852102  0.056938 0.875162 0
0  52.901073 12.973103 12.484799  -0.510903 -0.113584 -0.852101  0.056938 0.837346 0
0  54.007530 13.009617 11.816523  -0.510903 -0.113584 -0.852101  0.060314 0.837257 0
kart_scrap
0  52.901073 12.973103 12.484799  -0.082760 0.993127 -0.082760  0.180976 0.969422 0
0  53.187485 13.101508 13.739255  -0.082761 0.993127 -0.082761  0.179798 0.966180 0
0  54.007530 13.009617 11.816523  -0.082761 0.993127 -0.082761  0.184210 0.969422 0
kart_scrap
0  53.187485 13.101508 13.739255  -0.082761 0.993127 -0.082761  0.179798 0.966180 0
0  54.470955 13.217382 13.846275  -0.082761 0.993127 -0.082761  0.182303 0.964176 0
0  54.007530 13.009617 11.816523  -0.082761 0.993127 -0.082761  0.184210 0.969422 0
kart_scrap
0  49.131283 18.073750 7.711631  -0.485071 0.727609 -0.485067  0.123169 0.969467 0
0  48.505337 18.382231 8.800303  -0.485072 0.727606 -0.485072  0.120083 0.968868 0
0  50.220379 18.769428 7.666054  -0.485071 0.727608 -0.485069  0.125076 0.966612 0
kart_scrap
0  48.505337 18.382231 8.800303  -0.485072 0.727606 -0.485072  0.120083 0.968868 0
0  49.207577 19.268564 9.427563  -0.485072 0.727607 -0.485071  0.120083 0.965644 0
0  50.220379 18.769428 7.666054  -0.485071 0.727608 -0.485069  0.125076 0.966612 0
kart_scrap
0  -16.960770 -11.200000 48.199997  1.000000 0.000000 0.000000  0.421958 0.818174 0
0  -16.960770 11.200000 48.200001  1.000000 0.000000 0.000000  0.421958 0.758379 0
0  -16.960770 11.200000 49.400002  1.000000 0.000000 0.000000  0.425157 0.758378 0
kart_scrap
0  53.572495 10.781496 13.867459  -0.728282 -0.643179 -0.236487  0.166226 0.893867 0
0  48.505337 18.382231 8.800303  -0.728283 -0.643178 -0.236487  0.166226 0.919116 0
0  49.131283 18.073750 7.711631  -0.728283 -0.643178 -0.236487  0.162778 0.919151 0
kart_scrap
0  -16.877687 -14.972719 36.391582  0.515266 0.782055 -0.350558  0.860108 0.574460 0
0  -18.075039 -8.387282 49.322983  0.515265 0.782056 -0.350559  0.860108 0.535594 0
0  -17.051350 -8.901812 49.679798  0.515265 0.782056 -0.350559  0.863306 0.535592 0
kart_scrap
0  -16.960770 -11.200000 49.399998  0.500005 -0.000000 0.866023  0.786538 0.302360 0
0  -16.960770 11.200000 49.400002  0.499992 -0.000000 0.866030  0.786538 0.362156 0
0  -18.000000 11.200000 50.000000  0.499992 -0.000000 0.866030  0.783764 0.362152 0
kart_scrap
0  54.198441 10.473014 12.778788  0.235315 -0.425633 -0.873764  0.183213 0.894088 0
0  49.131283 18.073750 7.711631  0.235314 -0.425632 -0.873765  0.183213 0.918908 0
0  50.220379 18.769428 7.666054  0.235314 -0.425632 -0.873764  0.179798 0.918687 0
kart_scrap
0  55.334690 11.907129 13.793715  0.485072 -0.727606 0.485072  0.790182 0.968171 0
0  54.274734 11.667829 14.494719  0.485072 -0.727607 0.485071  0.790182 0.964720 0
0  55.287537 11.168694 12.733211  0.485072 -0.727606 0.485071  0.793435 0.969248 0
kart_scrap
0  54.274734 11.667829 14.494719  0.485072 -0.727607 0.485071  0.790182 0.964720 0
0  53.572495 10.781496 13.867459  0.485072 -0.727607 0.485071  0.793435 0.963664 0
0  55.287537 11.168694 12.733211  0.485072 -0.727606 0.485071  0.793435 0.969248 0
kart_scrap
0  -18.497440 8.464083 49.322983  0.182006 -0.882932 -0.432788  0.874744 0.129545 0
0  -17.300087 15.049520 36.391582  0.182005 -0.882932 -0.432788  0.874744 0.167914 0
0  -16.124264 15.200779 36.577484  0.182005 -0.882932 -0.432788  0.871573 0.167844 0
kart_scrap
0  51.000000 10.000000 11.000000  -0.666665 -0.666668 -0.333333  0.937671 0.965758 0
0  51.864365 9.222326 10.826617  -0.666666 -0.666668 -0.333333  0.936009 0.968280 0
0  50.596291 9.856363 12.094693  -0.666666 -0.666667 -0.333334  0.936009 0.963203 0
kart_scrap
0  51.864365 9.222326 10.826617  -0.666666 -0.666668 -0.333333  0.936009 0.968280 0
0  51.994862 8.598061 11.814155  -0.666666 -0.666667 -0.333334  0.933320 0.967283 0
0  50.596291 9.856363 12.094693  -0.666666 -0.666667 -0.333334  0.936009 0.963203 0
kart_scrap
0  51.211147 8.989917 12.597868  -0.531032 0.111007 0.840049  0.259384 0.937569 0
0  54.544483 12.323251 14.264535  -0.531032 0.111008 0.840049  0.259384 0.950141 0
0  53.929623 13.189697 13.761360  -0.531032 0.111008 0.840049  0.256588 0.950619 0
kart_scrap
0  51.666668 -8.666666 12.333333  0.661528 0.735274 0.147488  0.846575 0.950743 0
0  55.000000 -12.000000 14.000000  0.661530 0.735272 0.147488  0.846575 0.937425 0
0  55.403709 -12.143637 12.905307  0.661530 0.735273 0.147488  0.849474 0.937346 0
kart_scrap
0  51.455517 -9.676749 10.735465  -0.333334 -0.666665 -0.666668  0.949854 0.387549 0
0  54.788853 -13.010083 12.402132  -0.333332 -0.666669 -0.666665  0.949854 0.376402 0
0  54.005138 -13.401939 13.185845  -0.333333 -0.666668 -0.666665  0.952749 0.375739 0
kart_scrap
0  50.596291 9.856363 12.094693  -0.661529 0.735273 -0.147487  0.322273 0.184122 0
0  53.929623 13.189697 13.761360  -0.661529 0.735273 -0.147488  0.322273 0.171340 0
0  54.333332 13.333334 12.666667  -0.661529 0.735273 -0.147488  0.325408 0.171317 0
kart_scrap
0  55.328197 11.931394 13.480822  0.666665 0.666668 0.333333  0.400722 0.970434 0
0  55.197701 12.555659 12.493284  0.666667 0.666666 0.333334  0.397789 0.969398 0
0  54.333332 13.333334 12.666667  0.666667 0.666666 0.333334  0.397789 0.966291 0
kart_scrap
0  54.333332 13.333334 12.666667  0.666667 0.666666 0.333334  0.397789 0.966291 0
0  53.929623 13.189697 13.761360  0.666668 0.666664 0.333336  0.400722 0.965407 0
0  54.544483 12.323251 14.264535  0.666666 0.666668 0.333333  0.402534 0.967967 0
kart_scrap
0  51.666668 -8.666666 12.333333  -0.666665 0.666668 -0.333333  0.912960 0.170973 0
0  52.070377 -8.810303 11.238640  -0.666666 0.666666 -0.333335  0.912241 0.173931 0
0  51.455517 -9.676749 10.735465  -0.666667 0.666666 -0.333334  0.909386 0.173931 0
kart_scrap
0  51.455517 -9.676749 10.735465  -0.666667 0.666666 -0.333334  0.909386 0.173931 0
0  50.671803 -10.068606 11.519178  -0.666671 0.666661 -0.333336  0.908341 0.170973 0
0  50.802299 -9.444341 12.506716  -0.666667 0.666667 -0.333333  0.910549 0.169145 0
kart_scrap
0  50.671803 -10.068606 11.519178  -0.737043 -0.523031 0.428026  0.951346 0.644272 0
0  54.005138 -13.401939 13.185845  -0.737042 -0.523032 0.428027  0.951346 0.633278 0
0  54.135635 -12.777674 14.173383  -0.737042 -0.523031 0.428027  0.954472 0.633136 0
kart_scrap
0  -15.961003 -14.819498 5.781437  0.499966 0.866043 0.002160  0.728255 0.673559 0
0  -17.038372 -14.280813 39.179878  0.499967 0.866042 0.002160  0.728255 0.590061 0
0  -15.999839 -14.880466 39.223053  0.499967 0.866042 0.002160  0.731455 0.590065 0
kart_scrap
0  -14.922781 -16.618994 5.843952  0.499516 -0.865782 0.030078  0.738447 0.384918 0
0  -16.000151 -16.080309 39.242393  0.499515 -0.865783 0.030078  0.738447 0.302356 0
0  -17.038996 -16.680502 39.218563  0.499515 -0.865783 0.030078  0.741645 0.302398 0
kart_scrap
0  50.802299 -9.444341 12.506716  -0.122184 0.343417 0.931202  0.847436 0.743211 0
0  54.135635 -12.777674 14.173383  -0.122184 0.343416 0.931202  0.847436 0.730622 0
0  55.000000 -12.000000 14.000000  -0.122184 0.343416 0.931202  0.850535 0.730462 0
kart_scrap
0  54.135635 -12.777674 14.173383  0.666668 -0.666665 0.333334  0.277445 0.965711 0
0  54.005138 -13.401939 13.185845  0.666672 -0.666662 0.333334  0.279225 0.968291 0
0  54.788853 -13.010083 12.402132  0.666668 -0.666665 0.333334  0.277445 0.970743 0
kart_scrap
0  54.788853 -13.010083 12.402132  0.666668 -0.666665 0.333334  0.277445 0.970743 0
0  55.403709 -12.143637 12.905307  0.666666 -0.666667 0.333334  0.274565 0.969678 0
0  54.135635 -12.777674 14.173383  0.666668 -0.666665 0.333334  0.277445 0.965711 0
kart_scrap
0  -18.000000 -11.200000 47.599998  0.499998 0.000000 -0.866026  0.831085 0.736453 0
0  -18.000000 11.200000 47.599998  0.499998 0.000000 -0.866026  0.831085 0.676658 0
0  -16.960770 11.200000 48.200001  0.499998 0.000000 -0.866026  0.833864 0.676650 0
kart_scrap
0  53.000000 7.000000 9.000000  0.000000 1.000000 0.000000  0.016913 0.949349 0
0  53.000000 7.000000 15.000000  0.000000 1.000000 0.000000  0.016913 0.933336 0
0  54.199997 7.000000 15.000000  0.000000 1.000000 0.000000  0.019772 0.933369 0
kart_scrap
0  -15.961627 -17.219187 5.820122  -0.499966 -0.866042 -0.002159  0.711738 0.156140 0
0  -17.038996 -16.680502 39.218563  -0.499965 -0.866043 -0.002159  0.711738 0.066957 0
0  -18.077530 -16.080851 39.175392  -0.499965 -0.866043 -0.002159  0.714932 0.066963 0
kart_scrap
0  -17.038996 -16.680502 39.218563  -0.032236 0.016119 0.999350  0.346232 0.961973 0
0  -16.000151 -16.080309 39.242393  -0.032238 0.016118 0.999350  0.349002 0.963576 0
0  -18.077219 -14.881006 39.156048  -0.032238 0.016119 0.999350  0.343462 0.966776 0
kart_scrap
0  -16.000151 -16.080309 39.242393  -0.032238 0.016118 0.999350  0.349002 0.963576 0
0  -15.999839 -14.880466 39.223053  -0.032240 0.016118 0.999350  0.349002 0.966779 0
0  -18.077219 -14.881006 39.156048  -0.032238 0.016119 0.999350  0.343462 0.966776 0
kart_scrap
0  -15.999839 -14.880466 39.223053  -0.032240 0.016118 0.999350  0.349002 0.966779 0
0  -17.038372 -14.280813 39.179878  -0.032238 0.016120 0.999350  0.346232 0.968379 0
0  -18.077219 -14.881006 39.156048  -0.032238 0.016119 0.999350  0.343462 0.966776 0
kart_scrap
0  -16.922853 9.608541 50.051605  0.757575 0.550626 0.350559  0.874824 0.187742 0
0  -15.725501 16.193979 37.120205  0.757571 0.550631 0.350559  0.874824 0.226402 0
0  -16.502560 17.035917 37.477020  0.757571 0.550631 0.350559  0.871763 0.226499 0
kart_scrap
0  -17.000162 -16.619534 5.776949  -0.999480 -0.000262 -0.032237  0.728176 0.565198 0
0  -18.077530 -16.080851 39.175392  -0.999480 -0.000260 -0.032237  0.728176 0.478785 0
0  -18.077219 -14.881006 39.156048  -0.999480 -0.000260 -0.032237  0.731376 0.478769 0
kart_scrap
0  -15.877634 -16.557247 37.291115  0.481151 -0.762356 0.432789  0.864054 0.038847 0
0  -17.074986 -9.971811 50.222519  0.481151 -0.762357 0.432789  0.864054 0.000009 0
0  -18.122313 -10.527281 50.408421  0.481151 -0.762357 0.432789  0.867247 0.000000 0
kart_scrap
0  -15.853997 -15.487249 36.748398  0.996419 0.019696 0.082230  0.864142 0.715462 0
0  -17.051350 -8.901812 49.679798  0.996419 0.019698 0.082230  0.864142 0.676651 0
0  -17.074986 -9.971811 50.222519  0.996419 0.019698 0.082230  0.867343 0.676651 0
kart_scrap
0  -16.999849 -15.419690 5.757607  -0.499515 0.865783 -0.030078  0.711526 0.276955 0
0  -18.077219 -14.881006 39.156048  -0.499516 0.865782 -0.030078  0.711526 0.187742 0
0  -17.038372 -14.280813 39.179878  -0.499516 0.865782 -0.030078  0.714722 0.187744 0
kart_scrap
0  -14.922469 -15.419150 5.824610  0.032237 -0.016119 -0.999350  0.566079 0.963391 0
0  -14.922781 -16.618994 5.843952  0.032237 -0.016119 -0.999350  0.566079 0.966594 0
0  -16.999849 -15.419690 5.757607  0.032237 -0.016119 -0.999350  0.560538 0.963394 0
kart_scrap
0  -14.922781 -16.618994 5.843952  0.032237 -0.016119 -0.999350  0.566079 0.966594 0
0  -15.961627 -17.219187 5.820122  0.032237 -0.016119 -0.999350  0.563309 0.968197 0
0  -16.999849 -15.419690 5.757607  0.032237 -0.016119 -0.999350  0.560538 0.963394 0
kart_scrap
0  -15.961627 -17.219187 5.820122  0.032237 -0.016119 -0.999350  0.563309 0.968197 0
0  -17.000162 -16.619534 5.776949  0.032236 -0.016119 -0.999350  0.560538 0.966597 0
0  -16.999849 -15.419690 5.757607  0.032237 -0.016119 -0.999350  0.560538 0.963394 0
kart_scrap
0  -16.924961 -17.112717 37.477020  -0.515265 -0.782055 0.350560  0.000140 0.885099 0
0  -18.122313 -10.527281 50.408421  -0.515266 -0.782055 0.350558  0.000140 0.849344 0
0  -19.146004 -10.012751 50.051605  -0.515266 -0.782055 0.350558  0.003341 0.849342 0
kart_scrap
0  -17.181839 14.289465 39.175392  0.392856 -0.919597 -0.002160  0.748135 0.478769 0
0  -16.104469 14.828150 5.776947  0.392855 -0.919598 -0.002159  0.748135 0.560337 0
0  -15.001627 15.299187 5.820120  0.392855 -0.919598 -0.002159  0.744948 0.560457 0
kart_scrap
0  -16.877687 -14.972719 36.391582  0.082230 -0.452266 -0.888084  0.955223 0.322610 0
0  -15.853997 -15.487249 36.748398  0.082229 -0.452265 -0.888085  0.957984 0.323924 0
0  -17.948650 -16.598188 37.120205  0.082229 -0.452265 -0.888085  0.952462 0.326995 0
kart_scrap
0  -15.853997 -15.487249 36.748398  0.082229 -0.452265 -0.888085  0.957984 0.323924 0
0  -15.877634 -16.557247 37.291115  0.082228 -0.452265 -0.888085  0.957984 0.326774 0
0  -17.948650 -16.598188 37.120205  0.082229 -0.452265 -0.888085  0.952462 0.326995 0
kart_scrap
0  -15.877634 -16.557247 37.291115  0.082228 -0.452265 -0.888085  0.957984 0.326774 0
0  -16.924961 -17.112717 37.477020  0.082226 -0.452265 -0.888085  0.955223 0.328310 0
0  -17.948650 -16.598188 37.120205  0.082229 -0.452265 -0.888085  0.952462 0.326995 0
kart_scrap
0  -17.948650 -16.598188 37.120205  -0.996419 -0.019697 -0.082230  0.098593 0.881297 0
0  -19.146004 -10.012751 50.051605  -0.996419 -0.019694 -0.082230  0.098593 0.843827 0
0  -19.122366 -8.942752 49.508888  -0.996419 -0.019694 -0.082230  0.101763 0.843710 0
kart_scrap
0  -17.321617 8.615343 49.508888  0.939581 -0.332303 -0.082230  0.875906 0.460868 0
0  -16.124264 15.200779 36.577484  0.939582 -0.332301 -0.082230  0.875906 0.499689 0
0  -15.725501 16.193979 37.120205  0.939582 -0.332301 -0.082230  0.872900 0.499633 0
kart_scrap
0  -17.998373 16.200813 39.179878  -0.992335 0.119860 -0.030078  0.731466 0.187742 0
0  -16.921003 16.739498 5.781435  -0.992336 0.119852 -0.030078  0.731466 0.274143 0
0  -17.064157 15.548306 5.757605  -0.992336 0.119852 -0.030078  0.728294 0.274249 0
kart_scrap
0  -17.925014 -15.528189 36.577484  -0.481149 0.762357 -0.432790  0.239817 0.885646 0
0  -19.122366 -8.942752 49.508888  -0.481154 0.762355 -0.432788  0.239817 0.850387 0
0  -18.075039 -8.387282 49.322983  -0.481154 0.762355 -0.432788  0.243016 0.850423 0
kart_scrap
0  -19.146004 -10.012751 50.051605  -0.082230 0.452265 0.888085  0.897477 0.111344 0
0  -18.122313 -10.527281 50.408421  -0.082230 0.452265 0.888085  0.900237 0.110030 0
0  -17.074986 -9.971811 50.222519  -0.082232 0.452266 0.888084  0.902996 0.111577 0
kart_scrap
0  -17.074986 -9.971811 50.222519  -0.082232 0.452266 0.888084  0.902996 0.111577 0
0  -17.051350 -8.901812 49.679798  -0.082228 0.452266 0.888084  0.902996 0.114438 0
0  -19.146004 -10.012751 50.051605  -0.082230 0.452265 0.888085  0.897477 0.111344 0
kart_scrap
0  -17.051350 -8.901812 49.679798  -0.082228 0.452266 0.888084  0.902996 0.114438 0
0  -18.075039 -8.387282 49.322983  -0.082227 0.452265 0.888085  0.900237 0.115752 0
0  -19.146004 -10.012751 50.051605  -0.082230 0.452265 0.888085  0.897477 0.111344 0
kart_scrap
0  -18.000000 -11.200000 50.000000  -0.499998 -0.000000 0.866026  0.783764 0.302356 0
0  -18.000000 11.200000 50.000000  -0.499998 0.000000 0.866026  0.783764 0.362152 0
0  -19.039230 11.200000 49.400002  -0.499998 -0.000000 0.866026  0.780994 0.362156 0
kart_scrap
0  -17.303944 13.204728 41.152859  -0.060836 -0.997865 0.023741  0.534190 0.529427 0
0  -47.157154 14.252209 8.680955  -0.060836 -0.997865 0.023739  0.534190 0.641866 0
0  -46.294491 14.180692 7.885553  -0.060836 -0.997865 0.023739  0.531166 0.642113 0
kart_scrap
0  -16.960770 -11.200000 48.199997  0.000000 -1.000000 0.000000  0.000140 0.965335 0
0  -16.960770 -11.200000 49.399998  0.000000 -1.000000 0.000000  0.002846 0.963626 0
0  -19.039230 -11.200000 48.199997  0.000000 -1.000000 0.000000  0.002846 0.969507 0
kart_scrap
0  -16.960770 -11.200000 49.399998  0.000000 -1.000000 0.000000  0.002846 0.963626 0
0  -18.000000 -11.200000 50.000000  0.000000 -1.000000 0.000000  0.005553 0.964858 0
0  -19.039230 -11.200000 48.199997  0.000000 -1.000000 0.000000  0.002846 0.969507 0
kart_scrap
0  -18.000000 -11.200000 50.000000  0.000000 -1.000000 0.000000  0.005553 0.964858 0
0  -19.039230 -11.200000 49.399998  0.000000 -1.000000 0.000000  0.005553 0.967799 0
0  -19.039230 -11.200000 48.199997  0.000000 -1.000000 0.000000  0.002846 0.969507 0
kart_scrap
0  -19.039230 -11.200000 49.399998  -1.000000 -0.000000 0.000000  0.822145 0.247530 0
0  -19.039230 11.200000 49.400002  -1.000000 0.000000 0.000000  0.822145 0.187742 0
0  -19.039230 11.200000 48.200001  -1.000000 -0.000000 0.000000  0.825269 0.187754 0
kart_scrap
0  -18.141527 15.009622 39.156052  -0.599481 -0.799739 -0.032237  0.724875 0.302356 0
0  -17.064157 15.548306 5.757605  -0.599479 -0.799741 -0.032237  0.724875 0.391570 0
0  -16.104469 14.828150 5.776947  -0.599479 -0.799741 -0.032237  0.721728 0.391571 0
kart_scrap
0  -16.762558 14.974125 40.712212  -0.382114 0.843048 0.378495  0.445171 0.535613 0
0  -46.615768 16.021606 8.240307  -0.382114 0.843049 0.378493  0.445171 0.646297 0
0  -47.355717 15.389956 8.900205  -0.382114 0.843049 0.378493  0.442114 0.646536 0
kart_scrap
0  -19.039230 -11.200000 48.199997  -0.499998 0.000000 -0.866026  0.822448 0.520612 0
0  -19.039230 11.200000 48.200001  -0.499998 0.000000 -0.866026  0.822448 0.460820 0
0  -18.000000 11.200000 47.599998  -0.499998 0.000000 -0.866026  0.825569 0.460812 0
kart_scrap
0  -19.039230 11.200000 49.400002  0.000000 1.000000 0.000000  0.475836 0.964154 0
0  -18.000000 11.200000 50.000000  0.000000 1.000000 0.000000  0.478312 0.962581 0
0  -16.960770 11.200000 49.400002  0.000000 1.000000 0.000000  0.480788 0.964211 0
kart_scrap
0  -16.960770 11.200000 49.400002  0.000000 1.000000 0.000000  0.480788 0.964211 0
0  -16.960770 11.200000 48.200001  0.000000 1.000000 0.000000  0.480788 0.967413 0
0  -18.000000 11.200000 47.599998  0.000000 1.000000 0.000000  0.478312 0.968986 0
kart_scrap
0  -18.000000 11.200000 47.599998  0.000000 1.000000 0.000000  0.478312 0.968986 0
0  -19.039230 11.200000 48.200001  0.000000 1.000000 0.000000  0.475836 0.967357 0
0  -16.960770 11.200000 49.400002  0.000000 1.000000 0.000000  0.480788 0.964211 0
kart_scrap
0  -17.699913 10.450480 50.408421  -0.182007 0.882931 0.432789  0.884983 0.757543 0
0  -16.502560 17.035917 37.477020  -0.182006 0.882932 0.432788  0.884983 0.793386 0
0  -17.678383 16.884657 37.291115  -0.182006 0.882932 0.432788  0.881997 0.792941 0
kart_scrap
0  54.199997 7.000000 15.000000  0.000000 0.000000 1.000000  0.125461 0.884238 0
0  53.000000 7.000000 15.000000  0.000000 0.000000 1.000000  0.122260 0.884238 0
0  53.000000 -7.000000 15.000000  0.000000 0.000000 1.000000  0.122260 0.846866 0
kart_scrap
0  -16.922853 9.608541 50.051605  -0.082229 -0.452265 0.888085  0.965766 0.682978 0
0  -17.699913 10.450480 50.408421  -0.082227 -0.452265 0.888085  0.963277 0.681205 0
0  -18.875736 10.299221 50.222519  -0.082231 -0.452266 0.888084  0.963277 0.678041 0
kart_scrap
0  -18.875736 10.299221 50.222519  -0.082231 -0.452266 0.888084  0.963277 0.678041 0
0  -19.274500 9.306022 49.679798  -0.082236 -0.452267 0.888083  0.965766 0.676650 0
0  -18.497440 8.464083 49.322983  -0.082231 -0.452267 0.888084  0.968254 0.678424 0
kart_scrap
0  -18.497440 8.464083 49.322983  -0.082231 -0.452267 0.888084  0.968254 0.678424 0
0  -17.321617 8.615343 49.508888  -0.082230 -0.452266 0.888085  0.968254 0.681587 0
0  -18.875736 10.299221 50.222519  -0.082231 -0.452266 0.888084  0.963277 0.678041 0
kart_scrap
0  -18.875736 10.299221 50.222519  -0.939581 0.332304 0.082230  0.883919 0.000000 0
0  -17.678383 16.884657 37.291115  -0.939581 0.332303 0.082230  0.883919 0.037305 0
0  -18.077147 15.891459 36.748398  -0.939581 0.332303 0.082230  0.880819 0.037529 0
kart_scrap
0  -17.502502 14.342475 41.372108  -0.716709 -0.250494 0.650831  0.664211 0.478776 0
0  -47.355717 15.389956 8.900205  -0.716708 -0.250503 0.650829  0.664211 0.580792 0
0  -47.157154 14.252209 8.680955  -0.716708 -0.250502 0.650829  0.661151 0.581135 0
kart_scrap
0  54.199997 -7.000000 9.000000  0.000000 -1.000000 0.000000  0.745255 0.172940 0
0  54.199997 -7.000000 15.000000  0.000000 -1.000000 0.000000  0.745255 0.156929 0
0  53.000000 -7.000000 15.000000  0.000000 -1.000000 0.000000  0.748124 0.156891 0
kart_scrap
0  -19.274500 9.306022 49.679798  -0.757573 -0.550629 -0.350559  0.259542 0.850387 0
0  -18.077147 15.891459 36.748398  -0.757573 -0.550629 -0.350558  0.259542 0.885691 0
0  -17.300087 15.049520 36.391582  -0.757573 -0.550629 -0.350558  0.256588 0.886208 0
kart_scrap
0  -17.678383 16.884657 37.291115  0.082229 0.452266 -0.888084  0.965862 0.696562 0
0  -16.502560 17.035917 37.477020  0.082236 0.452265 -0.888084  0.968447 0.698388 0
0  -15.725501 16.193979 37.120205  0.082233 0.452265 -0.888084  0.968447 0.701447 0
kart_scrap
0  -15.725501 16.193979 37.120205  0.082233 0.452265 -0.888084  0.968447 0.701447 0
0  -16.124264 15.200779 36.577484  0.082233 0.452265 -0.888085  0.965862 0.702679 0
0  -17.300087 15.049520 36.391582  0.082229 0.452266 -0.888085  0.963277 0.700852 0
kart_scrap
0  -17.300087 15.049520 36.391582  0.082229 0.452266 -0.888085  0.963277 0.700852 0
0  -18.077147 15.891459 36.748398  0.082218 0.452267 -0.888085  0.963277 0.697794 0
0  -17.678383 16.884657 37.291115  0.082229 0.452266 -0.888084  0.965862 0.696562 0
kart_scrap
0  -16.078997 14.760502 39.218567  0.992335 -0.119857 0.030078  0.427905 0.633288 0
0  -15.001627 15.299187 5.820120  0.992336 -0.119856 0.030078  0.427905 0.722502 0
0  -14.858473 16.490379 5.843950  0.992336 -0.119856 0.030078  0.424726 0.722502 0
kart_scrap
0  -29.661003 -4.361002 25.760767  -0.103072 0.262953 0.959287  0.611316 0.899905 0
0  -37.486843 -12.186844 27.065075  -0.103072 0.262953 0.959287  0.611316 0.870351 0
0  -36.571083 -13.046915 27.399227  -0.103072 0.262953 0.959287  0.614666 0.870453 0
kart_scrap
0  -17.181839 14.289465 39.175392  -0.032238 -0.016118 0.999350  0.967915 0.718174 0
0  -16.078997 14.760502 39.218567  -0.032247 -0.016115 0.999350  0.967915 0.721375 0
0  -15.935843 15.951694 39.242393  -0.032239 -0.016118 0.999350  0.965144 0.722975 0
kart_scrap
0  -15.935843 15.951694 39.242393  -0.032239 -0.016118 0.999350  0.965144 0.722975 0
0  -16.895531 16.671850 39.223053  -0.032238 -0.016122 0.999350  0.962372 0.721374 0
0  -17.998373 16.200813 39.179878  -0.032236 -0.016117 0.999350  0.962372 0.718173 0
kart_scrap
0  -17.998373 16.200813 39.179878  -0.032236 -0.016117 0.999350  0.962372 0.718173 0
0  -18.141527 15.009622 39.156052  -0.032235 -0.016117 0.999350  0.965144 0.716573 0
0  -15.935843 15.951694 39.242393  -0.032239 -0.016118 0.999350  0.965144 0.722975 0
kart_scrap
0  -15.935843 15.951694 39.242393  0.599479 0.799741 0.032237  0.731683 0.067099 0
0  -14.858473 16.490379 5.843950  0.599482 0.799739 0.032237  0.731683 0.149687 0
0  -15.818161 17.210535 5.824608  0.599482 0.799739 0.032237  0.728504 0.149545 0
kart_scrap
0  54.199997 7.000000 9.000000  1.000000 0.000000 0.000000  0.628311 0.716839 0
0  54.199997 7.000000 15.000000  1.000000 0.000000 0.000000  0.644305 0.716837 0
0  54.199997 -7.000000 15.000000  1.000000 0.000000 0.000000  0.644305 0.754209 0
kart_scrap
0  -17.303944 13.204728 41.152859  0.676608 -0.023745 0.735961  0.365053 0.971980 0
0  -16.441280 13.133211 40.357460  0.676609 -0.023742 0.735960  0.366684 0.970341 0
0  -17.502502 14.342475 41.372108  0.676609 -0.023742 0.735960  0.366621 0.974632 0
kart_scrap
0  -16.441280 13.133211 40.357460  0.676609 -0.023742 0.735960  0.366684 0.970341 0
0  -16.106686 14.226758 40.085121  0.676609 -0.023741 0.735960  0.369260 0.971980 0
0  -17.502502 14.342475 41.372108  0.676609 -0.023742 0.735960  0.366621 0.974632 0
kart_scrap
0  -16.895531 16.671850 39.223053  -0.392855 0.919598 0.002159  0.714683 0.590066 0
0  -15.818161 17.210535 5.824608  -0.392854 0.919598 0.002159  0.714683 0.679258 0
0  -16.921003 16.739498 5.781435  -0.392854 0.919598 0.002159  0.711489 0.679253 0
kart_scrap
0  -14.858473 16.490379 5.843950  0.032237 0.016118 -0.999350  0.965515 0.502333 0
0  -15.001627 15.299187 5.820120  0.032237 0.016118 -0.999350  0.965515 0.505536 0
0  -16.104469 14.828150 5.776947  0.032237 0.016118 -0.999350  0.962744 0.507136 0
kart_scrap
0  -16.104469 14.828150 5.776947  0.032237 0.016118 -0.999350  0.962744 0.507136 0
0  -17.064157 15.548306 5.757605  0.032237 0.016118 -0.999350  0.959973 0.505533 0
0  -16.921003 16.739498 5.781435  0.032237 0.016118 -0.999350  0.959973 0.502330 0
kart_scrap
0  -16.921003 16.739498 5.781435  0.032237 0.016118 -0.999350  0.959973 0.502330 0
0  -15.818161 17.210535 5.824608  0.032237 0.016118 -0.999350  0.962744 0.500730 0
0  -14.858473 16.490379 5.843950  0.032237 0.016118 -0.999350  0.965515 0.502333 0
kart_scrap
0  -16.441280 13.133211 40.357460  0.679110 -0.366216 -0.636156  0.517595 0.529427 0
0  -46.294491 14.180692 7.885553  0.679109 -0.366219 -0.636156  0.517595 0.645621 0
0  -45.959900 15.274240 7.613218  0.679109 -0.366219 -0.636156  0.514895 0.645882 0
kart_scrap
0  -16.884230 -12.978394 40.759693  -0.480551 0.771530 0.416908  0.647416 0.066957 0
0  -46.737442 -14.025875 8.287788  -0.480551 0.771530 0.416909  0.647416 0.179333 0
0  -47.393314 -14.773242 8.914877  -0.480551 0.771530 0.416909  0.644472 0.179657 0
kart_scrap
0  -17.205509 -14.819308 41.114449  0.060836 -0.997865 -0.023740  0.461637 0.535613 0
0  -47.058720 -15.866789 8.642542  0.060836 -0.997865 -0.023740  0.461637 0.646364 0
0  -46.196056 -15.795272 7.847141  0.060836 -0.997865 -0.023740  0.458743 0.646775 0
kart_scrap
0  -16.106686 14.226758 40.085121  0.480549 0.771532 -0.416907  0.594550 0.066957 0
0  -45.959900 15.274240 7.613218  0.480550 0.771531 -0.416908  0.594550 0.184616 0
0  -46.615768 16.021606 8.240307  0.480550 0.771531 -0.416908  0.591420 0.184624 0
kart_scrap
0  -45.959900 15.274240 7.613218  -0.676610 0.023742 -0.735959  0.593134 0.970097 0
0  -46.294491 14.180692 7.885553  -0.676610 0.023747 -0.735959  0.591291 0.967558 0
0  -47.157154 14.252209 8.680955  -0.676609 0.023743 -0.735960  0.593134 0.965019 0
kart_scrap
0  -47.157154 14.252209 8.680955  -0.676609 0.023743 -0.735960  0.593134 0.965019 0
0  -47.355717 15.389956 8.900205  -0.676607 0.023741 -0.735961  0.596116 0.965989 0
0  -46.615768 16.021606 8.240307  -0.676609 0.023740 -0.735960  0.596116 0.969127 0
kart_scrap
0  -45.997498 -14.657525 7.627892  -0.676609 -0.023742 -0.735959  0.614511 0.969128 0
0  -46.196056 -15.795272 7.847141  -0.676610 -0.023742 -0.735959  0.611530 0.970096 0
0  -47.058720 -15.866789 8.642542  -0.676609 -0.023740 -0.735959  0.609688 0.967556 0
kart_scrap
0  -47.058720 -15.866789 8.642542  -0.676609 -0.023740 -0.735959  0.609688 0.967556 0
0  -47.393314 -14.773242 8.914877  -0.676609 -0.023741 -0.735959  0.611530 0.965019 0
0  -45.997498 -14.657525 7.627892  -0.676609 -0.023742 -0.735959  0.614511 0.969128 0
kart_scrap
0  53.000000 -7.000000 9.000000  -1.000000 0.000000 0.000000  0.359082 0.764905 0
0  53.000000 -7.000000 15.000000  -1.000000 0.000000 0.000000  0.343462 0.764847 0
0  53.000000 7.000000 15.000000  -1.000000 0.000000 0.000000  0.343462 0.727480 0
kart_scrap
0  -16.342846 -14.747791 40.319046  0.716709 -0.250501 -0.650829  0.647579 0.478776 0
0  -46.196056 -15.795272 7.847141  0.716708 -0.250499 -0.650830  0.647579 0.594169 0
0  -45.997498 -14.657525 7.627892  0.716708 -0.250499 -0.650830  0.645083 0.594549 0
kart_scrap
0  53.000000 7.000000 9.000000  0.000000 0.000000 -1.000000  0.139033 0.846866 0
0  54.199997 7.000000 9.000000  0.000000 0.000000 -1.000000  0.142233 0.846866 0
0  54.199997 -7.000000 9.000000  0.000000 0.000000 -1.000000  0.142233 0.884238 0
kart_scrap
0  -16.144283 -13.610044 40.099796  0.382114 0.843049 -0.378493  0.479342 0.482919 0
0  -45.997498 -14.657525 7.627892  0.382115 0.843048 -0.378495  0.479342 0.600284 0
0  -46.737442 -14.025875 8.287788  0.382115 0.843048 -0.378495  0.476213 0.600267 0
kart_scrap
0  -16.144283 -13.610044 40.099796  0.676607 0.023739 0.735962  0.832178 0.662659 0
0  -16.884230 -12.978394 40.759693  0.676610 0.023739 0.735959  0.832178 0.659690 0
0  -16.342846 -14.747791 40.319046  0.676609 0.023741 0.735959  0.834534 0.662984 0
kart_scrap
0  -16.884230 -12.978394 40.759693  0.676610 0.023739 0.735959  0.832178 0.659690 0
0  -17.540102 -13.725760 41.386780  0.676611 0.023741 0.735958  0.834534 0.658180 0
0  -16.342846 -14.747791 40.319046  0.676609 0.023741 0.735959  0.834534 0.662984 0
kart_scrap
0  -34.598385 -11.294844 26.958241  0.223510 -0.155297 0.962250  0.884672 0.336533 0
0  -47.100235 -13.795214 29.458611  0.223510 -0.155298 0.962250  0.884672 0.302487 0
0  -46.898346 -15.054836 29.208426  0.223510 -0.155298 0.962250  0.888070 0.302356 0
kart_scrap
0  -34.396496 -12.554466 26.708055  0.246246 -0.916777 0.314458  0.883289 0.409906 0
0  -46.898346 -15.054836 29.208426  0.246247 -0.916776 0.314459  0.883289 0.375739 0
0  -47.049038 -15.509808 28.000000  0.246247 -0.916776 0.314459  0.886720 0.375825 0
kart_scrap
0  -28.745239 -5.221073 26.094919  0.558519 -0.441480 0.702248  0.901771 0.757513 0
0  -36.571083 -13.046915 27.399227  0.558523 -0.441478 0.702246  0.901771 0.785692 0
0  -35.997158 -13.772991 26.486305  0.558523 -0.441478 0.702246  0.898555 0.785277 0
kart_scrap
0  -34.950962 -10.490192 26.000000  -0.022737 0.761476 0.647794  0.897477 0.096447 0
0  -47.452812 -12.990562 28.500370  -0.022737 0.761479 0.647791  0.897477 0.067174 0
0  -47.100235 -13.795214 29.458611  -0.022737 0.761479 0.647791  0.900921 0.066957 0
kart_scrap
0  -44.799999 -12.700000 27.500000  0.192308 0.866025 0.461539  0.921429 0.211270 0
0  -53.200001 -12.700000 31.000000  0.192308 0.866025 0.461539  0.921429 0.187995 0
0  -52.766987 -13.350000 32.039230  0.192308 0.866025 0.461539  0.924782 0.187743 0
kart_scrap
0  -28.171316 -5.947149 25.181999  0.661594 -0.704431 -0.257040  0.898085 0.618844 0
0  -35.997158 -13.772991 26.486305  0.661592 -0.704433 -0.257040  0.898085 0.590061 0
0  -36.338997 -13.638998 25.239233  0.661593 -0.704433 -0.257040  0.901307 0.590386 0
kart_scrap
0  -51.001312 -12.700000 29.667761  0.320092 0.866025 0.384111  0.939372 0.258896 0
0  -55.998688 -12.700000 33.832241  0.320093 0.866025 0.384111  0.939372 0.241579 0
0  -55.277946 -13.350000 34.697128  0.320093 0.866025 0.384111  0.942689 0.241503 0
kart_scrap
0  -28.513155 -5.813156 23.934925  0.103072 -0.262954 -0.959287  0.368403 0.872513 0
0  -36.338997 -13.638998 25.239233  0.103072 -0.262953 -0.959287  0.368403 0.902034 0
0  -37.254761 -12.778927 24.905081  0.103072 -0.262953 -0.959287  0.365053 0.902144 0
kart_scrap
0  -30.002842 -4.227008 24.513695  0.702247 0.702247 -0.117041  0.957380 0.194390 0
0  -29.661003 -4.361002 25.760767  0.702249 0.702244 -0.117041  0.954427 0.192884 0
0  -28.745239 -5.221073 26.094919  0.702247 0.702247 -0.117041  0.954427 0.189560 0
kart_scrap
0  -28.745239 -5.221073 26.094919  0.702247 0.702247 -0.117041  0.954427 0.189560 0
0  -28.171316 -5.947149 25.181999  0.702247 0.702247 -0.117041  0.957380 0.187742 0
0  -28.513155 -5.813156 23.934925  0.702246 0.702248 -0.117041  0.960334 0.189248 0
kart_scrap
0  -28.513155 -5.813156 23.934925  0.702246 0.702248 -0.117041  0.960334 0.189248 0
0  -29.428917 -4.953085 23.600773  0.702246 0.702248 -0.117041  0.960334 0.192572 0
0  -28.745239 -5.221073 26.094919  0.702247 0.702247 -0.117041  0.954427 0.189560 0
kart_scrap
0  -29.428917 -4.953085 23.600773  -0.558520 0.441479 -0.702247  0.900292 0.403512 0
0  -37.254761 -12.778927 24.905081  -0.558522 0.441479 -0.702246  0.900292 0.376041 0
0  -37.828682 -12.052851 25.818001  -0.558522 0.441479 -0.702246  0.903670 0.375739 0
kart_scrap
0  -30.002842 -4.227008 24.513695  -0.661593 0.704433 0.257040  0.898145 0.836851 0
0  -37.828682 -12.052851 25.818001  -0.661594 0.704432 0.257039  0.898145 0.808607 0
0  -37.486843 -12.186844 27.065075  -0.661594 0.704432 0.257039  0.901508 0.808874 0
kart_scrap
0  -35.997158 -13.772991 26.486305  -0.702246 -0.702248 0.117041  0.957276 0.418416 0
0  -36.571083 -13.046915 27.399227  -0.702247 -0.702247 0.117036  0.960202 0.419900 0
0  -37.486843 -12.186844 27.065075  -0.702248 -0.702246 0.117041  0.960202 0.423238 0
kart_scrap
0  -37.486843 -12.186844 27.065075  -0.702248 -0.702246 0.117041  0.960202 0.423238 0
0  -37.828682 -12.052851 25.818001  -0.702255 -0.702239 0.117043  0.957276 0.425091 0
0  -37.254761 -12.778927 24.905081  -0.702248 -0.702246 0.117042  0.954349 0.423607 0
kart_scrap
0  -37.254761 -12.778927 24.905081  -0.702248 -0.702246 0.117042  0.954349 0.423607 0
0  -36.338997 -13.638998 25.239233  -0.702246 -0.702247 0.117042  0.954349 0.420269 0
0  -35.997158 -13.772991 26.486305  -0.702246 -0.702248 0.117041  0.957276 0.418416 0
kart_scrap
0  -34.547188 -13.009438 25.499630  0.022737 -0.761478 -0.647792  0.812144 0.891780 0
0  -47.049038 -15.509808 28.000000  0.022737 -0.761477 -0.647793  0.812144 0.858355 0
0  -47.401615 -14.705156 27.041759  0.022737 -0.761477 -0.647793  0.815560 0.858514 0
kart_scrap
0  -47.049038 -15.509808 28.000000  -0.962251 -0.192446 0.192450  0.603666 0.420476 0
0  -46.898346 -15.054836 29.208426  -0.962249 -0.192457 0.192451  0.600663 0.418765 0
0  -47.100235 -13.795214 29.458611  -0.962250 -0.192453 0.192450  0.600663 0.415350 0
kart_scrap
0  -47.100235 -13.795214 29.458611  -0.962250 -0.192453 0.192450  0.600663 0.415350 0
0  -47.452812 -12.990562 28.500370  -0.962248 -0.192462 0.192449  0.603666 0.413646 0
0  -47.603504 -13.445534 27.291945  -0.962250 -0.192454 0.192449  0.606669 0.415357 0
kart_scrap
0  -47.603504 -13.445534 27.291945  -0.962250 -0.192454 0.192449  0.606669 0.415357 0
0  -47.401615 -14.705156 27.041759  -0.962251 -0.192447 0.192450  0.606669 0.418772 0
0  -47.100235 -13.795214 29.458611  -0.962250 -0.192453 0.192450  0.600663 0.415350 0
kart_scrap
0  -34.899765 -12.204786 24.541389  -0.223510 0.155298 -0.962250  0.563940 0.855930 0
0  -47.401615 -14.705156 27.041759  -0.223510 0.155297 -0.962251  0.563940 0.889929 0
0  -47.603504 -13.445534 27.291945  -0.223510 0.155297 -0.962251  0.560538 0.889796 0
kart_scrap
0  -44.366989 -14.650000 28.539230  0.192308 -0.866026 0.461538  0.881950 0.925345 0
0  -52.766987 -14.650000 32.039230  0.192308 -0.866025 0.461539  0.881950 0.901724 0
0  -53.200001 -15.300000 31.000000  0.192308 -0.866025 0.461539  0.885411 0.901773 0
kart_scrap
0  -44.366989 -13.350000 28.539230  0.384615 0.000000 0.923077  0.591291 0.930099 0
0  -52.766987 -13.350000 32.039230  0.384615 0.000000 0.923077  0.591291 0.907664 0
0  -52.766987 -14.650000 32.039230  0.384615 0.000000 0.923077  0.594758 0.907660 0
kart_scrap
0  -35.101654 -10.945164 24.791574  -0.246247 0.916776 -0.314458  0.497786 0.890870 0
0  -47.603504 -13.445534 27.291945  -0.246247 0.916776 -0.314458  0.497786 0.857347 0
0  -47.452812 -12.990562 28.500370  -0.246247 0.916776 -0.314458  0.501146 0.857567 0
kart_scrap
0  -34.396496 -12.554466 26.708055  0.962250 0.192453 -0.192450  0.950540 0.786843 0
0  -34.547188 -13.009438 25.499630  0.962249 0.192457 -0.192449  0.953543 0.788504 0
0  -34.899765 -12.204786 24.541389  0.962250 0.192450 -0.192450  0.953543 0.791816 0
kart_scrap
0  -34.899765 -12.204786 24.541389  0.962250 0.192450 -0.192450  0.953543 0.791816 0
0  -35.101654 -10.945164 24.791574  0.962250 0.192451 -0.192451  0.950540 0.793467 0
0  -34.950962 -10.490192 26.000000  0.962252 0.192444 -0.192450  0.947537 0.791806 0
kart_scrap
0  -34.950962 -10.490192 26.000000  0.962252 0.192444 -0.192450  0.947537 0.791806 0
0  -34.598385 -11.294844 26.958241  0.962251 0.192447 -0.192450  0.947537 0.788494 0
0  -34.899765 -12.204786 24.541389  0.962250 0.192450 -0.192450  0.953543 0.791816 0
kart_scrap
0  -44.799999 -15.300000 27.500000  -0.192308 -0.866025 -0.461539  0.926648 0.558292 0
0  -53.200001 -15.300000 31.000000  -0.192308 -0.866026 -0.461538  0.926648 0.536014 0
0  -53.633011 -14.650000 29.960770  -0.192308 -0.866026 -0.461538  0.929950 0.535592 0
kart_scrap
0  -53.200001 -15.300000 31.000000  -0.923077 0.000000 0.384615  0.456197 0.952311 0
0  -52.766987 -14.650000 32.039230  -0.923076 0.000000 0.384618  0.456197 0.948885 0
0  -52.766987 -13.350000 32.039230  -0.923077 0.000000 0.384616  0.459192 0.947136 0
kart_scrap
0  -52.766987 -13.350000 32.039230  -0.923077 0.000000 0.384616  0.459192 0.947136 0
0  -53.200001 -12.700000 31.000000  -0.923077 0.000000 0.384616  0.462186 0.948814 0
0  -53.633011 -13.350000 29.960770  -0.923077 0.000000 0.384615  0.462186 0.952240 0
kart_scrap
0  -53.633011 -13.350000 29.960770  -0.923077 0.000000 0.384615  0.462186 0.952240 0
0  -53.633011 -14.650000 29.960770  -0.923077 0.000000 0.384614  0.459192 0.953988 0
0  -52.766987 -13.350000 32.039230  -0.923077 0.000000 0.384616  0.459192 0.947136 0
kart_scrap
0  -45.233013 -14.650000 26.460770  -0.384616 0.000000 -0.923077  0.497786 0.927473 0
0  -53.633011 -14.650000 29.960770  -0.384615 0.000000 -0.923077  0.497786 0.904674 0
0  -53.633011 -13.350000 29.960770  -0.384615 0.000000 -0.923077  0.501254 0.904687 0
kart_scrap
0  -50.280571 -14.650000 30.532650  0.320092 -0.866026 0.384110  0.935439 0.319685 0
0  -55.277946 -14.650000 34.697128  0.320093 -0.866025 0.384112  0.935439 0.302356 0
0  -55.998688 -15.300000 33.832241  0.320093 -0.866025 0.384111  0.938890 0.302378 0
kart_scrap
0  -50.280571 -13.350000 30.532650  0.640185 0.000000 0.768221  0.658291 0.950671 0
0  -55.277946 -13.350000 34.697128  0.640184 0.000000 0.768222  0.658291 0.937316 0
0  -55.277946 -14.650000 34.697128  0.640184 0.000000 0.768222  0.661758 0.937309 0
kart_scrap
0  -45.233013 -13.350000 26.460770  -0.192308 0.866025 -0.461539  0.759694 0.931578 0
0  -53.633011 -13.350000 29.960770  -0.192308 0.866025 -0.461539  0.759694 0.909382 0
0  -53.200001 -12.700000 31.000000  -0.192308 0.866025 -0.461539  0.762996 0.909812 0
kart_scrap
0  -44.366989 -13.350000 28.539230  0.923077 0.000000 -0.384615  0.957274 0.438674 0
0  -44.366989 -14.650000 28.539230  0.923078 0.000000 -0.384613  0.960198 0.440539 0
0  -44.799999 -15.300000 27.500000  0.923077 0.000000 -0.384615  0.960198 0.443781 0
kart_scrap
0  -44.799999 -15.300000 27.500000  0.923077 0.000000 -0.384615  0.960198 0.443781 0
0  -45.233013 -14.650000 26.460770  0.923077 0.000000 -0.384615  0.957274 0.445158 0
0  -44.366989 -13.350000 28.539230  0.923077 0.000000 -0.384615  0.957274 0.438674 0
kart_scrap
0  -45.233013 -14.650000 26.460770  0.923077 0.000000 -0.384615  0.957274 0.445158 0
0  -45.233013 -13.350000 26.460770  0.923077 0.000000 -0.384615  0.954349 0.443294 0
0  -44.366989 -13.350000 28.539230  0.923077 0.000000 -0.384615  0.957274 0.438674 0
kart_scrap
0  -51.001312 -15.300000 29.667761  -0.320092 -0.866025 -0.384112  0.138648 0.949491 0
0  -55.998688 -15.300000 33.832241  -0.320092 -0.866026 -0.384110  0.138648 0.933059 0
0  -56.719429 -14.650000 32.967350  -0.320092 -0.866026 -0.384110  0.142048 0.932840 0
kart_scrap
0  -51.001312 -12.700000 29.667761  0.768221 0.000000 -0.640185  0.812144 0.968379 0
0  -50.280571 -13.350000 30.532650  0.768223 0.000000 -0.640183  0.812144 0.965549 0
0  -50.280571 -14.650000 30.532650  0.768220 0.000000 -0.640185  0.814893 0.963434 0
kart_scrap
0  -50.280571 -14.650000 30.532650  0.768220 0.000000 -0.640185  0.814893 0.963434 0
0  -51.001312 -15.300000 29.667761  0.768220 0.000000 -0.640186  0.817642 0.964149 0
0  -51.001312 -12.700000 29.667761  0.768221 0.000000 -0.640185  0.812144 0.968379 0
kart_scrap
0  -51.001312 -15.300000 29.667761  0.768220 0.000000 -0.640186  0.817642 0.964149 0
0  -51.722054 -14.650000 28.802872  0.768221 0.000000 -0.640185  0.817642 0.966979 0
0  -51.001312 -12.700000 29.667761  0.768221 0.000000 -0.640185  0.812144 0.968379 0
kart_scrap
0  -51.722054 -14.650000 28.802872  -0.640184 0.000000 -0.768221  0.930353 0.052094 0
0  -56.719429 -14.650000 32.967350  -0.640184 0.000000 -0.768221  0.930353 0.034752 0
0  -56.719429 -13.350000 32.967350  -0.640184 0.000000 -0.768221  0.933820 0.034754 0
kart_scrap
0  -51.722054 -13.350000 28.802872  -0.320093 0.866025 -0.384111  0.934269 0.949398 0
0  -56.719429 -13.350000 32.967350  -0.320092 0.866026 -0.384111  0.934269 0.933011 0
0  -55.998688 -12.700000 33.832241  -0.320092 0.866025 -0.384111  0.937671 0.933233 0
kart_scrap
0  -56.719429 -14.650000 32.967350  -0.768222 0.000001 0.640184  0.913768 0.963983 0
0  -55.998688 -15.300000 33.832241  -0.768223 0.000005 0.640183  0.913768 0.960784 0
0  -55.277946 -14.650000 34.697128  -0.768221 0.000001 0.640184  0.916665 0.959493 0
kart_scrap
0  -55.277946 -14.650000 34.697128  -0.768221 0.000001 0.640184  0.916665 0.959493 0
0  -55.277946 -13.350000 34.697128  -0.768221 -0.000001 0.640184  0.919561 0.961400 0
0  -56.719429 -14.650000 32.967350  -0.768222 0.000001 0.640184  0.913768 0.963983 0
kart_scrap
0  -55.277946 -13.350000 34.697128  -0.768221 -0.000001 0.640184  0.919561 0.961400 0
0  -55.998688 -12.700000 33.832241  -0.768222 -0.000002 0.640183  0.919561 0.964598 0
0  -56.719429 -14.650000 32.967350  -0.768222 0.000001 0.640184  0.913768 0.963983 0
kart_scrap
0  -34.000000 -16.000000 4.500000  -1.000000 0.000000 0.000000  0.708156 0.387782 0
0  -34.000000 -16.000000 6.000000  -1.000000 0.000000 0.000000  0.704251 0.387767 0
0  -34.000000 16.000000 6.000000  -1.000000 0.000000 0.000000  0.704251 0.302356 0
kart_scrap
0  -34.000000 16.000000 4.500000  0.000000 1.000000 0.000000  0.476213 0.302401 0
0  -34.000000 16.000000 6.000000  0.000000 1.000000 0.000000  0.480212 0.302356 0
0  36.000000 16.000000 6.000000  0.000000 1.000000 0.000000  0.480212 0.469274 0
kart_scrap
0  36.000000 16.000000 4.500000  1.000000 0.000000 0.000000  0.476213 0.613868 0
0  36.000000 16.000000 6.000000  1.000000 0.000000 0.000000  0.480211 0.613867 0
0  36.000000 -16.000000 6.000000  1.000000 0.000000 0.000000  0.480211 0.699289 0
kart_scrap
0  36.000000 -16.000000 4.500000  0.000000 -1.000000 0.000000  0.467080 0.234544 0
0  36.000000 -16.000000 6.000000  0.000000 -1.000000 0.000000  0.463081 0.234492 0
0  -34.000000 -16.000000 6.000000  0.000000 -1.000000 0.000000  0.463081 0.066957 0
kart_scrap
0  -34.000000 16.000000 4.500000  0.000000 0.000000 -1.000000  0.098923 0.186863 0
0  36.000000 16.000000 4.500000  0.000000 0.000000 -1.000000  0.098923 0.000002 0
0  36.000000 -16.000000 4.500000  0.000000 0.000000 -1.000000  0.184274 0.000000 0
kart_scrap
0  36.000000 16.000000 6.000000  0.000000 0.000000 1.000000  0.000000 0.186862 0
0  -34.000000 16.000000 6.000000  0.000000 0.000000 1.000000  0.000000 0.000000 0
0  -34.000000 -16.000000 6.000000  0.000000 0.000000 1.000000  0.085351 0.000000 0
kart_scrap
0  28.000000 -16.000000 7.000000  -1.000000 0.000000 0.000000  0.114022 0.285992 0
0  28.000000 -16.000000 21.000000  -1.000000 0.000000 0.000000  0.077575 0.285857 0
0  28.000000 16.000000 21.000000  -1.000000 0.000000 0.000000  0.077575 0.200446 0
kart_scrap
0  28.000000 16.000000 7.000000  0.188556 0.982062 0.000000  0.000000 0.349245 0
0  28.000000 16.000000 21.000000  0.188556 0.982062 0.000000  0.034979 0.349245 0
0  53.000000 11.200000 14.700000  0.188556 0.982062 0.000000  0.027260 0.413214 0
kart_scrap
0  53.000000 11.200000 7.000000  1.000000 0.000000 0.000000  0.442114 0.462234 0
0  53.000000 11.200000 14.700000  1.000000 0.000000 0.000000  0.462641 0.462230 0
0  53.000000 -11.200000 14.700000  1.000000 0.000000 0.000000  0.462641 0.522026 0
kart_scrap
0  53.000000 -11.200000 7.000000  0.188556 -0.982062 0.000000  0.373583 0.069700 0
0  53.000000 -11.200000 14.700000  0.188556 -0.982062 0.000000  0.354949 0.067440 0
0  28.000000 -16.000000 21.000000  0.188556 -0.982062 0.000000  0.339703 0.000000 0
kart_scrap
0  28.000000 16.000000 7.000000  0.000000 0.000000 -1.000000  0.197846 0.099006 0
0  53.000000 11.200000 7.000000  0.000000 0.000000 -1.000000  0.264527 0.111821 0
0  53.000000 -11.200000 7.000000  0.000000 0.000000 -1.000000  0.264527 0.171616 0
kart_scrap
0  53.000000 11.200000 14.700000  0.244360 0.000000 0.969684  0.264549 0.072654 0
0  28.000000 16.000000 21.000000  0.244360 0.000000 0.969684  0.197846 0.085423 0
0  28.000000 -16.000000 21.000000  0.244360 0.000000 0.969684  0.197846 0.000000 0
kart_scrap
0  26.000000 -16.500000 18.000000  -1.000000 0.000000 0.000000  0.569649 0.566890 0
0  26.000000 -16.500000 21.500000  -1.000000 0.000000 0.000000  0.560538 0.566857 0
0  26.000000 16.500000 21.500000  -1.000000 0.000000 0.000000  0.560538 0.478776 0
kart_scrap
0  26.000000 16.500000 18.000000  0.000000 1.000000 0.000000  0.074543 0.889408 0
0  26.000000 16.500000 21.500000  0.000000 1.000000 0.000000  0.083875 0.889302 0
0  33.000000 16.500000 21.500000  0.000000 1.000000 0.000000  0.083875 0.905994 0
kart_scrap
0  33.000000 16.500000 18.000000  1.000000 0.000000 0.000000  0.245262 0.456356 0
0  33.000000 16.500000 21.500000  1.000000 0.000000 0.000000  0.254592 0.456354 0
0  33.000000 -16.500000 21.500000  1.000000 0.000000 0.000000  0.254592 0.544445 0
kart_scrap
0  33.000000 -16.500000 18.000000  0.000000 -1.000000 0.000000  0.704071 0.904277 0
0  33.000000 -16.500000 21.500000  0.000000 -1.000000 0.000000  0.694739 0.904156 0
0  26.000000 -16.500000 21.500000  0.000000 -1.000000 0.000000  0.694739 0.887402 0
kart_scrap
0  26.000000 16.500000 18.000000  0.000000 0.000000 -1.000000  0.430838 0.066957 0
0  33.000000 16.500000 18.000000  0.000000 0.000000 -1.000000  0.449509 0.066958 0
0  33.000000 -16.500000 18.000000  0.000000 0.000000 -1.000000  0.449509 0.155049 0
kart_scrap
0  33.000000 16.500000 21.500000  0.000000 0.000000 1.000000  0.442601 0.390448 0
0  26.000000 16.500000 21.500000  0.000000 0.000000 1.000000  0.423930 0.390448 0
0  26.000000 -16.500000 21.500000  0.000000 0.000000 1.000000  0.423930 0.302356 0
kart_scrap
0  -14.000000 18.000000 6.000000  -1.000000 0.000000 0.000000  0.658291 0.780433 0
0  -14.000000 18.000000 16.000000  -1.000000 0.000000 0.000000  0.658291 0.754377 0
0  -14.000000 26.000000 16.000000  -1.000000 0.000000 0.000000  0.679626 0.754299 0
kart_scrap
0  -14.000000 26.000000 6.000000  0.000000 1.000000 0.000000  0.383694 0.198313 0
0  -14.000000 26.000000 16.000000  0.000000 1.000000 0.000000  0.410358 0.198011 0
0  20.000000 26.000000 13.000000  0.000000 1.000000 0.000000  0.402359 0.279176 0
kart_scrap
0  20.000000 26.000000 6.000000  1.000000 0.000000 0.000000  0.725363 0.798106 0
0  20.000000 26.000000 13.000000  1.000000 0.000000 0.000000  0.744023 0.798103 0
0  20.000000 18.000000 13.000000  1.000000 0.000000 0.000000  0.744023 0.819458 0
kart_scrap
0  20.000000 18.000000 6.000000  0.000000 -1.000000 0.000000  0.370122 0.279732 0
0  20.000000 18.000000 13.000000  0.000000 -1.000000 0.000000  0.351460 0.279489 0
0  -14.000000 18.000000 16.000000  0.000000 -1.000000 0.000000  0.343462 0.198011 0
kart_scrap
0  -14.000000 26.000000 6.000000  0.000000 0.000000 -1.000000  0.232756 0.442755 0
0  20.000000 26.000000 6.000000  0.000000 0.000000 -1.000000  0.232756 0.351994 0
0  20.000000 18.000000 6.000000  0.000000 0.000000 -1.000000  0.254094 0.351994 0
kart_scrap
0  20.000000 26.000000 13.000000  0.087894 0.000000 0.996130  0.197846 0.442771 0
0  -14.000000 26.000000 16.000000  0.087894 0.000000 0.996130  0.197846 0.351999 0
0  -14.000000 18.000000 16.000000  0.087894 0.000000 0.996130  0.219184 0.351994 0
kart_scrap
0  -14.000000 -26.000000 6.000000  -1.000000 0.000000 0.000000  0.759694 0.783231 0
0  -14.000000 -26.000000 16.000000  -1.000000 0.000000 0.000000  0.759694 0.757176 0
0  -14.000000 -18.000000 16.000000  -1.000000 0.000000 0.000000  0.781029 0.757097 0
kart_scrap
0  -14.000000 -18.000000 6.000000  0.000000 1.000000 0.000000  0.383694 0.293273 0
0  -14.000000 -18.000000 16.000000  0.000000 1.000000 0.000000  0.410358 0.292971 0
0  20.000000 -18.000000 13.000000  0.000000 1.000000 0.000000  0.402359 0.374136 0
kart_scrap
0  20.000000 -18.000000 6.000000  1.000000 0.000000 0.000000  0.275431 0.807777 0
0  20.000000 -18.000000 13.000000  1.000000 0.000000 0.000000  0.294091 0.807774 0
0  20.000000 -26.000000 13.000000  1.000000 0.000000 0.000000  0.294091 0.829129 0
kart_scrap
0  20.000000 -26.000000 6.000000  0.000000 -1.000000 0.000000  0.370122 0.375036 0
0  20.000000 -26.000000 13.000000  0.000000 -1.000000 0.000000  0.351460 0.374794 0
0  -14.000000 -26.000000 16.000000  0.000000 -1.000000 0.000000  0.343461 0.293316 0
kart_scrap
0  -14.000000 -18.000000 6.000000  0.000000 0.000000 -1.000000  0.423930 0.288773 0
0  20.000000 -18.000000 6.000000  0.000000 0.000000 -1.000000  0.423930 0.198012 0
0  20.000000 -26.000000 6.000000  0.000000 0.000000 -1.000000  0.445268 0.198011 0
kart_scrap
0  20.000000 -18.000000 13.000000  0.087894 0.000000 0.996130  0.395928 0.157734 0
0  -14.000000 -18.000000 16.000000  0.087894 0.000000 0.996130  0.395928 0.066962 0
0  -14.000000 -26.000000 16.000000  0.087894 0.000000 0.996130  0.417266 0.066957 0
kart_scrap
0  -50.000000 8.000000 8.000000  -1.000000 0.000000 0.000000  0.127594 0.712591 0
0  -50.000000 8.000000 22.000000  -1.000000 0.000000 0.000000  0.127594 0.676114 0
0  -50.000000 15.000000 22.000000  -1.000000 0.000000 0.000000  0.146262 0.676045 0
kart_scrap
0  -50.000000 15.000000 8.000000  0.000000 1.000000 0.000000  0.275431 0.619239 0
0  -50.000000 15.000000 22.000000  0.000000 1.000000 0.000000  0.275431 0.581876 0
0  -40.000000 15.000000 22.000000  0.000000 1.000000 0.000000  0.299255 0.582146 0
kart_scrap
0  -40.000000 15.000000 8.000000  1.000000 0.000000 0.000000  0.442967 0.697710 0
0  -40.000000 15.000000 22.000000  1.000000 0.000000 0.000000  0.442967 0.660358 0
0  -40.000000 8.000000 22.000000  1.000000 0.000000 0.000000  0.461637 0.660361 0
kart_scrap
0  -40.000000 8.000000 8.000000  0.000000 -1.000000 0.000000  0.560538 0.618144 0
0  -40.000000 8.000000 22.000000  0.000000 -1.000000 0.000000  0.560538 0.580785 0
0  -50.000000 8.000000 22.000000  0.000000 -1.000000 0.000000  0.584449 0.580474 0
kart_scrap
0  -50.000000 15.000000 8.000000  0.000000 0.000000 -1.000000  0.275431 0.794191 0
0  -40.000000 15.000000 8.000000  0.000000 0.000000 -1.000000  0.275431 0.767496 0
0  -40.000000 8.000000 8.000000  0.000000 0.000000 -1.000000  0.294102 0.767496 0
kart_scrap
0  -40.000000 15.000000 22.000000  0.000000 0.000000 1.000000  0.762208 0.173968 0
0  -50.000000 15.000000 22.000000  0.000000 0.000000 1.000000  0.762208 0.147273 0
0  -50.000000 8.000000 22.000000  0.000000 0.000000 1.000000  0.780879 0.147273 0
kart_scrap
0  -14.000000 -11.000000 6.000000  -1.000000 0.000000 0.000000  0.025639 0.625153 0
0  -14.000000 -11.000000 11.000000  -1.000000 0.000000 0.000000  0.012623 0.625105 0
0  -14.000000 11.000000 11.000000  -1.000000 0.000000 0.000000  0.012623 0.566385 0
kart_scrap
0  -14.000000 11.000000 6.000000  0.000000 1.000000 0.000000  0.745358 0.416787 0
0  -14.000000 11.000000 11.000000  0.000000 1.000000 0.000000  0.758690 0.416636 0
0  4.000000 11.000000 11.000000  0.000000 1.000000 0.000000  0.758690 0.459557 0
kart_scrap
0  4.000000 11.000000 6.000000  1.000000 0.000000 0.000000  0.414576 0.560977 0
0  4.000000 11.000000 11.000000  1.000000 0.000000 0.000000  0.427905 0.560975 0
0  4.000000 -11.000000 11.000000  1.000000 0.000000 0.000000  0.427905 0.619702 0
kart_scrap
0  4.000000 -11.000000 6.000000  0.000000 -1.000000 0.000000  0.176108 0.725010 0
0  4.000000 -11.000000 11.000000  0.000000 -1.000000 0.000000  0.162778 0.724837 0
0  -14.000000 -11.000000 11.000000  0.000000 -1.000000 0.000000  0.162778 0.681756 0
kart_scrap
0  -14.000000 11.000000 6.000000  0.000000 0.000000 -1.000000  0.278121 0.000000 0
0  4.000000 11.000000 6.000000  0.000000 0.000000 -1.000000  0.326131 0.000001 0
0  4.000000 -11.000000 6.000000  0.000000 0.000000 -1.000000  0.326131 0.058729 0
kart_scrap
0  4.000000 11.000000 11.000000  0.000000 0.000000 1.000000  0.326109 0.157734 0
0  -14.000000 11.000000 11.000000  0.000000 0.000000 1.000000  0.278099 0.157734 0
0  -14.000000 -11.000000 11.000000  0.000000 0.000000 1.000000  0.278099 0.099006 0
kart_scrap
0  -14.034605 -12.000000 7.786154  -0.978148 0.000000 -0.207912  0.000000 0.268910 0
0  -19.856133 -12.000000 35.174286  -0.978148 0.000000 -0.207912  0.000000 0.200930 0
0  -19.856133 12.000000 35.174286  -0.978148 0.000000 -0.207912  0.064003 0.200446 0
kart_scrap
0  -14.034605 12.000000 7.786154  0.000000 1.000000 0.000000  0.583221 0.553755 0
0  -19.856133 12.000000 35.174286  0.000000 1.000000 0.000000  0.583221 0.479202 0
0  -14.965395 12.000000 36.213844  0.000000 1.000000 0.000000  0.595161 0.478777 0
kart_scrap
0  -9.143867 12.000000 8.825712  0.978148 0.000000 0.207912  0.197846 0.271659 0
0  -14.965395 12.000000 36.213844  0.978148 0.000000 0.207912  0.197846 0.198072 0
0  -14.965395 -12.000000 36.213844  0.978148 0.000000 0.207912  0.261859 0.198011 0
kart_scrap
0  -9.143867 -12.000000 8.825712  0.000000 -1.000000 0.000000  0.044117 0.570886 0
0  -14.965395 -12.000000 36.213844  0.000000 -1.000000 0.000000  0.044117 0.496305 0
0  -19.856133 -12.000000 35.174286  0.000000 -1.000000 0.000000  0.056095 0.496695 0
kart_scrap
0  -14.034605 12.000000 7.786154  0.207912 0.000000 -0.978148  0.343461 0.549948 0
0  -9.143867 12.000000 8.825712  0.207912 0.000000 -0.978148  0.356519 0.549935 0
0  -9.143867 -12.000000 8.825712  0.207912 0.000000 -0.978148  0.356519 0.614002 0
kart_scrap
0  -14.965395 12.000000 36.213844  -0.207912 0.000000 0.978148  0.396736 0.619792 0
0  -19.856133 12.000000 35.174286  -0.207912 0.000000 0.978148  0.383694 0.619800 0
0  -19.856133 -12.000000 35.174286  -0.207911 0.000000 0.978148  0.383694 0.555733 0
kart_scrap
0  -13.000000 9.500000 9.000000  -1.000000 0.000000 0.000000  0.905717 0.519799 0
0  -13.000000 9.500000 15.000000  -1.000000 0.000000 0.000000  0.905717 0.504166 0
0  -13.000000 12.500000 15.000000  -1.000000 0.000000 0.000000  0.913718 0.504136 0
kart_scrap
0  -13.000000 12.500000 9.000000  0.000000 1.000000 0.000000  0.245262 0.731468 0
0  -13.000000 12.500000 15.000000  0.000000 1.000000 0.000000  0.261260 0.731287 0
0  2.000000 12.500000 15.000000  0.000000 1.000000 0.000000  0.261260 0.767055 0
kart_scrap
0  2.000000 12.500000 9.000000  1.000000 0.000000 0.000000  0.790642 0.686385 0
0  2.000000 12.500000 15.000000  1.000000 0.000000 0.000000  0.790642 0.670377 0
0  2.000000 9.500000 15.000000  1.000000 0.000000 0.000000  0.798643 0.670379 0
kart_scrap
0  2.000000 9.500000 9.000000  0.000000 -1.000000 0.000000  0.326326 0.764938 0
0  2.000000 9.500000 15.000000  0.000000 -1.000000 0.000000  0.310329 0.764729 0
0  -13.000000 9.500000 15.000000  0.000000 -1.000000 0.000000  0.310329 0.728829 0
kart_scrap
0  -13.000000 12.500000 9.000000  0.000000 0.000000 -1.000000  0.823458 0.040042 0
0  2.000000 12.500000 9.000000  0.000000 0.000000 -1.000000  0.823458 0.000000 0
0  2.000000 9.500000 9.000000  0.000000 0.000000 -1.000000  0.831460 0.000000 0
kart_scrap
0  2.000000 12.500000 15.000000  0.000000 0.000000 1.000000  0.819514 0.575634 0
0  -13.000000 12.500000 15.000000  0.000000 0.000000 1.000000  0.819514 0.535592 0
0  -13.000000 9.500000 15.000000  0.000000 0.000000 1.000000  0.827515 0.535592 0
kart_scrap
0  -13.000000 -12.500000 9.000000  -1.000000 0.000000 0.000000  0.628311 0.919064 0
0  -13.000000 -12.500000 15.000000  -1.000000 0.000000 0.000000  0.628311 0.903431 0
0  -13.000000 -9.500000 15.000000  -1.000000 0.000000 0.000000  0.636311 0.903401 0
kart_scrap
0  -13.000000 -9.500000 9.000000  0.000000 1.000000 0.000000  0.560538 0.733614 0
0  -13.000000 -9.500000 15.000000  0.000000 1.000000 0.000000  0.576536 0.733433 0
0  2.000000 -9.500000 15.000000  0.000000 1.000000 0.000000  0.576536 0.769201 0
kart_scrap
0  2.000000 -9.500000 9.000000  1.000000 0.000000 0.000000  0.901643 0.358061 0
0  2.000000 -9.500000 15.000000  1.000000 0.000000 0.000000  0.901643 0.342053 0
0  2.000000 -12.500000 15.000000  1.000000 0.000000 0.000000  0.909644 0.342054 0
kart_scrap
0  2.000000 -12.500000 9.000000  0.000000 -1.000000 0.000000  0.016137 0.766109 0
0  2.000000 -12.500000 15.000000  0.000000 -1.000000 0.000000  0.000140 0.765900 0
0  -13.000000 -12.500000 15.000000  0.000000 -1.000000 0.000000  0.000140 0.730000 0
kart_scrap
0  -13.000000 -9.500000 9.000000  0.000000 0.000000 -1.000000  0.476213 0.835700 0
0  2.000000 -9.500000 9.000000  0.000000 0.000000 -1.000000  0.476213 0.795659 0
0  2.000000 -12.500000 9.000000  0.000000 0.000000 -1.000000  0.484214 0.795659 0
kart_scrap
0  2.000000 -9.500000 15.000000  0.000000 0.000000 1.000000  0.098593 0.830126 0
0  -13.000000 -9.500000 15.000000  0.000000 0.000000 1.000000  0.098593 0.790084 0
0  -13.000000 -12.500000 15.000000  0.000000 0.000000 1.000000  0.106594 0.790084 0
end
