version 1
nodes
0 "root" -1
end
skeleton
time 0
0 0 0 0 0 0 0
end
triangles
tire_wall_straight
0  -57.493145 2.019370 0.500000  0.135908 -0.047652 -0.989575  0.050016 0.313738 0
0  -60.883911 -3.290746 0.000000  0.137960 0.041333 -0.989575  0.075364 0.319514 0
0  -60.735214 3.156079 0.000000  0.135907 -0.047652 -0.989575  0.050016 0.327491 0
tire_wall_straight
0  -57.592876 -2.304720 0.500000  0.137960 0.041334 -0.989575  0.067018 0.308387 0
0  -57.214855 -8.593737 0.000000  0.087318 0.114530 -0.989575  0.091030 0.298629 0
0  -60.883911 -3.290746 0.000000  0.137960 0.041333 -0.989575  0.075364 0.319514 0
tire_wall_straight
0  -55.131927 -5.861603 0.500000  0.087317 0.114531 -0.989575  0.077525 0.294378 0
0  -51.129509 -10.727329 0.000000  0.003322 0.143981 -0.989575  0.091030 0.272813 0
0  -57.214855 -8.593737 0.000000  0.087318 0.114530 -0.989575  0.091030 0.298629 0
tire_wall_straight
0  -51.050289 -7.292671 0.500000  0.003321 0.143981 -0.989575  0.077525 0.277063 0
0  -44.952267 -8.876565 0.000000  -0.081942 0.118436 -0.989575  0.075364 0.251928 0
0  -51.129509 -10.727329 0.000000  0.003322 0.143981 -0.989575  0.091030 0.272813 0
tire_wall_straight
0  -46.907017 -6.051306 0.500000  -0.081943 0.118435 -0.989575  0.067018 0.263055 0
0  -41.042625 -3.748374 0.000000  -0.135907 0.047652 -0.989575  0.050016 0.243950 0
0  -44.952267 -8.876565 0.000000  -0.081942 0.118436 -0.989575  0.075364 0.251928 0
tire_wall_straight
0  -44.284695 -2.611665 0.500000  -0.135908 0.047652 -0.989575  0.050016 0.257704 0
0  -40.893929 2.698451 0.000000  -0.137960 -0.041333 -0.989575  0.024669 0.251928 0
0  -41.042625 -3.748374 0.000000  -0.135907 0.047652 -0.989575  0.050016 0.243950 0
tire_wall_straight
0  -44.184963 1.712425 0.500000  -0.137960 -0.041334 -0.989575  0.033015 0.263055 0
0  -44.562984 8.001442 0.000000  -0.087318 -0.114530 -0.989575  0.009003 0.272813 0
0  -40.893929 2.698451 0.000000  -0.137960 -0.041333 -0.989575  0.024669 0.251928 0
tire_wall_straight
0  -46.645912 5.269308 0.500000  -0.087317 -0.114531 -0.989575  0.022507 0.277063 0
0  -50.648331 10.135035 0.000000  -0.003322 -0.143981 -0.989575  0.009003 0.298629 0
0  -44.562984 8.001442 0.000000  -0.087318 -0.114530 -0.989575  0.009003 0.272813 0
tire_wall_straight
0  -50.727551 6.700377 0.500000  -0.003321 -0.143981 -0.989575  0.022507 0.294378 0
0  -56.825573 8.284270 0.000000  0.081942 -0.118436 -0.989575  0.024669 0.319514 0
0  -50.648331 10.135035 0.000000  -0.003322 -0.143981 -0.989575  0.009003 0.298629 0
tire_wall_straight
0  -54.870823 5.459011 0.500000  0.081943 -0.118435 -0.989575  0.033015 0.308387 0
0  -60.735214 3.156079 0.000000  0.135907 -0.047652 -0.989575  0.050016 0.327491 0
0  -56.825573 8.284270 0.000000  0.081942 -0.118436 -0.989575  0.024669 0.319514 0
tire_wall_straight
0  -60.735214 3.156079 0.000000  -0.574157 0.201307 -0.793612  0.050016 0.327491 0
0  -63.077930 -3.948097 1.755926  -0.582828 -0.174621 -0.793611  0.080928 0.326932 0
0  -62.896599 3.913885 1.755926  -0.574157 0.201305 -0.793612  0.050016 0.336660 0
tire_wall_straight
0  -60.883911 -3.290746 0.000000  -0.582828 -0.174620 -0.793611  0.075364 0.319514 0
0  -58.603477 -10.415156 1.755926  -0.368878 -0.483849 -0.793612  0.100033 0.301462 0
0  -63.077930 -3.948097 1.755926  -0.582828 -0.174621 -0.793611  0.080928 0.326932 0
tire_wall_straight
0  -57.214855 -8.593737 0.000000  -0.368878 -0.483849 -0.793612  0.091030 0.298629 0
0  -51.182320 -13.017100 1.755926  -0.014029 -0.608263 -0.793612  0.100033 0.269979 0
0  -58.603477 -10.415156 1.755926  -0.368878 -0.483849 -0.793612  0.100033 0.301462 0
tire_wall_straight
0  -51.129509 -10.727329 0.000000  -0.014030 -0.608263 -0.793612  0.091030 0.272813 0
0  -43.649097 -10.760072 1.755926  0.346178 -0.500341 -0.793612  0.080928 0.244510 0
0  -51.182320 -13.017100 1.755926  -0.014029 -0.608263 -0.793612  0.100033 0.269979 0
tire_wall_straight
0  -44.952267 -8.876565 0.000000  0.346177 -0.500342 -0.793612  0.075364 0.251928 0
0  -38.881241 -4.506180 1.755926  0.574157 -0.201306 -0.793612  0.050016 0.234781 0
0  -43.649097 -10.760072 1.755926  0.346178 -0.500341 -0.793612  0.080928 0.244510 0
tire_wall_straight
0  -41.042625 -3.748374 0.000000  0.574157 -0.201307 -0.793612  0.050016 0.243950 0
0  -38.699909 3.355801 1.755926  0.582828 0.174621 -0.793611  0.019105 0.244510 0
0  -38.881241 -4.506180 1.755926  0.574157 -0.201306 -0.793612  0.050016 0.234781 0
tire_wall_straight
0  -40.893929 2.698451 0.000000  0.582828 0.174620 -0.793611  0.024669 0.251928 0
0  -43.174362 9.822862 1.755926  0.368878 0.483849 -0.793612  0.000000 0.269979 0
0  -38.699909 3.355801 1.755926  0.582828 0.174621 -0.793611  0.019105 0.244510 0
tire_wall_straight
0  -44.562984 8.001442 0.000000  0.368878 0.483848 -0.793612  0.009003 0.272813 0
0  -50.595520 12.424806 1.755926  0.014029 0.608263 -0.793612  0.000000 0.301462 0
0  -43.174362 9.822862 1.755926  0.368878 0.483849 -0.793612  0.000000 0.269979 0
tire_wall_straight
0  -50.648331 10.135035 0.000000  0.014030 0.608263 -0.793612  0.009003 0.298629 0
0  -58.128742 10.167777 1.755926  -0.346178 0.500341 -0.793612  0.019105 0.326932 0
0  -50.595520 12.424806 1.755926  0.014029 0.608263 -0.793612  0.000000 0.301462 0
tire_wall_straight
0  -56.825573 8.284270 0.000000  -0.346177 0.500342 -0.793612  0.024669 0.319514 0
0  -62.896599 3.913885 1.755926  -0.574157 0.201305 -0.793612  0.050016 0.336660 0
0  -58.128742 10.167777 1.755926  -0.346178 0.500341 -0.793612  0.019105 0.326932 0
tire_wall_straight
0  -62.896599 3.913885 1.755926  -0.999734 0.023058 0.000000  0.153462 0.891999 0
0  -63.077930 -3.948097 6.225558  -0.999734 0.023058 0.000000  0.134989 0.922918 0
0  -62.896599 3.913885 6.225558  -0.999734 0.023058 0.000000  0.134989 0.891999 0
tire_wall_straight
0  -63.077930 -3.948097 1.755926  -0.822355 -0.568974 0.000000  0.153462 0.922918 0
0  -58.603477 -10.415156 6.225558  -0.822355 -0.568974 0.000000  0.134989 0.951417 0
0  -63.077930 -3.948097 6.225558  -0.822355 -0.568974 0.000000  0.134989 0.922918 0
tire_wall_straight
0  -58.603477 -10.415156 1.755926  -0.330864 -0.943678 0.000000  0.085646 0.698309 0
0  -51.182320 -13.017100 6.225558  -0.330865 -0.943678 0.000000  0.067173 0.725806 0
0  -58.603477 -10.415156 6.225558  -0.330864 -0.943678 0.000000  0.067173 0.698309 0
tire_wall_straight
0  -51.182320 -13.017100 1.755926  0.287005 -0.957929 0.000000  0.085646 0.725806 0
0  -43.649097 -10.760072 6.225558  0.287005 -0.957929 0.000000  0.067173 0.757063 0
0  -51.182320 -13.017100 6.225558  0.287005 -0.957929 0.000000  0.067173 0.725806 0
tire_wall_straight
0  -43.649097 -10.760072 1.755926  0.795249 -0.606284 0.000000  0.085646 0.757063 0
0  -38.881241 -4.506180 6.225558  0.795249 -0.606283 0.000000  0.067173 0.780142 0
0  -43.649097 -10.760072 6.225558  0.795248 -0.606284 0.000000  0.067173 0.757063 0
tire_wall_straight
0  -38.881241 -4.506180 1.755926  0.999734 -0.023058 0.000000  0.119565 0.891999 0
0  -38.699909 3.355801 6.225558  0.999734 -0.023058 0.000000  0.101092 0.922918 0
0  -38.881241 -4.506180 6.225558  0.999734 -0.023058 0.000000  0.101092 0.891999 0
tire_wall_straight
0  -38.699909 3.355801 1.755926  0.822355 0.568974 0.000000  0.119565 0.922918 0
0  -43.174362 9.822862 6.225558  0.822355 0.568974 0.000000  0.101092 0.951417 0
0  -38.699909 3.355801 6.225558  0.822355 0.568974 0.000000  0.101092 0.922918 0
tire_wall_straight
0  -43.174362 9.822862 1.755926  0.330865 0.943678 0.000000  0.119543 0.698309 0
0  -50.595520 12.424806 6.225558  0.330865 0.943678 0.000000  0.101070 0.725806 0
0  -43.174362 9.822862 6.225558  0.330865 0.943678 0.000000  0.101070 0.698309 0
tire_wall_straight
0  -50.595520 12.424806 1.755926  -0.287005 0.957929 0.000000  0.119543 0.725806 0
0  -58.128742 10.167777 6.225558  -0.287005 0.957929 0.000000  0.101070 0.757063 0
0  -50.595520 12.424806 6.225558  -0.287005 0.957929 0.000000  0.101070 0.725806 0
tire_wall_straight
0  -58.128742 10.167777 1.755926  -0.795248 0.606284 0.000000  0.119543 0.757063 0
0  -62.896599 3.913885 6.225558  -0.795249 0.606284 0.000000  0.101070 0.780142 0
0  -58.128742 10.167777 6.225558  -0.795248 0.606284 0.000000  0.101070 0.757063 0
tire_wall_straight
0  -62.896599 3.913885 6.225558  -0.574157 0.201306 0.793612  0.165473 0.336660 0
0  -60.883911 -3.290746 7.981484  -0.582828 -0.174622 0.793611  0.140125 0.319514 0
0  -60.735214 3.156079 7.981484  -0.574157 0.201305 0.793612  0.165473 0.327491 0
tire_wall_straight
0  -63.077930 -3.948097 6.225558  -0.582828 -0.174621 0.793611  0.134561 0.326932 0
0  -57.214855 -8.593737 7.981484  -0.368877 -0.483849 0.793612  0.124459 0.298629 0
0  -60.883911 -3.290746 7.981484  -0.582828 -0.174622 0.793611  0.140125 0.319514 0
tire_wall_straight
0  -58.603477 -10.415156 6.225558  -0.368878 -0.483848 0.793612  0.115457 0.301462 0
0  -51.129509 -10.727329 7.981484  -0.014029 -0.608263 0.793611  0.124459 0.272813 0
0  -57.214855 -8.593737 7.981484  -0.368877 -0.483849 0.793612  0.124459 0.298629 0
tire_wall_straight
0  -51.182320 -13.017100 6.225558  -0.014030 -0.608263 0.793611  0.115457 0.269979 0
0  -44.952267 -8.876565 7.981484  0.346179 -0.500340 0.793612  0.140125 0.251928 0
0  -51.129509 -10.727329 7.981484  -0.014029 -0.608263 0.793611  0.124459 0.272813 0
tire_wall_straight
0  -43.649097 -10.760072 6.225558  0.346178 -0.500341 0.793612  0.134561 0.244510 0
0  -41.042625 -3.748374 7.981484  0.574157 -0.201306 0.793612  0.165473 0.243950 0
0  -44.952267 -8.876565 7.981484  0.346179 -0.500340 0.793612  0.140125 0.251928 0
tire_wall_straight
0  -38.881241 -4.506180 6.225558  0.574157 -0.201307 0.793612  0.165473 0.234781 0
0  -40.893929 2.698451 7.981484  0.582828 0.174622 0.793611  0.190821 0.251928 0
0  -41.042625 -3.748374 7.981484  0.574157 -0.201306 0.793612  0.165473 0.243950 0
tire_wall_straight
0  -38.699909 3.355801 6.225558  0.582828 0.174621 0.793611  0.196385 0.244510 0
0  -44.562984 8.001442 7.981484  0.368877 0.483849 0.793612  0.206486 0.272813 0
0  -40.893929 2.698451 7.981484  0.582828 0.174622 0.793611  0.190821 0.251928 0
tire_wall_straight
0  -43.174362 9.822862 6.225558  0.368878 0.483848 0.793612  0.215489 0.269979 0
0  -50.648331 10.135035 7.981484  0.014029 0.608263 0.793612  0.206486 0.298629 0
0  -44.562984 8.001442 7.981484  0.368877 0.483849 0.793612  0.206486 0.272813 0
tire_wall_straight
0  -50.595520 12.424806 6.225558  0.014030 0.608263 0.793612  0.215489 0.301462 0
0  -56.825573 8.284270 7.981484  -0.346179 0.500341 0.793612  0.190821 0.319514 0
0  -50.648331 10.135035 7.981484  0.014029 0.608263 0.793612  0.206486 0.298629 0
tire_wall_straight
0  -58.128742 10.167777 6.225558  -0.346178 0.500341 0.793612  0.196385 0.326932 0
0  -60.735214 3.156079 7.981484  -0.574157 0.201305 0.793612  0.165473 0.327491 0
0  -56.825573 8.284270 7.981484  -0.346179 0.500341 0.793612  0.190821 0.319514 0
tire_wall_straight
0  -60.735214 3.156079 7.981484  0.135908 -0.047649 0.989575  0.165473 0.327491 0
0  -57.592876 -2.304720 7.481484  0.137960 0.041335 0.989575  0.148471 0.308387 0
0  -57.493145 2.019370 7.481484  0.135908 -0.047650 0.989575  0.165473 0.313738 0
tire_wall_straight
0  -60.883911 -3.290746 7.981484  0.137960 0.041336 0.989575  0.140125 0.319514 0
0  -55.131927 -5.861603 7.481484  0.087316 0.114531 0.989575  0.137964 0.294378 0
0  -57.592876 -2.304720 7.481484  0.137960 0.041335 0.989575  0.148471 0.308387 0
tire_wall_straight
0  -57.214855 -8.593737 7.981484  0.087315 0.114532 0.989575  0.124459 0.298629 0
0  -51.050289 -7.292671 7.481484  0.003320 0.143981 0.989575  0.137964 0.277063 0
0  -55.131927 -5.861603 7.481484  0.087316 0.114531 0.989575  0.137964 0.294378 0
tire_wall_straight
0  -51.129509 -10.727329 7.981484  0.003319 0.143981 0.989575  0.124459 0.272813 0
0  -46.907017 -6.051306 7.481484  -0.081943 0.118435 0.989575  0.148471 0.263055 0
0  -51.050289 -7.292671 7.481484  0.003320 0.143981 0.989575  0.137964 0.277063 0
tire_wall_straight
0  -44.952267 -8.876565 7.981484  -0.081944 0.118434 0.989575  0.140125 0.251928 0
0  -44.284695 -2.611665 7.481484  -0.135908 0.047650 0.989575  0.165473 0.257704 0
0  -46.907017 -6.051306 7.481484  -0.081943 0.118435 0.989575  0.148471 0.263055 0
tire_wall_straight
0  -41.042625 -3.748374 7.981484  -0.135908 0.047649 0.989575  0.165473 0.243950 0
0  -44.184963 1.712425 7.481484  -0.137960 -0.041335 0.989575  0.182474 0.263055 0
0  -44.284695 -2.611665 7.481484  -0.135908 0.047650 0.989575  0.165473 0.257704 0
tire_wall_straight
0  -40.893929 2.698451 7.981484  -0.137960 -0.041336 0.989575  0.190821 0.251928 0
0  -46.645912 5.269308 7.481484  -0.087316 -0.114531 0.989575  0.192982 0.277063 0
0  -44.184963 1.712425 7.481484  -0.137960 -0.041335 0.989575  0.182474 0.263055 0
tire_wall_straight
0  -44.562984 8.001442 7.981484  -0.087315 -0.114532 0.989575  0.206486 0.272813 0
0  -50.727551 6.700377 7.481484  -0.003320 -0.143981 0.989575  0.192982 0.294378 0
0  -46.645912 5.269308 7.481484  -0.087316 -0.114531 0.989575  0.192982 0.277063 0
tire_wall_straight
0  -50.648331 10.135035 7.981484  -0.003319 -0.143981 0.989575  0.206486 0.298629 0
0  -54.870823 5.459011 7.481484  0.081944 -0.118434 0.989575  0.182474 0.308387 0
0  -50.727551 6.700377 7.481484  -0.003320 -0.143981 0.989575  0.192982 0.294378 0
tire_wall_straight
0  -56.825573 8.284270 7.981484  0.081945 -0.118434 0.989575  0.190821 0.319514 0
0  -57.493145 2.019370 7.481484  0.135908 -0.047650 0.989575  0.165473 0.313738 0
0  -54.870823 5.459011 7.481484  0.081944 -0.118434 0.989575  0.182474 0.308387 0
tire_wall_straight
0  -57.493145 2.019370 7.481484  0.999734 -0.023059 0.000000  0.971106 0.080678 0
0  -57.592876 -2.304720 0.500000  0.999734 -0.023059 0.000000  0.999961 0.063673 0
0  -57.493145 2.019370 0.500000  0.999734 -0.023059 0.000000  0.999961 0.080678 0
tire_wall_straight
0  -57.592876 -2.304720 7.481484  0.822355 0.568975 0.000000  0.971106 0.063673 0
0  -55.131927 -5.861603 0.500000  0.822355 0.568974 0.000000  0.999961 0.047998 0
0  -57.592876 -2.304720 0.500000  0.822356 0.568973 0.000000  0.999961 0.063673 0
tire_wall_straight
0  -55.131927 -5.861603 7.481484  0.330864 0.943678 0.000000  0.322743 0.841154 0
0  -51.050289 -7.292671 0.500000  0.330864 0.943678 0.000000  0.351598 0.826031 0
0  -55.131927 -5.861603 0.500000  0.330865 0.943678 0.000000  0.351598 0.841154 0
tire_wall_straight
0  -51.050289 -7.292671 7.481484  -0.287005 0.957929 0.000000  0.322743 0.826031 0
0  -46.907017 -6.051306 0.500000  -0.287005 0.957929 0.000000  0.351598 0.808839 0
0  -51.050289 -7.292671 0.500000  -0.287005 0.957929 0.000000  0.351598 0.826031 0
tire_wall_straight
0  -46.907017 -6.051306 7.481484  -0.795248 0.606284 0.000000  0.322743 0.808839 0
0  -44.284695 -2.611665 0.500000  -0.795248 0.606284 0.000000  0.351598 0.796145 0
0  -46.907017 -6.051306 0.500000  -0.795248 0.606284 0.000000  0.351598 0.808839 0
tire_wall_straight
0  -44.284695 -2.611665 7.481484  -0.999734 0.023059 0.000000  0.971106 0.128298 0
0  -44.184963 1.712425 0.500000  -0.999734 0.023059 0.000000  0.999961 0.111293 0
0  -44.284695 -2.611665 0.500000  -0.999734 0.023059 0.000000  0.999961 0.128298 0
tire_wall_straight
0  -44.184963 1.712425 7.481484  -0.822355 -0.568974 0.000000  0.971106 0.111293 0
0  -46.645912 5.269308 0.500000  -0.822355 -0.568974 0.000000  0.999961 0.095618 0
0  -44.184963 1.712425 0.500000  -0.822355 -0.568974 0.000000  0.999961 0.111293 0
tire_wall_straight
0  -46.645912 5.269308 7.481484  -0.330864 -0.943678 0.000000  0.367022 0.841154 0
0  -50.727551 6.700377 0.500000  -0.330864 -0.943678 0.000000  0.395877 0.826031 0
0  -46.645912 5.269308 0.500000  -0.330865 -0.943678 0.000000  0.395877 0.841154 0
tire_wall_straight
0  -50.727551 6.700377 7.481484  0.287005 -0.957929 0.000000  0.367022 0.826031 0
0  -54.870823 5.459011 0.500000  0.287005 -0.957929 0.000000  0.395877 0.808839 0
0  -50.727551 6.700377 0.500000  0.287005 -0.957929 0.000000  0.395877 0.826031 0
tire_wall_straight
0  -54.870823 5.459011 7.481484  0.795249 -0.606283 0.000000  0.367022 0.808839 0
0  -57.493145 2.019370 0.500000  0.795249 -0.606283 0.000000  0.395877 0.796145 0
0  -54.870823 5.459011 0.500000  0.795249 -0.606283 0.000000  0.395877 0.808839 0
tire_wall_straight
0  -57.469353 2.254347 8.500000  0.137783 -0.042047 -0.989570  0.297913 0.263047 0
0  -60.638622 -3.188950 8.000000  0.136184 0.046969 -0.989570  0.280916 0.243948 0
0  -60.754459 3.256852 8.000000  0.137783 -0.042048 -0.989569  0.306257 0.251923 0
tire_wall_straight
0  -57.391655 -2.069057 8.500000  0.136183 0.046970 -0.989570  0.280916 0.257698 0
0  -56.756157 -8.335626 8.000000  0.082568 0.118046 -0.989569  0.255575 0.251923 0
0  -60.638622 -3.188950 8.000000  0.136184 0.046969 -0.989570  0.280916 0.243948 0
tire_wall_straight
0  -54.787567 -5.521095 8.500000  0.082567 0.118046 -0.989570  0.263919 0.263047 0
0  -50.590042 -10.217320 8.000000  -0.002587 0.144033 -0.989569  0.239914 0.272803 0
0  -56.756157 -8.335626 8.000000  0.082568 0.118046 -0.989569  0.255575 0.251923 0
tire_wall_straight
0  -50.651756 -6.783208 8.500000  -0.002588 0.144033 -0.989570  0.253414 0.277052 0
0  -44.495514 -8.115291 8.000000  -0.086753 0.115005 -0.989569  0.239914 0.298612 0
0  -50.590042 -10.217320 8.000000  -0.002587 0.144033 -0.989569  0.239914 0.272803 0
tire_wall_straight
0  -46.563965 -5.373309 8.500000  -0.086754 0.115004 -0.989570  0.253414 0.294363 0
0  -40.800480 -2.832438 8.000000  -0.137783 0.042048 -0.989569  0.255575 0.319492 0
0  -44.495514 -8.115291 8.000000  -0.086753 0.115005 -0.989569  0.239914 0.298612 0
tire_wall_straight
0  -44.085587 -1.829933 8.500000  -0.137783 0.042047 -0.989570  0.263919 0.308368 0
0  -40.916317 3.613364 8.000000  -0.136184 -0.046969 -0.989570  0.280916 0.327467 0
0  -40.800480 -2.832438 8.000000  -0.137783 0.042048 -0.989569  0.255575 0.319492 0
tire_wall_straight
0  -44.163284 2.493470 8.500000  -0.136183 -0.046970 -0.989570  0.280916 0.313717 0
0  -44.798782 8.760039 8.000000  -0.082568 -0.118046 -0.989569  0.306257 0.319492 0
0  -40.916317 3.613364 8.000000  -0.136184 -0.046969 -0.989570  0.280916 0.327467 0
tire_wall_straight
0  -46.767372 5.945509 8.500000  -0.082567 -0.118046 -0.989570  0.297913 0.308367 0
0  -50.964897 10.641734 8.000000  0.002587 -0.144033 -0.989569  0.321919 0.298612 0
0  -44.798782 8.760039 8.000000  -0.082568 -0.118046 -0.989569  0.306257 0.319492 0
tire_wall_straight
0  -50.903183 7.207622 8.500000  0.002588 -0.144033 -0.989570  0.308418 0.294363 0
0  -57.059425 8.539704 8.000000  0.086753 -0.115005 -0.989569  0.321919 0.272803 0
0  -50.964897 10.641734 8.000000  0.002587 -0.144033 -0.989569  0.321919 0.298612 0
tire_wall_straight
0  -54.990974 5.797723 8.500000  0.086754 -0.115004 -0.989570  0.308418 0.277052 0
0  -60.754459 3.256852 8.000000  0.137783 -0.042048 -0.989569  0.306257 0.251923 0
0  -57.059425 8.539704 8.000000  0.086753 -0.115005 -0.989569  0.321919 0.272803 0
tire_wall_straight
0  -60.754459 3.256852 8.000000  -0.577773 0.176318 -0.796926  0.306257 0.251923 0
0  -62.803265 -3.935545 9.735673  -0.571065 -0.196963 -0.796926  0.280916 0.234781 0
0  -62.944530 3.925189 9.735673  -0.577773 0.176317 -0.796926  0.311820 0.244507 0
tire_wall_straight
0  -60.638622 -3.188950 8.000000  -0.571065 -0.196962 -0.796926  0.280916 0.243948 0
0  -58.068554 -10.211980 9.735673  -0.346229 -0.495010 -0.796926  0.250013 0.244507 0
0  -62.803265 -3.935545 9.735673  -0.571065 -0.196963 -0.796926  0.280916 0.234781 0
tire_wall_straight
0  -56.756157 -8.335626 8.000000  -0.346229 -0.495009 -0.796926  0.255575 0.251923 0
0  -50.548897 -12.506728 9.735673  0.010855 -0.603980 -0.796926  0.230913 0.269970 0
0  -58.068554 -10.211980 9.735673  -0.346229 -0.495010 -0.796926  0.250013 0.244507 0
tire_wall_straight
0  -50.590042 -10.217320 8.000000  0.010853 -0.603980 -0.796926  0.239914 0.272803 0
0  -43.116547 -9.943276 9.735673  0.363792 -0.482250 -0.796926  0.230913 0.301444 0
0  -50.548897 -12.506728 9.735673  0.010855 -0.603980 -0.796926  0.230913 0.269970 0
tire_wall_straight
0  -44.495514 -8.115291 8.000000  0.363791 -0.482251 -0.796926  0.239914 0.298612 0
0  -38.610409 -3.500775 9.735673  0.577773 -0.176317 -0.796926  0.250013 0.326908 0
0  -43.116547 -9.943276 9.735673  0.363792 -0.482250 -0.796926  0.230913 0.301444 0
tire_wall_straight
0  -40.800480 -2.832438 8.000000  0.577772 -0.176318 -0.796926  0.255575 0.319492 0
0  -38.751675 4.359959 9.735673  0.571065 0.196963 -0.796926  0.280916 0.336634 0
0  -38.610409 -3.500775 9.735673  0.577773 -0.176317 -0.796926  0.250013 0.326908 0
tire_wall_straight
0  -40.916317 3.613364 8.000000  0.571065 0.196962 -0.796926  0.280916 0.327467 0
0  -43.486385 10.636394 9.735673  0.346229 0.495010 -0.796926  0.311820 0.326908 0
0  -38.751675 4.359959 9.735673  0.571065 0.196963 -0.796926  0.280916 0.336634 0
tire_wall_straight
0  -44.798782 8.760039 8.000000  0.346229 0.495009 -0.796926  0.306257 0.319492 0
0  -51.006042 12.931142 9.735673  -0.010855 0.603980 -0.796926  0.330919 0.301444 0
0  -43.486385 10.636394 9.735673  0.346229 0.495010 -0.796926  0.311820 0.326908 0
tire_wall_straight
0  -50.964897 10.641734 8.000000  -0.010853 0.603980 -0.796926  0.321919 0.298612 0
0  -58.438393 10.367690 9.735673  -0.363792 0.482249 -0.796926  0.330919 0.269970 0
0  -51.006042 12.931142 9.735673  -0.010855 0.603980 -0.796926  0.330919 0.301444 0
tire_wall_straight
0  -57.059425 8.539704 8.000000  -0.363791 0.482250 -0.796926  0.321919 0.272803 0
0  -62.944530 3.925189 9.735673  -0.577773 0.176317 -0.796926  0.311820 0.244507 0
0  -58.438393 10.367690 9.735673  -0.363792 0.482249 -0.796926  0.330919 0.269970 0
tire_wall_straight
0  -62.944530 3.925189 9.735673  -0.999839 -0.017968 0.000000  0.355405 0.720756 0
0  -62.803265 -3.935545 14.153748  -0.999839 -0.017968 0.000000  0.337145 0.751884 0
0  -62.944530 3.925189 14.153748  -0.999839 -0.017969 0.000000  0.337145 0.720756 0
tire_wall_straight
0  -62.803265 -3.935545 9.735673  -0.798325 -0.602227 0.000000  0.355405 0.751884 0
0  -58.068554 -10.211980 14.153748  -0.798325 -0.602227 0.000000  0.337145 0.779804 0
0  -62.803265 -3.935545 14.153748  -0.798325 -0.602227 0.000000  0.337145 0.751884 0
tire_wall_straight
0  -58.068554 -10.211980 9.735673  -0.291878 -0.956456 0.000000  0.456593 0.891999 0
0  -50.548897 -12.506728 14.153748  -0.291878 -0.956455 0.000000  0.438333 0.920094 0
0  -58.068554 -10.211980 14.153748  -0.291878 -0.956456 0.000000  0.438333 0.891999 0
tire_wall_straight
0  -50.548897 -12.506728 9.735673  0.326056 -0.945351 0.000000  0.456593 0.920094 0
0  -43.116547 -9.943276 14.153748  0.326056 -0.945351 0.000000  0.438333 0.951163 0
0  -50.548897 -12.506728 14.153748  0.326056 -0.945350 0.000000  0.438333 0.920094 0
tire_wall_straight
0  -43.116547 -9.943276 9.735673  0.819448 -0.573154 0.000000  0.389089 0.698309 0
0  -38.610409 -3.500775 14.153748  0.819447 -0.573154 0.000000  0.370829 0.720756 0
0  -43.116547 -9.943276 14.153748  0.819448 -0.573154 0.000000  0.370829 0.698309 0
tire_wall_straight
0  -38.610409 -3.500775 9.735673  0.999839 0.017968 0.000000  0.389089 0.720756 0
0  -38.751675 4.359959 14.153748  0.999839 0.017969 0.000000  0.370829 0.751884 0
0  -38.610409 -3.500775 14.153748  0.999839 0.017968 0.000000  0.370829 0.720756 0
tire_wall_straight
0  -38.751675 4.359959 9.735673  0.798325 0.602227 0.000000  0.389089 0.751884 0
0  -43.486385 10.636394 14.153748  0.798325 0.602227 0.000000  0.370829 0.779804 0
0  -38.751675 4.359959 14.153748  0.798325 0.602227 0.000000  0.370829 0.751884 0
tire_wall_straight
0  -43.486385 10.636394 9.735673  0.291878 0.956455 0.000000  0.490277 0.891999 0
0  -51.006042 12.931142 14.153748  0.291878 0.956455 0.000000  0.472017 0.920094 0
0  -43.486385 10.636394 14.153748  0.291878 0.956455 0.000000  0.472017 0.891999 0
tire_wall_straight
0  -51.006042 12.931142 9.735673  -0.326056 0.945351 0.000000  0.490277 0.920094 0
0  -58.438393 10.367690 14.153748  -0.326056 0.945351 0.000000  0.472017 0.951163 0
0  -51.006042 12.931142 14.153748  -0.326056 0.945351 0.000000  0.472017 0.920094 0
tire_wall_straight
0  -58.438393 10.367690 9.735673  -0.819448 0.573154 0.000000  0.355405 0.698309 0
0  -62.944530 3.925189 14.153748  -0.819448 0.573154 0.000000  0.337145 0.720756 0
0  -58.438393 10.367690 14.153748  -0.819448 0.573154 0.000000  0.337145 0.698309 0
tire_wall_straight
0  -62.944530 3.925189 14.153748  -0.577773 0.176317 0.796926  0.367021 0.009726 0
0  -60.638622 -3.188950 15.889421  -0.571065 -0.196964 0.796926  0.397925 0.009167 0
0  -60.754459 3.256852 15.889421  -0.577774 0.176316 0.796926  0.372584 0.017142 0
tire_wall_straight
0  -62.803265 -3.935545 14.153748  -0.571065 -0.196963 0.796926  0.397925 0.000000 0
0  -56.756157 -8.335626 15.889421  -0.346229 -0.495010 0.796926  0.423266 0.017142 0
0  -60.638622 -3.188950 15.889421  -0.571065 -0.196964 0.796926  0.397925 0.009167 0
tire_wall_straight
0  -58.068554 -10.211980 14.153748  -0.346230 -0.495009 0.796926  0.428828 0.009726 0
0  -50.590042 -10.217320 15.889421  0.010855 -0.603980 0.796926  0.438927 0.038022 0
0  -56.756157 -8.335626 15.889421  -0.346229 -0.495010 0.796926  0.423266 0.017142 0
tire_wall_straight
0  -50.548897 -12.506728 14.153748  0.010854 -0.603980 0.796926  0.447928 0.035189 0
0  -44.495514 -8.115291 15.889421  0.363792 -0.482250 0.796926  0.438927 0.063831 0
0  -50.590042 -10.217320 15.889421  0.010855 -0.603980 0.796926  0.438927 0.038022 0
tire_wall_straight
0  -43.116547 -9.943276 14.153748  0.363791 -0.482251 0.796925  0.447928 0.066663 0
0  -40.800480 -2.832438 15.889421  0.577774 -0.176316 0.796925  0.423266 0.084711 0
0  -44.495514 -8.115291 15.889421  0.363792 -0.482250 0.796926  0.438927 0.063831 0
tire_wall_straight
0  -38.610409 -3.500775 14.153748  0.577773 -0.176317 0.796926  0.428828 0.092127 0
0  -40.916317 3.613364 15.889421  0.571065 0.196964 0.796925  0.397925 0.092686 0
0  -40.800480 -2.832438 15.889421  0.577774 -0.176316 0.796925  0.423266 0.084711 0
tire_wall_straight
0  -38.751675 4.359959 14.153748  0.571065 0.196963 0.796926  0.397925 0.101853 0
0  -44.798782 8.760039 15.889421  0.346229 0.495010 0.796926  0.372584 0.084711 0
0  -40.916317 3.613364 15.889421  0.571065 0.196964 0.796925  0.397925 0.092686 0
tire_wall_straight
0  -43.486385 10.636394 14.153748  0.346230 0.495009 0.796926  0.367021 0.092127 0
0  -50.964897 10.641734 15.889421  -0.010855 0.603980 0.796926  0.356922 0.063831 0
0  -44.798782 8.760039 15.889421  0.346229 0.495010 0.796926  0.372584 0.084711 0
tire_wall_straight
0  -51.006042 12.931142 14.153748  -0.010854 0.603980 0.796925  0.347921 0.066663 0
0  -57.059425 8.539704 15.889421  -0.363792 0.482250 0.796926  0.356922 0.038022 0
0  -50.964897 10.641734 15.889421  -0.010855 0.603980 0.796926  0.356922 0.063831 0
tire_wall_straight
0  -58.438393 10.367690 14.153748  -0.363791 0.482250 0.796926  0.347921 0.035189 0
0  -60.754459 3.256852 15.889421  -0.577774 0.176316 0.796926  0.372584 0.017142 0
0  -57.059425 8.539704 15.889421  -0.363792 0.482250 0.796926  0.356922 0.038022 0
tire_wall_straight
0  -60.754459 3.256852 15.889421  0.137784 -0.042045 0.989570  0.372584 0.017142 0
0  -57.391655 -2.069057 15.389421  0.136183 0.046971 0.989570  0.397925 0.022917 0
0  -57.469353 2.254347 15.389421  0.137783 -0.042046 0.989570  0.380928 0.028266 0
tire_wall_straight
0  -60.638622 -3.188950 15.889421  0.136183 0.046972 0.989569  0.397925 0.009167 0
0  -54.787567 -5.521095 15.389421  0.082566 0.118047 0.989570  0.414922 0.028266 0
0  -57.391655 -2.069057 15.389421  0.136183 0.046971 0.989570  0.397925 0.022917 0
tire_wall_straight
0  -56.756157 -8.335626 15.889421  0.082565 0.118047 0.989569  0.423266 0.017142 0
0  -50.651756 -6.783208 15.389421  -0.002589 0.144033 0.989570  0.425426 0.042271 0
0  -54.787567 -5.521095 15.389421  0.082566 0.118047 0.989570  0.414922 0.028266 0
tire_wall_straight
0  -50.590042 -10.217320 15.889421  -0.002590 0.144033 0.989570  0.438927 0.038022 0
0  -46.563965 -5.373309 15.389421  -0.086755 0.115003 0.989570  0.425426 0.059582 0
0  -50.651756 -6.783208 15.389421  -0.002589 0.144033 0.989570  0.425426 0.042271 0
tire_wall_straight
0  -44.495514 -8.115291 15.889421  -0.086756 0.115003 0.989570  0.438927 0.063831 0
0  -44.085587 -1.829933 15.389421  -0.137783 0.042046 0.989570  0.414922 0.073587 0
0  -46.563965 -5.373309 15.389421  -0.086755 0.115003 0.989570  0.425426 0.059582 0
tire_wall_straight
0  -40.800480 -2.832438 15.889421  -0.137784 0.042045 0.989570  0.423266 0.084711 0
0  -44.163284 2.493470 15.389421  -0.136183 -0.046971 0.989570  0.397925 0.078936 0
0  -44.085587 -1.829933 15.389421  -0.137783 0.042046 0.989570  0.414922 0.073587 0
tire_wall_straight
0  -40.916317 3.613364 15.889421  -0.136183 -0.046972 0.989569  0.397925 0.092686 0
0  -46.767372 5.945509 15.389421  -0.082566 -0.118047 0.989570  0.380928 0.073587 0
0  -44.163284 2.493470 15.389421  -0.136183 -0.046971 0.989570  0.397925 0.078936 0
tire_wall_straight
0  -44.798782 8.760039 15.889421  -0.082565 -0.118048 0.989569  0.372584 0.084711 0
0  -50.903183 7.207622 15.389421  0.002589 -0.144033 0.989570  0.370423 0.059582 0
0  -46.767372 5.945509 15.389421  -0.082566 -0.118047 0.989570  0.380928 0.073587 0
tire_wall_straight
0  -50.964897 10.641734 15.889421  0.002590 -0.144033 0.989569  0.356922 0.063831 0
0  -54.990974 5.797723 15.389421  0.086755 -0.115003 0.989570  0.370423 0.042271 0
0  -50.903183 7.207622 15.389421  0.002589 -0.144033 0.989570  0.370423 0.059582 0
tire_wall_straight
0  -57.059425 8.539704 15.889421  0.086756 -0.115003 0.989569  0.356922 0.038022 0
0  -57.469353 2.254347 15.389421  0.137783 -0.042046 0.989570  0.380928 0.028266 0
0  -54.990974 5.797723 15.389421  0.086755 -0.115003 0.989570  0.370423 0.042271 0
tire_wall_straight
0  -57.469353 2.254347 15.389421  0.999839 0.017969 0.000000  0.762270 0.828622 0
0  -57.391655 -2.069057 8.500000  0.999839 0.017969 0.000000  0.790744 0.811501 0
0  -57.469353 2.254347 8.500000  0.999839 0.017970 0.000000  0.790744 0.828622 0
tire_wall_straight
0  -57.391655 -2.069057 15.389421  0.798326 0.602226 0.000000  0.762270 0.811501 0
0  -54.787567 -5.521095 8.500000  0.798325 0.602226 0.000000  0.790744 0.796145 0
0  -57.391655 -2.069057 8.500000  0.798325 0.602227 0.000000  0.790744 0.811501 0
tire_wall_straight
0  -54.787567 -5.521095 15.389421  0.291879 0.956455 0.000000  0.971106 0.652248 0
0  -50.651756 -6.783208 8.500000  0.291879 0.956455 0.000000  0.999580 0.636796 0
0  -54.787567 -5.521095 8.500000  0.291879 0.956455 0.000000  0.999580 0.652248 0
tire_wall_straight
0  -50.651756 -6.783208 15.389421  -0.326056 0.945351 0.000000  0.971106 0.636796 0
0  -46.563965 -5.373309 8.500000  -0.326056 0.945351 0.000000  0.999580 0.619708 0
0  -50.651756 -6.783208 8.500000  -0.326056 0.945351 0.000000  0.999580 0.636796 0
tire_wall_straight
0  -46.563965 -5.373309 15.389421  -0.819448 0.573154 0.000000  0.838686 0.044822 0
0  -44.085587 -1.829933 8.500000  -0.819448 0.573154 0.000000  0.867160 0.032476 0
0  -46.563965 -5.373309 8.500000  -0.819448 0.573154 0.000000  0.867160 0.044822 0
tire_wall_straight
0  -44.085587 -1.829933 15.389421  -0.999839 -0.017969 0.000000  0.838686 0.032476 0
0  -44.163284 2.493470 8.500000  -0.999839 -0.017969 0.000000  0.867160 0.015356 0
0  -44.085587 -1.829933 8.500000  -0.999839 -0.017968 0.000000  0.867160 0.032476 0
tire_wall_straight
0  -44.163284 2.493470 15.389421  -0.798325 -0.602226 0.000000  0.838686 0.015356 0
0  -46.767372 5.945509 8.500000  -0.798326 -0.602226 0.000000  0.867160 0.000000 0
0  -44.163284 2.493470 8.500000  -0.798326 -0.602226 0.000000  0.867160 0.015356 0
tire_wall_straight
0  -46.767372 5.945509 15.389421  -0.291879 -0.956455 0.000000  0.971106 0.699728 0
0  -50.903183 7.207622 8.500000  -0.291879 -0.956455 0.000000  0.999580 0.684276 0
0  -46.767372 5.945509 8.500000  -0.291879 -0.956455 0.000000  0.999580 0.699728 0
tire_wall_straight
0  -50.903183 7.207622 15.389421  0.326056 -0.945350 0.000000  0.971106 0.684276 0
0  -54.990974 5.797723 8.500000  0.326056 -0.945350 0.000000  0.999580 0.667188 0
0  -50.903183 7.207622 8.500000  0.326056 -0.945351 0.000000  0.999580 0.684276 0
tire_wall_straight
0  -54.990974 5.797723 15.389421  0.819447 -0.573155 0.000000  0.762270 0.840967 0
0  -57.469353 2.254347 8.500000  0.819447 -0.573155 0.000000  0.790744 0.828622 0
0  -54.990974 5.797723 8.500000  0.819447 -0.573156 0.000000  0.790744 0.840967 0
tire_wall_straight
0  -48.598236 5.951454 16.500000  -0.057031 -0.135316 -0.989160  0.022065 0.641918 0
0  -53.589355 9.590030 16.000000  0.033397 -0.142995 -0.989160  0.024184 0.666560 0
0  -47.290154 9.055148 16.000000  -0.057032 -0.135315 -0.989160  0.008826 0.646085 0
tire_wall_straight
0  -52.823311 6.310216 16.500000  0.033398 -0.142995 -0.989160  0.032366 0.655652 0
0  -58.999912 6.320180 16.000000  0.111069 -0.096055 -0.989160  0.049034 0.674381 0
0  -53.589355 9.590030 16.000000  0.033397 -0.142995 -0.989160  0.024184 0.666560 0
tire_wall_straight
0  -56.452343 4.117024 16.500000  0.111070 -0.096054 -0.989160  0.049034 0.660897 0
0  -61.455173 0.494571 16.000000  0.146317 -0.012426 -0.989160  0.073884 0.666560 0
0  -58.999912 6.320180 16.000000  0.111069 -0.096055 -0.989160  0.049034 0.674381 0
tire_wall_straight
0  -58.099167 0.209604 16.500000  0.146316 -0.012425 -0.989160  0.065701 0.655652 0
0  -60.017315 -5.661613 16.000000  0.125676 0.075950 -0.989160  0.089242 0.646085 0
0  -61.455173 0.494571 16.000000  0.146317 -0.012426 -0.989160  0.073884 0.666560 0
tire_wall_straight
0  -57.134747 -3.919544 16.500000  0.125675 0.075951 -0.989160  0.076003 0.641918 0
0  -55.235550 -9.796918 16.000000  0.057032 0.135315 -0.989160  0.089242 0.620776 0
0  -60.017315 -5.661613 16.000000  0.125676 0.075950 -0.989160  0.089242 0.646085 0
tire_wall_straight
0  -53.927467 -6.693224 16.500000  0.057031 0.135316 -0.989160  0.076003 0.624943 0
0  -48.936348 -10.331800 16.000000  -0.033397 0.142995 -0.989160  0.073884 0.600301 0
0  -55.235550 -9.796918 16.000000  0.057032 0.135315 -0.989160  0.089242 0.620776 0
tire_wall_straight
0  -49.702393 -7.051986 16.500000  -0.033398 0.142995 -0.989160  0.065701 0.611210 0
0  -43.525791 -7.061950 16.000000  -0.111069 0.096055 -0.989160  0.049034 0.592481 0
0  -48.936348 -10.331800 16.000000  -0.033397 0.142995 -0.989160  0.073884 0.600301 0
tire_wall_straight
0  -46.073360 -4.858794 16.500000  -0.111070 0.096054 -0.989160  0.049034 0.605964 0
0  -41.070530 -1.236341 16.000000  -0.146316 0.012426 -0.989160  0.024184 0.600301 0
0  -43.525791 -7.061950 16.000000  -0.111069 0.096055 -0.989160  0.049034 0.592481 0
tire_wall_straight
0  -44.426537 -0.951374 16.500000  -0.146316 0.012425 -0.989160  0.032366 0.611210 0
0  -42.508389 4.919843 16.000000  -0.125676 -0.075950 -0.989160  0.008826 0.620776 0
0  -41.070530 -1.236341 16.000000  -0.146316 0.012426 -0.989160  0.024184 0.600301 0
tire_wall_straight
0  -45.390957 3.177774 16.500000  -0.125675 -0.075951 -0.989160  0.022065 0.624943 0
0  -47.290154 9.055148 16.000000  -0.057032 -0.135315 -0.989160  0.008826 0.646085 0
0  -42.508389 4.919843 16.000000  -0.125676 -0.075950 -0.989160  0.008826 0.620776 0
tire_wall_straight
0  -47.290154 9.055148 16.000000  0.234306 0.555935 -0.797519  0.008826 0.646085 0
0  -54.100052 11.776572 17.698553  -0.137214 0.587482 -0.797520  0.018729 0.673832 0
0  -46.418098 11.124277 17.698553  0.234304 0.555936 -0.797519  0.000000 0.648863 0
tire_wall_straight
0  -53.589355 9.590030 16.000000  -0.137213 0.587482 -0.797520  0.024184 0.666560 0
0  -60.698288 7.788951 17.698553  -0.456322 0.394631 -0.797519  0.049034 0.683370 0
0  -54.100052 11.776572 17.698553  -0.137214 0.587482 -0.797520  0.018729 0.673832 0
tire_wall_straight
0  -58.999912 6.320180 16.000000  -0.456321 0.394631 -0.797519  0.049034 0.674381 0
0  -63.692513 0.684550 17.698553  -0.601130 0.051043 -0.797520  0.079338 0.673832 0
0  -60.698288 7.788951 17.698553  -0.456322 0.394631 -0.797519  0.049034 0.683370 0
tire_wall_straight
0  -61.455173 0.494571 16.000000  -0.601130 0.051044 -0.797519  0.073884 0.666560 0
0  -61.939026 -6.822992 17.698553  -0.516327 -0.312041 -0.797519  0.098068 0.648863 0
0  -63.692513 0.684550 17.698553  -0.601130 0.051043 -0.797520  0.079338 0.673832 0
tire_wall_straight
0  -60.017315 -5.661613 16.000000  -0.516328 -0.312040 -0.797519  0.089242 0.646085 0
0  -56.107605 -11.866047 17.698553  -0.234304 -0.555936 -0.797519  0.098068 0.617999 0
0  -61.939026 -6.822992 17.698553  -0.516327 -0.312041 -0.797519  0.098068 0.648863 0
tire_wall_straight
0  -55.235550 -9.796918 16.000000  -0.234306 -0.555935 -0.797519  0.089242 0.620776 0
0  -48.425652 -12.518342 17.698553  0.137214 -0.587482 -0.797520  0.079338 0.593029 0
0  -56.107605 -11.866047 17.698553  -0.234304 -0.555936 -0.797519  0.098068 0.617999 0
tire_wall_straight
0  -48.936348 -10.331800 16.000000  0.137213 -0.587482 -0.797519  0.073884 0.600301 0
0  -41.827415 -8.530721 17.698553  0.456322 -0.394631 -0.797519  0.049034 0.583492 0
0  -48.425652 -12.518342 17.698553  0.137214 -0.587482 -0.797520  0.079338 0.593029 0
tire_wall_straight
0  -43.525791 -7.061950 16.000000  0.456321 -0.394631 -0.797519  0.049034 0.592481 0
0  -38.833191 -1.426320 17.698553  0.601130 -0.051043 -0.797520  0.018729 0.593029 0
0  -41.827415 -8.530721 17.698553  0.456322 -0.394631 -0.797519  0.049034 0.583492 0
tire_wall_straight
0  -41.070530 -1.236341 16.000000  0.601130 -0.051044 -0.797520  0.024184 0.600301 0
0  -40.586678 6.081222 17.698553  0.516327 0.312041 -0.797519  0.000000 0.617999 0
0  -38.833191 -1.426320 17.698553  0.601130 -0.051043 -0.797520  0.018729 0.593029 0
tire_wall_straight
0  -42.508389 4.919843 16.000000  0.516328 0.312039 -0.797519  0.008826 0.620776 0
0  -46.418098 11.124277 17.698553  0.234304 0.555936 -0.797519  0.000000 0.648863 0
0  -40.586678 6.081222 17.698553  0.516327 0.312041 -0.797519  0.000000 0.617999 0
tire_wall_straight
0  -46.418098 11.124277 17.698553  0.084608 0.996414 0.000000  0.944657 0.733387 0
0  -54.100052 11.776572 22.022142  0.084608 0.996414 0.000000  0.926788 0.763244 0
0  -46.418098 11.124277 22.022142  0.084608 0.996414 0.000000  0.926788 0.733387 0
tire_wall_straight
0  -54.100052 11.776572 17.698553  -0.517228 0.855848 0.000000  0.944657 0.763244 0
0  -60.698288 7.788951 22.022142  -0.517228 0.855847 0.000000  0.926788 0.791996 0
0  -54.100052 11.776572 22.022142  -0.517228 0.855848 0.000000  0.926788 0.763244 0
tire_wall_straight
0  -60.698288 7.788951 17.698553  -0.921501 0.388376 0.000000  0.185390 0.796145 0
0  -63.692513 0.684550 22.022142  -0.921501 0.388376 0.000000  0.167520 0.822208 0
0  -60.698288 7.788951 22.022142  -0.921501 0.388376 0.000000  0.167520 0.796145 0
tire_wall_straight
0  -63.692513 0.684550 17.698553  -0.973792 -0.227442 0.000000  0.185390 0.822208 0
0  -61.939026 -6.822992 22.022142  -0.973792 -0.227442 0.000000  0.167520 0.853011 0
0  -63.692513 0.684550 22.022142  -0.973792 -0.227442 0.000000  0.167520 0.822208 0
tire_wall_straight
0  -61.939026 -6.822992 17.698553  -0.654127 -0.756385 0.000000  0.185390 0.853011 0
0  -56.107605 -11.866047 22.022142  -0.654127 -0.756385 0.000000  0.167520 0.876788 0
0  -61.939026 -6.822992 22.022142  -0.654127 -0.756385 0.000000  0.167520 0.853011 0
tire_wall_straight
0  -56.107605 -11.866047 17.698553  -0.084608 -0.996414 0.000000  0.944657 0.806935 0
0  -48.425652 -12.518342 22.022142  -0.084608 -0.996414 0.000000  0.926788 0.836792 0
0  -56.107605 -11.866047 22.022142  -0.084608 -0.996414 0.000000  0.926788 0.806935 0
tire_wall_straight
0  -48.425652 -12.518342 17.698553  0.517228 -0.855847 0.000000  0.944657 0.836792 0
0  -41.827415 -8.530721 22.022142  0.517229 -0.855847 0.000000  0.926788 0.865544 0
0  -48.425652 -12.518342 22.022142  0.517228 -0.855848 0.000000  0.926788 0.836792 0
tire_wall_straight
0  -41.827415 -8.530721 17.698553  0.921501 -0.388376 0.000000  0.218683 0.796145 0
0  -38.833191 -1.426320 22.022142  0.921501 -0.388376 0.000000  0.200814 0.822208 0
0  -41.827415 -8.530721 22.022142  0.921501 -0.388377 0.000000  0.200814 0.796145 0
tire_wall_straight
0  -38.833191 -1.426320 17.698553  0.973792 0.227442 0.000000  0.218683 0.822208 0
0  -40.586678 6.081222 22.022142  0.973792 0.227442 0.000000  0.200814 0.853011 0
0  -38.833191 -1.426320 22.022142  0.973792 0.227442 0.000000  0.200814 0.822208 0
tire_wall_straight
0  -40.586678 6.081222 17.698553  0.654127 0.756385 0.000000  0.218683 0.853011 0
0  -46.418098 11.124277 22.022142  0.654127 0.756385 0.000000  0.200814 0.876788 0
0  -40.586678 6.081222 22.022142  0.654127 0.756385 0.000000  0.200814 0.853011 0
tire_wall_straight
0  -46.418098 11.124277 22.022142  0.234305 0.555935 0.797519  0.211559 0.648863 0
0  -53.589355 9.590030 23.720695  -0.137215 0.587482 0.797519  0.187375 0.666560 0
0  -47.290154 9.055148 23.720695  0.234304 0.555936 0.797519  0.202733 0.646085 0
tire_wall_straight
0  -54.100052 11.776572 22.022142  -0.137214 0.587482 0.797520  0.192830 0.673832 0
0  -58.999912 6.320180 23.720695  -0.456323 0.394630 0.797519  0.162525 0.674381 0
0  -53.589355 9.590030 23.720695  -0.137215 0.587482 0.797519  0.187375 0.666560 0
tire_wall_straight
0  -60.698288 7.788951 22.022142  -0.456321 0.394631 0.797519  0.162525 0.683370 0
0  -61.455173 0.494571 23.720695  -0.601130 0.051043 0.797519  0.137676 0.666560 0
0  -58.999912 6.320180 23.720695  -0.456323 0.394630 0.797519  0.162525 0.674381 0
tire_wall_straight
0  -63.692513 0.684550 22.022142  -0.601130 0.051044 0.797520  0.132221 0.673832 0
0  -60.017315 -5.661613 23.720695  -0.516327 -0.312041 0.797519  0.122318 0.646085 0
0  -61.455173 0.494571 23.720695  -0.601130 0.051043 0.797519  0.137676 0.666560 0
tire_wall_straight
0  -61.939026 -6.822992 22.022142  -0.516327 -0.312040 0.797520  0.113492 0.648863 0
0  -55.235550 -9.796918 23.720695  -0.234304 -0.555936 0.797519  0.122318 0.620776 0
0  -60.017315 -5.661613 23.720695  -0.516327 -0.312041 0.797519  0.122318 0.646085 0
tire_wall_straight
0  -56.107605 -11.866047 22.022142  -0.234305 -0.555935 0.797519  0.113492 0.617999 0
0  -48.936348 -10.331800 23.720695  0.137215 -0.587482 0.797520  0.137676 0.600301 0
0  -55.235550 -9.796918 23.720695  -0.234304 -0.555936 0.797519  0.122318 0.620776 0
tire_wall_straight
0  -48.425652 -12.518342 22.022142  0.137214 -0.587482 0.797519  0.132221 0.593029 0
0  -43.525791 -7.061950 23.720695  0.456323 -0.394630 0.797519  0.162525 0.592481 0
0  -48.936348 -10.331800 23.720695  0.137215 -0.587482 0.797520  0.137676 0.600301 0
tire_wall_straight
0  -41.827415 -8.530721 22.022142  0.456322 -0.394631 0.797519  0.162525 0.583492 0
0  -41.070530 -1.236341 23.720695  0.601131 -0.051043 0.797519  0.187375 0.600301 0
0  -43.525791 -7.061950 23.720695  0.456323 -0.394630 0.797519  0.162525 0.592481 0
tire_wall_straight
0  -38.833191 -1.426320 22.022142  0.601130 -0.051044 0.797519  0.192830 0.593029 0
0  -42.508389 4.919843 23.720695  0.516327 0.312041 0.797519  0.202733 0.620776 0
0  -41.070530 -1.236341 23.720695  0.601131 -0.051043 0.797519  0.187375 0.600301 0
tire_wall_straight
0  -40.586678 6.081222 22.022142  0.516327 0.312040 0.797519  0.211559 0.617999 0
0  -47.290154 9.055148 23.720695  0.234304 0.555936 0.797519  0.202733 0.646085 0
0  -42.508389 4.919843 23.720695  0.516327 0.312041 0.797519  0.202733 0.620776 0
tire_wall_straight
0  -47.290154 9.055148 23.720695  -0.057029 -0.135317 0.989160  0.202733 0.646085 0
0  -52.823311 6.310216 23.220695  0.033399 -0.142994 0.989160  0.179193 0.655652 0
0  -48.598236 5.951454 23.220695  -0.057030 -0.135316 0.989160  0.189494 0.641918 0
tire_wall_straight
0  -53.589355 9.590030 23.720695  0.033400 -0.142994 0.989160  0.187375 0.666560 0
0  -56.452343 4.117024 23.220695  0.111070 -0.096054 0.989160  0.162525 0.660897 0
0  -52.823311 6.310216 23.220695  0.033399 -0.142994 0.989160  0.179193 0.655652 0
tire_wall_straight
0  -58.999912 6.320180 23.720695  0.111070 -0.096053 0.989160  0.162525 0.674381 0
0  -58.099167 0.209604 23.220695  0.146316 -0.012424 0.989160  0.145858 0.655652 0
0  -56.452343 4.117024 23.220695  0.111070 -0.096054 0.989160  0.162525 0.660897 0
tire_wall_straight
0  -61.455173 0.494571 23.720695  0.146316 -0.012422 0.989160  0.137676 0.666560 0
0  -57.134747 -3.919544 23.220695  0.125676 0.075952 0.989160  0.135557 0.641918 0
0  -58.099167 0.209604 23.220695  0.146316 -0.012424 0.989160  0.145858 0.655652 0
tire_wall_straight
0  -60.017315 -5.661613 23.720695  0.125675 0.075953 0.989160  0.122318 0.646085 0
0  -53.927467 -6.693224 23.220695  0.057030 0.135316 0.989160  0.135557 0.624943 0
0  -57.134747 -3.919544 23.220695  0.125676 0.075952 0.989160  0.135557 0.641918 0
tire_wall_straight
0  -55.235550 -9.796918 23.720695  0.057029 0.135317 0.989160  0.122318 0.620776 0
0  -49.702393 -7.051986 23.220695  -0.033399 0.142994 0.989160  0.145858 0.611210 0
0  -53.927467 -6.693224 23.220695  0.057030 0.135316 0.989160  0.135557 0.624943 0
tire_wall_straight
0  -48.936348 -10.331800 23.720695  -0.033400 0.142994 0.989160  0.137676 0.600301 0
0  -46.073360 -4.858794 23.220695  -0.111070 0.096054 0.989160  0.162525 0.605964 0
0  -49.702393 -7.051986 23.220695  -0.033399 0.142994 0.989160  0.145858 0.611210 0
tire_wall_straight
0  -43.525791 -7.061950 23.720695  -0.111070 0.096053 0.989160  0.162525 0.592481 0
0  -44.426537 -0.951374 23.220695  -0.146317 0.012424 0.989160  0.179193 0.611210 0
0  -46.073360 -4.858794 23.220695  -0.111070 0.096054 0.989160  0.162525 0.605964 0
tire_wall_straight
0  -41.070530 -1.236341 23.720695  -0.146317 0.012422 0.989160  0.187375 0.600301 0
0  -45.390957 3.177774 23.220695  -0.125675 -0.075952 0.989160  0.189494 0.624943 0
0  -44.426537 -0.951374 23.220695  -0.146317 0.012424 0.989160  0.179193 0.611210 0
tire_wall_straight
0  -42.508389 4.919843 23.720695  -0.125675 -0.075953 0.989160  0.202733 0.620776 0
0  -48.598236 5.951454 23.220695  -0.057030 -0.135316 0.989160  0.189494 0.641918 0
0  -45.390957 3.177774 23.220695  -0.125675 -0.075952 0.989160  0.189494 0.624943 0
tire_wall_straight
0  -48.598236 5.951454 23.220695  -0.084608 -0.996414 0.000000  0.741720 0.999398 0
0  -52.823311 6.310216 16.500000  -0.084608 -0.996414 0.000000  0.769497 0.982977 0
0  -48.598236 5.951454 16.500000  -0.084608 -0.996414 0.000000  0.769497 0.999398 0
tire_wall_straight
0  -52.823311 6.310216 23.220695  0.517228 -0.855848 0.000000  0.741720 0.982977 0
0  -56.452343 4.117024 16.500000  0.517228 -0.855847 0.000000  0.769497 0.967164 0
0  -52.823311 6.310216 16.500000  0.517229 -0.855847 0.000000  0.769497 0.982977 0
tire_wall_straight
0  -56.452343 4.117024 23.220695  0.921501 -0.388375 0.000000  0.882981 0.696710 0
0  -58.099167 0.209604 16.500000  0.921501 -0.388376 0.000000  0.910758 0.682376 0
0  -56.452343 4.117024 16.500000  0.921501 -0.388377 0.000000  0.910758 0.696710 0
tire_wall_straight
0  -58.099167 0.209604 23.220695  0.973791 0.227443 0.000000  0.882981 0.682376 0
0  -57.134747 -3.919544 16.500000  0.973792 0.227442 0.000000  0.910758 0.665435 0
0  -58.099167 0.209604 16.500000  0.973792 0.227440 0.000000  0.910758 0.682376 0
tire_wall_straight
0  -57.134747 -3.919544 23.220695  0.654127 0.756384 0.000000  0.882981 0.665435 0
0  -53.927467 -6.693224 16.500000  0.654127 0.756385 0.000000  0.910758 0.652357 0
0  -57.134747 -3.919544 16.500000  0.654127 0.756385 0.000000  0.910758 0.665435 0
tire_wall_straight
0  -53.927467 -6.693224 23.220695  0.084608 0.996414 0.000000  0.784921 0.999398 0
0  -49.702393 -7.051986 16.500000  0.084608 0.996414 0.000000  0.812698 0.982977 0
0  -53.927467 -6.693224 16.500000  0.084608 0.996414 0.000000  0.812698 0.999398 0
tire_wall_straight
0  -49.702393 -7.051986 23.220695  -0.517228 0.855848 0.000000  0.784921 0.982977 0
0  -46.073360 -4.858794 16.500000  -0.517228 0.855847 0.000000  0.812698 0.967164 0
0  -49.702393 -7.051986 16.500000  -0.517229 0.855847 0.000000  0.812698 0.982977 0
tire_wall_straight
0  -46.073360 -4.858794 23.220695  -0.921501 0.388377 0.000000  0.882981 0.756004 0
0  -44.426537 -0.951374 16.500000  -0.921501 0.388377 0.000000  0.910758 0.741669 0
0  -46.073360 -4.858794 16.500000  -0.921501 0.388377 0.000000  0.910758 0.756004 0
tire_wall_straight
0  -44.426537 -0.951374 23.220695  -0.973791 -0.227444 0.000000  0.882981 0.741669 0
0  -45.390957 3.177774 16.500000  -0.973791 -0.227443 0.000000  0.910758 0.724728 0
0  -44.426537 -0.951374 16.500000  -0.973791 -0.227442 0.000000  0.910758 0.741669 0
tire_wall_straight
0  -45.390957 3.177774 23.220695  -0.654128 -0.756384 0.000000  0.882981 0.724728 0
0  -48.598236 5.951454 16.500000  -0.654127 -0.756385 0.000000  0.910758 0.711650 0
0  -45.390957 3.177774 16.500000  -0.654127 -0.756385 0.000000  0.910758 0.724728 0
tire_wall_straight
0  -19.787415 3.161965 0.500000  -0.128477 -0.068114 -0.989371  0.279118 0.429782 0
0  -21.369707 9.196524 0.000000  -0.063904 -0.130622 -0.989371  0.304217 0.435502 0
0  -16.781839 4.755448 0.000000  -0.128477 -0.068113 -0.989371  0.279118 0.443401 0
tire_wall_straight
0  -22.864643 6.140736 0.500000  -0.063903 -0.130622 -0.989371  0.295953 0.424484 0
0  -27.691769 10.092748 0.000000  0.025078 -0.143237 -0.989371  0.319729 0.414821 0
0  -21.369707 9.196524 0.000000  -0.063904 -0.130622 -0.989371  0.304217 0.435502 0
tire_wall_straight
0  -27.105051 6.741862 0.500000  0.025079 -0.143237 -0.989371  0.306357 0.410613 0
0  -33.333210 7.101794 0.000000  0.104481 -0.101141 -0.989371  0.319729 0.389259 0
0  -27.691769 10.092748 0.000000  0.025078 -0.143237 -0.989371  0.319729 0.414821 0
tire_wall_straight
0  -30.888947 4.735734 0.500000  0.104482 -0.101140 -0.989371  0.306357 0.393467 0
0  -36.139198 1.366105 0.000000  0.143976 -0.020412 -0.989371  0.304217 0.368578 0
0  -33.333210 7.101794 0.000000  0.104481 -0.101141 -0.989371  0.319729 0.389259 0
tire_wall_straight
0  -32.771008 0.888626 0.500000  0.143976 -0.020411 -0.989371  0.295953 0.379596 0
0  -35.037933 -4.923481 0.000000  0.128477 0.068113 -0.989371  0.279118 0.360679 0
0  -36.139198 1.366105 0.000000  0.143976 -0.020412 -0.989371  0.304217 0.368578 0
tire_wall_straight
0  -32.032356 -3.329999 0.500000  0.128477 0.068115 -0.989371  0.279118 0.374298 0
0  -30.450064 -9.364557 0.000000  0.063904 0.130622 -0.989371  0.254019 0.368578 0
0  -35.037933 -4.923481 0.000000  0.128477 0.068113 -0.989371  0.279118 0.360679 0
tire_wall_straight
0  -28.955128 -6.308769 0.500000  0.063903 0.130622 -0.989371  0.262283 0.379596 0
0  -24.128002 -10.260781 0.000000  -0.025078 0.143237 -0.989371  0.238507 0.389259 0
0  -30.450064 -9.364557 0.000000  0.063904 0.130622 -0.989371  0.254019 0.368578 0
tire_wall_straight
0  -24.714720 -6.909895 0.500000  -0.025079 0.143237 -0.989371  0.251879 0.393467 0
0  -18.486561 -7.269828 0.000000  -0.104481 0.101141 -0.989371  0.238507 0.414821 0
0  -24.128002 -10.260781 0.000000  -0.025078 0.143237 -0.989371  0.238507 0.389259 0
tire_wall_straight
0  -20.930824 -4.903768 0.500000  -0.104482 0.101140 -0.989371  0.251879 0.410613 0
0  -15.680574 -1.534139 0.000000  -0.143976 0.020412 -0.989371  0.254019 0.435502 0
0  -18.486561 -7.269828 0.000000  -0.104481 0.101141 -0.989371  0.238507 0.414821 0
tire_wall_straight
0  -19.048763 -1.056660 0.500000  -0.143976 0.020411 -0.989371  0.262283 0.424484 0
0  -16.781839 4.755448 0.000000  -0.128477 -0.068113 -0.989371  0.279118 0.443401 0
0  -15.680574 -1.534139 0.000000  -0.143976 0.020412 -0.989371  0.254019 0.435502 0
tire_wall_straight
0  -16.781839 4.755448 0.000000  0.536048 0.284198 -0.794912  0.279118 0.443401 0
0  -20.373081 11.233715 1.731008  0.266623 0.545003 -0.794912  0.309726 0.442847 0
0  -14.778122 5.817770 1.731008  0.536047 0.284199 -0.794912  0.279118 0.452480 0
tire_wall_straight
0  -21.369707 9.196524 0.000000  0.266624 0.545002 -0.794912  0.304217 0.435502 0
0  -28.082912 12.326673 1.731008  -0.104642 0.597633 -0.794912  0.328644 0.417627 0
0  -20.373081 11.233715 1.731008  0.266623 0.545003 -0.794912  0.309726 0.442847 0
tire_wall_straight
0  -27.691769 10.092748 0.000000  -0.104641 0.597634 -0.794912  0.319729 0.414821 0
0  -34.962723 8.679168 1.731008  -0.435937 0.421988 -0.794912  0.328644 0.386453 0
0  -28.082912 12.326673 1.731008  -0.104642 0.597633 -0.794912  0.328644 0.417627 0
tire_wall_straight
0  -33.333210 7.101794 0.000000  -0.435936 0.421989 -0.794912  0.319729 0.389259 0
0  -38.384655 1.684424 1.731008  -0.600719 0.085159 -0.794911  0.309726 0.361233 0
0  -34.962723 8.679168 1.731008  -0.435937 0.421988 -0.794912  0.328644 0.386453 0
tire_wall_straight
0  -36.139198 1.366105 0.000000  -0.600719 0.085160 -0.794911  0.304217 0.368578 0
0  -37.041649 -5.985803 1.731008  -0.536047 -0.284199 -0.794911  0.279118 0.351600 0
0  -38.384655 1.684424 1.731008  -0.600719 0.085159 -0.794911  0.309726 0.361233 0
tire_wall_straight
0  -35.037933 -4.923481 0.000000  -0.536048 -0.284198 -0.794911  0.279118 0.360679 0
0  -31.446690 -11.401749 1.731008  -0.266623 -0.545003 -0.794911  0.248509 0.361233 0
0  -37.041649 -5.985803 1.731008  -0.536047 -0.284199 -0.794911  0.279118 0.351600 0
tire_wall_straight
0  -30.450064 -9.364557 0.000000  -0.266624 -0.545002 -0.794911  0.254019 0.368578 0
0  -23.736858 -12.494706 1.731008  0.104642 -0.597633 -0.794912  0.229592 0.386453 0
0  -31.446690 -11.401749 1.731008  -0.266623 -0.545003 -0.794911  0.248509 0.361233 0
tire_wall_straight
0  -24.128002 -10.260781 0.000000  0.104641 -0.597633 -0.794912  0.238507 0.389259 0
0  -16.857048 -8.847201 1.731008  0.435937 -0.421988 -0.794912  0.229592 0.417627 0
0  -23.736858 -12.494706 1.731008  0.104642 -0.597633 -0.794912  0.229592 0.386453 0
tire_wall_straight
0  -18.486561 -7.269828 0.000000  0.435936 -0.421990 -0.794912  0.238507 0.414821 0
0  -13.435117 -1.852458 1.731008  0.600719 -0.085159 -0.794912  0.248509 0.442847 0
0  -16.857048 -8.847201 1.731008  0.435937 -0.421988 -0.794912  0.229592 0.417627 0
tire_wall_straight
0  -15.680574 -1.534139 0.000000  0.600719 -0.085160 -0.794911  0.254019 0.435502 0
0  -14.778122 5.817770 1.731008  0.536047 0.284199 -0.794912  0.279118 0.452480 0
0  -13.435117 -1.852458 1.731008  0.600719 -0.085159 -0.794912  0.248509 0.442847 0
tire_wall_straight
0  -14.778122 5.817770 1.731008  0.695519 0.718508 0.000000  0.422723 0.754828 0
0  -20.373081 11.233715 6.137208  0.695519 0.718508 0.000000  0.404512 0.779921 0
0  -14.778122 5.817770 6.137208  0.695519 0.718508 0.000000  0.404512 0.754828 0
tire_wall_straight
0  -20.373081 11.233715 1.731008  0.140358 0.990101 0.000000  0.422909 0.891999 0
0  -28.082912 12.326673 6.137208  0.140358 0.990101 0.000000  0.404698 0.921665 0
0  -20.373081 11.233715 6.137208  0.140358 0.990101 0.000000  0.404698 0.891999 0
tire_wall_straight
0  -28.082912 12.326673 1.731008  -0.468414 0.883509 0.000000  0.422909 0.921665 0
0  -34.962723 8.679168 6.137208  -0.468415 0.883509 0.000000  0.404698 0.951295 0
0  -28.082912 12.326673 6.137208  -0.468414 0.883509 0.000000  0.404698 0.921665 0
tire_wall_straight
0  -34.962723 8.679168 1.731008  -0.898269 0.439447 0.000000  0.456358 0.698309 0
0  -38.384655 1.684424 6.137208  -0.898269 0.439447 0.000000  0.438147 0.723655 0
0  -34.962723 8.679168 6.137208  -0.898269 0.439447 0.000000  0.438147 0.698309 0
tire_wall_straight
0  -38.384655 1.684424 1.731008  -0.985015 -0.172470 0.000000  0.456358 0.723655 0
0  -37.041649 -5.985803 6.137208  -0.985015 -0.172469 0.000000  0.438147 0.754828 0
0  -38.384655 1.684424 6.137208  -0.985015 -0.172470 0.000000  0.438147 0.723655 0
tire_wall_straight
0  -37.041649 -5.985803 1.731008  -0.695519 -0.718508 0.000000  0.456358 0.754828 0
0  -31.446690 -11.401749 6.137208  -0.695518 -0.718508 0.000000  0.438147 0.779921 0
0  -37.041649 -5.985803 6.137208  -0.695519 -0.718508 0.000000  0.438147 0.754828 0
tire_wall_straight
0  -31.446690 -11.401749 1.731008  -0.140358 -0.990101 0.000000  0.389275 0.891999 0
0  -23.736858 -12.494706 6.137208  -0.140358 -0.990101 0.000000  0.371064 0.921665 0
0  -31.446690 -11.401749 6.137208  -0.140358 -0.990101 0.000000  0.371064 0.891999 0
tire_wall_straight
0  -23.736858 -12.494706 1.731008  0.468415 -0.883509 0.000000  0.389275 0.921665 0
0  -16.857048 -8.847201 6.137208  0.468415 -0.883509 0.000000  0.371064 0.951295 0
0  -23.736858 -12.494706 6.137208  0.468415 -0.883509 0.000000  0.371064 0.921665 0
tire_wall_straight
0  -16.857048 -8.847201 1.731008  0.898269 -0.439446 0.000000  0.422723 0.698309 0
0  -13.435117 -1.852458 6.137208  0.898269 -0.439446 0.000000  0.404512 0.723655 0
0  -16.857048 -8.847201 6.137208  0.898269 -0.439447 0.000000  0.404512 0.698309 0
tire_wall_straight
0  -13.435117 -1.852458 1.731008  0.985015 0.172469 0.000000  0.422723 0.723655 0
0  -14.778122 5.817770 6.137208  0.985015 0.172469 0.000000  0.404512 0.754828 0
0  -13.435117 -1.852458 6.137208  0.985015 0.172469 0.000000  0.404512 0.723655 0
tire_wall_straight
0  -14.778122 5.817770 6.137208  0.536047 0.284199 0.794912  0.393593 0.452480 0
0  -21.369707 9.196524 7.868216  0.266622 0.545003 0.794911  0.368494 0.435502 0
0  -16.781839 4.755448 7.868216  0.536047 0.284200 0.794912  0.393593 0.443401 0
tire_wall_straight
0  -20.373081 11.233715 6.137208  0.266623 0.545003 0.794911  0.362984 0.442847 0
0  -27.691769 10.092748 7.868216  -0.104643 0.597633 0.794912  0.352982 0.414821 0
0  -21.369707 9.196524 7.868216  0.266622 0.545003 0.794911  0.368494 0.435502 0
tire_wall_straight
0  -28.082912 12.326673 6.137208  -0.104641 0.597633 0.794912  0.344067 0.417627 0
0  -33.333210 7.101794 7.868216  -0.435937 0.421988 0.794912  0.352982 0.389259 0
0  -27.691769 10.092748 7.868216  -0.104643 0.597633 0.794912  0.352982 0.414821 0
tire_wall_straight
0  -34.962723 8.679168 6.137208  -0.435937 0.421989 0.794912  0.344067 0.386453 0
0  -36.139198 1.366105 7.868216  -0.600720 0.085158 0.794911  0.368494 0.368578 0
0  -33.333210 7.101794 7.868216  -0.435937 0.421988 0.794912  0.352982 0.389259 0
tire_wall_straight
0  -38.384655 1.684424 6.137208  -0.600720 0.085159 0.794911  0.362984 0.361233 0
0  -35.037933 -4.923481 7.868216  -0.536047 -0.284200 0.794911  0.393593 0.360679 0
0  -36.139198 1.366105 7.868216  -0.600720 0.085158 0.794911  0.368494 0.368578 0
tire_wall_straight
0  -37.041649 -5.985803 6.137208  -0.536047 -0.284199 0.794911  0.393593 0.351600 0
0  -30.450064 -9.364557 7.868216  -0.266622 -0.545003 0.794911  0.418692 0.368578 0
0  -35.037933 -4.923481 7.868216  -0.536047 -0.284200 0.794911  0.393593 0.360679 0
tire_wall_straight
0  -31.446690 -11.401749 6.137208  -0.266624 -0.545002 0.794911  0.424201 0.361233 0
0  -24.128002 -10.260781 7.868216  0.104643 -0.597633 0.794911  0.434204 0.389259 0
0  -30.450064 -9.364557 7.868216  -0.266622 -0.545003 0.794911  0.418692 0.368578 0
tire_wall_straight
0  -23.736858 -12.494706 6.137208  0.104641 -0.597633 0.794912  0.443119 0.386453 0
0  -18.486561 -7.269828 7.868216  0.435937 -0.421988 0.794912  0.434204 0.414821 0
0  -24.128002 -10.260781 7.868216  0.104643 -0.597633 0.794911  0.434204 0.389259 0
tire_wall_straight
0  -16.857048 -8.847201 6.137208  0.435936 -0.421989 0.794912  0.443119 0.417627 0
0  -15.680574 -1.534139 7.868216  0.600720 -0.085158 0.794911  0.418692 0.435502 0
0  -18.486561 -7.269828 7.868216  0.435937 -0.421988 0.794912  0.434204 0.414821 0
tire_wall_straight
0  -13.435117 -1.852458 6.137208  0.600719 -0.085159 0.794911  0.424201 0.442847 0
0  -16.781839 4.755448 7.868216  0.536047 0.284200 0.794912  0.393593 0.443401 0
0  -15.680574 -1.534139 7.868216  0.600720 -0.085158 0.794911  0.418692 0.435502 0
tire_wall_straight
0  -16.781839 4.755448 7.868216  -0.128476 -0.068116 0.989371  0.393593 0.443401 0
0  -22.864643 6.140736 7.368216  -0.063902 -0.130623 0.989371  0.376758 0.424484 0
0  -19.787415 3.161965 7.368216  -0.128476 -0.068116 0.989371  0.393593 0.429782 0
tire_wall_straight
0  -21.369707 9.196524 7.868216  -0.063901 -0.130623 0.989371  0.368494 0.435502 0
0  -27.105051 6.741862 7.368216  0.025080 -0.143237 0.989371  0.366354 0.410613 0
0  -22.864643 6.140736 7.368216  -0.063902 -0.130623 0.989371  0.376758 0.424484 0
tire_wall_straight
0  -27.691769 10.092748 7.868216  0.025081 -0.143237 0.989371  0.352982 0.414821 0
0  -30.888947 4.735734 7.368216  0.104483 -0.101139 0.989371  0.366354 0.393467 0
0  -27.105051 6.741862 7.368216  0.025080 -0.143237 0.989371  0.366354 0.410613 0
tire_wall_straight
0  -33.333210 7.101794 7.868216  0.104484 -0.101138 0.989371  0.352982 0.389259 0
0  -32.771008 0.888626 7.368216  0.143977 -0.020410 0.989371  0.376758 0.379596 0
0  -30.888947 4.735734 7.368216  0.104483 -0.101139 0.989371  0.366354 0.393467 0
tire_wall_straight
0  -36.139198 1.366105 7.868216  0.143977 -0.020409 0.989371  0.368494 0.368578 0
0  -32.032356 -3.329999 7.368216  0.128476 0.068115 0.989371  0.393593 0.374298 0
0  -32.771008 0.888626 7.368216  0.143977 -0.020410 0.989371  0.376758 0.379596 0
tire_wall_straight
0  -35.037933 -4.923481 7.868216  0.128475 0.068116 0.989371  0.393593 0.360679 0
0  -28.955128 -6.308769 7.368216  0.063902 0.130623 0.989371  0.410428 0.379596 0
0  -32.032356 -3.329999 7.368216  0.128476 0.068115 0.989371  0.393593 0.374298 0
tire_wall_straight
0  -30.450064 -9.364557 7.868216  0.063901 0.130623 0.989371  0.418692 0.368578 0
0  -24.714720 -6.909895 7.368216  -0.025080 0.143237 0.989371  0.420832 0.393467 0
0  -28.955128 -6.308769 7.368216  0.063902 0.130623 0.989371  0.410428 0.379596 0
tire_wall_straight
0  -24.128002 -10.260781 7.868216  -0.025081 0.143237 0.989371  0.434204 0.389259 0
0  -20.930824 -4.903768 7.368216  -0.104483 0.101139 0.989371  0.420832 0.410613 0
0  -24.714720 -6.909895 7.368216  -0.025080 0.143237 0.989371  0.420832 0.393467 0
tire_wall_straight
0  -18.486561 -7.269828 7.868216  -0.104484 0.101138 0.989371  0.434204 0.414821 0
0  -19.048763 -1.056660 7.368216  -0.143977 0.020410 0.989371  0.410428 0.424484 0
0  -20.930824 -4.903768 7.368216  -0.104483 0.101139 0.989371  0.420832 0.410613 0
tire_wall_straight
0  -15.680574 -1.534139 7.868216  -0.143977 0.020409 0.989371  0.418692 0.435502 0
0  -19.787415 3.161965 7.368216  -0.128476 -0.068116 0.989371  0.393593 0.429782 0
0  -19.048763 -1.056660 7.368216  -0.143977 0.020410 0.989371  0.410428 0.424484 0
tire_wall_straight
0  -19.787415 3.161965 7.368216  -0.695519 -0.718508 0.000000  0.838686 0.192315 0
0  -22.864643 6.140736 0.500000  -0.695519 -0.718508 0.000000  0.867072 0.178514 0
0  -19.787415 3.161965 0.500000  -0.695519 -0.718508 0.000000  0.867072 0.192315 0
tire_wall_straight
0  -22.864643 6.140736 7.368216  -0.140358 -0.990101 0.000000  0.971106 0.841382 0
0  -27.105051 6.741862 0.500000  -0.140358 -0.990101 0.000000  0.999493 0.825066 0
0  -22.864643 6.140736 0.500000  -0.140358 -0.990101 0.000000  0.999493 0.841382 0
tire_wall_straight
0  -27.105051 6.741862 7.368216  0.468414 -0.883509 0.000000  0.971106 0.825066 0
0  -30.888947 4.735734 0.500000  0.468415 -0.883509 0.000000  0.999493 0.808770 0
0  -27.105051 6.741862 0.500000  0.468415 -0.883509 0.000000  0.999493 0.825066 0
tire_wall_straight
0  -30.888947 4.735734 7.368216  0.898269 -0.439446 0.000000  0.838686 0.283227 0
0  -32.771008 0.888626 0.500000  0.898269 -0.439446 0.000000  0.867072 0.269286 0
0  -30.888947 4.735734 0.500000  0.898269 -0.439446 0.000000  0.867072 0.283227 0
tire_wall_straight
0  -32.771008 0.888626 7.368216  0.985015 0.172469 0.000000  0.838686 0.269286 0
0  -32.032356 -3.329999 0.500000  0.985015 0.172469 0.000000  0.867072 0.252141 0
0  -32.771008 0.888626 0.500000  0.985015 0.172470 0.000000  0.867072 0.269286 0
tire_wall_straight
0  -32.032356 -3.329999 7.368216  0.695519 0.718508 0.000000  0.838686 0.252141 0
0  -28.955128 -6.308769 0.500000  0.695519 0.718508 0.000000  0.867072 0.238340 0
0  -32.032356 -3.329999 0.500000  0.695519 0.718508 0.000000  0.867072 0.252141 0
tire_wall_straight
0  -28.955128 -6.308769 7.368216  0.140358 0.990101 0.000000  0.971106 0.888935 0
0  -24.714720 -6.909895 0.500000  0.140358 0.990101 0.000000  0.999492 0.872619 0
0  -28.955128 -6.308769 0.500000  0.140358 0.990101 0.000000  0.999492 0.888935 0
tire_wall_straight
0  -24.714720 -6.909895 7.368216  -0.468414 0.883509 0.000000  0.971106 0.872619 0
0  -20.930824 -4.903768 0.500000  -0.468415 0.883509 0.000000  0.999493 0.856322 0
0  -24.714720 -6.909895 0.500000  -0.468415 0.883509 0.000000  0.999492 0.872619 0
tire_wall_straight
0  -20.930824 -4.903768 7.368216  -0.898269 0.439446 0.000000  0.838686 0.223401 0
0  -19.048763 -1.056660 0.500000  -0.898269 0.439446 0.000000  0.867072 0.209460 0
0  -20.930824 -4.903768 0.500000  -0.898269 0.439446 0.000000  0.867072 0.223401 0
tire_wall_straight
0  -19.048763 -1.056660 7.368216  -0.985015 -0.172469 0.000000  0.838686 0.209460 0
0  -19.787415 3.161965 0.500000  -0.985015 -0.172469 0.000000  0.867072 0.192315 0
0  -19.048763 -1.056660 0.500000  -0.985015 -0.172469 0.000000  0.867072 0.209460 0
tire_wall_straight
0  -19.151873 3.566011 8.500000  -0.125469 -0.073680 -0.989358  0.496022 0.259549 0
0  -20.993900 9.522390 8.000000  -0.058200 -0.133357 -0.989358  0.472261 0.269206 0
0  -16.220230 5.287600 8.000000  -0.125470 -0.073680 -0.989358  0.487763 0.248538 0
tire_wall_straight
0  -22.353725 6.406419 8.500000  -0.058199 -0.133358 -0.989358  0.485624 0.273411 0
0  -27.345028 10.142514 8.000000  0.031301 -0.142097 -0.989358  0.472261 0.294752 0
0  -20.993900 9.522390 8.000000  -0.058200 -0.133357 -0.989358  0.472261 0.269206 0
tire_wall_straight
0  -26.613628 6.822356 8.500000  0.031302 -0.142097 -0.989358  0.485624 0.290546 0
0  -32.847698 6.911106 8.000000  0.108846 -0.096561 -0.989358  0.487763 0.315420 0
0  -27.345028 10.142514 8.000000  0.031301 -0.142097 -0.989358  0.472261 0.294752 0
tire_wall_straight
0  -30.304443 4.654948 8.500000  0.108847 -0.096560 -0.989358  0.496022 0.304409 0
0  -35.400078 1.062453 8.000000  0.144815 -0.014141 -0.989358  0.512847 0.323314 0
0  -32.847698 6.911106 8.000000  0.108846 -0.096561 -0.989358  0.487763 0.315420 0
tire_wall_straight
0  -32.016403 0.732071 8.500000  0.144815 -0.014140 -0.989358  0.512847 0.309704 0
0  -34.027245 -5.169458 8.000000  0.125470 0.073680 -0.989358  0.537930 0.315420 0
0  -35.400078 1.062453 8.000000  0.144815 -0.014141 -0.989358  0.512847 0.323314 0
tire_wall_straight
0  -31.095602 -3.447869 8.500000  0.125469 0.073680 -0.989358  0.529671 0.304409 0
0  -29.253574 -9.404249 8.000000  0.058200 0.133357 -0.989358  0.553433 0.294752 0
0  -34.027245 -5.169458 8.000000  0.125470 0.073680 -0.989358  0.537930 0.315420 0
tire_wall_straight
0  -27.893749 -6.288277 8.500000  0.058199 0.133358 -0.989358  0.540069 0.290546 0
0  -22.902447 -10.024373 8.000000  -0.031301 0.142097 -0.989358  0.553433 0.269206 0
0  -29.253574 -9.404249 8.000000  0.058200 0.133357 -0.989358  0.553433 0.294752 0
tire_wall_straight
0  -23.633846 -6.704214 8.500000  -0.031302 0.142097 -0.989358  0.540069 0.273411 0
0  -17.399776 -6.792964 8.000000  -0.108846 0.096561 -0.989358  0.537930 0.248538 0
0  -22.902447 -10.024373 8.000000  -0.031301 0.142097 -0.989358  0.553433 0.269206 0
tire_wall_straight
0  -19.943031 -4.536806 8.500000  -0.108847 0.096560 -0.989358  0.529671 0.259549 0
0  -14.847396 -0.944311 8.000000  -0.144815 0.014141 -0.989358  0.512847 0.240644 0
0  -17.399776 -6.792964 8.000000  -0.108846 0.096561 -0.989358  0.537930 0.248538 0
tire_wall_straight
0  -18.231070 -0.613930 8.500000  -0.144815 0.014140 -0.989358  0.512847 0.254254 0
0  -16.220230 5.287600 8.000000  -0.125470 -0.073680 -0.989358  0.487763 0.248538 0
0  -14.847396 -0.944311 8.000000  -0.144815 0.014141 -0.989358  0.512847 0.240644 0
tire_wall_straight
0  -16.220230 5.287600 8.000000  0.527195 0.309591 -0.791340  0.487763 0.248538 0
0  -20.087351 11.599704 9.751070  0.244536 0.560343 -0.791340  0.463352 0.266402 0
0  -14.265800 6.435326 9.751070  0.527195 0.309592 -0.791340  0.482257 0.241197 0
tire_wall_straight
0  -20.993900 9.522390 8.000000  0.244537 0.560342 -0.791340  0.472261 0.269206 0
0  -27.832628 12.355953 9.751070  -0.131528 0.597061 -0.791340  0.463352 0.297556 0
0  -20.087351 11.599704 9.751070  0.244536 0.560343 -0.791340  0.463352 0.266402 0
tire_wall_straight
0  -27.345028 10.142514 8.000000  -0.131526 0.597061 -0.791340  0.472261 0.294752 0
0  -34.543201 8.415211 9.751070  -0.457352 0.405723 -0.791340  0.482257 0.322760 0
0  -27.832628 12.355953 9.751070  -0.131528 0.597061 -0.791340  0.463352 0.297556 0
tire_wall_straight
0  -32.847698 6.911106 8.000000  -0.457351 0.405724 -0.791339  0.487763 0.315420 0
0  -37.655861 1.282707 9.751070  -0.608483 0.059412 -0.791340  0.512847 0.332388 0
0  -34.543201 8.415211 9.751070  -0.457352 0.405723 -0.791340  0.482257 0.322760 0
tire_wall_straight
0  -35.400078 1.062453 8.000000  -0.608483 0.059413 -0.791340  0.512847 0.323314 0
0  -35.981674 -6.317183 9.751070  -0.527195 -0.309592 -0.791340  0.543436 0.322760 0
0  -37.655861 1.282707 9.751070  -0.608483 0.059412 -0.791340  0.512847 0.332388 0
tire_wall_straight
0  -34.027245 -5.169458 8.000000  -0.527195 -0.309591 -0.791340  0.537930 0.315420 0
0  -30.160124 -11.481563 9.751070  -0.244536 -0.560342 -0.791340  0.562342 0.297556 0
0  -35.981674 -6.317183 9.751070  -0.527195 -0.309592 -0.791340  0.543436 0.322760 0
tire_wall_straight
0  -29.253574 -9.404249 8.000000  -0.244537 -0.560342 -0.791339  0.553433 0.294752 0
0  -22.414846 -12.237812 9.751070  0.131528 -0.597061 -0.791340  0.562342 0.266402 0
0  -30.160124 -11.481563 9.751070  -0.244536 -0.560342 -0.791340  0.562342 0.297556 0
tire_wall_straight
0  -22.902447 -10.024373 8.000000  0.131526 -0.597062 -0.791340  0.553433 0.269206 0
0  -15.704272 -8.297070 9.751070  0.457351 -0.405723 -0.791340  0.543436 0.241197 0
0  -22.414846 -12.237812 9.751070  0.131528 -0.597061 -0.791340  0.562342 0.266402 0
tire_wall_straight
0  -17.399776 -6.792964 8.000000  0.457351 -0.405724 -0.791340  0.537930 0.248538 0
0  -12.591614 -1.164566 9.751070  0.608484 -0.059412 -0.791339  0.512847 0.231570 0
0  -15.704272 -8.297070 9.751070  0.457351 -0.405723 -0.791340  0.543436 0.241197 0
tire_wall_straight
0  -14.847396 -0.944311 8.000000  0.608484 -0.059413 -0.791339  0.512847 0.240644 0
0  -14.265800 6.435326 9.751070  0.527195 0.309592 -0.791340  0.482257 0.241197 0
0  -12.591614 -1.164566 9.751070  0.608484 -0.059412 -0.791339  0.512847 0.231570 0
tire_wall_straight
0  -14.265800 6.435326 9.751070  0.663622 0.748068 0.000000  0.254150 0.755519 0
0  -20.087351 11.599704 14.208338  0.663622 0.748068 0.000000  0.235728 0.779769 0
0  -14.265800 6.435326 14.208338  0.663622 0.748068 0.000000  0.235728 0.755519 0
tire_wall_straight
0  -20.087351 11.599704 9.751070  0.097178 0.995267 0.000000  0.288069 0.891999 0
0  -27.832628 12.355953 14.208338  0.097178 0.995267 0.000000  0.269647 0.922035 0
0  -20.087351 11.599704 14.208338  0.097178 0.995267 0.000000  0.269647 0.891999 0
tire_wall_straight
0  -27.832628 12.355953 9.751070  -0.506385 0.862308 0.000000  0.288069 0.922035 0
0  -34.543201 8.415211 14.208338  -0.506385 0.862307 0.000000  0.269647 0.951197 0
0  -27.832628 12.355953 14.208338  -0.506385 0.862308 0.000000  0.269647 0.922035 0
tire_wall_straight
0  -34.543201 8.415211 9.751070  -0.916525 0.399977 0.000000  0.220304 0.698309 0
0  -37.655861 1.282707 14.208338  -0.916526 0.399976 0.000000  0.201882 0.724404 0
0  -34.543201 8.415211 14.208338  -0.916525 0.399977 0.000000  0.201882 0.698309 0
tire_wall_straight
0  -37.655861 1.282707 9.751070  -0.976585 -0.215133 0.000000  0.220304 0.724404 0
0  -35.981674 -6.317183 14.208338  -0.976585 -0.215133 0.000000  0.201882 0.755519 0
0  -37.655861 1.282707 14.208338  -0.976585 -0.215133 0.000000  0.201882 0.724404 0
tire_wall_straight
0  -35.981674 -6.317183 9.751070  -0.663622 -0.748068 0.000000  0.220304 0.755519 0
0  -30.160124 -11.481563 14.208338  -0.663622 -0.748068 0.000000  0.201882 0.779769 0
0  -35.981674 -6.317183 14.208338  -0.663622 -0.748068 0.000000  0.201882 0.755519 0
tire_wall_straight
0  -30.160124 -11.481563 9.751070  -0.097178 -0.995267 0.000000  0.254224 0.891999 0
0  -22.414846 -12.237812 14.208338  -0.097178 -0.995267 0.000000  0.235801 0.922035 0
0  -30.160124 -11.481563 14.208338  -0.097178 -0.995267 0.000000  0.235801 0.891999 0
tire_wall_straight
0  -22.414846 -12.237812 9.751070  0.506385 -0.862308 0.000000  0.254224 0.922035 0
0  -15.704272 -8.297070 14.208338  0.506385 -0.862308 0.000000  0.235801 0.951197 0
0  -22.414846 -12.237812 14.208338  0.506385 -0.862308 0.000000  0.235801 0.922035 0
tire_wall_straight
0  -15.704272 -8.297070 9.751070  0.916526 -0.399976 0.000000  0.254150 0.698309 0
0  -12.591614 -1.164566 14.208338  0.916526 -0.399976 0.000000  0.235728 0.724404 0
0  -15.704272 -8.297070 14.208338  0.916526 -0.399976 0.000000  0.235728 0.698309 0
tire_wall_straight
0  -12.591614 -1.164566 9.751070  0.976585 0.215133 0.000000  0.254150 0.724404 0
0  -14.265800 6.435326 14.208338  0.976585 0.215133 0.000000  0.235728 0.755519 0
0  -12.591614 -1.164566 14.208338  0.976585 0.215133 0.000000  0.235728 0.724404 0
tire_wall_straight
0  -14.265800 6.435326 14.208338  0.527194 0.309591 0.791340  0.543436 0.356955 0
0  -20.993900 9.522390 15.959407  0.244535 0.560343 0.791340  0.553433 0.384963 0
0  -16.220230 5.287600 15.959407  0.527194 0.309592 0.791340  0.537930 0.364295 0
tire_wall_straight
0  -20.087351 11.599704 14.208338  0.244536 0.560342 0.791340  0.562342 0.382159 0
0  -27.345028 10.142514 15.959407  -0.131528 0.597061 0.791340  0.553433 0.410510 0
0  -20.993900 9.522390 15.959407  0.244535 0.560343 0.791340  0.553433 0.384963 0
tire_wall_straight
0  -27.832628 12.355953 14.208338  -0.131527 0.597061 0.791340  0.562342 0.413313 0
0  -32.847698 6.911106 15.959407  -0.457353 0.405722 0.791340  0.537930 0.431177 0
0  -27.345028 10.142514 15.959407  -0.131528 0.597061 0.791340  0.553433 0.410510 0
tire_wall_straight
0  -34.543201 8.415211 14.208338  -0.457351 0.405723 0.791340  0.543436 0.438518 0
0  -35.400078 1.062453 15.959407  -0.608482 0.059411 0.791340  0.512847 0.439071 0
0  -32.847698 6.911106 15.959407  -0.457353 0.405722 0.791340  0.537930 0.431177 0
tire_wall_straight
0  -37.655861 1.282707 14.208338  -0.608482 0.059413 0.791340  0.512847 0.448145 0
0  -34.027245 -5.169458 15.959407  -0.527194 -0.309593 0.791340  0.487763 0.431177 0
0  -35.400078 1.062453 15.959407  -0.608482 0.059411 0.791340  0.512847 0.439071 0
tire_wall_straight
0  -35.981674 -6.317183 14.208338  -0.527195 -0.309591 0.791340  0.482257 0.438518 0
0  -29.253574 -9.404249 15.959407  -0.244535 -0.560343 0.791340  0.472261 0.410510 0
0  -34.027245 -5.169458 15.959407  -0.527194 -0.309593 0.791340  0.487763 0.431177 0
tire_wall_straight
0  -30.160124 -11.481563 14.208338  -0.244536 -0.560342 0.791340  0.463352 0.413313 0
0  -22.902447 -10.024373 15.959407  0.131528 -0.597061 0.791340  0.472261 0.384963 0
0  -29.253574 -9.404249 15.959407  -0.244535 -0.560343 0.791340  0.472261 0.410510 0
tire_wall_straight
0  -22.414846 -12.237812 14.208338  0.131527 -0.597061 0.791340  0.463352 0.382159 0
0  -17.399776 -6.792964 15.959407  0.457352 -0.405722 0.791340  0.487763 0.364295 0
0  -22.902447 -10.024373 15.959407  0.131528 -0.597061 0.791340  0.472261 0.384963 0
tire_wall_straight
0  -15.704272 -8.297070 14.208338  0.457351 -0.405723 0.791340  0.482257 0.356955 0
0  -14.847396 -0.944311 15.959407  0.608483 -0.059411 0.791340  0.512847 0.356401 0
0  -17.399776 -6.792964 15.959407  0.457352 -0.405722 0.791340  0.487763 0.364295 0
tire_wall_straight
0  -12.591614 -1.164566 14.208338  0.608483 -0.059413 0.791340  0.512847 0.347327 0
0  -16.220230 5.287600 15.959407  0.527194 0.309592 0.791340  0.537930 0.364295 0
0  -14.847396 -0.944311 15.959407  0.608483 -0.059411 0.791340  0.512847 0.356401 0
tire_wall_straight
0  -16.220230 5.287600 15.959407  -0.125468 -0.073682 0.989358  0.537930 0.364295 0
0  -22.353725 6.406419 15.459407  -0.058197 -0.133358 0.989358  0.540069 0.389169 0
0  -19.151873 3.566011 15.459407  -0.125469 -0.073681 0.989358  0.529671 0.375306 0
tire_wall_straight
0  -20.993900 9.522390 15.959407  -0.058196 -0.133359 0.989358  0.553433 0.384963 0
0  -26.613628 6.822356 15.459407  0.031303 -0.142097 0.989358  0.540069 0.406304 0
0  -22.353725 6.406419 15.459407  -0.058197 -0.133358 0.989358  0.540069 0.389169 0
tire_wall_straight
0  -27.345028 10.142514 15.959407  0.031304 -0.142096 0.989358  0.553433 0.410510 0
0  -30.304443 4.654948 15.459407  0.108847 -0.096559 0.989358  0.529671 0.420166 0
0  -26.613628 6.822356 15.459407  0.031303 -0.142097 0.989358  0.540069 0.406304 0
tire_wall_straight
0  -32.847698 6.911106 15.959407  0.108848 -0.096558 0.989358  0.537930 0.431177 0
0  -32.016403 0.732071 15.459407  0.144816 -0.014139 0.989358  0.512847 0.425461 0
0  -30.304443 4.654948 15.459407  0.108847 -0.096559 0.989358  0.529671 0.420166 0
tire_wall_straight
0  -35.400078 1.062453 15.959407  0.144816 -0.014138 0.989358  0.512847 0.439071 0
0  -31.095602 -3.447869 15.459407  0.125469 0.073681 0.989358  0.496022 0.420166 0
0  -32.016403 0.732071 15.459407  0.144816 -0.014139 0.989358  0.512847 0.425461 0
tire_wall_straight
0  -34.027245 -5.169458 15.959407  0.125468 0.073682 0.989358  0.487763 0.431177 0
0  -27.893749 -6.288277 15.459407  0.058197 0.133358 0.989358  0.485624 0.406304 0
0  -31.095602 -3.447869 15.459407  0.125469 0.073681 0.989358  0.496022 0.420166 0
tire_wall_straight
0  -29.253574 -9.404249 15.959407  0.058196 0.133359 0.989358  0.472261 0.410510 0
0  -23.633846 -6.704214 15.459407  -0.031303 0.142097 0.989358  0.485624 0.389169 0
0  -27.893749 -6.288277 15.459407  0.058197 0.133358 0.989358  0.485624 0.406304 0
tire_wall_straight
0  -22.902447 -10.024373 15.959407  -0.031304 0.142096 0.989358  0.472261 0.384963 0
0  -19.943031 -4.536806 15.459407  -0.108848 0.096559 0.989358  0.496022 0.375306 0
0  -23.633846 -6.704214 15.459407  -0.031303 0.142097 0.989358  0.485624 0.389169 0
tire_wall_straight
0  -17.399776 -6.792964 15.959407  -0.108848 0.096558 0.989358  0.487763 0.364295 0
0  -18.231070 -0.613930 15.459407  -0.144816 0.014139 0.989358  0.512847 0.370011 0
0  -19.943031 -4.536806 15.459407  -0.108848 0.096559 0.989358  0.496022 0.375306 0
tire_wall_straight
0  -14.847396 -0.944311 15.959407  -0.144815 0.014138 0.989358  0.512847 0.356401 0
0  -19.151873 3.566011 15.459407  -0.125469 -0.073681 0.989358  0.529671 0.375306 0
0  -18.231070 -0.613930 15.459407  -0.144816 0.014139 0.989358  0.512847 0.370011 0
tire_wall_straight
0  -19.151873 3.566011 15.459407  -0.663622 -0.748068 0.000000  0.498749 0.809483 0
0  -22.353725 6.406419 8.500000  -0.663622 -0.748068 0.000000  0.527512 0.796145 0
0  -19.151873 3.566011 8.500000  -0.663621 -0.748069 0.000000  0.527512 0.809483 0
tire_wall_straight
0  -22.353725 6.406419 15.459407  -0.097178 -0.995267 0.000000  0.971106 0.271829 0
0  -26.613628 6.822356 8.500000  -0.097178 -0.995267 0.000000  0.999869 0.255309 0
0  -22.353725 6.406419 8.500000  -0.097178 -0.995267 0.000000  0.999869 0.271829 0
tire_wall_straight
0  -26.613628 6.822356 15.459407  0.506385 -0.862308 0.000000  0.971106 0.255309 0
0  -30.304443 4.654948 8.500000  0.506385 -0.862308 0.000000  0.999869 0.239270 0
0  -26.613628 6.822356 8.500000  0.506385 -0.862308 0.000000  0.999869 0.255309 0
tire_wall_straight
0  -30.304443 4.654948 15.459407  0.916526 -0.399975 0.000000  0.542936 0.840948 0
0  -32.016403 0.732071 8.500000  0.916526 -0.399975 0.000000  0.571700 0.826596 0
0  -30.304443 4.654948 8.500000  0.916526 -0.399975 0.000000  0.571700 0.840948 0
tire_wall_straight
0  -32.016403 0.732071 15.459407  0.976585 0.215132 0.000000  0.542936 0.826596 0
0  -31.095602 -3.447869 8.500000  0.976585 0.215132 0.000000  0.571700 0.809483 0
0  -32.016403 0.732071 8.500000  0.976585 0.215131 0.000000  0.571700 0.826596 0
tire_wall_straight
0  -31.095602 -3.447869 15.459407  0.663622 0.748068 0.000000  0.542936 0.809483 0
0  -27.893749 -6.288277 8.500000  0.663622 0.748068 0.000000  0.571700 0.796145 0
0  -31.095602 -3.447869 8.500000  0.663621 0.748069 0.000000  0.571700 0.809483 0
tire_wall_straight
0  -27.893749 -6.288277 15.459407  0.097178 0.995267 0.000000  0.971106 0.319327 0
0  -23.633846 -6.704214 8.500000  0.097178 0.995267 0.000000  0.999869 0.302808 0
0  -27.893749 -6.288277 8.500000  0.097178 0.995267 0.000000  0.999869 0.319327 0
tire_wall_straight
0  -23.633846 -6.704214 15.459407  -0.506385 0.862308 0.000000  0.971106 0.302808 0
0  -19.943031 -4.536806 8.500000  -0.506385 0.862308 0.000000  0.999869 0.286768 0
0  -23.633846 -6.704214 8.500000  -0.506385 0.862308 0.000000  0.999869 0.302808 0
tire_wall_straight
0  -19.943031 -4.536806 15.459407  -0.916526 0.399976 0.000000  0.498749 0.840948 0
0  -18.231070 -0.613930 8.500000  -0.916526 0.399976 0.000000  0.527512 0.826596 0
0  -19.943031 -4.536806 8.500000  -0.916525 0.399976 0.000000  0.527512 0.840948 0
tire_wall_straight
0  -18.231070 -0.613930 15.459407  -0.976585 -0.215133 0.000000  0.498749 0.826596 0
0  -19.151873 3.566011 8.500000  -0.976585 -0.215133 0.000000  0.527512 0.809483 0
0  -18.231070 -0.613930 8.500000  -0.976585 -0.215133 0.000000  0.527512 0.826596 0
tire_wall_straight
0  -19.496302 2.926259 16.500000  -0.130871 -0.063634 -0.989355  0.032667 0.495722 0
0  -20.865953 9.007858 16.000000  -0.068474 -0.128405 -0.989355  0.008908 0.505378 0
0  -16.439201 4.412746 16.000000  -0.130872 -0.063633 -0.989355  0.024409 0.484713 0
tire_wall_straight
0  -22.465466 6.008347 16.500000  -0.068473 -0.128405 -0.989355  0.022270 0.509583 0
0  -27.148211 10.123403 16.000000  0.020077 -0.144130 -0.989355  0.008908 0.530921 0
0  -20.865953 9.007858 16.000000  -0.068474 -0.128405 -0.989355  0.008908 0.505378 0
tire_wall_straight
0  -26.679174 6.756578 16.500000  0.020078 -0.144130 -0.989355  0.022270 0.526716 0
0  -32.886364 7.333279 16.000000  0.100960 -0.104802 -0.989355  0.024409 0.551586 0
0  -27.148211 10.123403 16.000000  0.020077 -0.144130 -0.989355  0.008908 0.530921 0
tire_wall_straight
0  -30.527935 4.885153 16.500000  0.100961 -0.104802 -0.989355  0.032667 0.540576 0
0  -35.888634 1.703219 16.000000  0.143280 -0.025444 -0.989355  0.049489 0.559479 0
0  -32.886364 7.333279 16.000000  0.100960 -0.104802 -0.989355  0.024409 0.551586 0
tire_wall_straight
0  -32.541653 1.108894 16.500000  0.143280 -0.025443 -0.989355  0.049489 0.545871 0
0  -35.008255 -4.616284 16.000000  0.130871 0.063633 -0.989355  0.074569 0.551586 0
0  -35.888634 1.703219 16.000000  0.143280 -0.025444 -0.989355  0.049489 0.559479 0
tire_wall_straight
0  -31.951155 -3.129798 16.500000  0.130871 0.063634 -0.989355  0.066311 0.540576 0
0  -30.581503 -9.211397 16.000000  0.068475 0.128405 -0.989355  0.090070 0.530921 0
0  -35.008255 -4.616284 16.000000  0.130871 0.063633 -0.989355  0.074569 0.551586 0
tire_wall_straight
0  -28.981991 -6.211885 16.500000  0.068474 0.128405 -0.989355  0.076708 0.526716 0
0  -24.299246 -10.326941 16.000000  -0.020077 0.144130 -0.989355  0.090070 0.505378 0
0  -30.581503 -9.211397 16.000000  0.068475 0.128405 -0.989355  0.090070 0.530921 0
tire_wall_straight
0  -24.768282 -6.960116 16.500000  -0.020078 0.144130 -0.989355  0.076708 0.509583 0
0  -18.561092 -7.536817 16.000000  -0.100960 0.104803 -0.989355  0.074569 0.484713 0
0  -24.299246 -10.326941 16.000000  -0.020077 0.144130 -0.989355  0.090070 0.505378 0
tire_wall_straight
0  -20.919521 -5.088691 16.500000  -0.100961 0.104802 -0.989355  0.066311 0.495722 0
0  -15.558823 -1.906758 16.000000  -0.143280 0.025444 -0.989355  0.049489 0.476819 0
0  -18.561092 -7.536817 16.000000  -0.100960 0.104803 -0.989355  0.074569 0.484713 0
tire_wall_straight
0  -18.905804 -1.312432 16.500000  -0.143280 0.025443 -0.989355  0.049489 0.490428 0
0  -16.439201 4.412746 16.000000  -0.130872 -0.063633 -0.989355  0.024409 0.484713 0
0  -15.558823 -1.906758 16.000000  -0.143280 0.025444 -0.989355  0.049489 0.476819 0
tire_wall_straight
0  -16.439201 4.412746 16.000000  0.543509 0.264275 -0.796716  0.024409 0.484713 0
0  -19.799614 11.007533 17.719059  0.284370 0.533270 -0.796716  0.000000 0.502574 0
0  -14.401134 5.403738 17.719059  0.543508 0.264276 -0.796716  0.018903 0.477373 0
tire_wall_straight
0  -20.865953 9.007858 16.000000  0.284371 0.533270 -0.796716  0.008908 0.505378 0
0  -27.460901 12.367952 17.719059  -0.083388 0.598573 -0.796716  0.000000 0.533725 0
0  -19.799614 11.007533 17.719059  0.284370 0.533270 -0.796716  0.000000 0.502574 0
tire_wall_straight
0  -27.148211 10.123403 16.000000  -0.083387 0.598573 -0.796716  0.008908 0.530921 0
0  -34.458649 8.965363 17.719059  -0.419295 0.435242 -0.796716  0.018903 0.558926 0
0  -27.460901 12.367952 17.719059  -0.083388 0.598573 -0.796716  0.000000 0.533725 0
tire_wall_straight
0  -32.886364 7.333279 16.000000  -0.419294 0.435243 -0.796716  0.024409 0.551586 0
0  -38.119953 2.099437 17.719059  -0.595045 0.105662 -0.796716  0.049489 0.568552 0
0  -34.458649 8.965363 17.719059  -0.419295 0.435242 -0.796716  0.018903 0.558926 0
tire_wall_straight
0  -35.888634 1.703219 16.000000  -0.595045 0.105664 -0.796716  0.049489 0.559479 0
0  -37.046322 -5.607275 17.719059  -0.543508 -0.264276 -0.796716  0.080075 0.558926 0
0  -38.119953 2.099437 17.719059  -0.595045 0.105662 -0.796716  0.049489 0.568552 0
tire_wall_straight
0  -35.008255 -4.616284 16.000000  -0.543509 -0.264275 -0.796716  0.074569 0.551586 0
0  -31.647842 -11.211072 17.719059  -0.284370 -0.533270 -0.796716  0.098978 0.533725 0
0  -37.046322 -5.607275 17.719059  -0.543508 -0.264276 -0.796716  0.080075 0.558926 0
tire_wall_straight
0  -30.581503 -9.211397 16.000000  -0.284371 -0.533270 -0.796716  0.090070 0.530921 0
0  -23.986555 -12.571491 17.719059  0.083388 -0.598573 -0.796716  0.098978 0.502574 0
0  -31.647842 -11.211072 17.719059  -0.284370 -0.533270 -0.796716  0.098978 0.533725 0
tire_wall_straight
0  -24.299246 -10.326941 16.000000  0.083387 -0.598573 -0.796716  0.090070 0.505378 0
0  -16.988808 -9.168901 17.719059  0.419295 -0.435241 -0.796716  0.080075 0.477373 0
0  -23.986555 -12.571491 17.719059  0.083388 -0.598573 -0.796716  0.098978 0.502574 0
tire_wall_straight
0  -18.561092 -7.536817 16.000000  0.419294 -0.435242 -0.796716  0.074569 0.484713 0
0  -13.327502 -2.302975 17.719059  0.595045 -0.105662 -0.796716  0.049489 0.467747 0
0  -16.988808 -9.168901 17.719059  0.419295 -0.435241 -0.796716  0.080075 0.477373 0
tire_wall_straight
0  -15.558823 -1.906758 16.000000  0.595045 -0.105663 -0.796716  0.049489 0.476819 0
0  -14.401134 5.403738 17.719059  0.543508 0.264276 -0.796716  0.018903 0.477373 0
0  -13.327502 -2.302975 17.719059  0.595045 -0.105662 -0.796716  0.049489 0.467747 0
tire_wall_straight
0  -14.401134 5.403738 17.719059  0.720177 0.693790 0.000000  0.691313 0.754126 0
0  -19.799614 11.007533 22.094845  0.720177 0.693790 0.000000  0.673228 0.779830 0
0  -14.401134 5.403738 22.094845  0.720177 0.693790 0.000000  0.673228 0.754126 0
tire_wall_straight
0  -19.799614 11.007533 17.719059  0.174836 0.984598 0.000000  0.793045 0.891999 0
0  -27.460901 12.367952 22.094845  0.174836 0.984598 0.000000  0.774959 0.921291 0
0  -19.799614 11.007533 22.094845  0.174836 0.984598 0.000000  0.774959 0.891999 0
tire_wall_straight
0  -27.460901 12.367952 17.719059  -0.437287 0.899322 0.000000  0.793045 0.921291 0
0  -34.458649 8.965363 22.094845  -0.437287 0.899322 0.000000  0.774959 0.951218 0
0  -27.460901 12.367952 22.094845  -0.437287 0.899322 0.000000  0.774959 0.921291 0
tire_wall_straight
0  -34.458649 8.965363 17.719059  -0.882381 0.470536 0.000000  0.724822 0.698309 0
0  -38.119953 2.099437 22.094845  -0.882381 0.470536 0.000000  0.706737 0.722988 0
0  -34.458649 8.965363 22.094845  -0.882381 0.470536 0.000000  0.706737 0.698309 0
tire_wall_straight
0  -38.119953 2.099437 17.719059  -0.990435 -0.137979 0.000000  0.724822 0.722988 0
0  -37.046322 -5.607275 22.094845  -0.990435 -0.137979 0.000000  0.706737 0.754126 0
0  -38.119953 2.099437 22.094845  -0.990435 -0.137978 0.000000  0.706737 0.722988 0
tire_wall_straight
0  -37.046322 -5.607275 17.719059  -0.720177 -0.693790 0.000000  0.724822 0.754126 0
0  -31.647842 -11.211072 22.094845  -0.720177 -0.693791 0.000000  0.706737 0.779830 0
0  -37.046322 -5.607275 22.094845  -0.720177 -0.693790 0.000000  0.706737 0.754126 0
tire_wall_straight
0  -31.647842 -11.211072 17.719059  -0.174836 -0.984598 0.000000  0.826554 0.891999 0
0  -23.986555 -12.571491 22.094845  -0.174836 -0.984598 0.000000  0.808468 0.921290 0
0  -31.647842 -11.211072 22.094845  -0.174836 -0.984598 0.000000  0.808468 0.891999 0
tire_wall_straight
0  -23.986555 -12.571491 17.719059  0.437287 -0.899322 0.000000  0.826554 0.921290 0
0  -16.988808 -9.168901 22.094845  0.437287 -0.899322 0.000000  0.808468 0.951218 0
0  -23.986555 -12.571491 22.094845  0.437287 -0.899322 0.000000  0.808468 0.921290 0
tire_wall_straight
0  -16.988808 -9.168901 17.719059  0.882381 -0.470536 0.000000  0.691313 0.698309 0
0  -13.327502 -2.302975 22.094845  0.882381 -0.470536 0.000000  0.673228 0.722988 0
0  -16.988808 -9.168901 22.094845  0.882381 -0.470536 0.000000  0.673228 0.698309 0
tire_wall_straight
0  -13.327502 -2.302975 17.719059  0.990435 0.137979 0.000000  0.691313 0.722988 0
0  -14.401134 5.403738 22.094845  0.990435 0.137979 0.000000  0.673228 0.754126 0
0  -13.327502 -2.302975 22.094845  0.990435 0.137979 0.000000  0.673228 0.722988 0
tire_wall_straight
0  -14.401134 5.403738 22.094845  0.543508 0.264276 0.796717  0.194476 0.558926 0
0  -20.865953 9.007858 23.813902  0.284369 0.533270 0.796717  0.163890 0.559479 0
0  -16.439201 4.412746 23.813902  0.543507 0.264277 0.796717  0.188971 0.551586 0
tire_wall_straight
0  -19.799614 11.007533 22.094845  0.284370 0.533270 0.796716  0.163890 0.568552 0
0  -27.148211 10.123403 23.813902  -0.083389 0.598573 0.796716  0.138810 0.551586 0
0  -20.865953 9.007858 23.813902  0.284369 0.533270 0.796717  0.163890 0.559479 0
tire_wall_straight
0  -27.460901 12.367952 22.094845  -0.083388 0.598573 0.796716  0.133305 0.558926 0
0  -32.886364 7.333279 23.813902  -0.419296 0.435240 0.796716  0.123310 0.530921 0
0  -27.148211 10.123403 23.813902  -0.083389 0.598573 0.796716  0.138810 0.551586 0
tire_wall_straight
0  -34.458649 8.965363 22.094845  -0.419295 0.435242 0.796716  0.114402 0.533725 0
0  -35.888634 1.703219 23.813902  -0.595045 0.105661 0.796716  0.123310 0.505378 0
0  -32.886364 7.333279 23.813902  -0.419296 0.435240 0.796716  0.123310 0.530921 0
tire_wall_straight
0  -38.119953 2.099437 22.094845  -0.595045 0.105663 0.796716  0.114402 0.502574 0
0  -35.008255 -4.616284 23.813902  -0.543508 -0.264277 0.796716  0.138810 0.484713 0
0  -35.888634 1.703219 23.813902  -0.595045 0.105661 0.796716  0.123310 0.505378 0
tire_wall_straight
0  -37.046322 -5.607275 22.094845  -0.543509 -0.264275 0.796716  0.133305 0.477373 0
0  -30.581503 -9.211397 23.813902  -0.284369 -0.533270 0.796717  0.163890 0.476819 0
0  -35.008255 -4.616284 23.813902  -0.543508 -0.264277 0.796716  0.138810 0.484713 0
tire_wall_straight
0  -31.647842 -11.211072 22.094845  -0.284370 -0.533269 0.796717  0.163890 0.467747 0
0  -24.299246 -10.326941 23.813902  0.083389 -0.598573 0.796716  0.188971 0.484713 0
0  -30.581503 -9.211397 23.813902  -0.284369 -0.533270 0.796717  0.163890 0.476819 0
tire_wall_straight
0  -23.986555 -12.571491 22.094845  0.083388 -0.598573 0.796716  0.194476 0.477373 0
0  -18.561092 -7.536817 23.813902  0.419295 -0.435241 0.796716  0.204471 0.505378 0
0  -24.299246 -10.326941 23.813902  0.083389 -0.598573 0.796716  0.188971 0.484713 0
tire_wall_straight
0  -16.988808 -9.168901 22.094845  0.419294 -0.435242 0.796717  0.213379 0.502574 0
0  -15.558823 -1.906758 23.813902  0.595045 -0.105662 0.796717  0.204471 0.530921 0
0  -18.561092 -7.536817 23.813902  0.419295 -0.435241 0.796716  0.204471 0.505378 0
tire_wall_straight
0  -13.327502 -2.302975 22.094845  0.595044 -0.105663 0.796717  0.213379 0.533725 0
0  -16.439201 4.412746 23.813902  0.543507 0.264277 0.796717  0.188971 0.551586 0
0  -15.558823 -1.906758 23.813902  0.595045 -0.105662 0.796717  0.204471 0.530921 0
tire_wall_straight
0  -16.439201 4.412746 23.813902  -0.130869 -0.063636 0.989355  0.188971 0.551586 0
0  -22.465466 6.008347 23.313902  -0.068473 -0.128406 0.989355  0.163890 0.545871 0
0  -19.496302 2.926259 23.313902  -0.130870 -0.063635 0.989355  0.180713 0.540576 0
tire_wall_straight
0  -20.865953 9.007858 23.813902  -0.068471 -0.128406 0.989355  0.163890 0.559479 0
0  -26.679174 6.756578 23.313902  0.020080 -0.144130 0.989355  0.147068 0.540576 0
0  -22.465466 6.008347 23.313902  -0.068473 -0.128406 0.989355  0.163890 0.545871 0
tire_wall_straight
0  -27.148211 10.123403 23.813902  0.020081 -0.144130 0.989355  0.138810 0.551586 0
0  -30.527935 4.885153 23.313902  0.100962 -0.104801 0.989355  0.136672 0.526716 0
0  -26.679174 6.756578 23.313902  0.020080 -0.144130 0.989355  0.147068 0.540576 0
tire_wall_straight
0  -32.886364 7.333279 23.813902  0.100963 -0.104800 0.989355  0.123310 0.530921 0
0  -32.541653 1.108894 23.313902  0.143281 -0.025442 0.989355  0.136672 0.509583 0
0  -30.527935 4.885153 23.313902  0.100962 -0.104801 0.989355  0.136672 0.526716 0
tire_wall_straight
0  -35.888634 1.703219 23.813902  0.143281 -0.025441 0.989355  0.123310 0.505378 0
0  -31.951155 -3.129798 23.313902  0.130871 0.063635 0.989355  0.147068 0.495722 0
0  -32.541653 1.108894 23.313902  0.143281 -0.025442 0.989355  0.136672 0.509583 0
tire_wall_straight
0  -35.008255 -4.616284 23.813902  0.130870 0.063636 0.989355  0.138810 0.484713 0
0  -28.981991 -6.211885 23.313902  0.068473 0.128406 0.989355  0.163890 0.490428 0
0  -31.951155 -3.129798 23.313902  0.130871 0.063635 0.989355  0.147068 0.495722 0
tire_wall_straight
0  -30.581503 -9.211397 23.813902  0.068472 0.128406 0.989355  0.163890 0.476819 0
0  -24.768282 -6.960116 23.313902  -0.020080 0.144130 0.989355  0.180713 0.495722 0
0  -28.981991 -6.211885 23.313902  0.068473 0.128406 0.989355  0.163890 0.490428 0
tire_wall_straight
0  -24.299246 -10.326941 23.813902  -0.020081 0.144130 0.989355  0.188971 0.484713 0
0  -20.919521 -5.088691 23.313902  -0.100962 0.104801 0.989355  0.191109 0.509583 0
0  -24.768282 -6.960116 23.313902  -0.020080 0.144130 0.989355  0.180713 0.495722 0
tire_wall_straight
0  -18.561092 -7.536817 23.813902  -0.100963 0.104800 0.989355  0.204471 0.505378 0
0  -18.905804 -1.312432 23.313902  -0.143281 0.025442 0.989355  0.191109 0.526716 0
0  -20.919521 -5.088691 23.313902  -0.100962 0.104801 0.989355  0.191109 0.509583 0
tire_wall_straight
0  -15.558823 -1.906758 23.813902  -0.143281 0.025441 0.989355  0.204471 0.530921 0
0  -19.496302 2.926259 23.313902  -0.130870 -0.063635 0.989355  0.180713 0.540576 0
0  -18.905804 -1.312432 23.313902  -0.143281 0.025442 0.989355  0.191109 0.526716 0
tire_wall_straight
0  -19.496302 2.926259 23.313902  -0.720177 -0.693791 0.000000  0.882981 0.073682 0
0  -22.465466 6.008347 16.500000  -0.720177 -0.693790 0.000000  0.911143 0.059545 0
0  -19.496302 2.926259 16.500000  -0.720177 -0.693790 0.000000  0.911143 0.073682 0
tire_wall_straight
0  -22.465466 6.008347 23.313902  -0.174836 -0.984598 0.000000  0.305729 0.999734 0
0  -26.679174 6.756578 16.500000  -0.174836 -0.984598 0.000000  0.333891 0.983624 0
0  -22.465466 6.008347 16.500000  -0.174836 -0.984598 0.000000  0.333891 0.999735 0
tire_wall_straight
0  -26.679174 6.756578 23.313902  0.437287 -0.899322 0.000000  0.305729 0.983624 0
0  -30.527935 4.885153 16.500000  0.437287 -0.899322 0.000000  0.333891 0.967164 0
0  -26.679174 6.756578 16.500000  0.437287 -0.899322 0.000000  0.333891 0.983624 0
tire_wall_straight
0  -30.527935 4.885153 23.313902  0.882381 -0.470536 0.000000  0.882981 0.164157 0
0  -32.541653 1.108894 16.500000  0.882381 -0.470536 0.000000  0.911143 0.150584 0
0  -30.527935 4.885153 16.500000  0.882381 -0.470535 0.000000  0.911143 0.164157 0
tire_wall_straight
0  -32.541653 1.108894 23.313902  0.990435 0.137979 0.000000  0.882981 0.150584 0
0  -31.951155 -3.129798 16.500000  0.990435 0.137979 0.000000  0.911143 0.133458 0
0  -32.541653 1.108894 16.500000  0.990435 0.137979 0.000000  0.911143 0.150584 0
tire_wall_straight
0  -31.951155 -3.129798 23.313902  0.720177 0.693791 0.000000  0.882981 0.133458 0
0  -28.981991 -6.211885 16.500000  0.720177 0.693791 0.000000  0.911143 0.119321 0
0  -31.951155 -3.129798 16.500000  0.720177 0.693791 0.000000  0.911143 0.133458 0
tire_wall_straight
0  -28.981991 -6.211885 23.313902  0.174836 0.984598 0.000000  0.349315 0.999734 0
0  -24.768282 -6.960116 16.500000  0.174836 0.984598 0.000000  0.377477 0.983624 0
0  -28.981991 -6.211885 16.500000  0.174836 0.984598 0.000000  0.377477 0.999734 0
tire_wall_straight
0  -24.768282 -6.960116 23.313902  -0.437287 0.899322 0.000000  0.349315 0.983624 0
0  -20.919521 -5.088691 16.500000  -0.437287 0.899322 0.000000  0.377477 0.967164 0
0  -24.768282 -6.960116 16.500000  -0.437287 0.899322 0.000000  0.377477 0.983624 0
tire_wall_straight
0  -20.919521 -5.088691 23.313902  -0.882381 0.470536 0.000000  0.882981 0.104381 0
0  -18.905804 -1.312432 16.500000  -0.882381 0.470536 0.000000  0.911143 0.090808 0
0  -20.919521 -5.088691 16.500000  -0.882381 0.470536 0.000000  0.911143 0.104381 0
tire_wall_straight
0  -18.905804 -1.312432 23.313902  -0.990435 -0.137979 0.000000  0.882981 0.090808 0
0  -19.496302 2.926259 16.500000  -0.990435 -0.137979 0.000000  0.911143 0.073682 0
0  -18.905804 -1.312432 16.500000  -0.990435 -0.137979 0.000000  0.911143 0.090808 0
tire_wall_straight
0  -2.968562 5.944934 0.500000  0.071179 -0.126277 -0.989438  0.032797 0.424720 0
0  -8.979739 4.201945 0.000000  0.131808 -0.060323 -0.989438  0.049686 0.443698 0
0  -4.644423 8.918033 0.000000  0.071178 -0.126277 -0.989438  0.024506 0.435774 0
tire_wall_straight
0  -5.876396 2.781705 0.500000  0.131808 -0.060322 -0.989438  0.049686 0.430035 0
0  -9.715036 -2.161684 0.000000  0.142092 0.028672 -0.989438  0.074867 0.435774 0
0  -8.979739 4.201945 0.000000  0.131808 -0.060323 -0.989438  0.049686 0.443698 0
tire_wall_straight
0  -6.369583 -1.486582 0.500000  0.142092 0.028673 -0.989438  0.066575 0.424720 0
0  -6.569458 -7.742165 0.000000  0.098102 0.106716 -0.989438  0.090429 0.415026 0
0  -9.715036 -2.161684 0.000000  0.142092 0.028672 -0.989438  0.074867 0.435774 0
tire_wall_straight
0  -4.259744 -5.229588 0.500000  0.098101 0.106717 -0.989438  0.077014 0.410804 0
0  -0.744507 -10.407944 0.000000  0.016640 0.143998 -0.989438  0.090429 0.389381 0
0  -6.569458 -7.742165 0.000000  0.098102 0.106716 -0.989438  0.090429 0.415026 0
tire_wall_straight
0  -0.352764 -7.017611 0.500000  0.016639 0.143998 -0.989438  0.077014 0.393603 0
0  5.534883 -9.140784 0.000000  -0.071178 0.126277 -0.989438  0.074867 0.368634 0
0  -0.744507 -10.407944 0.000000  0.016640 0.143998 -0.989438  0.090429 0.389381 0
tire_wall_straight
0  3.859022 -6.167687 0.500000  -0.071179 0.126277 -0.989438  0.066575 0.379687 0
0  9.870198 -4.424697 0.000000  -0.131808 0.060323 -0.989438  0.049686 0.360709 0
0  5.534883 -9.140784 0.000000  -0.071178 0.126277 -0.989438  0.074867 0.368634 0
tire_wall_straight
0  6.766856 -3.004457 0.500000  -0.131808 0.060322 -0.989438  0.049686 0.374372 0
0  10.605495 1.938931 0.000000  -0.142092 -0.028672 -0.989438  0.024506 0.368634 0
0  9.870198 -4.424697 0.000000  -0.131808 0.060323 -0.989438  0.049686 0.360709 0
tire_wall_straight
0  7.260043 1.263830 0.500000  -0.142092 -0.028673 -0.989438  0.032797 0.379687 0
0  7.459918 7.519413 0.000000  -0.098102 -0.106716 -0.989438  0.008944 0.389381 0
0  10.605495 1.938931 0.000000  -0.142092 -0.028672 -0.989438  0.024506 0.368634 0
tire_wall_straight
0  5.150204 5.006835 0.500000  -0.098101 -0.106717 -0.989438  0.022359 0.393603 0
0  1.634967 10.185192 0.000000  -0.016640 -0.143998 -0.989438  0.008944 0.415026 0
0  7.459918 7.519413 0.000000  -0.098102 -0.106716 -0.989438  0.008944 0.389381 0
tire_wall_straight
0  1.243224 6.794858 0.500000  -0.016639 -0.143998 -0.989438  0.022359 0.410804 0
0  -4.644423 8.918033 0.000000  0.071178 -0.126277 -0.989438  0.024506 0.435774 0
0  1.634967 10.185192 0.000000  -0.016640 -0.143998 -0.989438  0.008944 0.415026 0
tire_wall_straight
0  -4.644423 8.918033 0.000000  -0.295926 0.524996 -0.798001  0.024506 0.435774 0
0  -11.048635 5.148771 1.718290  -0.547995 0.250789 -0.798001  0.049686 0.452807 0
0  -5.761664 10.900097 1.718290  -0.295928 0.524996 -0.798001  0.018978 0.443143 0
tire_wall_straight
0  -8.979739 4.201945 0.000000  -0.547995 0.250790 -0.798001  0.049686 0.443698 0
0  -11.945339 -2.611751 1.718290  -0.590747 -0.119211 -0.798002  0.080394 0.443143 0
0  -11.048635 5.148771 1.718290  -0.547995 0.250789 -0.798001  0.049686 0.452807 0
tire_wall_straight
0  -9.715036 -2.161684 0.000000  -0.590747 -0.119210 -0.798002  0.074867 0.435774 0
0  -8.109268 -9.417215 1.718290  -0.407854 -0.443676 -0.798002  0.099372 0.417841 0
0  -11.945339 -2.611751 1.718290  -0.590747 -0.119211 -0.798002  0.080394 0.443143 0
tire_wall_straight
0  -6.569458 -7.742165 0.000000  -0.407855 -0.443676 -0.798002  0.090429 0.415026 0
0  -1.005669 -12.668165 1.718290  -0.069174 -0.598672 -0.798002  0.099372 0.386566 0
0  -8.109268 -9.417215 1.718290  -0.407854 -0.443676 -0.798002  0.099372 0.417841 0
tire_wall_straight
0  -0.744507 -10.407944 0.000000  -0.069176 -0.598672 -0.798001  0.090429 0.389381 0
0  6.652124 -11.122849 1.718290  0.295928 -0.524996 -0.798001  0.080394 0.361265 0
0  -1.005669 -12.668165 1.718290  -0.069174 -0.598672 -0.798002  0.099372 0.386566 0
tire_wall_straight
0  5.534883 -9.140784 0.000000  0.295927 -0.524997 -0.798001  0.074867 0.368634 0
0  11.939094 -5.371523 1.718290  0.547995 -0.250789 -0.798001  0.049686 0.351600 0
0  6.652124 -11.122849 1.718290  0.295928 -0.524996 -0.798001  0.080394 0.361265 0
tire_wall_straight
0  9.870198 -4.424697 0.000000  0.547995 -0.250790 -0.798002  0.049686 0.360709 0
0  12.835798 2.388999 1.718290  0.590747 0.119211 -0.798002  0.018978 0.361265 0
0  11.939094 -5.371523 1.718290  0.547995 -0.250789 -0.798001  0.049686 0.351600 0
tire_wall_straight
0  10.605495 1.938931 0.000000  0.590747 0.119210 -0.798002  0.024506 0.368634 0
0  8.999727 9.194464 1.718290  0.407854 0.443676 -0.798002  0.000000 0.386566 0
0  12.835798 2.388999 1.718290  0.590747 0.119211 -0.798002  0.018978 0.361265 0
tire_wall_straight
0  7.459918 7.519413 0.000000  0.407855 0.443675 -0.798002  0.008944 0.389381 0
0  1.896129 12.445414 1.718290  0.069174 0.598672 -0.798001  0.000000 0.417841 0
0  8.999727 9.194464 1.718290  0.407854 0.443676 -0.798002  0.000000 0.386566 0
tire_wall_straight
0  1.634967 10.185192 0.000000  0.069176 0.598672 -0.798001  0.008944 0.415026 0
0  -5.761664 10.900097 1.718290  -0.295928 0.524996 -0.798001  0.018978 0.443143 0
0  1.896129 12.445414 1.718290  0.069174 0.598672 -0.798001  0.000000 0.417841 0
tire_wall_straight
0  -5.761664 10.900097 1.718290  -0.736202 0.676762 0.000000  0.590150 0.755372 0
0  -11.048635 5.148771 6.092119  -0.736202 0.676762 0.000000  0.572072 0.780156 0
0  -5.761664 10.900097 6.092119  -0.736202 0.676762 0.000000  0.572072 0.755372 0
tire_wall_straight
0  -11.048635 5.148771 1.718290  -0.993391 0.114783 0.000000  0.590568 0.891999 0
0  -11.945339 -2.611751 6.092119  -0.993391 0.114783 0.000000  0.572490 0.922043 0
0  -11.048635 5.148771 6.092119  -0.993391 0.114783 0.000000  0.572490 0.891999 0
tire_wall_straight
0  -11.945339 -2.611751 1.718290  -0.871138 -0.491039 0.000000  0.590568 0.922043 0
0  -8.109268 -9.417215 6.092119  -0.871138 -0.491039 0.000000  0.572490 0.951455 0
0  -11.945339 -2.611751 6.092119  -0.871138 -0.491039 0.000000  0.572490 0.922043 0
tire_wall_straight
0  -8.109268 -9.417215 1.718290  -0.416140 -0.909301 0.000000  0.556649 0.698309 0
0  -1.005669 -12.668165 6.092119  -0.416140 -0.909301 0.000000  0.538571 0.724110 0
0  -8.109268 -9.417215 6.092119  -0.416140 -0.909301 0.000000  0.538571 0.698309 0
tire_wall_straight
0  -1.005669 -12.668165 1.718290  0.197809 -0.980241 0.000000  0.556649 0.724110 0
0  6.652124 -11.122849 6.092119  0.197809 -0.980241 0.000000  0.538571 0.755372 0
0  -1.005669 -12.668165 6.092119  0.197809 -0.980241 0.000000  0.538571 0.724110 0
tire_wall_straight
0  6.652124 -11.122849 1.718290  0.736202 -0.676762 0.000000  0.556649 0.755372 0
0  11.939094 -5.371523 6.092119  0.736202 -0.676762 0.000000  0.538571 0.780156 0
0  6.652124 -11.122849 6.092119  0.736202 -0.676762 0.000000  0.538571 0.755372 0
tire_wall_straight
0  11.939094 -5.371523 1.718290  0.993391 -0.114783 0.000000  0.624069 0.891999 0
0  12.835798 2.388999 6.092119  0.993391 -0.114783 0.000000  0.605991 0.922043 0
0  11.939094 -5.371523 6.092119  0.993391 -0.114783 0.000000  0.605991 0.891999 0
tire_wall_straight
0  12.835798 2.388999 1.718290  0.871138 0.491039 0.000000  0.624069 0.922043 0
0  8.999727 9.194464 6.092119  0.871138 0.491039 0.000000  0.605991 0.951455 0
0  12.835798 2.388999 6.092119  0.871138 0.491039 0.000000  0.605991 0.922043 0
tire_wall_straight
0  8.999727 9.194464 1.718290  0.416140 0.909301 0.000000  0.590150 0.698309 0
0  1.896129 12.445414 6.092119  0.416140 0.909301 0.000000  0.572072 0.724110 0
0  8.999727 9.194464 6.092119  0.416140 0.909301 0.000000  0.572072 0.698309 0
tire_wall_straight
0  1.896129 12.445414 1.718290  -0.197809 0.980241 0.000000  0.590150 0.724110 0
0  -5.761664 10.900097 6.092119  -0.197809 0.980241 0.000000  0.572072 0.755372 0
0  1.896129 12.445414 6.092119  -0.197809 0.980241 0.000000  0.572072 0.724110 0
tire_wall_straight
0  -5.761664 10.900097 6.092119  -0.295927 0.524996 0.798001  0.133775 0.443143 0
0  -8.979739 4.201945 7.810410  -0.547995 0.250788 0.798001  0.123740 0.415026 0
0  -4.644423 8.918033 7.810410  -0.295928 0.524996 0.798001  0.139302 0.435774 0
tire_wall_straight
0  -11.048635 5.148771 6.092119  -0.547995 0.250789 0.798001  0.114796 0.417841 0
0  -9.715036 -2.161684 7.810410  -0.590747 -0.119212 0.798002  0.123740 0.389381 0
0  -8.979739 4.201945 7.810410  -0.547995 0.250788 0.798001  0.123740 0.415026 0
tire_wall_straight
0  -11.945339 -2.611751 6.092119  -0.590747 -0.119211 0.798001  0.114796 0.386566 0
0  -6.569458 -7.742165 7.810410  -0.407853 -0.443677 0.798002  0.139302 0.368634 0
0  -9.715036 -2.161684 7.810410  -0.590747 -0.119212 0.798002  0.123740 0.389381 0
tire_wall_straight
0  -8.109268 -9.417215 6.092119  -0.407854 -0.443676 0.798002  0.133775 0.361265 0
0  -0.744507 -10.407944 7.810410  -0.069174 -0.598673 0.798001  0.164482 0.360709 0
0  -6.569458 -7.742165 7.810410  -0.407853 -0.443677 0.798002  0.139302 0.368634 0
tire_wall_straight
0  -1.005669 -12.668165 6.092119  -0.069175 -0.598673 0.798001  0.164482 0.351600 0
0  5.534883 -9.140784 7.810410  0.295928 -0.524996 0.798002  0.189663 0.368634 0
0  -0.744507 -10.407944 7.810410  -0.069174 -0.598673 0.798001  0.164482 0.360709 0
tire_wall_straight
0  6.652124 -11.122849 6.092119  0.295927 -0.524996 0.798001  0.195190 0.361265 0
0  9.870198 -4.424697 7.810410  0.547996 -0.250788 0.798001  0.205225 0.389381 0
0  5.534883 -9.140784 7.810410  0.295928 -0.524996 0.798002  0.189663 0.368634 0
tire_wall_straight
0  11.939094 -5.371523 6.092119  0.547995 -0.250789 0.798001  0.214169 0.386566 0
0  10.605495 1.938931 7.810410  0.590747 0.119212 0.798002  0.205225 0.415026 0
0  9.870198 -4.424697 7.810410  0.547996 -0.250788 0.798001  0.205225 0.389381 0
tire_wall_straight
0  12.835798 2.388999 6.092119  0.590747 0.119211 0.798001  0.214169 0.417841 0
0  7.459918 7.519413 7.810410  0.407854 0.443677 0.798001  0.189663 0.435774 0
0  10.605495 1.938931 7.810410  0.590747 0.119212 0.798002  0.205225 0.415026 0
tire_wall_straight
0  8.999727 9.194464 6.092119  0.407855 0.443676 0.798001  0.195190 0.443143 0
0  1.634967 10.185192 7.810410  0.069174 0.598673 0.798001  0.164482 0.443698 0
0  7.459918 7.519413 7.810410  0.407854 0.443677 0.798001  0.189663 0.435774 0
tire_wall_straight
0  1.896129 12.445414 6.092119  0.069175 0.598672 0.798001  0.164482 0.452807 0
0  -4.644423 8.918033 7.810410  -0.295928 0.524996 0.798001  0.139302 0.435774 0
0  1.634967 10.185192 7.810410  0.069174 0.598673 0.798001  0.164482 0.443698 0
tire_wall_straight
0  -4.644423 8.918033 7.810410  0.071180 -0.126276 0.989438  0.139302 0.435774 0
0  -5.876396 2.781705 7.310410  0.131809 -0.060321 0.989438  0.137155 0.410804 0
0  -2.968562 5.944934 7.310410  0.071180 -0.126276 0.989438  0.147593 0.424720 0
tire_wall_straight
0  -8.979739 4.201945 7.810410  0.131809 -0.060320 0.989438  0.123740 0.415026 0
0  -6.369583 -1.486582 7.310410  0.142092 0.028674 0.989438  0.137155 0.393603 0
0  -5.876396 2.781705 7.310410  0.131809 -0.060321 0.989438  0.137155 0.410804 0
tire_wall_straight
0  -9.715036 -2.161684 7.810410  0.142092 0.028675 0.989438  0.123740 0.389381 0
0  -4.259744 -5.229588 7.310410  0.098100 0.106717 0.989438  0.147593 0.379687 0
0  -6.369583 -1.486582 7.310410  0.142092 0.028674 0.989438  0.137155 0.393603 0
tire_wall_straight
0  -6.569458 -7.742165 7.810410  0.098099 0.106718 0.989438  0.139302 0.368634 0
0  -0.352764 -7.017611 7.310410  0.016638 0.143998 0.989438  0.164482 0.374372 0
0  -4.259744 -5.229588 7.310410  0.098100 0.106717 0.989438  0.147593 0.379687 0
tire_wall_straight
0  -0.744507 -10.407944 7.810410  0.016637 0.143998 0.989438  0.164482 0.360709 0
0  3.859022 -6.167687 7.310410  -0.071179 0.126276 0.989438  0.181372 0.379687 0
0  -0.352764 -7.017611 7.310410  0.016638 0.143998 0.989438  0.164482 0.374372 0
tire_wall_straight
0  5.534883 -9.140784 7.810410  -0.071180 0.126276 0.989438  0.189663 0.368634 0
0  6.766856 -3.004457 7.310410  -0.131809 0.060321 0.989438  0.191810 0.393603 0
0  3.859022 -6.167687 7.310410  -0.071179 0.126276 0.989438  0.181372 0.379687 0
tire_wall_straight
0  9.870198 -4.424697 7.810410  -0.131809 0.060321 0.989438  0.205225 0.389381 0
0  7.260043 1.263830 7.310410  -0.142092 -0.028674 0.989438  0.191810 0.410804 0
0  6.766856 -3.004457 7.310410  -0.131809 0.060321 0.989438  0.191810 0.393603 0
tire_wall_straight
0  10.605495 1.938931 7.810410  -0.142092 -0.028675 0.989438  0.205225 0.415026 0
0  5.150204 5.006835 7.310410  -0.098100 -0.106717 0.989438  0.181372 0.424720 0
0  7.260043 1.263830 7.310410  -0.142092 -0.028674 0.989438  0.191810 0.410804 0
tire_wall_straight
0  7.459918 7.519413 7.810410  -0.098100 -0.106718 0.989438  0.189663 0.435774 0
0  1.243224 6.794858 7.310410  -0.016638 -0.143998 0.989438  0.164482 0.430035 0
0  5.150204 5.006835 7.310410  -0.098100 -0.106717 0.989438  0.181372 0.424720 0
tire_wall_straight
0  1.634967 10.185192 7.810410  -0.016637 -0.143998 0.989438  0.164482 0.443698 0
0  -2.968562 5.944934 7.310410  0.071180 -0.126276 0.989438  0.147593 0.424720 0
0  1.243224 6.794858 7.310410  -0.016638 -0.143998 0.989438  0.164482 0.430035 0
tire_wall_straight
0  -2.968562 5.944934 7.310410  0.736202 -0.676762 0.000000  0.838686 0.608250 0
0  -5.876396 2.781705 0.500000  0.736202 -0.676762 0.000000  0.866833 0.594619 0
0  -2.968562 5.944934 0.500000  0.736202 -0.676762 0.000000  0.866833 0.608250 0
tire_wall_straight
0  -5.876396 2.781705 7.310410  0.993391 -0.114783 0.000000  0.044209 0.999865 0
0  -6.369583 -1.486582 0.500000  0.993391 -0.114783 0.000000  0.072357 0.983341 0
0  -5.876396 2.781705 0.500000  0.993391 -0.114783 0.000000  0.072357 0.999865 0
tire_wall_straight
0  -6.369583 -1.486582 7.310410  0.871138 0.491039 0.000000  0.044209 0.983341 0
0  -4.259744 -5.229588 0.500000  0.871138 0.491039 0.000000  0.072357 0.967164 0
0  -6.369583 -1.486582 0.500000  0.871138 0.491039 0.000000  0.072357 0.983341 0
tire_wall_straight
0  -4.259744 -5.229588 7.310410  0.416140 0.909301 0.000000  0.838686 0.579679 0
0  -0.352764 -7.017611 0.500000  0.416140 0.909301 0.000000  0.866833 0.565489 0
0  -4.259744 -5.229588 0.500000  0.416140 0.909301 0.000000  0.866833 0.579679 0
tire_wall_straight
0  -0.352764 -7.017611 7.310410  -0.197809 0.980241 0.000000  0.838686 0.565489 0
0  3.859022 -6.167687 0.500000  -0.197809 0.980241 0.000000  0.866833 0.548295 0
0  -0.352764 -7.017611 0.500000  -0.197809 0.980241 0.000000  0.866833 0.565489 0
tire_wall_straight
0  3.859022 -6.167687 7.310410  -0.736202 0.676762 0.000000  0.838686 0.548295 0
0  6.766856 -3.004457 0.500000  -0.736202 0.676762 0.000000  0.866833 0.534664 0
0  3.859022 -6.167687 0.500000  -0.736202 0.676762 0.000000  0.866833 0.548295 0
tire_wall_straight
0  6.766856 -3.004457 7.310410  -0.993391 0.114783 0.000000  0.087780 0.999865 0
0  7.260043 1.263830 0.500000  -0.993391 0.114783 0.000000  0.115928 0.983341 0
0  6.766856 -3.004457 0.500000  -0.993391 0.114783 0.000000  0.115928 0.999865 0
tire_wall_straight
0  7.260043 1.263830 7.310410  -0.871138 -0.491039 0.000000  0.087780 0.983341 0
0  5.150204 5.006835 0.500000  -0.871138 -0.491039 0.000000  0.115928 0.967164 0
0  7.260043 1.263830 0.500000  -0.871138 -0.491039 0.000000  0.115928 0.983341 0
tire_wall_straight
0  5.150204 5.006835 7.310410  -0.416140 -0.909301 0.000000  0.838686 0.639635 0
0  1.243224 6.794858 0.500000  -0.416140 -0.909301 0.000000  0.866833 0.625445 0
0  5.150204 5.006835 0.500000  -0.416140 -0.909301 0.000000  0.866833 0.639635 0
tire_wall_straight
0  1.243224 6.794858 7.310410  0.197809 -0.980241 0.000000  0.838686 0.625445 0
0  -2.968562 5.944934 0.500000  0.197809 -0.980241 0.000000  0.866833 0.608250 0
0  1.243224 6.794858 0.500000  0.197809 -0.980241 0.000000  0.866833 0.625445 0
tire_wall_straight
0  0.574136 6.939961 8.500000  -0.002348 -0.147141 -0.989113  0.502748 0.660727 0
0  -5.401806 8.446864 8.000000  0.084587 -0.120420 -0.989113  0.527543 0.666377 0
0  0.627733 10.300203 8.000000  -0.002349 -0.147141 -0.989113  0.502748 0.674181 0
tire_wall_straight
0  -3.470067 5.696868 8.500000  0.084588 -0.120420 -0.989113  0.519378 0.655493 0
0  -9.190441 3.403407 8.000000  0.139214 -0.047703 -0.989113  0.542867 0.645947 0
0  -5.401806 8.446864 8.000000  0.084587 -0.120420 -0.989113  0.527543 0.666377 0
tire_wall_straight
0  -6.011224 2.314063 8.500000  0.139214 -0.047702 -0.989113  0.529657 0.641789 0
0  -9.291040 -2.903738 8.000000  0.140666 0.043236 -0.989113  0.542867 0.620694 0
0  -9.190441 3.403407 8.000000  0.139214 -0.047703 -0.989113  0.542867 0.645947 0
tire_wall_straight
0  -6.078699 -1.916340 8.500000  0.140665 0.043237 -0.989113  0.529657 0.624852 0
0  -5.665181 -8.065457 8.000000  0.088387 0.117659 -0.989113  0.527543 0.600264 0
0  -9.291040 -2.903738 8.000000  0.140666 0.043236 -0.989113  0.542867 0.620694 0
tire_wall_straight
0  -3.646721 -5.378469 8.500000  0.088387 0.117660 -0.989113  0.519378 0.611149 0
0  0.302184 -10.110149 8.000000  0.002349 0.147141 -0.989113  0.502748 0.592461 0
0  -5.665181 -8.065457 8.000000  0.088387 0.117659 -0.989113  0.527543 0.600264 0
tire_wall_straight
0  0.355780 -6.749908 8.500000  0.002348 0.147141 -0.989113  0.502748 0.605915 0
0  6.331723 -8.256810 8.000000  -0.084588 0.120420 -0.989113  0.477952 0.600264 0
0  0.302184 -10.110149 8.000000  0.002349 0.147141 -0.989113  0.502748 0.592461 0
tire_wall_straight
0  4.399983 -5.506815 8.500000  -0.084588 0.120420 -0.989113  0.486117 0.611149 0
0  10.120358 -3.213354 8.000000  -0.139214 0.047703 -0.989113  0.462628 0.620694 0
0  6.331723 -8.256810 8.000000  -0.084588 0.120420 -0.989113  0.477952 0.600264 0
tire_wall_straight
0  6.941141 -2.124009 8.500000  -0.139214 0.047702 -0.989113  0.475838 0.624852 0
0  10.220957 3.093791 8.000000  -0.140666 -0.043236 -0.989113  0.462628 0.645947 0
0  10.120358 -3.213354 8.000000  -0.139214 0.047703 -0.989113  0.462628 0.620694 0
tire_wall_straight
0  7.008616 2.106393 8.500000  -0.140665 -0.043237 -0.989113  0.475838 0.641789 0
0  6.595098 8.255511 8.000000  -0.088387 -0.117659 -0.989113  0.477952 0.666377 0
0  10.220957 3.093791 8.000000  -0.140666 -0.043236 -0.989113  0.462628 0.645947 0
tire_wall_straight
0  4.576637 5.568522 8.500000  -0.088386 -0.117660 -0.989113  0.486117 0.655493 0
0  0.627733 10.300203 8.000000  -0.002349 -0.147141 -0.989113  0.502748 0.674181 0
0  6.595098 8.255511 8.000000  -0.088387 -0.117659 -0.989113  0.477952 0.666377 0
tire_wall_straight
0  0.627733 10.300203 8.000000  0.009737 0.610399 -0.792034  0.502748 0.674181 0
0  -6.689632 10.280194 9.726871  -0.350908 0.499546 -0.792034  0.532985 0.673633 0
0  0.663464 12.540363 9.726871  0.009736 0.610400 -0.792034  0.502748 0.683150 0
tire_wall_straight
0  -5.401806 8.446864 8.000000  -0.350906 0.499547 -0.792034  0.527543 0.666377 0
0  -11.309918 4.129637 9.726871  -0.577516 0.197883 -0.792034  0.551673 0.648719 0
0  -6.689632 10.280194 9.726871  -0.350908 0.499546 -0.792034  0.532985 0.673633 0
tire_wall_straight
0  -9.190441 3.403407 8.000000  -0.577516 0.197884 -0.792034  0.542867 0.645947 0
0  -11.432601 -3.562004 9.726871  -0.583533 -0.179365 -0.792034  0.551673 0.617923 0
0  -11.309918 4.129637 9.726871  -0.577516 0.197883 -0.792034  0.551673 0.648719 0
tire_wall_straight
0  -9.291040 -2.903738 8.000000  -0.583533 -0.179364 -0.792034  0.542867 0.620694 0
0  -7.010821 -9.856784 9.726871  -0.366660 -0.488101 -0.792034  0.532985 0.593008 0
0  -11.432601 -3.562004 9.726871  -0.583533 -0.179365 -0.792034  0.551673 0.617923 0
tire_wall_straight
0  -5.665181 -8.065457 8.000000  -0.366661 -0.488100 -0.792034  0.527543 0.600264 0
0  0.266453 -12.350309 9.726871  -0.009736 -0.610400 -0.792034  0.502748 0.583491 0
0  -7.010821 -9.856784 9.726871  -0.366660 -0.488101 -0.792034  0.532985 0.593008 0
tire_wall_straight
0  0.302184 -10.110149 8.000000  -0.009737 -0.610399 -0.792034  0.502748 0.592461 0
0  7.619549 -10.090140 9.726871  0.350908 -0.499546 -0.792034  0.472510 0.593008 0
0  0.266453 -12.350309 9.726871  -0.009736 -0.610400 -0.792034  0.502748 0.583491 0
tire_wall_straight
0  6.331723 -8.256810 8.000000  0.350907 -0.499547 -0.792034  0.477952 0.600264 0
0  12.239835 -3.939584 9.726871  0.577516 -0.197883 -0.792034  0.453822 0.617923 0
0  7.619549 -10.090140 9.726871  0.350908 -0.499546 -0.792034  0.472510 0.593008 0
tire_wall_straight
0  10.120358 -3.213354 8.000000  0.577516 -0.197884 -0.792034  0.462628 0.620694 0
0  12.362517 3.752057 9.726871  0.583533 0.179365 -0.792034  0.453822 0.648719 0
0  12.239835 -3.939584 9.726871  0.577516 -0.197883 -0.792034  0.453822 0.617923 0
tire_wall_straight
0  10.220957 3.093791 8.000000  0.583533 0.179364 -0.792034  0.462628 0.645947 0
0  7.940738 10.046838 9.726871  0.366660 0.488101 -0.792034  0.472510 0.673633 0
0  12.362517 3.752057 9.726871  0.583533 0.179365 -0.792034  0.453822 0.648719 0
tire_wall_straight
0  6.595098 8.255511 8.000000  0.366661 0.488100 -0.792034  0.477952 0.666377 0
0  0.663464 12.540363 9.726871  0.009736 0.610400 -0.792034  0.502748 0.683150 0
0  7.940738 10.046838 9.726871  0.366660 0.488101 -0.792034  0.472510 0.673633 0
tire_wall_straight
0  0.663464 12.540363 9.726871  -0.293810 0.955864 0.000000  0.051569 0.823148 0
0  -6.689632 10.280194 14.122545  -0.293810 0.955864 0.000000  0.033402 0.853697 0
0  0.663464 12.540363 14.122545  -0.293810 0.955864 0.000000  0.033402 0.823148 0
tire_wall_straight
0  -6.689632 10.280194 9.726871  -0.799540 0.600613 0.000000  0.051569 0.853697 0
0  -11.309918 4.129637 14.122545  -0.799540 0.600613 0.000000  0.033402 0.876124 0
0  -6.689632 10.280194 14.122545  -0.799540 0.600613 0.000000  0.033402 0.853697 0
tire_wall_straight
0  -11.309918 4.129637 9.726871  -0.999873 0.015948 0.000000  0.944955 0.513840 0
0  -11.432601 -3.562004 14.122545  -0.999873 0.015948 0.000000  0.926788 0.544125 0
0  -11.309918 4.129637 14.122545  -0.999873 0.015948 0.000000  0.926788 0.513840 0
tire_wall_straight
0  -11.432601 -3.562004 9.726871  -0.818288 -0.574808 0.000000  0.944955 0.544125 0
0  -7.010821 -9.856784 14.122545  -0.818288 -0.574808 0.000000  0.926788 0.571910 0
0  -11.432601 -3.562004 14.122545  -0.818288 -0.574808 0.000000  0.926788 0.544125 0
tire_wall_straight
0  -7.010821 -9.856784 9.726871  -0.324145 -0.946007 0.000000  0.085161 0.796145 0
0  0.266453 -12.350309 14.122545  -0.324145 -0.946007 0.000000  0.066993 0.823148 0
0  -7.010821 -9.856784 14.122545  -0.324145 -0.946007 0.000000  0.066993 0.796145 0
tire_wall_straight
0  0.266453 -12.350309 9.726871  0.293810 -0.955864 0.000000  0.085161 0.823148 0
0  7.619549 -10.090140 14.122545  0.293810 -0.955864 0.000000  0.066993 0.853697 0
0  0.266453 -12.350309 14.122545  0.293810 -0.955864 0.000000  0.066993 0.823148 0
tire_wall_straight
0  7.619549 -10.090140 9.726871  0.799540 -0.600613 0.000000  0.085161 0.853697 0
0  12.239835 -3.939584 14.122545  0.799540 -0.600613 0.000000  0.066993 0.876124 0
0  7.619549 -10.090140 14.122545  0.799540 -0.600613 0.000000  0.066993 0.853697 0
tire_wall_straight
0  12.239835 -3.939584 9.726871  0.999873 -0.015948 0.000000  0.944955 0.440830 0
0  12.362517 3.752057 14.122545  0.999873 -0.015948 0.000000  0.926788 0.471116 0
0  12.239835 -3.939584 14.122545  0.999873 -0.015948 0.000000  0.926788 0.440830 0
tire_wall_straight
0  12.362517 3.752057 9.726871  0.818288 0.574808 0.000000  0.944955 0.471116 0
0  7.940738 10.046838 14.122545  0.818288 0.574808 0.000000  0.926788 0.498900 0
0  12.362517 3.752057 14.122545  0.818288 0.574808 0.000000  0.926788 0.471116 0
tire_wall_straight
0  7.940738 10.046838 9.726871  0.324145 0.946007 0.000000  0.051569 0.796145 0
0  0.663464 12.540363 14.122545  0.324145 0.946007 0.000000  0.033402 0.823148 0
0  7.940738 10.046838 14.122545  0.324145 0.946007 0.000000  0.033402 0.796145 0
tire_wall_straight
0  0.663464 12.540363 14.122545  0.009736 0.610400 0.792034  0.616023 0.683150 0
0  -5.401806 8.446864 15.849417  -0.350908 0.499546 0.792034  0.591228 0.666377 0
0  0.627733 10.300203 15.849417  0.009735 0.610400 0.792034  0.616023 0.674181 0
tire_wall_straight
0  -6.689632 10.280194 14.122545  -0.350907 0.499547 0.792034  0.585785 0.673633 0
0  -9.190441 3.403407 15.849417  -0.577516 0.197883 0.792034  0.575904 0.645947 0
0  -5.401806 8.446864 15.849417  -0.350908 0.499546 0.792034  0.591228 0.666377 0
tire_wall_straight
0  -11.309918 4.129637 14.122545  -0.577516 0.197884 0.792034  0.567097 0.648719 0
0  -9.291040 -2.903738 15.849417  -0.583533 -0.179365 0.792034  0.575904 0.620694 0
0  -9.190441 3.403407 15.849417  -0.577516 0.197883 0.792034  0.575904 0.645947 0
tire_wall_straight
0  -11.432601 -3.562004 14.122545  -0.583533 -0.179364 0.792034  0.567097 0.617923 0
0  -5.665181 -8.065457 15.849417  -0.366660 -0.488101 0.792034  0.591228 0.600264 0
0  -9.291040 -2.903738 15.849417  -0.583533 -0.179365 0.792034  0.575904 0.620694 0
tire_wall_straight
0  -7.010821 -9.856784 14.122545  -0.366661 -0.488100 0.792034  0.585785 0.593008 0
0  0.302184 -10.110149 15.849417  -0.009735 -0.610400 0.792034  0.616023 0.592461 0
0  -5.665181 -8.065457 15.849417  -0.366660 -0.488101 0.792034  0.591228 0.600264 0
tire_wall_straight
0  0.266453 -12.350309 14.122545  -0.009736 -0.610400 0.792034  0.616023 0.583491 0
0  6.331723 -8.256810 15.849417  0.350908 -0.499546 0.792034  0.640818 0.600264 0
0  0.302184 -10.110149 15.849417  -0.009735 -0.610400 0.792034  0.616023 0.592461 0
tire_wall_straight
0  7.619549 -10.090140 14.122545  0.350907 -0.499547 0.792034  0.646261 0.593008 0
0  10.120358 -3.213354 15.849417  0.577516 -0.197883 0.792034  0.656142 0.620694 0
0  6.331723 -8.256810 15.849417  0.350908 -0.499546 0.792034  0.640818 0.600264 0
tire_wall_straight
0  12.239835 -3.939584 14.122545  0.577516 -0.197884 0.792034  0.664949 0.617923 0
0  10.220957 3.093791 15.849417  0.583533 0.179365 0.792034  0.656142 0.645947 0
0  10.120358 -3.213354 15.849417  0.577516 -0.197883 0.792034  0.656142 0.620694 0
tire_wall_straight
0  12.362517 3.752057 14.122545  0.583533 0.179364 0.792034  0.664949 0.648719 0
0  6.595098 8.255511 15.849417  0.366660 0.488101 0.792034  0.640818 0.666377 0
0  10.220957 3.093791 15.849417  0.583533 0.179365 0.792034  0.656142 0.645947 0
tire_wall_straight
0  7.940738 10.046838 14.122545  0.366661 0.488101 0.792034  0.646261 0.673633 0
0  0.627733 10.300203 15.849417  0.009735 0.610400 0.792034  0.616023 0.674181 0
0  6.595098 8.255511 15.849417  0.366660 0.488101 0.792034  0.640818 0.666377 0
tire_wall_straight
0  0.627733 10.300203 15.849417  -0.002345 -0.147141 0.989113  0.616023 0.674181 0
0  -3.470067 5.696868 15.349417  0.084589 -0.120419 0.989113  0.599392 0.655493 0
0  0.574136 6.939961 15.349417  -0.002346 -0.147141 0.989113  0.616023 0.660727 0
tire_wall_straight
0  -5.401806 8.446864 15.849417  0.084590 -0.120418 0.989113  0.591228 0.666377 0
0  -6.011224 2.314063 15.349417  0.139214 -0.047701 0.989113  0.589114 0.641790 0
0  -3.470067 5.696868 15.349417  0.084589 -0.120419 0.989113  0.599392 0.655493 0
tire_wall_straight
0  -9.190441 3.403407 15.849417  0.139215 -0.047700 0.989113  0.575904 0.645947 0
0  -6.078699 -1.916340 15.349417  0.140665 0.043238 0.989113  0.589114 0.624852 0
0  -6.011224 2.314063 15.349417  0.139214 -0.047701 0.989113  0.589114 0.641790 0
tire_wall_straight
0  -9.291040 -2.903738 15.849417  0.140665 0.043239 0.989113  0.575904 0.620694 0
0  -3.646721 -5.378469 15.349417  0.088386 0.117661 0.989113  0.599392 0.611149 0
0  -6.078699 -1.916340 15.349417  0.140665 0.043238 0.989113  0.589114 0.624852 0
tire_wall_straight
0  -5.665181 -8.065457 15.849417  0.088385 0.117661 0.989113  0.591228 0.600264 0
0  0.355780 -6.749908 15.349417  0.002346 0.147141 0.989113  0.616023 0.605915 0
0  -3.646721 -5.378469 15.349417  0.088386 0.117661 0.989113  0.599392 0.611149 0
tire_wall_straight
0  0.302184 -10.110149 15.849417  0.002345 0.147141 0.989113  0.616023 0.592461 0
0  4.399983 -5.506815 15.349417  -0.084589 0.120419 0.989113  0.632654 0.611149 0
0  0.355780 -6.749908 15.349417  0.002346 0.147141 0.989113  0.616023 0.605915 0
tire_wall_straight
0  6.331723 -8.256810 15.849417  -0.084590 0.120418 0.989113  0.640818 0.600264 0
0  6.941141 -2.124009 15.349417  -0.139214 0.047701 0.989113  0.642932 0.624852 0
0  4.399983 -5.506815 15.349417  -0.084589 0.120419 0.989113  0.632654 0.611149 0
tire_wall_straight
0  10.120358 -3.213354 15.849417  -0.139215 0.047700 0.989113  0.656142 0.620694 0
0  7.008616 2.106393 15.349417  -0.140665 -0.043238 0.989113  0.642932 0.641790 0
0  6.941141 -2.124009 15.349417  -0.139214 0.047701 0.989113  0.642932 0.624852 0
tire_wall_straight
0  10.220957 3.093791 15.849417  -0.140665 -0.043239 0.989113  0.656142 0.645947 0
0  4.576637 5.568522 15.349417  -0.088386 -0.117661 0.989113  0.632654 0.655493 0
0  7.008616 2.106393 15.349417  -0.140665 -0.043238 0.989113  0.642932 0.641790 0
tire_wall_straight
0  6.595098 8.255511 15.849417  -0.088385 -0.117661 0.989113  0.640818 0.666377 0
0  0.574136 6.939961 15.349417  -0.002346 -0.147141 0.989113  0.616023 0.660727 0
0  4.576637 5.568522 15.349417  -0.088386 -0.117661 0.989113  0.632654 0.655493 0
tire_wall_straight
0  0.574136 6.939961 15.349417  0.293810 -0.955864 0.000000  0.882981 0.504399 0
0  -3.470067 5.696868 8.500000  0.293810 -0.955864 0.000000  0.911290 0.487597 0
0  0.574136 6.939961 8.500000  0.293810 -0.955864 0.000000  0.911290 0.504399 0
tire_wall_straight
0  -3.470067 5.696868 15.349417  0.799540 -0.600613 0.000000  0.882981 0.487597 0
0  -6.011224 2.314063 8.500000  0.799540 -0.600613 0.000000  0.911290 0.475262 0
0  -3.470067 5.696868 8.500000  0.799540 -0.600613 0.000000  0.911290 0.487597 0
tire_wall_straight
0  -6.011224 2.314063 15.349417  0.999873 -0.015948 0.000000  0.567230 0.999102 0
0  -6.078699 -1.916340 8.500000  0.999873 -0.015948 0.000000  0.595539 0.982445 0
0  -6.011224 2.314063 8.500000  0.999873 -0.015948 0.000000  0.595539 0.999102 0
tire_wall_straight
0  -6.078699 -1.916340 15.349417  0.818288 0.574808 0.000000  0.567230 0.982445 0
0  -3.646721 -5.378469 8.500000  0.818288 0.574808 0.000000  0.595539 0.967164 0
0  -6.078699 -1.916340 8.500000  0.818288 0.574808 0.000000  0.595539 0.982445 0
tire_wall_straight
0  -3.646721 -5.378469 15.349417  0.324145 0.946007 0.000000  0.882981 0.460323 0
0  0.355780 -6.749908 8.500000  0.324145 0.946007 0.000000  0.911290 0.445471 0
0  -3.646721 -5.378469 8.500000  0.324145 0.946007 0.000000  0.911290 0.460323 0
tire_wall_straight
0  0.355780 -6.749908 15.349417  -0.293810 0.955864 0.000000  0.882981 0.445471 0
0  4.399983 -5.506815 8.500000  -0.293810 0.955864 0.000000  0.911290 0.428669 0
0  0.355780 -6.749908 8.500000  -0.293810 0.955864 0.000000  0.911290 0.445471 0
tire_wall_straight
0  4.399983 -5.506815 15.349417  -0.799540 0.600613 0.000000  0.882981 0.428669 0
0  6.941141 -2.124009 8.500000  -0.799540 0.600613 0.000000  0.911290 0.416334 0
0  4.399983 -5.506815 8.500000  -0.799540 0.600613 0.000000  0.911290 0.428669 0
tire_wall_straight
0  6.941141 -2.124009 15.349417  -0.999873 0.015948 0.000000  0.610963 0.999102 0
0  7.008616 2.106393 8.500000  -0.999873 0.015948 0.000000  0.639272 0.982445 0
0  6.941141 -2.124009 8.500000  -0.999873 0.015948 0.000000  0.639272 0.999102 0
tire_wall_straight
0  7.008616 2.106393 15.349417  -0.818288 -0.574808 0.000000  0.610963 0.982445 0
0  4.576637 5.568522 8.500000  -0.818288 -0.574808 0.000000  0.639272 0.967164 0
0  7.008616 2.106393 8.500000  -0.818288 -0.574808 0.000000  0.639272 0.982445 0
tire_wall_straight
0  4.576637 5.568522 15.349417  -0.324145 -0.946007 0.000000  0.882981 0.519251 0
0  0.574136 6.939961 8.500000  -0.324145 -0.946007 0.000000  0.911290 0.504399 0
0  4.576637 5.568522 8.500000  -0.324145 -0.946007 0.000000  0.911290 0.519251 0
tire_wall_straight
0  -5.982710 2.819163 16.500000  0.130437 -0.068762 -0.989069  0.767383 0.058180 0
0  -10.020719 -1.820229 16.000000  0.145942 0.021038 -0.989069  0.780567 0.037128 0
0  -8.949588 4.383191 16.000000  0.130437 -0.068763 -0.989069  0.780567 0.062329 0
tire_wall_straight
0  -6.701152 -1.341668 16.500000  0.145942 0.021039 -0.989069  0.767383 0.041277 0
0  -7.241004 -7.468495 16.000000  0.105704 0.102803 -0.989069  0.765273 0.016739 0
0  -10.020719 -1.820229 16.000000  0.145942 0.021038 -0.989069  0.780567 0.037128 0
tire_wall_straight
0  -4.836709 -5.130139 16.500000  0.105704 0.102804 -0.989069  0.757125 0.027601 0
0  -1.672199 -10.404164 16.000000  0.025091 0.145301 -0.989069  0.740528 0.008951 0
0  -7.241004 -7.468495 16.000000  0.105704 0.102803 -0.989069  0.765273 0.016739 0
tire_wall_straight
0  -1.101535 -7.099185 16.500000  0.025090 0.145301 -0.989069  0.740528 0.022378 0
0  4.558602 -9.505909 16.000000  -0.065107 0.132299 -0.989069  0.715783 0.016739 0
0  -1.672199 -10.404164 16.000000  0.025091 0.145301 -0.989069  0.740528 0.008951 0
tire_wall_straight
0  3.077660 -6.496696 16.500000  -0.065108 0.132298 -0.989069  0.723931 0.027601 0
0  9.071445 -5.116832 16.000000  -0.130436 0.068763 -0.989069  0.700490 0.037128 0
0  4.558602 -9.505909 16.000000  -0.065107 0.132299 -0.989069  0.715783 0.016739 0
tire_wall_straight
0  6.104567 -3.552804 16.500000  -0.130436 0.068762 -0.989069  0.713673 0.041277 0
0  10.142575 1.086588 16.000000  -0.145943 -0.021038 -0.989069  0.700490 0.062329 0
0  9.071445 -5.116832 16.000000  -0.130436 0.068763 -0.989069  0.700490 0.037128 0
tire_wall_straight
0  6.823009 0.608027 16.500000  -0.145942 -0.021039 -0.989069  0.713673 0.058180 0
0  7.362861 6.734855 16.000000  -0.105704 -0.102803 -0.989069  0.715783 0.082718 0
0  10.142575 1.086588 16.000000  -0.145943 -0.021038 -0.989069  0.700490 0.062329 0
tire_wall_straight
0  4.958566 4.396499 16.500000  -0.105703 -0.102804 -0.989069  0.723931 0.071856 0
0  1.794055 9.670524 16.000000  -0.025091 -0.145301 -0.989069  0.740528 0.090506 0
0  7.362861 6.734855 16.000000  -0.105704 -0.102803 -0.989069  0.715783 0.082718 0
tire_wall_straight
0  1.223391 6.365544 16.500000  -0.025090 -0.145301 -0.989069  0.740528 0.077079 0
0  -4.436746 8.772268 16.000000  0.065107 -0.132299 -0.989069  0.765273 0.082718 0
0  1.794055 9.670524 16.000000  -0.025091 -0.145301 -0.989069  0.740528 0.090506 0
tire_wall_straight
0  -2.955804 5.763056 16.500000  0.065108 -0.132298 -0.989069  0.757125 0.071856 0
0  -8.949588 4.383191 16.000000  0.130437 -0.068763 -0.989069  0.780567 0.062329 0
0  -4.436746 8.772268 16.000000  0.065107 -0.132299 -0.989069  0.765273 0.082718 0
tire_wall_straight
0  -8.949588 4.383191 16.000000  -0.541110 0.285254 -0.791095  0.780567 0.062329 0
0  -12.233763 -2.139270 17.728870  -0.605435 -0.087282 -0.791095  0.789355 0.034362 0
0  -10.927505 5.425876 17.728870  -0.541110 0.285253 -0.791095  0.789355 0.065096 0
tire_wall_straight
0  -10.020719 -1.820229 16.000000  -0.605435 -0.087281 -0.791095  0.780567 0.037128 0
0  -8.843866 -9.027400 17.728870  -0.438504 -0.426478 -0.791095  0.770705 0.009497 0
0  -12.233763 -2.139270 17.728870  -0.605435 -0.087282 -0.791095  0.789355 0.034362 0
tire_wall_straight
0  -7.241004 -7.468495 16.000000  -0.438505 -0.426477 -0.791095  0.765273 0.016739 0
0  -2.052641 -12.607484 17.728870  -0.104079 -0.602774 -0.791095  0.740528 0.000000 0
0  -8.843866 -9.027400 17.728870  -0.438504 -0.426478 -0.791095  0.770705 0.009497 0
tire_wall_straight
0  -1.672199 -10.404164 16.000000  -0.104080 -0.602774 -0.791095  0.740528 0.008951 0
0  5.545896 -11.512050 17.728870  0.270100 -0.548831 -0.791095  0.710351 0.009497 0
0  -2.052641 -12.607484 17.728870  -0.104079 -0.602774 -0.791095  0.740528 0.000000 0
tire_wall_straight
0  4.558602 -9.505909 16.000000  0.270099 -0.548831 -0.791095  0.715783 0.016739 0
0  11.049362 -6.159517 17.728870  0.541111 -0.285253 -0.791094  0.691701 0.034362 0
0  5.545896 -11.512050 17.728870  0.270100 -0.548831 -0.791095  0.710351 0.009497 0
tire_wall_straight
0  9.071445 -5.116832 16.000000  0.541110 -0.285254 -0.791094  0.700490 0.037128 0
0  12.355619 1.405628 17.728870  0.605435 0.087282 -0.791094  0.691701 0.065096 0
0  11.049362 -6.159517 17.728870  0.541111 -0.285253 -0.791094  0.691701 0.034362 0
tire_wall_straight
0  10.142575 1.086588 16.000000  0.605435 0.087281 -0.791095  0.700490 0.062329 0
0  8.965723 8.293759 17.728870  0.438504 0.426478 -0.791095  0.710351 0.089960 0
0  12.355619 1.405628 17.728870  0.605435 0.087282 -0.791094  0.691701 0.065096 0
tire_wall_straight
0  7.362861 6.734855 16.000000  0.438505 0.426477 -0.791095  0.715783 0.082718 0
0  2.174497 11.873843 17.728870  0.104079 0.602774 -0.791095  0.740528 0.099457 0
0  8.965723 8.293759 17.728870  0.438504 0.426478 -0.791095  0.710351 0.089960 0
tire_wall_straight
0  1.794055 9.670524 16.000000  0.104081 0.602774 -0.791095  0.740528 0.090506 0
0  -5.424039 10.778409 17.728870  -0.270100 0.548831 -0.791095  0.770705 0.089960 0
0  2.174497 11.873843 17.728870  0.104079 0.602774 -0.791095  0.740528 0.099457 0
tire_wall_straight
0  -4.436746 8.772268 16.000000  -0.270099 0.548831 -0.791095  0.765273 0.082718 0
0  -10.927505 5.425876 17.728870  -0.541110 0.285253 -0.791095  0.789355 0.065096 0
0  -5.424039 10.778409 17.728870  -0.270100 0.548831 -0.791095  0.770705 0.089960 0
tire_wall_straight
0  -10.927505 5.425876 17.728870  -0.985418 0.170150 0.000000  0.944976 0.146610 0
0  -12.233763 -2.139270 22.129635  -0.985418 0.170150 0.000000  0.926788 0.175611 0
0  -10.927505 5.425876 22.129635  -0.985418 0.170150 0.000000  0.926788 0.146610 0
tire_wall_straight
0  -12.233763 -2.139270 17.728870  -0.897232 -0.441560 0.000000  0.944976 0.175611 0
0  -8.843866 -9.027400 22.129635  -0.897232 -0.441560 0.000000  0.926788 0.205053 0
0  -12.233763 -2.139270 22.129635  -0.897232 -0.441560 0.000000  0.926788 0.175611 0
tire_wall_straight
0  -8.843866 -9.027400 17.728870  -0.466333 -0.884609 0.000000  0.822968 0.572511 0
0  -2.052641 -12.607484 22.129635  -0.466333 -0.884609 0.000000  0.804779 0.596854 0
0  -8.843866 -9.027400 22.129635  -0.466333 -0.884609 0.000000  0.804779 0.572511 0
tire_wall_straight
0  -2.052641 -12.607484 17.728870  0.142689 -0.989768 0.000000  0.822968 0.596854 0
0  5.545896 -11.512050 22.129635  0.142689 -0.989768 0.000000  0.804779 0.627576 0
0  -2.052641 -12.607484 22.129635  0.142689 -0.989768 0.000000  0.804779 0.596854 0
tire_wall_straight
0  5.545896 -11.512050 17.728870  0.697208 -0.716869 0.000000  0.822968 0.627576 0
0  11.049362 -6.159517 22.129635  0.697208 -0.716869 0.000000  0.804779 0.652941 0
0  5.545896 -11.512050 22.129635  0.697208 -0.716869 0.000000  0.804779 0.627576 0
tire_wall_straight
0  11.049362 -6.159517 17.728870  0.985418 -0.170150 0.000000  0.944976 0.219993 0
0  12.355619 1.405628 22.129635  0.985418 -0.170150 0.000000  0.926788 0.248994 0
0  11.049362 -6.159517 22.129635  0.985418 -0.170150 0.000000  0.926788 0.219993 0
tire_wall_straight
0  12.355619 1.405628 17.728870  0.897232 0.441560 0.000000  0.944976 0.248994 0
0  8.965723 8.293759 22.129635  0.897232 0.441560 0.000000  0.926788 0.278437 0
0  12.355619 1.405628 22.129635  0.897232 0.441560 0.000000  0.926788 0.248994 0
tire_wall_straight
0  8.965723 8.293759 17.728870  0.466333 0.884609 0.000000  0.822968 0.477141 0
0  2.174497 11.873843 22.129635  0.466333 0.884609 0.000000  0.804779 0.501484 0
0  8.965723 8.293759 22.129635  0.466333 0.884609 0.000000  0.804779 0.477141 0
tire_wall_straight
0  2.174497 11.873843 17.728870  -0.142689 0.989768 0.000000  0.822968 0.501484 0
0  -5.424039 10.778409 22.129635  -0.142689 0.989768 0.000000  0.804779 0.532206 0
0  2.174497 11.873843 22.129635  -0.142689 0.989768 0.000000  0.804779 0.501484 0
tire_wall_straight
0  -5.424039 10.778409 17.728870  -0.697208 0.716869 0.000000  0.822968 0.532206 0
0  -10.927505 5.425876 22.129635  -0.697208 0.716869 0.000000  0.804779 0.557571 0
0  -5.424039 10.778409 22.129635  -0.697208 0.716869 0.000000  0.804779 0.532206 0
tire_wall_straight
0  -10.927505 5.425876 22.129635  -0.541110 0.285253 0.791094  0.710351 0.123894 0
0  -10.020719 -1.820229 23.858505  -0.605434 -0.087283 0.791095  0.740528 0.123348 0
0  -8.949588 4.383191 23.858505  -0.541111 0.285252 0.791095  0.715783 0.131136 0
tire_wall_straight
0  -12.233763 -2.139270 22.129635  -0.605435 -0.087281 0.791095  0.740528 0.114397 0
0  -7.241004 -7.468495 23.858505  -0.438503 -0.426479 0.791095  0.765273 0.131136 0
0  -10.020719 -1.820229 23.858505  -0.605434 -0.087283 0.791095  0.740528 0.123348 0
tire_wall_straight
0  -8.843866 -9.027400 22.129635  -0.438504 -0.426478 0.791095  0.770705 0.123894 0
0  -1.672199 -10.404164 23.858505  -0.104079 -0.602774 0.791095  0.780566 0.151524 0
0  -7.241004 -7.468495 23.858505  -0.438503 -0.426479 0.791095  0.765273 0.131136 0
tire_wall_straight
0  -2.052641 -12.607484 22.129635  -0.104080 -0.602774 0.791095  0.789355 0.148758 0
0  4.558602 -9.505909 23.858505  0.270100 -0.548831 0.791095  0.780566 0.176726 0
0  -1.672199 -10.404164 23.858505  -0.104079 -0.602774 0.791095  0.780566 0.151524 0
tire_wall_straight
0  5.545896 -11.512050 22.129635  0.270099 -0.548831 0.791095  0.789355 0.179492 0
0  9.071445 -5.116832 23.858505  0.541110 -0.285252 0.791095  0.765273 0.197115 0
0  4.558602 -9.505909 23.858505  0.270100 -0.548831 0.791095  0.780566 0.176726 0
tire_wall_straight
0  11.049362 -6.159517 22.129635  0.541110 -0.285253 0.791095  0.770705 0.204357 0
0  10.142575 1.086588 23.858505  0.605434 0.087283 0.791095  0.740528 0.204903 0
0  9.071445 -5.116832 23.858505  0.541110 -0.285252 0.791095  0.765273 0.197115 0
tire_wall_straight
0  12.355619 1.405628 22.129635  0.605435 0.087281 0.791095  0.740528 0.213854 0
0  7.362861 6.734855 23.858505  0.438503 0.426479 0.791095  0.715783 0.197115 0
0  10.142575 1.086588 23.858505  0.605434 0.087283 0.791095  0.740528 0.204903 0
tire_wall_straight
0  8.965723 8.293759 22.129635  0.438504 0.426478 0.791095  0.710351 0.204357 0
0  1.794055 9.670524 23.858505  0.104079 0.602774 0.791095  0.700490 0.176726 0
0  7.362861 6.734855 23.858505  0.438503 0.426479 0.791095  0.715783 0.197115 0
tire_wall_straight
0  2.174497 11.873843 22.129635  0.104080 0.602774 0.791095  0.691701 0.179492 0
0  -4.436746 8.772268 23.858505  -0.270100 0.548831 0.791095  0.700490 0.151524 0
0  1.794055 9.670524 23.858505  0.104079 0.602774 0.791095  0.700490 0.176726 0
tire_wall_straight
0  -5.424039 10.778409 22.129635  -0.270099 0.548831 0.791095  0.691701 0.148758 0
0  -8.949588 4.383191 23.858505  -0.541111 0.285252 0.791095  0.715783 0.131136 0
0  -4.436746 8.772268 23.858505  -0.270100 0.548831 0.791095  0.700490 0.151524 0
tire_wall_straight
0  -8.949588 4.383191 23.858505  0.130437 -0.068760 0.989069  0.715783 0.131136 0
0  -6.701152 -1.341668 23.358505  0.145943 0.021040 0.989069  0.740528 0.136775 0
0  -5.982710 2.819163 23.358505  0.130437 -0.068761 0.989069  0.723931 0.141998 0
tire_wall_straight
0  -10.020719 -1.820229 23.858505  0.145942 0.021041 0.989069  0.740528 0.123348 0
0  -4.836709 -5.130139 23.358505  0.105703 0.102805 0.989069  0.757125 0.141998 0
0  -6.701152 -1.341668 23.358505  0.145943 0.021040 0.989069  0.740528 0.136775 0
tire_wall_straight
0  -7.241004 -7.468495 23.858505  0.105702 0.102805 0.989069  0.765273 0.131136 0
0  -1.101535 -7.099185 23.358505  0.025088 0.145301 0.989069  0.767383 0.155674 0
0  -4.836709 -5.130139 23.358505  0.105703 0.102805 0.989069  0.757125 0.141998 0
tire_wall_straight
0  -1.672199 -10.404164 23.858505  0.025087 0.145302 0.989069  0.780566 0.151524 0
0  3.077660 -6.496696 23.358505  -0.065109 0.132298 0.989069  0.767383 0.172577 0
0  -1.101535 -7.099185 23.358505  0.025088 0.145301 0.989069  0.767383 0.155674 0
tire_wall_straight
0  4.558602 -9.505909 23.858505  -0.065110 0.132297 0.989069  0.780566 0.176726 0
0  6.104567 -3.552804 23.358505  -0.130437 0.068761 0.989069  0.757125 0.186253 0
0  3.077660 -6.496696 23.358505  -0.065109 0.132298 0.989069  0.767383 0.172577 0
tire_wall_straight
0  9.071445 -5.116832 23.858505  -0.130437 0.068760 0.989069  0.765273 0.197115 0
0  6.823009 0.608027 23.358505  -0.145942 -0.021040 0.989069  0.740528 0.191476 0
0  6.104567 -3.552804 23.358505  -0.130437 0.068761 0.989069  0.757125 0.186253 0
tire_wall_straight
0  10.142575 1.086588 23.858505  -0.145942 -0.021041 0.989069  0.740528 0.204903 0
0  4.958566 4.396499 23.358505  -0.105703 -0.102805 0.989069  0.723931 0.186253 0
0  6.823009 0.608027 23.358505  -0.145942 -0.021040 0.989069  0.740528 0.191476 0
tire_wall_straight
0  7.362861 6.734855 23.858505  -0.105702 -0.102805 0.989069  0.715783 0.197115 0
0  1.223391 6.365544 23.358505  -0.025088 -0.145301 0.989069  0.713673 0.172577 0
0  4.958566 4.396499 23.358505  -0.105703 -0.102805 0.989069  0.723931 0.186253 0
tire_wall_straight
0  1.794055 9.670524 23.858505  -0.025087 -0.145301 0.989069  0.700490 0.176726 0
0  -2.955804 5.763056 23.358505  0.065109 -0.132298 0.989069  0.713673 0.155674 0
0  1.223391 6.365544 23.358505  -0.025088 -0.145301 0.989069  0.713673 0.172577 0
tire_wall_straight
0  -4.436746 8.772268 23.858505  0.065110 -0.132297 0.989069  0.700490 0.151524 0
0  -5.982710 2.819163 23.358505  0.130437 -0.068761 0.989069  0.723931 0.141998 0
0  -2.955804 5.763056 23.358505  0.065109 -0.132298 0.989069  0.713673 0.155674 0
tire_wall_straight
0  -5.982710 2.819163 23.358505  0.985418 -0.170150 0.000000  0.436671 0.999308 0
0  -6.701152 -1.341668 16.500000  0.985418 -0.170150 0.000000  0.465018 0.983357 0
0  -5.982710 2.819163 16.500000  0.985418 -0.170150 0.000000  0.465018 0.999308 0
tire_wall_straight
0  -6.701152 -1.341668 23.358505  0.897232 0.441560 0.000000  0.436671 0.983357 0
0  -4.836709 -5.130139 16.500000  0.897232 0.441560 0.000000  0.465018 0.967164 0
0  -6.701152 -1.341668 16.500000  0.897232 0.441560 0.000000  0.465018 0.983357 0
tire_wall_straight
0  -4.836709 -5.130139 23.358505  0.466333 0.884609 0.000000  0.882981 0.282510 0
0  -1.101535 -7.099185 16.500000  0.466333 0.884609 0.000000  0.911328 0.269121 0
0  -4.836709 -5.130139 16.500000  0.466333 0.884609 0.000000  0.911328 0.282510 0
tire_wall_straight
0  -1.101535 -7.099185 23.358505  -0.142689 0.989768 0.000000  0.882981 0.269121 0
0  3.077660 -6.496696 16.500000  -0.142689 0.989768 0.000000  0.911328 0.252224 0
0  -1.101535 -7.099185 16.500000  -0.142689 0.989768 0.000000  0.911328 0.269121 0
tire_wall_straight
0  3.077660 -6.496696 23.358505  -0.697208 0.716869 0.000000  0.882981 0.252224 0
0  6.104567 -3.552804 16.500000  -0.697208 0.716869 0.000000  0.911328 0.238273 0
0  3.077660 -6.496696 16.500000  -0.697208 0.716869 0.000000  0.911328 0.252224 0
tire_wall_straight
0  6.104567 -3.552804 23.358505  -0.985418 0.170150 0.000000  0.392901 0.999308 0
0  6.823009 0.608027 16.500000  -0.985418 0.170150 0.000000  0.421247 0.983357 0
0  6.104567 -3.552804 16.500000  -0.985418 0.170150 0.000000  0.421247 0.999308 0
tire_wall_straight
0  6.823009 0.608027 23.358505  -0.897232 -0.441560 0.000000  0.392901 0.983357 0
0  4.958566 4.396499 16.500000  -0.897232 -0.441560 0.000000  0.421247 0.967164 0
0  6.823009 0.608027 16.500000  -0.897232 -0.441560 0.000000  0.421247 0.983357 0
tire_wall_straight
0  4.958566 4.396499 23.358505  -0.466333 -0.884609 0.000000  0.882981 0.223334 0
0  1.223391 6.365544 16.500000  -0.466333 -0.884609 0.000000  0.911328 0.209945 0
0  4.958566 4.396499 16.500000  -0.466333 -0.884609 0.000000  0.911328 0.223334 0
tire_wall_straight
0  1.223391 6.365544 23.358505  0.142689 -0.989768 0.000000  0.882981 0.209945 0
0  -2.955804 5.763056 16.500000  0.142689 -0.989768 0.000000  0.911328 0.193048 0
0  1.223391 6.365544 16.500000  0.142689 -0.989768 0.000000  0.911328 0.209945 0
tire_wall_straight
0  -2.955804 5.763056 23.358505  0.697208 -0.716869 0.000000  0.882981 0.193048 0
0  -5.982710 2.819163 16.500000  0.697208 -0.716869 0.000000  0.911328 0.179097 0
0  -2.955804 5.763056 16.500000  0.697208 -0.716869 0.000000  0.911328 0.193048 0
tire_wall_straight
0  24.742868 7.298315 0.500000  0.022945 -0.142603 -0.989514  0.425218 0.176214 0
0  18.477171 7.747246 0.000000  0.102382 -0.101882 -0.989514  0.438682 0.154712 0
0  24.198704 10.680240 0.000000  0.022944 -0.142603 -0.989514  0.438682 0.180451 0
tire_wall_straight
0  20.905254 5.331063 0.500000  0.102382 -0.101881 -0.989514  0.425218 0.158950 0
0  15.572325 2.011371 0.000000  0.142713 -0.022246 -0.989514  0.423063 0.133888 0
0  18.477171 7.747246 0.000000  0.102382 -0.101882 -0.989514  0.438682 0.154712 0
tire_wall_straight
0  18.956882 1.483830 0.500000  0.142713 -0.022245 -0.989514  0.414741 0.144982 0
0  16.593716 -4.336474 0.000000  0.128533 0.065887 -0.989514  0.397790 0.125934 0
0  15.572325 2.011371 0.000000  0.142713 -0.022246 -0.989514  0.423063 0.133888 0
tire_wall_straight
0  19.641962 -2.773871 0.500000  0.128533 0.065888 -0.989514  0.397790 0.139648 0
0  21.151211 -8.871630 0.000000  0.065258 0.128854 -0.989514  0.372517 0.133888 0
0  16.593716 -4.336474 0.000000  0.128533 0.065887 -0.989514  0.397790 0.125934 0
tire_wall_straight
0  22.698818 -5.815744 0.500000  0.065257 0.128854 -0.989514  0.380839 0.144983 0
0  27.503998 -9.861821 0.000000  -0.022944 0.142603 -0.989514  0.356898 0.154712 0
0  21.151211 -8.871630 0.000000  0.065258 0.128854 -0.989514  0.372517 0.133888 0
tire_wall_straight
0  26.959833 -6.479896 0.500000  -0.022945 0.142603 -0.989514  0.370362 0.158950 0
0  33.225533 -6.928827 0.000000  -0.102382 0.101882 -0.989514  0.356898 0.180451 0
0  27.503998 -9.861821 0.000000  -0.022944 0.142603 -0.989514  0.356898 0.154712 0
tire_wall_straight
0  30.797447 -4.512644 0.500000  -0.102382 0.101881 -0.989514  0.370362 0.176214 0
0  36.130379 -1.192953 0.000000  -0.142713 0.022246 -0.989514  0.372517 0.201275 0
0  33.225533 -6.928827 0.000000  -0.102382 0.101882 -0.989514  0.356898 0.180451 0
tire_wall_straight
0  32.745819 -0.665412 0.500000  -0.142713 0.022245 -0.989514  0.380839 0.190181 0
0  35.108986 5.154892 0.000000  -0.128533 -0.065887 -0.989514  0.397790 0.209229 0
0  36.130379 -1.192953 0.000000  -0.142713 0.022246 -0.989514  0.372517 0.201275 0
tire_wall_straight
0  32.060738 3.592289 0.500000  -0.128533 -0.065888 -0.989514  0.397790 0.195516 0
0  30.551491 9.690048 0.000000  -0.065258 -0.128854 -0.989514  0.423063 0.201275 0
0  35.108986 5.154892 0.000000  -0.128533 -0.065887 -0.989514  0.397790 0.209229 0
tire_wall_straight
0  29.003883 6.634162 0.500000  -0.065257 -0.128854 -0.989514  0.414741 0.190181 0
0  24.198704 10.680240 0.000000  0.022944 -0.142603 -0.989514  0.438682 0.180451 0
0  30.551491 9.690048 0.000000  -0.065258 -0.128854 -0.989514  0.423063 0.201275 0
tire_wall_straight
0  24.198704 10.680240 0.000000  -0.095154 0.591375 -0.800763  0.438682 0.180451 0
0  16.858448 9.358034 1.708176  -0.424583 0.422502 -0.800763  0.447659 0.151887 0
0  23.835928 12.934856 1.708176  -0.095155 0.591375 -0.800763  0.447659 0.183276 0
tire_wall_straight
0  18.477171 7.747246 0.000000  -0.424583 0.422503 -0.800763  0.438682 0.154712 0
0  13.315953 2.363066 1.708176  -0.591836 0.092247 -0.800763  0.428611 0.126492 0
0  16.858448 9.358034 1.708176  -0.424583 0.422502 -0.800763  0.447659 0.151887 0
tire_wall_straight
0  15.572325 2.011371 0.000000  -0.591835 0.092249 -0.800763  0.423063 0.133888 0
0  14.561553 -5.378210 1.708176  -0.533027 -0.273243 -0.800763  0.397790 0.116792 0
0  13.315953 2.363066 1.708176  -0.591836 0.092247 -0.800763  0.428611 0.126492 0
tire_wall_straight
0  16.593716 -4.336474 0.000000  -0.533027 -0.273242 -0.800763  0.397790 0.125934 0
0  20.119473 -10.908888 1.708176  -0.270620 -0.534363 -0.800763  0.366969 0.126492 0
0  14.561553 -5.378210 1.708176  -0.533027 -0.273243 -0.800763  0.397790 0.116792 0
tire_wall_straight
0  21.151211 -8.871630 0.000000  -0.270621 -0.534363 -0.800763  0.372517 0.133888 0
0  27.866774 -12.116438 1.708176  0.095155 -0.591375 -0.800763  0.347921 0.151887 0
0  20.119473 -10.908888 1.708176  -0.270620 -0.534363 -0.800763  0.366969 0.126492 0
tire_wall_straight
0  27.503998 -9.861821 0.000000  0.095154 -0.591375 -0.800763  0.356898 0.154712 0
0  34.844254 -8.539616 1.708176  0.424584 -0.422502 -0.800763  0.347921 0.183276 0
0  27.866774 -12.116438 1.708176  0.095155 -0.591375 -0.800763  0.347921 0.151887 0
tire_wall_straight
0  33.225533 -6.928827 0.000000  0.424583 -0.422503 -0.800763  0.356898 0.180451 0
0  38.386749 -1.544648 1.708176  0.591836 -0.092248 -0.800763  0.366969 0.208671 0
0  34.844254 -8.539616 1.708176  0.424584 -0.422502 -0.800763  0.347921 0.183276 0
tire_wall_straight
0  36.130379 -1.192953 0.000000  0.591836 -0.092249 -0.800763  0.372517 0.201275 0
0  37.141148 6.196628 1.708176  0.533027 0.273243 -0.800763  0.397790 0.218371 0
0  38.386749 -1.544648 1.708176  0.591836 -0.092248 -0.800763  0.366969 0.208671 0
tire_wall_straight
0  35.108986 5.154892 0.000000  0.533027 0.273242 -0.800763  0.397790 0.209229 0
0  31.583229 11.727306 1.708176  0.270620 0.534363 -0.800763  0.428611 0.208671 0
0  37.141148 6.196628 1.708176  0.533027 0.273243 -0.800763  0.397790 0.218371 0
tire_wall_straight
0  30.551491 9.690048 0.000000  0.270621 0.534362 -0.800763  0.423063 0.201275 0
0  23.835928 12.934856 1.708176  -0.095155 0.591375 -0.800763  0.447659 0.183276 0
0  31.583229 11.727306 1.708176  0.270620 0.534363 -0.800763  0.428611 0.208671 0
tire_wall_straight
0  23.835928 12.934856 1.708176  -0.456178 0.889889 0.000000  0.523672 0.921734 0
0  16.858448 9.358034 6.056261  -0.456178 0.889889 0.000000  0.505701 0.951701 0
0  23.835928 12.934856 6.056261  -0.456178 0.889888 0.000000  0.505701 0.921734 0
tire_wall_straight
0  16.858448 9.358034 1.708176  -0.892119 0.451800 0.000000  0.489753 0.698309 0
0  13.315953 2.363066 6.056261  -0.892119 0.451800 0.000000  0.471782 0.723576 0
0  16.858448 9.358034 6.056261  -0.892119 0.451800 0.000000  0.471782 0.698309 0
tire_wall_straight
0  13.315953 2.363066 1.708176  -0.987301 -0.158860 0.000000  0.489753 0.723576 0
0  14.561553 -5.378210 6.056261  -0.987301 -0.158860 0.000000  0.471782 0.754965 0
0  13.315953 2.363066 6.056261  -0.987301 -0.158861 0.000000  0.471782 0.723576 0
tire_wall_straight
0  14.561553 -5.378210 1.708176  -0.705367 -0.708842 0.000000  0.489753 0.754965 0
0  20.119473 -10.908888 6.056261  -0.705368 -0.708842 0.000000  0.471782 0.780486 0
0  14.561553 -5.378210 6.056261  -0.705367 -0.708842 0.000000  0.471782 0.754965 0
tire_wall_straight
0  20.119473 -10.908888 1.708176  -0.154008 -0.988070 0.000000  0.557067 0.891999 0
0  27.866774 -12.116438 6.056261  -0.154008 -0.988070 0.000000  0.539096 0.921734 0
0  20.119473 -10.908888 6.056261  -0.154008 -0.988070 0.000000  0.539096 0.891999 0
tire_wall_straight
0  27.866774 -12.116438 1.708176  0.456178 -0.889889 0.000000  0.557067 0.921734 0
0  34.844254 -8.539616 6.056261  0.456178 -0.889889 0.000000  0.539096 0.951701 0
0  27.866774 -12.116438 6.056261  0.456178 -0.889889 0.000000  0.539096 0.921734 0
tire_wall_straight
0  34.844254 -8.539616 1.708176  0.892119 -0.451800 0.000000  0.523148 0.698309 0
0  38.386749 -1.544648 6.056261  0.892119 -0.451800 0.000000  0.505177 0.723576 0
0  34.844254 -8.539616 6.056261  0.892119 -0.451800 0.000000  0.505177 0.698309 0
tire_wall_straight
0  38.386749 -1.544648 1.708176  0.987301 0.158861 0.000000  0.523148 0.723576 0
0  37.141148 6.196628 6.056261  0.987301 0.158861 0.000000  0.505177 0.754965 0
0  38.386749 -1.544648 6.056261  0.987301 0.158861 0.000000  0.505177 0.723576 0
tire_wall_straight
0  37.141148 6.196628 1.708176  0.705368 0.708842 0.000000  0.523148 0.754965 0
0  31.583229 11.727306 6.056261  0.705368 0.708842 0.000000  0.505177 0.780486 0
0  37.141148 6.196628 6.056261  0.705368 0.708842 0.000000  0.505177 0.754965 0
tire_wall_straight
0  31.583229 11.727306 1.708176  0.154008 0.988070 0.000000  0.523672 0.891999 0
0  23.835928 12.934856 6.056261  0.154008 0.988070 0.000000  0.505701 0.921734 0
0  31.583229 11.727306 6.056261  0.154008 0.988070 0.000000  0.505701 0.891999 0
tire_wall_straight
0  23.835928 12.934856 6.056261  -0.095154 0.591375 0.800763  0.347921 0.299795 0
0  18.477171 7.747246 7.764437  -0.424584 0.422502 0.800763  0.356898 0.271230 0
0  24.198704 10.680240 7.764437  -0.095155 0.591375 0.800763  0.356898 0.296970 0
tire_wall_straight
0  16.858448 9.358034 6.056261  -0.424583 0.422502 0.800763  0.347921 0.268405 0
0  15.572325 2.011371 7.764437  -0.591836 0.092247 0.800763  0.372517 0.250407 0
0  18.477171 7.747246 7.764437  -0.424584 0.422502 0.800763  0.356898 0.271230 0
tire_wall_straight
0  13.315953 2.363066 6.056261  -0.591836 0.092248 0.800763  0.366969 0.243011 0
0  16.593716 -4.336474 7.764437  -0.533026 -0.273243 0.800763  0.397790 0.242453 0
0  15.572325 2.011371 7.764437  -0.591836 0.092247 0.800763  0.372517 0.250407 0
tire_wall_straight
0  14.561553 -5.378210 6.056261  -0.533027 -0.273242 0.800763  0.397790 0.233311 0
0  21.151211 -8.871630 7.764437  -0.270619 -0.534363 0.800763  0.423063 0.250407 0
0  16.593716 -4.336474 7.764437  -0.533026 -0.273243 0.800763  0.397790 0.242453 0
tire_wall_straight
0  20.119473 -10.908888 6.056261  -0.270620 -0.534363 0.800763  0.428611 0.243011 0
0  27.503998 -9.861821 7.764437  0.095155 -0.591375 0.800763  0.438682 0.271230 0
0  21.151211 -8.871630 7.764437  -0.270619 -0.534363 0.800763  0.423063 0.250407 0
tire_wall_straight
0  27.866774 -12.116438 6.056261  0.095154 -0.591375 0.800763  0.447659 0.268405 0
0  33.225533 -6.928827 7.764437  0.424584 -0.422502 0.800763  0.438682 0.296970 0
0  27.503998 -9.861821 7.764437  0.095155 -0.591375 0.800763  0.438682 0.271230 0
tire_wall_straight
0  34.844254 -8.539616 6.056261  0.424583 -0.422502 0.800763  0.447659 0.299795 0
0  36.130379 -1.192953 7.764437  0.591836 -0.092247 0.800763  0.423063 0.317793 0
0  33.225533 -6.928827 7.764437  0.424584 -0.422502 0.800763  0.438682 0.296970 0
tire_wall_straight
0  38.386749 -1.544648 6.056261  0.591836 -0.092248 0.800763  0.428611 0.325189 0
0  35.108986 5.154892 7.764437  0.533026 0.273243 0.800763  0.397790 0.325747 0
0  36.130379 -1.192953 7.764437  0.591836 -0.092247 0.800763  0.423063 0.317793 0
tire_wall_straight
0  37.141148 6.196628 6.056261  0.533027 0.273242 0.800763  0.397790 0.334889 0
0  30.551491 9.690048 7.764437  0.270619 0.534363 0.800763  0.372517 0.317793 0
0  35.108986 5.154892 7.764437  0.533026 0.273243 0.800763  0.397790 0.325747 0
tire_wall_straight
0  31.583229 11.727306 6.056261  0.270620 0.534363 0.800763  0.366969 0.325189 0
0  24.198704 10.680240 7.764437  -0.095155 0.591375 0.800763  0.356898 0.296970 0
0  30.551491 9.690048 7.764437  0.270619 0.534363 0.800763  0.372517 0.317793 0
tire_wall_straight
0  24.198704 10.680240 7.764437  0.022947 -0.142602 0.989514  0.356898 0.296970 0
0  20.905254 5.331063 7.264437  0.102383 -0.101881 0.989514  0.370362 0.275468 0
0  24.742868 7.298315 7.264437  0.022946 -0.142602 0.989514  0.370362 0.292732 0
tire_wall_straight
0  18.477171 7.747246 7.764437  0.102384 -0.101880 0.989514  0.356898 0.271230 0
0  18.956882 1.483830 7.264437  0.142713 -0.022244 0.989514  0.380839 0.261501 0
0  20.905254 5.331063 7.264437  0.102383 -0.101881 0.989514  0.370362 0.275468 0
tire_wall_straight
0  15.572325 2.011371 7.764437  0.142714 -0.022243 0.989514  0.372517 0.250407 0
0  19.641962 -2.773871 7.264437  0.128532 0.065889 0.989514  0.397790 0.256166 0
0  18.956882 1.483830 7.264437  0.142713 -0.022244 0.989514  0.380839 0.261501 0
tire_wall_straight
0  16.593716 -4.336474 7.764437  0.128532 0.065890 0.989514  0.397790 0.242453 0
0  22.698818 -5.815744 7.264437  0.065256 0.128855 0.989514  0.414741 0.261501 0
0  19.641962 -2.773871 7.264437  0.128532 0.065889 0.989514  0.397790 0.256166 0
tire_wall_straight
0  21.151211 -8.871630 7.764437  0.065255 0.128856 0.989514  0.423063 0.250407 0
0  26.959833 -6.479896 7.264437  -0.022946 0.142602 0.989514  0.425218 0.275468 0
0  22.698818 -5.815744 7.264437  0.065256 0.128855 0.989514  0.414741 0.261501 0
tire_wall_straight
0  27.503998 -9.861821 7.764437  -0.022947 0.142602 0.989514  0.438682 0.271230 0
0  30.797447 -4.512644 7.264437  -0.102383 0.101881 0.989514  0.425218 0.292732 0
0  26.959833 -6.479896 7.264437  -0.022946 0.142602 0.989514  0.425218 0.275468 0
tire_wall_straight
0  33.225533 -6.928827 7.764437  -0.102384 0.101880 0.989514  0.438682 0.296970 0
0  32.745819 -0.665412 7.264437  -0.142713 0.022244 0.989514  0.414741 0.306699 0
0  30.797447 -4.512644 7.264437  -0.102383 0.101881 0.989514  0.425218 0.292732 0
tire_wall_straight
0  36.130379 -1.192953 7.764437  -0.142714 0.022243 0.989514  0.423063 0.317793 0
0  32.060738 3.592289 7.264437  -0.128532 -0.065889 0.989514  0.397790 0.312034 0
0  32.745819 -0.665412 7.264437  -0.142713 0.022244 0.989514  0.414741 0.306699 0
tire_wall_straight
0  35.108986 5.154892 7.764437  -0.128532 -0.065890 0.989514  0.397790 0.325747 0
0  29.003883 6.634162 7.264437  -0.065256 -0.128855 0.989514  0.380839 0.306699 0
0  32.060738 3.592289 7.264437  -0.128532 -0.065889 0.989514  0.397790 0.312034 0
tire_wall_straight
0  30.551491 9.690048 7.764437  -0.065255 -0.128856 0.989514  0.372517 0.317793 0
0  24.742868 7.298315 7.264437  0.022946 -0.142602 0.989514  0.370362 0.292732 0
0  29.003883 6.634162 7.264437  -0.065256 -0.128855 0.989514  0.380839 0.306699 0
tire_wall_straight
0  24.742868 7.298315 7.264437  0.456178 -0.889889 0.000000  0.262347 0.983646 0
0  20.905254 5.331063 0.500000  0.456178 -0.889889 0.000000  0.290305 0.967164 0
0  24.742868 7.298315 0.500000  0.456178 -0.889889 0.000000  0.290305 0.983646 0
tire_wall_straight
0  20.905254 5.331063 7.264437  0.892119 -0.451800 0.000000  0.838686 0.699772 0
0  18.956882 1.483830 0.500000  0.892119 -0.451800 0.000000  0.866643 0.685875 0
0  20.905254 5.331063 0.500000  0.892119 -0.451801 0.000000  0.866643 0.699772 0
tire_wall_straight
0  18.956882 1.483830 7.264437  0.987301 0.158860 0.000000  0.838686 0.685875 0
0  19.641962 -2.773871 0.500000  0.987301 0.158860 0.000000  0.866643 0.668611 0
0  18.956882 1.483830 0.500000  0.987301 0.158861 0.000000  0.866643 0.685875 0
tire_wall_straight
0  19.641962 -2.773871 7.264437  0.705367 0.708842 0.000000  0.838686 0.668611 0
0  22.698818 -5.815744 0.500000  0.705367 0.708842 0.000000  0.866643 0.654574 0
0  19.641962 -2.773871 0.500000  0.705367 0.708842 0.000000  0.866643 0.668611 0
tire_wall_straight
0  22.698818 -5.815744 7.264437  0.154008 0.988070 0.000000  0.218966 1.000000 0
0  26.959833 -6.479896 0.500000  0.154008 0.988070 0.000000  0.246923 0.983646 0
0  22.698818 -5.815744 0.500000  0.154008 0.988070 0.000000  0.246923 1.000000 0
tire_wall_straight
0  26.959833 -6.479896 7.264437  -0.456178 0.889889 0.000000  0.218966 0.983646 0
0  30.797447 -4.512644 0.500000  -0.456178 0.889889 0.000000  0.246923 0.967164 0
0  26.959833 -6.479896 0.500000  -0.456178 0.889889 0.000000  0.246923 0.983646 0
tire_wall_straight
0  30.797447 -4.512644 7.264437  -0.892119 0.451800 0.000000  0.838686 0.759909 0
0  32.745819 -0.665412 0.500000  -0.892119 0.451800 0.000000  0.866643 0.746012 0
0  30.797447 -4.512644 0.500000  -0.892119 0.451801 0.000000  0.866643 0.759909 0
tire_wall_straight
0  32.745819 -0.665412 7.264437  -0.987301 -0.158861 0.000000  0.838686 0.746012 0
0  32.060738 3.592289 0.500000  -0.987301 -0.158861 0.000000  0.866643 0.728748 0
0  32.745819 -0.665412 0.500000  -0.987301 -0.158861 0.000000  0.866643 0.746012 0
tire_wall_straight
0  32.060738 3.592289 7.264437  -0.705368 -0.708842 0.000000  0.838686 0.728748 0
0  29.003883 6.634162 0.500000  -0.705368 -0.708842 0.000000  0.866643 0.714711 0
0  32.060738 3.592289 0.500000  -0.705368 -0.708841 0.000000  0.866643 0.728748 0
tire_wall_straight
0  29.003883 6.634162 7.264437  -0.154008 -0.988070 0.000000  0.262347 1.000000 0
0  24.742868 7.298315 0.500000  -0.154008 -0.988070 0.000000  0.290305 0.983646 0
0  29.003883 6.634162 0.500000  -0.154008 -0.988070 0.000000  0.290305 1.000000 0
tire_wall_straight
0  24.243608 6.770081 8.500000  0.024684 -0.144554 -0.989189  0.643584 0.302457 0
0  18.070377 7.152866 8.000000  0.104936 -0.102438 -0.989189  0.667157 0.292877 0
0  23.675882 10.094665 8.000000  0.024683 -0.144554 -0.989189  0.651778 0.313380 0
tire_wall_straight
0  20.483818 4.796924 8.500000  0.104937 -0.102437 -0.989189  0.653899 0.288705 0
0  15.264573 1.478068 8.000000  0.145106 -0.021194 -0.989189  0.667157 0.267534 0
0  18.070377 7.152866 8.000000  0.104936 -0.102438 -0.989189  0.667157 0.292877 0
tire_wall_straight
0  18.601877 0.990656 8.500000  0.145106 -0.021193 -0.989189  0.653899 0.271706 0
0  16.330193 -4.762150 8.000000  0.129851 0.068145 -0.989189  0.651778 0.247030 0
0  15.264573 1.478068 8.000000  0.145106 -0.021194 -0.989189  0.667157 0.267534 0
tire_wall_straight
0  19.316624 -3.194856 8.500000  0.129851 0.068146 -0.989189  0.643584 0.257954 0
0  20.860207 -9.184237 8.000000  0.064997 0.131455 -0.989189  0.626894 0.239199 0
0  16.330193 -4.762150 8.000000  0.129851 0.068145 -0.989189  0.651778 0.247030 0
tire_wall_straight
0  22.355045 -6.160890 8.500000  0.064996 0.131455 -0.989189  0.626894 0.252701 0
0  27.124300 -10.099105 8.000000  -0.024683 0.144554 -0.989189  0.602010 0.247030 0
0  20.860207 -9.184237 8.000000  0.064997 0.131455 -0.989189  0.626894 0.239199 0
tire_wall_straight
0  26.556574 -6.774521 8.500000  -0.024684 0.144554 -0.989189  0.610203 0.257954 0
0  32.729805 -7.157307 8.000000  -0.104936 0.102438 -0.989189  0.586631 0.267534 0
0  27.124300 -10.099105 8.000000  -0.024683 0.144554 -0.989189  0.602010 0.247030 0
tire_wall_straight
0  30.316364 -4.801364 8.500000  -0.104937 0.102437 -0.989189  0.599888 0.271706 0
0  35.535610 -1.482509 8.000000  -0.145106 0.021194 -0.989189  0.586631 0.292877 0
0  32.729805 -7.157307 8.000000  -0.104936 0.102438 -0.989189  0.586631 0.267534 0
tire_wall_straight
0  32.198303 -0.995097 8.500000  -0.145107 0.021193 -0.989189  0.599888 0.288705 0
0  34.469990 4.757710 8.000000  -0.129851 -0.068145 -0.989189  0.602010 0.313380 0
0  35.535610 -1.482509 8.000000  -0.145106 0.021194 -0.989189  0.586631 0.292877 0
tire_wall_straight
0  31.483559 3.190415 8.500000  -0.129851 -0.068146 -0.989189  0.610203 0.302457 0
0  29.939976 9.179796 8.000000  -0.064997 -0.131455 -0.989189  0.626894 0.321212 0
0  34.469990 4.757710 8.000000  -0.129851 -0.068145 -0.989189  0.602010 0.313380 0
tire_wall_straight
0  28.445137 6.156449 8.500000  -0.064996 -0.131455 -0.989189  0.626894 0.307710 0
0  23.675882 10.094665 8.000000  0.024683 -0.144554 -0.989189  0.651778 0.313380 0
0  29.939976 9.179796 8.000000  -0.064997 -0.131455 -0.989189  0.626894 0.321212 0
tire_wall_straight
0  23.675882 10.094665 8.000000  -0.101853 0.596452 -0.796160  0.651778 0.313380 0
0  16.461414 8.723495 9.708852  -0.432988 0.422671 -0.796160  0.675995 0.295659 0
0  23.297398 12.311053 9.708852  -0.101854 0.596452 -0.796160  0.657240 0.320662 0
tire_wall_straight
0  18.070377 7.152866 8.000000  -0.432987 0.422672 -0.796160  0.667157 0.292877 0
0  13.039703 1.803009 9.708852  -0.598734 0.087444 -0.796160  0.675995 0.264752 0
0  16.461414 8.723495 9.708852  -0.432988 0.422671 -0.796160  0.675995 0.295659 0
tire_wall_straight
0  15.264573 1.478068 8.000000  -0.598734 0.087446 -0.796160  0.667157 0.267534 0
0  14.339239 -5.807013 9.708852  -0.535785 -0.281183 -0.796160  0.657240 0.239748 0
0  13.039703 1.803009 9.708852  -0.598734 0.087444 -0.796160  0.675995 0.264752 0
tire_wall_straight
0  16.330193 -4.762150 8.000000  -0.535785 -0.281182 -0.796160  0.651778 0.247030 0
0  19.863646 -11.199800 9.708852  -0.268184 -0.542408 -0.796160  0.626894 0.230198 0
0  14.339239 -5.807013 9.708852  -0.535785 -0.281183 -0.796160  0.657240 0.239748 0
tire_wall_straight
0  20.860207 -9.184237 8.000000  -0.268185 -0.542407 -0.796160  0.626894 0.239199 0
0  27.502785 -12.315494 9.708852  0.101854 -0.596452 -0.796160  0.596548 0.239748 0
0  19.863646 -11.199800 9.708852  -0.268184 -0.542408 -0.796160  0.626894 0.230198 0
tire_wall_straight
0  27.124300 -10.099105 8.000000  0.101853 -0.596452 -0.796160  0.602010 0.247030 0
0  34.338768 -8.727936 9.708852  0.432988 -0.422671 -0.796160  0.577793 0.264752 0
0  27.502785 -12.315494 9.708852  0.101854 -0.596452 -0.796160  0.596548 0.239748 0
tire_wall_straight
0  32.729805 -7.157307 8.000000  0.432987 -0.422672 -0.796160  0.586631 0.267534 0
0  37.760479 -1.807450 9.708852  0.598734 -0.087445 -0.796160  0.577793 0.295658 0
0  34.338768 -8.727936 9.708852  0.432988 -0.422671 -0.796160  0.577793 0.264752 0
tire_wall_straight
0  35.535610 -1.482509 8.000000  0.598734 -0.087446 -0.796160  0.586631 0.292877 0
0  36.460945 5.802572 9.708852  0.535784 0.281183 -0.796160  0.596548 0.320662 0
0  37.760479 -1.807450 9.708852  0.598734 -0.087445 -0.796160  0.577793 0.295658 0
tire_wall_straight
0  34.469990 4.757710 8.000000  0.535785 0.281182 -0.796161  0.602010 0.313380 0
0  30.936537 11.195360 9.708852  0.268184 0.542408 -0.796160  0.626894 0.330213 0
0  36.460945 5.802572 9.708852  0.535784 0.281183 -0.796160  0.596548 0.320662 0
tire_wall_straight
0  29.939976 9.179796 8.000000  0.268185 0.542407 -0.796160  0.626894 0.321212 0
0  23.297398 12.311053 9.708852  -0.101854 0.596452 -0.796160  0.657240 0.320662 0
0  30.936537 11.195360 9.708852  0.268184 0.542408 -0.796160  0.626894 0.330213 0
tire_wall_straight
0  23.297398 12.311053 9.708852  -0.464699 0.885469 0.000000  0.944766 0.322748 0
0  16.461414 8.723495 14.058656  -0.464699 0.885469 0.000000  0.926788 0.352164 0
0  23.297398 12.311053 14.058656  -0.464699 0.885469 0.000000  0.926788 0.322748 0
tire_wall_straight
0  16.461414 8.723495 9.708852  -0.896415 0.443216 0.000000  0.822757 0.667881 0
0  13.039703 1.803009 14.058656  -0.896415 0.443216 0.000000  0.804779 0.692934 0
0  16.461414 8.723495 14.058656  -0.896415 0.443216 0.000000  0.804779 0.667881 0
tire_wall_straight
0  13.039703 1.803009 9.708852  -0.985731 -0.168330 0.000000  0.822757 0.692934 0
0  14.339239 -5.807013 14.058656  -0.985731 -0.168330 0.000000  0.804779 0.723840 0
0  13.039703 1.803009 14.058656  -0.985731 -0.168330 0.000000  0.804779 0.692934 0
tire_wall_straight
0  14.339239 -5.807013 9.708852  -0.698531 -0.715580 0.000000  0.822757 0.723840 0
0  19.863646 -11.199800 14.058656  -0.698531 -0.715580 0.000000  0.804779 0.748795 0
0  14.339239 -5.807013 14.058656  -0.698531 -0.715580 0.000000  0.804779 0.723840 0
tire_wall_straight
0  19.863646 -11.199800 9.708852  -0.144516 -0.989502 0.000000  0.944766 0.367103 0
0  27.502785 -12.315494 14.058656  -0.144516 -0.989502 0.000000  0.926788 0.396475 0
0  19.863646 -11.199800 14.058656  -0.144516 -0.989502 0.000000  0.926788 0.367103 0
tire_wall_straight
0  27.502785 -12.315494 9.708852  0.464699 -0.885469 0.000000  0.944766 0.396475 0
0  34.338768 -8.727936 14.058656  0.464698 -0.885469 0.000000  0.926788 0.425891 0
0  27.502785 -12.315494 14.058656  0.464699 -0.885469 0.000000  0.926788 0.396475 0
tire_wall_straight
0  34.338768 -8.727936 9.708852  0.896415 -0.443216 0.000000  0.017978 0.796145 0
0  37.760479 -1.807450 14.058656  0.896415 -0.443216 0.000000  0.000000 0.821198 0
0  34.338768 -8.727936 14.058656  0.896415 -0.443216 0.000000  0.000000 0.796145 0
tire_wall_straight
0  37.760479 -1.807450 9.708852  0.985731 0.168330 0.000000  0.017978 0.821198 0
0  36.460945 5.802572 14.058656  0.985731 0.168329 0.000000  0.000000 0.852105 0
0  37.760479 -1.807450 14.058656  0.985731 0.168330 0.000000  0.000000 0.821198 0
tire_wall_straight
0  36.460945 5.802572 9.708852  0.698531 0.715580 0.000000  0.017978 0.852105 0
0  30.936537 11.195360 14.058656  0.698531 0.715580 0.000000  0.000000 0.877059 0
0  36.460945 5.802572 14.058656  0.698531 0.715580 0.000000  0.000000 0.852105 0
tire_wall_straight
0  30.936537 11.195360 9.708852  0.144516 0.989502 0.000000  0.944766 0.293376 0
0  23.297398 12.311053 14.058656  0.144516 0.989502 0.000000  0.926788 0.322748 0
0  30.936537 11.195360 14.058656  0.144516 0.989502 0.000000  0.926788 0.293376 0
tire_wall_straight
0  23.297398 12.311053 14.058656  -0.101854 0.596452 0.796160  0.596548 0.205707 0
0  18.070377 7.152866 15.767508  -0.432987 0.422671 0.796160  0.586631 0.177922 0
0  23.675882 10.094665 15.767508  -0.101855 0.596452 0.796160  0.602010 0.198425 0
tire_wall_straight
0  16.461414 8.723495 14.058656  -0.432986 0.422672 0.796160  0.577793 0.180703 0
0  15.264573 1.478068 15.767508  -0.598734 0.087444 0.796160  0.586631 0.152579 0
0  18.070377 7.152866 15.767508  -0.432987 0.422671 0.796160  0.586631 0.177922 0
tire_wall_straight
0  13.039703 1.803009 14.058656  -0.598734 0.087445 0.796160  0.577793 0.149797 0
0  16.330193 -4.762150 15.767508  -0.535784 -0.281183 0.796160  0.602010 0.132075 0
0  15.264573 1.478068 15.767508  -0.598734 0.087444 0.796160  0.586631 0.152579 0
tire_wall_straight
0  14.339239 -5.807013 14.058656  -0.535785 -0.281182 0.796160  0.596548 0.124793 0
0  20.860207 -9.184237 15.767508  -0.268183 -0.542408 0.796160  0.626894 0.124244 0
0  16.330193 -4.762150 15.767508  -0.535784 -0.281183 0.796160  0.602010 0.132075 0
tire_wall_straight
0  19.863646 -11.199800 14.058656  -0.268185 -0.542408 0.796160  0.626894 0.115243 0
0  27.124300 -10.099105 15.767508  0.101855 -0.596452 0.796160  0.651778 0.132075 0
0  20.860207 -9.184237 15.767508  -0.268183 -0.542408 0.796160  0.626894 0.124244 0
tire_wall_straight
0  27.502785 -12.315494 14.058656  0.101854 -0.596452 0.796160  0.657240 0.124793 0
0  32.729805 -7.157307 15.767508  0.432987 -0.422671 0.796161  0.667157 0.152579 0
0  27.124300 -10.099105 15.767508  0.101855 -0.596452 0.796160  0.651778 0.132075 0
tire_wall_straight
0  34.338768 -8.727936 14.058656  0.432986 -0.422671 0.796160  0.675995 0.149797 0
0  35.535610 -1.482509 15.767508  0.598734 -0.087444 0.796160  0.667157 0.177922 0
0  32.729805 -7.157307 15.767508  0.432987 -0.422671 0.796161  0.667157 0.152579 0
tire_wall_straight
0  37.760479 -1.807450 14.058656  0.598734 -0.087445 0.796160  0.675995 0.180703 0
0  34.469990 4.757710 15.767508  0.535784 0.281183 0.796160  0.651778 0.198425 0
0  35.535610 -1.482509 15.767508  0.598734 -0.087444 0.796160  0.667157 0.177922 0
tire_wall_straight
0  36.460945 5.802572 14.058656  0.535785 0.281182 0.796160  0.657240 0.205707 0
0  29.939976 9.179796 15.767508  0.268183 0.542408 0.796160  0.626894 0.206257 0
0  34.469990 4.757710 15.767508  0.535784 0.281183 0.796160  0.651778 0.198425 0
tire_wall_straight
0  30.936537 11.195360 14.058656  0.268185 0.542408 0.796160  0.626894 0.215258 0
0  23.675882 10.094665 15.767508  -0.101855 0.596452 0.796160  0.602010 0.198425 0
0  29.939976 9.179796 15.767508  0.268183 0.542408 0.796160  0.626894 0.206257 0
tire_wall_straight
0  23.675882 10.094665 15.767508  0.024686 -0.144553 0.989189  0.602010 0.198425 0
0  20.483818 4.796924 15.267508  0.104937 -0.102436 0.989189  0.599888 0.173750 0
0  24.243608 6.770081 15.267508  0.024685 -0.144553 0.989189  0.610203 0.187502 0
tire_wall_straight
0  18.070377 7.152866 15.767508  0.104938 -0.102436 0.989189  0.586631 0.177922 0
0  18.601877 0.990656 15.267508  0.145106 -0.021192 0.989189  0.599888 0.156751 0
0  20.483818 4.796924 15.267508  0.104937 -0.102436 0.989189  0.599888 0.173750 0
tire_wall_straight
0  15.264573 1.478068 15.767508  0.145106 -0.021191 0.989189  0.586631 0.152579 0
0  19.316624 -3.194856 15.267508  0.129850 0.068147 0.989189  0.610203 0.142999 0
0  18.601877 0.990656 15.267508  0.145106 -0.021192 0.989189  0.599888 0.156751 0
tire_wall_straight
0  16.330193 -4.762150 15.767508  0.129850 0.068148 0.989189  0.602010 0.132075 0
0  22.355045 -6.160890 15.267508  0.064996 0.131456 0.989189  0.626894 0.137746 0
0  19.316624 -3.194856 15.267508  0.129850 0.068147 0.989189  0.610203 0.142999 0
tire_wall_straight
0  20.860207 -9.184237 15.767508  0.064995 0.131456 0.989189  0.626894 0.124244 0
0  26.556574 -6.774521 15.267508  -0.024685 0.144553 0.989189  0.643584 0.142999 0
0  22.355045 -6.160890 15.267508  0.064996 0.131456 0.989189  0.626894 0.137746 0
tire_wall_straight
0  27.124300 -10.099105 15.767508  -0.024686 0.144553 0.989189  0.651778 0.132075 0
0  30.316364 -4.801364 15.267508  -0.104938 0.102436 0.989189  0.653900 0.156751 0
0  26.556574 -6.774521 15.267508  -0.024685 0.144553 0.989189  0.643584 0.142999 0
tire_wall_straight
0  32.729805 -7.157307 15.767508  -0.104938 0.102436 0.989189  0.667157 0.152579 0
0  32.198303 -0.995097 15.267508  -0.145106 0.021192 0.989189  0.653900 0.173749 0
0  30.316364 -4.801364 15.267508  -0.104938 0.102436 0.989189  0.653900 0.156751 0
tire_wall_straight
0  35.535610 -1.482509 15.767508  -0.145107 0.021191 0.989189  0.667157 0.177922 0
0  31.483559 3.190415 15.267508  -0.129850 -0.068147 0.989189  0.643584 0.187502 0
0  32.198303 -0.995097 15.267508  -0.145106 0.021192 0.989189  0.653900 0.173749 0
tire_wall_straight
0  34.469990 4.757710 15.767508  -0.129850 -0.068148 0.989189  0.651778 0.198425 0
0  28.445137 6.156449 15.267508  -0.064996 -0.131456 0.989189  0.626894 0.192754 0
0  31.483559 3.190415 15.267508  -0.129850 -0.068147 0.989189  0.643584 0.187502 0
tire_wall_straight
0  29.939976 9.179796 15.767508  -0.064995 -0.131456 0.989189  0.626894 0.206257 0
0  24.243608 6.770081 15.267508  0.024685 -0.144553 0.989189  0.610203 0.187502 0
0  28.445137 6.156449 15.267508  -0.064996 -0.131456 0.989189  0.626894 0.192754 0
tire_wall_straight
0  24.243608 6.770081 15.267508  0.464699 -0.885469 0.000000  0.480441 0.983343 0
0  20.483818 4.796924 8.500000  0.464698 -0.885469 0.000000  0.508412 0.967164 0
0  24.243608 6.770081 8.500000  0.464698 -0.885469 0.000000  0.508412 0.983343 0
tire_wall_straight
0  20.483818 4.796924 15.267508  0.896415 -0.443216 0.000000  0.882981 0.341952 0
0  18.601877 0.990656 8.500000  0.896415 -0.443216 0.000000  0.910951 0.328173 0
0  20.483818 4.796924 8.500000  0.896415 -0.443216 0.000000  0.910951 0.341952 0
tire_wall_straight
0  18.601877 0.990656 15.267508  0.985731 0.168330 0.000000  0.882981 0.328173 0
0  19.316624 -3.194856 8.500000  0.985731 0.168330 0.000000  0.910951 0.311175 0
0  18.601877 0.990656 8.500000  0.985731 0.168330 0.000000  0.910951 0.328173 0
tire_wall_straight
0  19.316624 -3.194856 15.267508  0.698532 0.715579 0.000000  0.882981 0.311175 0
0  22.355045 -6.160890 8.500000  0.698532 0.715579 0.000000  0.910951 0.297450 0
0  19.316624 -3.194856 8.500000  0.698532 0.715579 0.000000  0.910951 0.311175 0
tire_wall_straight
0  22.355045 -6.160890 15.267508  0.144516 0.989502 0.000000  0.523836 0.999497 0
0  26.556574 -6.774521 8.500000  0.144516 0.989502 0.000000  0.551806 0.983343 0
0  22.355045 -6.160890 8.500000  0.144516 0.989502 0.000000  0.551806 0.999497 0
tire_wall_straight
0  26.556574 -6.774521 15.267508  -0.464699 0.885469 0.000000  0.523836 0.983343 0
0  30.316364 -4.801364 8.500000  -0.464698 0.885469 0.000000  0.551806 0.967164 0
0  26.556574 -6.774521 8.500000  -0.464698 0.885469 0.000000  0.551806 0.983343 0
tire_wall_straight
0  30.316364 -4.801364 15.267508  -0.896415 0.443216 0.000000  0.882981 0.401395 0
0  32.198303 -0.995097 8.500000  -0.896415 0.443216 0.000000  0.910951 0.387616 0
0  30.316364 -4.801364 8.500000  -0.896415 0.443215 0.000000  0.910951 0.401395 0
tire_wall_straight
0  32.198303 -0.995097 15.267508  -0.985731 -0.168330 0.000000  0.882981 0.387616 0
0  31.483559 3.190415 8.500000  -0.985731 -0.168330 0.000000  0.910951 0.370617 0
0  32.198303 -0.995097 8.500000  -0.985731 -0.168331 0.000000  0.910951 0.387616 0
tire_wall_straight
0  31.483559 3.190415 15.267508  -0.698532 -0.715579 0.000000  0.882981 0.370617 0
0  28.445137 6.156449 8.500000  -0.698532 -0.715579 0.000000  0.910951 0.356892 0
0  31.483559 3.190415 8.500000  -0.698532 -0.715579 0.000000  0.910951 0.370617 0
tire_wall_straight
0  28.445137 6.156449 15.267508  -0.144516 -0.989502 0.000000  0.480441 0.999497 0
0  24.243608 6.770081 8.500000  -0.144516 -0.989502 0.000000  0.508412 0.983343 0
0  28.445137 6.156449 8.500000  -0.144516 -0.989502 0.000000  0.508412 0.999497 0
tire_wall_straight
0  28.814487 5.618621 16.500000  -0.071686 -0.127980 -0.989183  0.643565 0.417390 0
0  24.255255 9.795438 16.000000  0.017228 -0.145674 -0.989183  0.667130 0.407813 0
0  30.462208 8.560283 16.000000  -0.071687 -0.127979 -0.989183  0.651756 0.428310 0
tire_wall_straight
0  24.651289 6.447078 16.500000  0.017229 -0.145674 -0.989183  0.653877 0.403642 0
0  18.507721 7.146346 16.000000  0.099563 -0.107726 -0.989183  0.667130 0.382478 0
0  24.255255 9.795438 16.000000  0.017228 -0.145674 -0.989183  0.667130 0.407813 0
tire_wall_straight
0  20.796234 4.670248 16.500000  0.099564 -0.107725 -0.989183  0.653877 0.386649 0
0  15.414965 1.624868 16.000000  0.143868 -0.028631 -0.989183  0.651756 0.361981 0
0  18.507721 7.146346 16.000000  0.099563 -0.107726 -0.989183  0.667130 0.382478 0
tire_wall_straight
0  18.721825 0.966818 16.500000  0.143868 -0.028630 -0.989183  0.643565 0.372901 0
0  16.158316 -4.659976 16.000000  0.133220 0.061401 -0.989183  0.626879 0.354151 0
0  15.414965 1.624868 16.000000  0.143868 -0.028631 -0.989183  0.651756 0.361981 0
tire_wall_straight
0  19.220415 -3.248627 16.500000  0.133219 0.061402 -0.989183  0.626879 0.367649 0
0  20.453838 -9.307593 16.000000  0.071687 0.127979 -0.989183  0.602003 0.361981 0
0  16.158316 -4.659976 16.000000  0.133220 0.061401 -0.989183  0.626879 0.354151 0
tire_wall_straight
0  22.101559 -6.365931 16.500000  0.071686 0.127980 -0.989183  0.610194 0.372901 0
0  26.660791 -10.542748 16.000000  -0.017228 0.145674 -0.989183  0.586628 0.382478 0
0  20.453838 -9.307593 16.000000  0.071687 0.127979 -0.989183  0.602003 0.361981 0
tire_wall_straight
0  26.264757 -7.194388 16.500000  -0.017229 0.145674 -0.989183  0.599882 0.386649 0
0  32.408325 -7.893655 16.000000  -0.099563 0.107726 -0.989183  0.586628 0.407813 0
0  26.660791 -10.542748 16.000000  -0.017228 0.145674 -0.989183  0.586628 0.382478 0
tire_wall_straight
0  30.119812 -5.417558 16.500000  -0.099564 0.107725 -0.989183  0.599882 0.403642 0
0  35.501083 -2.372178 16.000000  -0.143868 0.028631 -0.989183  0.602003 0.428310 0
0  32.408325 -7.893655 16.000000  -0.099563 0.107726 -0.989183  0.586628 0.407813 0
tire_wall_straight
0  32.194221 -1.714128 16.500000  -0.143868 0.028630 -0.989183  0.610194 0.417390 0
0  34.757729 3.912667 16.000000  -0.133220 -0.061401 -0.989183  0.626879 0.436139 0
0  35.501083 -2.372178 16.000000  -0.143868 0.028631 -0.989183  0.602003 0.428310 0
tire_wall_straight
0  31.695631 2.501317 16.500000  -0.133219 -0.061402 -0.989183  0.626879 0.422641 0
0  30.462208 8.560283 16.000000  -0.071687 -0.127979 -0.989183  0.651756 0.428310 0
0  34.757729 3.912667 16.000000  -0.133220 -0.061401 -0.989183  0.626879 0.436139 0
tire_wall_straight
0  30.462208 8.560283 16.000000  0.300134 0.535824 -0.789184  0.651756 0.428310 0
0  23.991234 12.027678 17.749275  -0.072138 0.609905 -0.789184  0.675966 0.410594 0
0  31.560686 10.521392 17.749275  0.300132 0.535825 -0.789185  0.657216 0.435590 0
tire_wall_straight
0  24.255255 9.795438 16.000000  -0.072137 0.609905 -0.789184  0.667130 0.407813 0
0  16.982044 8.797077 17.749275  -0.416854 0.451022 -0.789184  0.675966 0.379697 0
0  23.991234 12.027678 17.749275  -0.072138 0.609905 -0.789184  0.675966 0.410594 0
tire_wall_straight
0  18.507721 7.146346 16.000000  -0.416853 0.451023 -0.789184  0.667130 0.382478 0
0  13.210392 2.063568 17.749275  -0.602346 0.119864 -0.789184  0.657216 0.354700 0
0  16.982044 8.797077 17.749275  -0.416854 0.451022 -0.789184  0.675966 0.379697 0
tire_wall_straight
0  15.414965 1.624868 16.000000  -0.602346 0.119865 -0.789184  0.651756 0.361981 0
0  14.116917 -5.600877 17.749275  -0.557762 -0.257078 -0.789184  0.626879 0.345153 0
0  13.210392 2.063568 17.749275  -0.602346 0.119864 -0.789184  0.657216 0.354700 0
tire_wall_straight
0  16.158316 -4.659976 16.000000  -0.557763 -0.257077 -0.789184  0.626879 0.354151 0
0  19.355360 -11.268703 17.749275  -0.300132 -0.535825 -0.789184  0.596542 0.354700 0
0  14.116917 -5.600877 17.749275  -0.557762 -0.257078 -0.789184  0.626879 0.345153 0
tire_wall_straight
0  20.453838 -9.307593 16.000000  -0.300134 -0.535824 -0.789184  0.602003 0.361981 0
0  26.924812 -12.774988 17.749275  0.072138 -0.609905 -0.789184  0.577793 0.379697 0
0  19.355360 -11.268703 17.749275  -0.300132 -0.535825 -0.789184  0.596542 0.354700 0
tire_wall_straight
0  26.660791 -10.542748 16.000000  0.072137 -0.609905 -0.789184  0.586628 0.382478 0
0  33.934002 -9.544388 17.749275  0.416854 -0.451022 -0.789184  0.577793 0.410594 0
0  26.924812 -12.774988 17.749275  0.072138 -0.609905 -0.789184  0.577793 0.379697 0
tire_wall_straight
0  32.408325 -7.893655 16.000000  0.416853 -0.451023 -0.789184  0.586628 0.407813 0
0  37.705654 -2.810878 17.749275  0.602347 -0.119864 -0.789184  0.596542 0.435590 0
0  33.934002 -9.544388 17.749275  0.416854 -0.451022 -0.789184  0.577793 0.410594 0
tire_wall_straight
0  35.501083 -2.372178 16.000000  0.602346 -0.119865 -0.789184  0.602003 0.428310 0
0  36.799129 4.853568 17.749275  0.557762 0.257078 -0.789185  0.626879 0.445138 0
0  37.705654 -2.810878 17.749275  0.602347 -0.119864 -0.789184  0.596542 0.435590 0
tire_wall_straight
0  34.757729 3.912667 16.000000  0.557762 0.257078 -0.789185  0.626879 0.436139 0
0  31.560686 10.521392 17.749275  0.300132 0.535825 -0.789185  0.657216 0.435590 0
0  36.799129 4.853568 17.749275  0.557762 0.257078 -0.789185  0.626879 0.445138 0
tire_wall_straight
0  31.560686 10.521392 17.749275  0.195169 0.980770 0.000000  0.657896 0.891999 0
0  23.991234 12.027678 22.201979  0.195169 0.980770 0.000000  0.639492 0.920829 0
0  31.560686 10.521392 22.201979  0.195168 0.980770 0.000000  0.639492 0.891999 0
tire_wall_straight
0  23.991234 12.027678 17.749275  -0.418587 0.908177 0.000000  0.657896 0.920829 0
0  16.982044 8.797077 22.201979  -0.418587 0.908177 0.000000  0.639492 0.950684 0
0  23.991234 12.027678 22.201979  -0.418587 0.908177 0.000000  0.639492 0.920829 0
tire_wall_straight
0  16.982044 8.797077 17.749275  -0.872457 0.488691 0.000000  0.623977 0.698309 0
0  13.210392 2.063568 22.201979  -0.872457 0.488691 0.000000  0.605573 0.722392 0
0  16.982044 8.797077 22.201979  -0.872457 0.488691 0.000000  0.605573 0.698309 0
tire_wall_straight
0  13.210392 2.063568 17.749275  -0.993078 -0.117458 0.000000  0.623977 0.722392 0
0  14.116917 -5.600877 22.201979  -0.993078 -0.117458 0.000000  0.605573 0.753253 0
0  13.210392 2.063568 22.201979  -0.993078 -0.117458 0.000000  0.605573 0.722392 0
tire_wall_straight
0  14.116917 -5.600877 17.749275  -0.734377 -0.678742 0.000000  0.623977 0.753253 0
0  19.355360 -11.268703 22.201979  -0.734377 -0.678742 0.000000  0.605573 0.779103 0
0  14.116917 -5.600877 22.201979  -0.734377 -0.678742 0.000000  0.605573 0.753253 0
tire_wall_straight
0  19.355360 -11.268703 17.749275  -0.195169 -0.980770 0.000000  0.691723 0.891999 0
0  26.924812 -12.774988 22.201979  -0.195169 -0.980770 0.000000  0.673319 0.920829 0
0  19.355360 -11.268703 22.201979  -0.195168 -0.980770 0.000000  0.673319 0.891999 0
tire_wall_straight
0  26.924812 -12.774988 17.749275  0.418587 -0.908177 0.000000  0.691723 0.920829 0
0  33.934002 -9.544388 22.201979  0.418587 -0.908177 0.000000  0.673319 0.950684 0
0  26.924812 -12.774988 22.201979  0.418587 -0.908177 0.000000  0.673319 0.920829 0
tire_wall_straight
0  33.934002 -9.544388 17.749275  0.872457 -0.488690 0.000000  0.657804 0.698309 0
0  37.705654 -2.810878 22.201979  0.872457 -0.488690 0.000000  0.639401 0.722392 0
0  33.934002 -9.544388 22.201979  0.872457 -0.488690 0.000000  0.639401 0.698309 0
tire_wall_straight
0  37.705654 -2.810878 17.749275  0.993078 0.117458 0.000000  0.657804 0.722392 0
0  36.799129 4.853568 22.201979  0.993078 0.117458 0.000000  0.639401 0.753253 0
0  37.705654 -2.810878 22.201979  0.993078 0.117457 0.000000  0.639401 0.722392 0
tire_wall_straight
0  36.799129 4.853568 17.749275  0.734377 0.678742 0.000000  0.657804 0.753253 0
0  31.560686 10.521392 22.201979  0.734377 0.678742 0.000000  0.639401 0.779103 0
0  36.799129 4.853568 22.201979  0.734377 0.678742 0.000000  0.639401 0.753253 0
tire_wall_straight
0  31.560686 10.521392 22.201979  0.300133 0.535825 0.789184  0.596542 0.550515 0
0  24.255255 9.795438 23.951254  -0.072139 0.609905 0.789184  0.586628 0.522738 0
0  30.462208 8.560283 23.951254  0.300132 0.535825 0.789184  0.602003 0.543235 0
tire_wall_straight
0  23.991234 12.027678 22.201979  -0.072137 0.609905 0.789184  0.577793 0.525519 0
0  18.507721 7.146346 23.951254  -0.416854 0.451022 0.789185  0.586628 0.497403 0
0  24.255255 9.795438 23.951254  -0.072139 0.609905 0.789184  0.586628 0.522738 0
tire_wall_straight
0  16.982044 8.797077 22.201979  -0.416853 0.451022 0.789185  0.577793 0.494622 0
0  15.414965 1.624868 23.951254  -0.602347 0.119863 0.789184  0.602003 0.476906 0
0  18.507721 7.146346 23.951254  -0.416854 0.451022 0.789185  0.586628 0.497403 0
tire_wall_straight
0  13.210392 2.063568 22.201979  -0.602347 0.119864 0.789184  0.596542 0.469626 0
0  16.158316 -4.659976 23.951254  -0.557762 -0.257079 0.789184  0.626879 0.469076 0
0  15.414965 1.624868 23.951254  -0.602347 0.119863 0.789184  0.602003 0.476906 0
tire_wall_straight
0  14.116917 -5.600877 22.201979  -0.557762 -0.257078 0.789184  0.626879 0.460078 0
0  20.453838 -9.307593 23.951254  -0.300132 -0.535825 0.789184  0.651756 0.476906 0
0  16.158316 -4.659976 23.951254  -0.557762 -0.257079 0.789184  0.626879 0.469076 0
tire_wall_straight
0  19.355360 -11.268703 22.201979  -0.300133 -0.535825 0.789184  0.657216 0.469626 0
0  26.660791 -10.542748 23.951254  0.072139 -0.609905 0.789184  0.667130 0.497403 0
0  20.453838 -9.307593 23.951254  -0.300132 -0.535825 0.789184  0.651756 0.476906 0
tire_wall_straight
0  26.924812 -12.774988 22.201979  0.072137 -0.609905 0.789184  0.675966 0.494622 0
0  32.408325 -7.893655 23.951254  0.416854 -0.451022 0.789184  0.667130 0.522738 0
0  26.660791 -10.542748 23.951254  0.072139 -0.609905 0.789184  0.667130 0.497403 0
tire_wall_straight
0  33.934002 -9.544388 22.201979  0.416853 -0.451023 0.789184  0.675966 0.525519 0
0  35.501083 -2.372178 23.951254  0.602346 -0.119863 0.789184  0.651756 0.543235 0
0  32.408325 -7.893655 23.951254  0.416854 -0.451022 0.789184  0.667130 0.522738 0
tire_wall_straight
0  37.705654 -2.810878 22.201979  0.602346 -0.119864 0.789185  0.657216 0.550515 0
0  34.757729 3.912667 23.951254  0.557762 0.257078 0.789185  0.626879 0.551065 0
0  35.501083 -2.372178 23.951254  0.602346 -0.119863 0.789184  0.651756 0.543235 0
tire_wall_straight
0  36.799129 4.853568 22.201979  0.557762 0.257077 0.789185  0.626879 0.560063 0
0  30.462208 8.560283 23.951254  0.300132 0.535825 0.789184  0.602003 0.543235 0
0  34.757729 3.912667 23.951254  0.557762 0.257078 0.789185  0.626879 0.551065 0
tire_wall_straight
0  30.462208 8.560283 23.951254  -0.071684 -0.127981 0.989183  0.602003 0.543235 0
0  24.651289 6.447078 23.451254  0.017231 -0.145674 0.989183  0.599882 0.518567 0
0  28.814487 5.618621 23.451254  -0.071685 -0.127980 0.989183  0.610194 0.532315 0
tire_wall_straight
0  24.255255 9.795438 23.951254  0.017232 -0.145673 0.989183  0.586628 0.522738 0
0  20.796234 4.670248 23.451254  0.099565 -0.107725 0.989183  0.599882 0.501574 0
0  24.651289 6.447078 23.451254  0.017231 -0.145674 0.989183  0.599882 0.518567 0
tire_wall_straight
0  18.507721 7.146346 23.951254  0.099565 -0.107724 0.989183  0.586628 0.497403 0
0  18.721825 0.966818 23.451254  0.143868 -0.028629 0.989183  0.610194 0.487826 0
0  20.796234 4.670248 23.451254  0.099565 -0.107725 0.989183  0.599882 0.501574 0
tire_wall_straight
0  15.414965 1.624868 23.951254  0.143868 -0.028627 0.989183  0.602003 0.476906 0
0  19.220415 -3.248627 23.451254  0.133219 0.061403 0.989183  0.626879 0.482575 0
0  18.721825 0.966818 23.451254  0.143868 -0.028629 0.989183  0.610194 0.487826 0
tire_wall_straight
0  16.158316 -4.659976 23.951254  0.133219 0.061404 0.989183  0.626879 0.469076 0
0  22.101559 -6.365931 23.451254  0.071685 0.127980 0.989183  0.643565 0.487826 0
0  19.220415 -3.248627 23.451254  0.133219 0.061403 0.989183  0.626879 0.482575 0
tire_wall_straight
0  20.453838 -9.307593 23.951254  0.071684 0.127981 0.989183  0.651756 0.476906 0
0  26.264757 -7.194388 23.451254  -0.017231 0.145674 0.989183  0.653877 0.501574 0
0  22.101559 -6.365931 23.451254  0.071685 0.127980 0.989183  0.643565 0.487826 0
tire_wall_straight
0  26.660791 -10.542748 23.951254  -0.017232 0.145673 0.989183  0.667130 0.497403 0
0  30.119812 -5.417558 23.451254  -0.099565 0.107725 0.989183  0.653877 0.518567 0
0  26.264757 -7.194388 23.451254  -0.017231 0.145674 0.989183  0.653877 0.501574 0
tire_wall_straight
0  32.408325 -7.893655 23.951254  -0.099565 0.107724 0.989183  0.667130 0.522738 0
0  32.194221 -1.714128 23.451254  -0.143868 0.028629 0.989183  0.643565 0.532315 0
0  30.119812 -5.417558 23.451254  -0.099565 0.107725 0.989183  0.653877 0.518567 0
tire_wall_straight
0  35.501083 -2.372178 23.951254  -0.143869 0.028627 0.989183  0.651756 0.543235 0
0  31.695631 2.501317 23.451254  -0.133220 -0.061403 0.989183  0.626879 0.537567 0
0  32.194221 -1.714128 23.451254  -0.143868 0.028629 0.989183  0.643565 0.532315 0
tire_wall_straight
0  34.757729 3.912667 23.951254  -0.133219 -0.061404 0.989183  0.626879 0.551065 0
0  28.814487 5.618621 23.451254  -0.071685 -0.127980 0.989183  0.610194 0.532315 0
0  31.695631 2.501317 23.451254  -0.133220 -0.061403 0.989183  0.626879 0.537567 0
tire_wall_straight
0  28.814487 5.618621 23.451254  -0.195169 -0.980770 0.000000  0.971106 0.604769 0
0  24.651289 6.447078 16.500000  -0.195169 -0.980770 0.000000  0.999836 0.588912 0
0  28.814487 5.618621 16.500000  -0.195169 -0.980770 0.000000  0.999836 0.604769 0
tire_wall_straight
0  24.651289 6.447078 23.451254  0.418587 -0.908177 0.000000  0.971106 0.588912 0
0  20.796234 4.670248 16.500000  0.418587 -0.908177 0.000000  0.999836 0.572492 0
0  24.651289 6.447078 16.500000  0.418587 -0.908177 0.000000  0.999836 0.588912 0
tire_wall_straight
0  20.796234 4.670248 23.451254  0.872457 -0.488691 0.000000  0.838686 0.104198 0
0  18.721825 0.966818 16.500000  0.872457 -0.488691 0.000000  0.867415 0.090953 0
0  20.796234 4.670248 16.500000  0.872457 -0.488691 0.000000  0.867415 0.104198 0
tire_wall_straight
0  18.721825 0.966818 23.451254  0.993078 0.117459 0.000000  0.838686 0.090953 0
0  19.220415 -3.248627 16.500000  0.993078 0.117458 0.000000  0.867415 0.073979 0
0  18.721825 0.966818 16.500000  0.993078 0.117458 0.000000  0.867415 0.090953 0
tire_wall_straight
0  19.220415 -3.248627 23.451254  0.734377 0.678742 0.000000  0.838686 0.073979 0
0  22.101559 -6.365931 16.500000  0.734377 0.678742 0.000000  0.867415 0.059761 0
0  19.220415 -3.248627 16.500000  0.734377 0.678742 0.000000  0.867415 0.073979 0
tire_wall_straight
0  22.101559 -6.365931 23.451254  0.195169 0.980770 0.000000  0.971106 0.557552 0
0  26.264757 -7.194388 16.500000  0.195169 0.980770 0.000000  0.999836 0.541696 0
0  22.101559 -6.365931 16.500000  0.195169 0.980770 0.000000  0.999836 0.557552 0
tire_wall_straight
0  26.264757 -7.194388 23.451254  -0.418587 0.908177 0.000000  0.971106 0.541696 0
0  30.119812 -5.417558 16.500000  -0.418587 0.908177 0.000000  0.999836 0.525275 0
0  26.264757 -7.194388 16.500000  -0.418587 0.908177 0.000000  0.999836 0.541696 0
tire_wall_straight
0  30.119812 -5.417558 23.451254  -0.872457 0.488691 0.000000  0.838686 0.163575 0
0  32.194221 -1.714128 16.500000  -0.872457 0.488691 0.000000  0.867415 0.150329 0
0  30.119812 -5.417558 16.500000  -0.872457 0.488692 0.000000  0.867415 0.163575 0
tire_wall_straight
0  32.194221 -1.714128 23.451254  -0.993078 -0.117459 0.000000  0.838686 0.150329 0
0  31.695631 2.501317 16.500000  -0.993078 -0.117458 0.000000  0.867415 0.133356 0
0  32.194221 -1.714128 16.500000  -0.993078 -0.117458 0.000000  0.867415 0.150329 0
tire_wall_straight
0  31.695631 2.501317 23.451254  -0.734377 -0.678742 0.000000  0.838686 0.133356 0
0  28.814487 5.618621 16.500000  -0.734377 -0.678742 0.000000  0.867415 0.119138 0
0  31.695631 2.501317 16.500000  -0.734377 -0.678742 0.000000  0.867415 0.133356 0
tire_wall_straight
0  45.110443 2.982583 0.500000  0.128875 -0.062453 -0.989692  0.183438 0.074030 0
0  41.114594 -1.935447 0.000000  0.140971 0.025224 -0.989692  0.207588 0.064216 0
0  42.000931 4.489438 0.000000  0.128875 -0.062454 -0.989692  0.191832 0.085222 0
tire_wall_straight
0  44.515949 -1.326790 0.500000  0.140971 0.025225 -0.989692  0.194006 0.059941 0
0  44.173985 -7.654262 0.000000  0.099221 0.103268 -0.989692  0.207588 0.038251 0
0  41.114594 -1.935447 0.000000  0.140971 0.025224 -0.989692  0.207588 0.064216 0
tire_wall_straight
0  46.567982 -5.162581 0.500000  0.099221 0.103269 -0.989692  0.194006 0.042526 0
0  50.010521 -10.482615 0.000000  0.019573 0.141866 -0.989692  0.191832 0.017246 0
0  44.173985 -7.654262 0.000000  0.099221 0.103268 -0.989692  0.207588 0.038251 0
tire_wall_straight
0  50.482731 -7.059648 0.500000  0.019572 0.141866 -0.989692  0.183438 0.028437 0
0  56.394840 -9.340173 0.000000  -0.067552 0.126277 -0.989692  0.166338 0.009222 0
0  50.010521 -10.482615 0.000000  0.019573 0.141866 -0.989692  0.191832 0.017246 0
tire_wall_straight
0  54.764896 -6.293375 0.500000  -0.067553 0.126276 -0.989692  0.166338 0.023055 0
0  60.888351 -4.663308 0.000000  -0.128875 0.062454 -0.989692  0.140844 0.017246 0
0  56.394840 -9.340173 0.000000  -0.067552 0.126277 -0.989692  0.166338 0.009222 0
tire_wall_straight
0  57.778839 -3.156453 0.500000  -0.128875 0.062453 -0.989692  0.149239 0.028437 0
0  61.774689 1.761576 0.000000  -0.140971 -0.025224 -0.989692  0.125088 0.038251 0
0  60.888351 -4.663308 0.000000  -0.128875 0.062454 -0.989692  0.140844 0.017246 0
tire_wall_straight
0  58.373333 1.152920 0.500000  -0.140971 -0.025225 -0.989692  0.138671 0.042526 0
0  58.715298 7.480392 0.000000  -0.099221 -0.103268 -0.989692  0.125088 0.064216 0
0  61.774689 1.761576 0.000000  -0.140971 -0.025224 -0.989692  0.125088 0.038251 0
tire_wall_straight
0  56.321301 4.988711 0.500000  -0.099221 -0.103269 -0.989692  0.138671 0.059941 0
0  52.878761 10.308745 0.000000  -0.019573 -0.141866 -0.989692  0.140844 0.085222 0
0  58.715298 7.480392 0.000000  -0.099221 -0.103268 -0.989692  0.125088 0.064216 0
tire_wall_straight
0  52.406551 6.885777 0.500000  -0.019572 -0.141866 -0.989692  0.149239 0.074030 0
0  46.494442 9.166303 0.000000  0.067552 -0.126277 -0.989692  0.166338 0.093245 0
0  52.878761 10.308745 0.000000  -0.019573 -0.141866 -0.989692  0.140844 0.085222 0
tire_wall_straight
0  48.124386 6.119505 0.500000  0.067553 -0.126276 -0.989692  0.166338 0.079412 0
0  42.000931 4.489438 0.000000  0.128875 -0.062454 -0.989692  0.191832 0.085222 0
0  46.494442 9.166303 0.000000  0.067552 -0.126277 -0.989692  0.166338 0.093245 0
tire_wall_straight
0  42.000931 4.489438 0.000000  -0.537226 0.260338 -0.802255  0.191832 0.085222 0
0  38.847023 -2.341217 1.714172  -0.587647 -0.105157 -0.802255  0.216643 0.067066 0
0  39.927917 5.494008 1.714172  -0.537226 0.260336 -0.802255  0.197428 0.092682 0
tire_wall_straight
0  41.114594 -1.935447 0.000000  -0.587648 -0.105156 -0.802255  0.207588 0.064216 0
0  42.577988 -9.315381 1.714172  -0.413607 -0.430484 -0.802254  0.216643 0.035402 0
0  38.847023 -2.341217 1.714172  -0.587647 -0.105157 -0.802255  0.216643 0.067066 0
tire_wall_straight
0  44.173985 -7.654262 0.000000  -0.413608 -0.430483 -0.802254  0.207588 0.038251 0
0  49.695713 -12.764594 1.714172  -0.081583 -0.591381 -0.802255  0.197428 0.009785 0
0  42.577988 -9.315381 1.714172  -0.413607 -0.430484 -0.802254  0.216643 0.035402 0
tire_wall_straight
0  50.010521 -10.482615 0.000000  -0.081584 -0.591381 -0.802255  0.191832 0.017246 0
0  57.481468 -11.371372 1.714172  0.281603 -0.526390 -0.802255  0.166338 0.000000 0
0  49.695713 -12.764594 1.714172  -0.081583 -0.591381 -0.802255  0.197428 0.009785 0
tire_wall_straight
0  56.394840 -9.340173 0.000000  0.281602 -0.526391 -0.802255  0.166338 0.009222 0
0  62.961365 -5.667878 1.714172  0.537226 -0.260336 -0.802255  0.135248 0.009785 0
0  57.481468 -11.371372 1.714172  0.281603 -0.526390 -0.802255  0.166338 0.000000 0
tire_wall_straight
0  60.888351 -4.663308 0.000000  0.537225 -0.260338 -0.802255  0.140844 0.017246 0
0  64.042259 2.167346 1.714172  0.587647 0.105157 -0.802255  0.116033 0.035402 0
0  62.961365 -5.667878 1.714172  0.537226 -0.260336 -0.802255  0.135248 0.009785 0
tire_wall_straight
0  61.774689 1.761576 0.000000  0.587648 0.105156 -0.802255  0.125088 0.038251 0
0  60.311295 9.141511 1.714172  0.413607 0.430484 -0.802255  0.116033 0.067066 0
0  64.042259 2.167346 1.714172  0.587647 0.105157 -0.802255  0.116033 0.035402 0
tire_wall_straight
0  58.715298 7.480392 0.000000  0.413608 0.430484 -0.802254  0.125088 0.064216 0
0  53.193569 12.590724 1.714172  0.081583 0.591381 -0.802255  0.135248 0.092682 0
0  60.311295 9.141511 1.714172  0.413607 0.430484 -0.802255  0.116033 0.067066 0
tire_wall_straight
0  52.878761 10.308745 0.000000  0.081584 0.591381 -0.802255  0.140844 0.085222 0
0  45.407814 11.197502 1.714172  -0.281603 0.526390 -0.802255  0.166338 0.102467 0
0  53.193569 12.590724 1.714172  0.081583 0.591381 -0.802255  0.135248 0.092682 0
tire_wall_straight
0  46.494442 9.166303 0.000000  -0.281602 0.526391 -0.802255  0.166338 0.093245 0
0  39.927917 5.494008 1.714172  -0.537226 0.260336 -0.802255  0.197428 0.092682 0
0  45.407814 11.197502 1.714172  -0.281603 0.526390 -0.802255  0.166338 0.102467 0
tire_wall_straight
0  39.927917 5.494008 1.714172  -0.990618 0.136659 0.000000  0.186920 0.891999 0
0  38.847023 -2.341217 6.077517  -0.990618 0.136659 0.000000  0.168886 0.922216 0
0  39.927917 5.494008 6.077517  -0.990618 0.136659 0.000000  0.168886 0.891999 0
tire_wall_straight
0  38.847023 -2.341217 1.714172  -0.881753 -0.471711 0.000000  0.186920 0.922216 0
0  42.577988 -9.315381 6.077517  -0.881753 -0.471711 0.000000  0.168886 0.952224 0
0  38.847023 -2.341217 6.077517  -0.881753 -0.471711 0.000000  0.168886 0.922216 0
tire_wall_straight
0  42.577988 -9.315381 1.714172  -0.436089 -0.899904 0.000000  0.153001 0.698309 0
0  49.695713 -12.764594 6.077517  -0.436089 -0.899904 0.000000  0.134967 0.724030 0
0  42.577988 -9.315381 6.077517  -0.436089 -0.899904 0.000000  0.134967 0.698309 0
tire_wall_straight
0  49.695713 -12.764594 1.714172  0.176147 -0.984364 0.000000  0.153001 0.724030 0
0  57.481468 -11.371372 6.077517  0.176147 -0.984364 0.000000  0.134967 0.755694 0
0  49.695713 -12.764594 6.077517  0.176147 -0.984364 0.000000  0.134967 0.724030 0
tire_wall_straight
0  57.481468 -11.371372 1.714172  0.721100 -0.692831 0.000000  0.153001 0.755694 0
0  62.961365 -5.667878 6.077517  0.721100 -0.692831 0.000000  0.134967 0.781206 0
0  57.481468 -11.371372 6.077517  0.721101 -0.692831 0.000000  0.134967 0.755694 0
tire_wall_straight
0  62.961365 -5.667878 1.714172  0.990618 -0.136659 0.000000  0.220378 0.891999 0
0  64.042259 2.167346 6.077517  0.990618 -0.136659 0.000000  0.202344 0.922216 0
0  62.961365 -5.667878 6.077517  0.990618 -0.136659 0.000000  0.202344 0.891999 0
tire_wall_straight
0  64.042259 2.167346 1.714172  0.881753 0.471711 0.000000  0.220378 0.922216 0
0  60.311295 9.141511 6.077517  0.881753 0.471711 0.000000  0.202344 0.952224 0
0  64.042259 2.167346 6.077517  0.881753 0.471711 0.000000  0.202344 0.922216 0
tire_wall_straight
0  60.311295 9.141511 1.714172  0.436089 0.899904 0.000000  0.186459 0.698309 0
0  53.193569 12.590724 6.077517  0.436089 0.899904 0.000000  0.168425 0.724030 0
0  60.311295 9.141511 6.077517  0.436089 0.899904 0.000000  0.168425 0.698309 0
tire_wall_straight
0  53.193569 12.590724 1.714172  -0.176147 0.984364 0.000000  0.186459 0.724030 0
0  45.407814 11.197502 6.077517  -0.176147 0.984364 0.000000  0.168425 0.755694 0
0  53.193569 12.590724 6.077517  -0.176147 0.984364 0.000000  0.168425 0.724030 0
tire_wall_straight
0  45.407814 11.197502 1.714172  -0.721100 0.692831 0.000000  0.186459 0.755694 0
0  39.927917 5.494008 6.077517  -0.721100 0.692831 0.000000  0.168425 0.781206 0
0  45.407814 11.197502 6.077517  -0.721101 0.692831 0.000000  0.168425 0.755694 0
tire_wall_straight
0  39.927917 5.494008 6.077517  -0.537226 0.260337 0.802255  0.000000 0.067066 0
0  41.114594 -1.935447 7.791688  -0.587647 -0.105158 0.802255  0.009055 0.038251 0
0  42.000931 4.489438 7.791688  -0.537226 0.260336 0.802255  0.009055 0.064216 0
tire_wall_straight
0  38.847023 -2.341217 6.077517  -0.587647 -0.105156 0.802255  0.000000 0.035402 0
0  44.173985 -7.654262 7.791688  -0.413607 -0.430485 0.802254  0.024811 0.017246 0
0  41.114594 -1.935447 7.791688  -0.587647 -0.105158 0.802255  0.009055 0.038251 0
tire_wall_straight
0  42.577988 -9.315381 6.077517  -0.413608 -0.430484 0.802254  0.019215 0.009785 0
0  50.010521 -10.482615 7.791688  -0.081582 -0.591381 0.802255  0.050305 0.009222 0
0  44.173985 -7.654262 7.791688  -0.413607 -0.430485 0.802254  0.024811 0.017246 0
tire_wall_straight
0  49.695713 -12.764594 6.077517  -0.081583 -0.591381 0.802255  0.050305 0.000000 0
0  56.394840 -9.340173 7.791688  0.281604 -0.526390 0.802255  0.075799 0.017246 0
0  50.010521 -10.482615 7.791688  -0.081582 -0.591381 0.802255  0.050305 0.009222 0
tire_wall_straight
0  57.481468 -11.371372 6.077517  0.281603 -0.526391 0.802255  0.081395 0.009785 0
0  60.888351 -4.663308 7.791688  0.537226 -0.260336 0.802255  0.091555 0.038251 0
0  56.394840 -9.340173 7.791688  0.281604 -0.526390 0.802255  0.075799 0.017246 0
tire_wall_straight
0  62.961365 -5.667878 6.077517  0.537226 -0.260337 0.802255  0.100610 0.035402 0
0  61.774689 1.761576 7.791688  0.587647 0.105158 0.802255  0.091555 0.064216 0
0  60.888351 -4.663308 7.791688  0.537226 -0.260336 0.802255  0.091555 0.038251 0
tire_wall_straight
0  64.042259 2.167346 6.077517  0.587647 0.105156 0.802255  0.100610 0.067066 0
0  58.715298 7.480392 7.791688  0.413607 0.430485 0.802255  0.075799 0.085222 0
0  61.774689 1.761576 7.791688  0.587647 0.105158 0.802255  0.091555 0.064216 0
tire_wall_straight
0  60.311295 9.141511 6.077517  0.413608 0.430484 0.802255  0.081395 0.092682 0
0  52.878761 10.308745 7.791688  0.081582 0.591381 0.802255  0.050305 0.093245 0
0  58.715298 7.480392 7.791688  0.413607 0.430485 0.802255  0.075799 0.085222 0
tire_wall_straight
0  53.193569 12.590724 6.077517  0.081584 0.591381 0.802255  0.050305 0.102467 0
0  46.494442 9.166303 7.791688  -0.281604 0.526390 0.802255  0.024811 0.085222 0
0  52.878761 10.308745 7.791688  0.081582 0.591381 0.802255  0.050305 0.093245 0
tire_wall_straight
0  45.407814 11.197502 6.077517  -0.281603 0.526391 0.802255  0.019215 0.092682 0
0  42.000931 4.489438 7.791688  -0.537226 0.260336 0.802255  0.009055 0.064216 0
0  46.494442 9.166303 7.791688  -0.281604 0.526390 0.802255  0.024811 0.085222 0
tire_wall_straight
0  42.000931 4.489438 7.791688  0.128876 -0.062451 0.989692  0.009055 0.064216 0
0  44.515949 -1.326790 7.291688  0.140971 0.025227 0.989692  0.022637 0.042526 0
0  45.110443 2.982583 7.291688  0.128875 -0.062452 0.989692  0.022637 0.059941 0
tire_wall_straight
0  41.114594 -1.935447 7.791688  0.140971 0.025228 0.989692  0.009055 0.038251 0
0  46.567982 -5.162581 7.291688  0.099220 0.103269 0.989692  0.033205 0.028437 0
0  44.515949 -1.326790 7.291688  0.140971 0.025227 0.989692  0.022637 0.042526 0
tire_wall_straight
0  44.173985 -7.654262 7.791688  0.099219 0.103270 0.989692  0.024811 0.017246 0
0  50.482731 -7.059648 7.291688  0.019570 0.141867 0.989692  0.050305 0.023055 0
0  46.567982 -5.162581 7.291688  0.099220 0.103269 0.989692  0.033205 0.028437 0
tire_wall_straight
0  50.010521 -10.482615 7.791688  0.019569 0.141867 0.989692  0.050305 0.009222 0
0  54.764896 -6.293375 7.291688  -0.067555 0.126276 0.989692  0.067404 0.028437 0
0  50.482731 -7.059648 7.291688  0.019570 0.141867 0.989692  0.050305 0.023055 0
tire_wall_straight
0  56.394840 -9.340173 7.791688  -0.067555 0.126275 0.989692  0.075799 0.017246 0
0  57.778839 -3.156453 7.291688  -0.128875 0.062452 0.989692  0.077973 0.042526 0
0  54.764896 -6.293375 7.291688  -0.067555 0.126276 0.989692  0.067404 0.028437 0
tire_wall_straight
0  60.888351 -4.663308 7.791688  -0.128876 0.062451 0.989692  0.091555 0.038251 0
0  58.373333 1.152920 7.291688  -0.140971 -0.025227 0.989692  0.077973 0.059941 0
0  57.778839 -3.156453 7.291688  -0.128875 0.062452 0.989692  0.077973 0.042526 0
tire_wall_straight
0  61.774689 1.761576 7.791688  -0.140971 -0.025228 0.989692  0.091555 0.064216 0
0  56.321301 4.988711 7.291688  -0.099220 -0.103269 0.989692  0.067404 0.074030 0
0  58.373333 1.152920 7.291688  -0.140971 -0.025227 0.989692  0.077973 0.059941 0
tire_wall_straight
0  58.715298 7.480392 7.791688  -0.099219 -0.103270 0.989692  0.075799 0.085222 0
0  52.406551 6.885777 7.291688  -0.019570 -0.141867 0.989692  0.050305 0.079412 0
0  56.321301 4.988711 7.291688  -0.099220 -0.103269 0.989692  0.067404 0.074030 0
tire_wall_straight
0  52.878761 10.308745 7.791688  -0.019569 -0.141867 0.989692  0.050305 0.093245 0
0  48.124386 6.119505 7.291688  0.067555 -0.126276 0.989692  0.033205 0.074030 0
0  52.406551 6.885777 7.291688  -0.019570 -0.141867 0.989692  0.050305 0.079412 0
tire_wall_straight
0  46.494442 9.166303 7.791688  0.067555 -0.126275 0.989692  0.024811 0.085222 0
0  45.110443 2.982583 7.291688  0.128875 -0.062452 0.989692  0.022637 0.059941 0
0  48.124386 6.119505 7.291688  0.067555 -0.126276 0.989692  0.033205 0.074030 0
tire_wall_straight
0  45.110443 2.982583 7.291688  0.990618 -0.136658 0.000000  0.971106 0.462272 0
0  44.515949 -1.326790 0.500000  0.990618 -0.136659 0.000000  0.999176 0.445653 0
0  45.110443 2.982583 0.500000  0.990618 -0.136661 0.000000  0.999176 0.462272 0
tire_wall_straight
0  44.515949 -1.326790 7.291688  0.881753 0.471711 0.000000  0.971106 0.445653 0
0  46.567982 -5.162581 0.500000  0.881753 0.471711 0.000000  0.999176 0.429148 0
0  44.515949 -1.326790 0.500000  0.881753 0.471711 0.000000  0.999176 0.445653 0
tire_wall_straight
0  46.567982 -5.162581 7.291688  0.436089 0.899904 0.000000  0.587123 0.841738 0
0  50.482731 -7.059648 0.500000  0.436089 0.899904 0.000000  0.615194 0.827592 0
0  46.567982 -5.162581 0.500000  0.436089 0.899904 0.000000  0.615194 0.841738 0
tire_wall_straight
0  50.482731 -7.059648 7.291688  -0.176147 0.984364 0.000000  0.587123 0.827592 0
0  54.764896 -6.293375 0.500000  -0.176147 0.984364 0.000000  0.615194 0.810177 0
0  50.482731 -7.059648 0.500000  -0.176147 0.984364 0.000000  0.615194 0.827592 0
tire_wall_straight
0  54.764896 -6.293375 7.291688  -0.721100 0.692831 0.000000  0.587123 0.810177 0
0  57.778839 -3.156453 0.500000  -0.721101 0.692830 0.000000  0.615194 0.796145 0
0  54.764896 -6.293375 0.500000  -0.721101 0.692830 0.000000  0.615194 0.810177 0
tire_wall_straight
0  57.778839 -3.156453 7.291688  -0.990618 0.136660 0.000000  0.971106 0.510336 0
0  58.373333 1.152920 0.500000  -0.990618 0.136660 0.000000  0.999176 0.493716 0
0  57.778839 -3.156453 0.500000  -0.990618 0.136661 0.000000  0.999176 0.510336 0
tire_wall_straight
0  58.373333 1.152920 7.291688  -0.881753 -0.471711 0.000000  0.971106 0.493716 0
0  56.321301 4.988711 0.500000  -0.881753 -0.471711 0.000000  0.999176 0.477212 0
0  58.373333 1.152920 0.500000  -0.881753 -0.471711 0.000000  0.999176 0.493716 0
tire_wall_straight
0  56.321301 4.988711 7.291688  -0.436088 -0.899904 0.000000  0.630618 0.841738 0
0  52.406551 6.885777 0.500000  -0.436088 -0.899904 0.000000  0.658688 0.827592 0
0  56.321301 4.988711 0.500000  -0.436088 -0.899904 0.000000  0.658688 0.841738 0
tire_wall_straight
0  52.406551 6.885777 7.291688  0.176147 -0.984364 0.000000  0.630618 0.827592 0
0  48.124386 6.119505 0.500000  0.176147 -0.984364 0.000000  0.658688 0.810177 0
0  52.406551 6.885777 0.500000  0.176147 -0.984364 0.000000  0.658688 0.827592 0
tire_wall_straight
0  48.124386 6.119505 7.291688  0.721100 -0.692831 0.000000  0.630618 0.810177 0
0  45.110443 2.982583 0.500000  0.721101 -0.692830 0.000000  0.658688 0.796145 0
0  48.124386 6.119505 0.500000  0.721101 -0.692830 0.000000  0.658688 0.810177 0
tire_wall_straight
0  44.021442 0.460191 8.500000  0.146973 -0.013323 -0.989051  0.767318 0.270035 0
0  42.079819 -5.370291 8.000000  0.126735 0.075609 -0.989051  0.765210 0.245518 0
0  40.684128 0.762706 8.000000  0.146973 -0.013324 -0.989051  0.780490 0.265889 0
tire_wall_straight
0  44.957577 -3.653404 8.500000  0.126735 0.075610 -0.989051  0.757069 0.256371 0
0  46.813839 -9.511622 8.000000  0.058089 0.135662 -0.989051  0.740486 0.237737 0
0  42.079819 -5.370291 8.000000  0.126735 0.075609 -0.989051  0.765210 0.245518 0
tire_wall_straight
0  48.132839 -6.431127 8.500000  0.058088 0.135662 -0.989051  0.740486 0.251152 0
0  53.077957 -10.079442 8.000000  -0.032745 0.143897 -0.989051  0.715763 0.245518 0
0  46.813839 -9.511622 8.000000  0.058089 0.135662 -0.989051  0.740486 0.237737 0
tire_wall_straight
0  52.334381 -6.811981 8.500000  -0.032746 0.143896 -0.989051  0.723903 0.256371 0
0  58.479492 -6.856859 8.000000  -0.111072 0.097168 -0.989051  0.700482 0.265889 0
0  53.077957 -10.079442 8.000000  -0.032745 0.143897 -0.989051  0.715763 0.245518 0
tire_wall_straight
0  55.957359 -4.650494 8.500000  -0.111072 0.097167 -0.989051  0.713654 0.270035 0
0  60.955238 -1.074794 8.000000  -0.146973 0.013324 -0.989051  0.700482 0.291070 0
0  58.479492 -6.856859 8.000000  -0.111072 0.097168 -0.989051  0.700482 0.265889 0
tire_wall_straight
0  57.617924 -0.772279 8.500000  -0.146973 0.013323 -0.989051  0.713654 0.286924 0
0  59.559547 5.058203 8.000000  -0.126735 -0.075609 -0.989051  0.715763 0.311441 0
0  60.955238 -1.074794 8.000000  -0.146973 0.013324 -0.989051  0.700482 0.291070 0
tire_wall_straight
0  56.681789 3.341317 8.500000  -0.126735 -0.075610 -0.989051  0.723903 0.300588 0
0  54.825527 9.199534 8.000000  -0.058089 -0.135662 -0.989051  0.740486 0.319222 0
0  59.559547 5.058203 8.000000  -0.126735 -0.075609 -0.989051  0.715763 0.311441 0
tire_wall_straight
0  53.506527 6.119039 8.500000  -0.058088 -0.135662 -0.989051  0.740486 0.305807 0
0  48.561409 9.767354 8.000000  0.032745 -0.143897 -0.989051  0.765210 0.311441 0
0  54.825527 9.199534 8.000000  -0.058089 -0.135662 -0.989051  0.740486 0.319222 0
tire_wall_straight
0  49.304985 6.499893 8.500000  0.032746 -0.143896 -0.989051  0.757069 0.300588 0
0  43.159874 6.544771 8.000000  0.111072 -0.097168 -0.989051  0.780490 0.291070 0
0  48.561409 9.767354 8.000000  0.032745 -0.143897 -0.989051  0.765210 0.311441 0
tire_wall_straight
0  45.682007 4.338406 8.500000  0.111072 -0.097167 -0.989051  0.767318 0.286924 0
0  40.684128 0.762706 8.000000  0.146973 -0.013324 -0.989051  0.780490 0.265889 0
0  43.159874 6.544771 8.000000  0.111072 -0.097168 -0.989051  0.780490 0.291070 0
tire_wall_straight
0  40.684128 0.762706 8.000000  -0.606485 0.054977 -0.793192  0.780490 0.265889 0
0  40.161308 -6.514881 9.715151  -0.522970 -0.312007 -0.793192  0.770637 0.238283 0
0  38.459248 0.964383 9.715151  -0.606485 0.054975 -0.793192  0.789271 0.263126 0
tire_wall_straight
0  42.079819 -5.370291 8.000000  -0.522971 -0.312006 -0.793192  0.765210 0.245518 0
0  45.934509 -11.565287 9.715151  -0.239699 -0.559813 -0.793192  0.740486 0.228794 0
0  40.161308 -6.514881 9.715151  -0.522970 -0.312007 -0.793192  0.770637 0.238283 0
tire_wall_straight
0  46.813839 -9.511622 8.000000  -0.239700 -0.559813 -0.793192  0.740486 0.237737 0
0  53.573677 -12.257748 9.715151  0.135130 -0.593790 -0.793192  0.710335 0.238283 0
0  45.934509 -11.565287 9.715151  -0.239699 -0.559813 -0.793192  0.740486 0.228794 0
tire_wall_straight
0  53.077957 -10.079442 8.000000  0.135128 -0.593791 -0.793192  0.715763 0.245518 0
0  60.160915 -8.327770 9.715151  0.458344 -0.400959 -0.793192  0.691701 0.263126 0
0  53.573677 -12.257748 9.715151  0.135130 -0.593790 -0.793192  0.710335 0.238283 0
tire_wall_straight
0  58.479492 -6.856859 8.000000  0.458343 -0.400960 -0.793192  0.700482 0.265889 0
0  63.180119 -1.276471 9.715151  0.606485 -0.054975 -0.793192  0.691701 0.293833 0
0  60.160915 -8.327770 9.715151  0.458344 -0.400959 -0.793192  0.691701 0.263126 0
tire_wall_straight
0  60.955238 -1.074794 8.000000  0.606485 -0.054977 -0.793192  0.700482 0.291070 0
0  61.478058 6.202793 9.715151  0.522970 0.312007 -0.793192  0.710335 0.318676 0
0  63.180119 -1.276471 9.715151  0.606485 -0.054975 -0.793192  0.691701 0.293833 0
tire_wall_straight
0  59.559547 5.058203 8.000000  0.522971 0.312006 -0.793192  0.715763 0.311441 0
0  55.704857 11.253199 9.715151  0.239699 0.559814 -0.793192  0.740486 0.328165 0
0  61.478058 6.202793 9.715151  0.522970 0.312007 -0.793192  0.710335 0.318676 0
tire_wall_straight
0  54.825527 9.199534 8.000000  0.239700 0.559813 -0.793192  0.740486 0.319222 0
0  48.065689 11.945660 9.715151  -0.135130 0.593790 -0.793191  0.770637 0.318676 0
0  55.704857 11.253199 9.715151  0.239699 0.559814 -0.793192  0.740486 0.328165 0
tire_wall_straight
0  48.561409 9.767354 8.000000  -0.135129 0.593791 -0.793191  0.765210 0.311441 0
0  41.478451 8.015682 9.715151  -0.458343 0.400959 -0.793192  0.789271 0.293833 0
0  48.065689 11.945660 9.715151  -0.135130 0.593790 -0.793191  0.770637 0.318676 0
tire_wall_straight
0  43.159874 6.544771 8.000000  -0.458342 0.400960 -0.793192  0.780490 0.291070 0
0  38.459248 0.964383 9.715151  -0.606485 0.054975 -0.793192  0.789271 0.263126 0
0  41.478451 8.015682 9.715151  -0.458343 0.400959 -0.793192  0.789271 0.293833 0
tire_wall_straight
0  38.459248 0.964383 9.715151  -0.975070 -0.221898 0.000000  0.118629 0.821982 0
0  40.161308 -6.514881 14.080990  -0.975070 -0.221897 0.000000  0.100584 0.852639 0
0  38.459248 0.964383 14.080990  -0.975070 -0.221899 0.000000  0.100584 0.821982 0
tire_wall_straight
0  40.161308 -6.514881 9.715151  -0.658420 -0.752651 0.000000  0.118629 0.852639 0
0  45.934509 -11.565287 14.080990  -0.658420 -0.752651 0.000000  0.100584 0.876407 0
0  40.161308 -6.514881 14.080990  -0.658420 -0.752651 0.000000  0.100584 0.852639 0
tire_wall_straight
0  45.934509 -11.565287 9.715151  -0.090276 -0.995917 0.000000  0.944832 0.660118 0
0  53.573677 -12.257748 14.080990  -0.090276 -0.995917 0.000000  0.926788 0.689779 0
0  45.934509 -11.565287 14.080990  -0.090276 -0.995917 0.000000  0.926788 0.660118 0
tire_wall_straight
0  53.573677 -12.257748 9.715151  0.512350 -0.858777 0.000000  0.944832 0.689779 0
0  60.160915 -8.327770 14.080990  0.512350 -0.858777 0.000000  0.926788 0.718448 0
0  53.573677 -12.257748 14.080990  0.512350 -0.858777 0.000000  0.926788 0.689779 0
tire_wall_straight
0  60.160915 -8.327770 9.715151  0.919276 -0.393613 0.000000  0.152097 0.796145 0
0  63.180119 -1.276471 14.080990  0.919276 -0.393613 0.000000  0.134052 0.821982 0
0  60.160915 -8.327770 14.080990  0.919276 -0.393614 0.000000  0.134052 0.796145 0
tire_wall_straight
0  63.180119 -1.276471 9.715151  0.975070 0.221898 0.000000  0.152097 0.821982 0
0  61.478058 6.202793 14.080990  0.975070 0.221897 0.000000  0.134052 0.852639 0
0  63.180119 -1.276471 14.080990  0.975070 0.221899 0.000000  0.134052 0.821982 0
tire_wall_straight
0  61.478058 6.202793 9.715151  0.658420 0.752650 0.000000  0.152097 0.852639 0
0  55.704857 11.253199 14.080990  0.658420 0.752651 0.000000  0.134052 0.876407 0
0  61.478058 6.202793 14.080990  0.658421 0.752650 0.000000  0.134052 0.852639 0
tire_wall_straight
0  55.704857 11.253199 9.715151  0.090276 0.995917 0.000000  0.944832 0.586849 0
0  48.065689 11.945660 14.080990  0.090276 0.995917 0.000000  0.926788 0.616510 0
0  55.704857 11.253199 14.080990  0.090276 0.995917 0.000000  0.926788 0.586849 0
tire_wall_straight
0  48.065689 11.945660 9.715151  -0.512350 0.858777 0.000000  0.944832 0.616510 0
0  41.478451 8.015682 14.080990  -0.512350 0.858777 0.000000  0.926788 0.645179 0
0  48.065689 11.945660 14.080990  -0.512350 0.858777 0.000000  0.926788 0.616510 0
tire_wall_straight
0  41.478451 8.015682 9.715151  -0.919276 0.393613 0.000000  0.118629 0.796145 0
0  38.459248 0.964383 14.080990  -0.919276 0.393613 0.000000  0.100584 0.821982 0
0  41.478451 8.015682 14.080990  -0.919276 0.393613 0.000000  0.100584 0.796145 0
tire_wall_straight
0  38.459248 0.964383 14.080990  -0.606485 0.054976 0.793192  0.691701 0.377437 0
0  42.079819 -5.370291 15.796141  -0.522970 -0.312007 0.793192  0.715763 0.359829 0
0  40.684128 0.762706 15.796141  -0.606485 0.054975 0.793192  0.700482 0.380201 0
tire_wall_straight
0  40.161308 -6.514881 14.080990  -0.522971 -0.312006 0.793192  0.710335 0.352594 0
0  46.813839 -9.511622 15.796141  -0.239699 -0.559814 0.793192  0.740486 0.352048 0
0  42.079819 -5.370291 15.796141  -0.522970 -0.312007 0.793192  0.715763 0.359829 0
tire_wall_straight
0  45.934509 -11.565287 14.080990  -0.239699 -0.559814 0.793192  0.740486 0.343105 0
0  53.077957 -10.079442 15.796141  0.135130 -0.593790 0.793192  0.765210 0.359829 0
0  46.813839 -9.511622 15.796141  -0.239699 -0.559814 0.793192  0.740486 0.352048 0
tire_wall_straight
0  53.573677 -12.257748 14.080990  0.135129 -0.593790 0.793192  0.770637 0.352594 0
0  58.479492 -6.856859 15.796141  0.458344 -0.400958 0.793192  0.780490 0.380201 0
0  53.077957 -10.079442 15.796141  0.135130 -0.593790 0.793192  0.765210 0.359829 0
tire_wall_straight
0  60.160915 -8.327770 14.080990  0.458343 -0.400960 0.793192  0.789271 0.377437 0
0  60.955238 -1.074794 15.796141  0.606485 -0.054975 0.793192  0.780490 0.405381 0
0  58.479492 -6.856859 15.796141  0.458344 -0.400958 0.793192  0.780490 0.380201 0
tire_wall_straight
0  63.180119 -1.276471 14.080990  0.606485 -0.054976 0.793192  0.789271 0.408144 0
0  59.559547 5.058203 15.796141  0.522970 0.312007 0.793192  0.765210 0.425752 0
0  60.955238 -1.074794 15.796141  0.606485 -0.054975 0.793192  0.780490 0.405381 0
tire_wall_straight
0  61.478058 6.202793 14.080990  0.522971 0.312006 0.793192  0.770637 0.432987 0
0  54.825527 9.199534 15.796141  0.239698 0.559814 0.793192  0.740486 0.433533 0
0  59.559547 5.058203 15.796141  0.522970 0.312007 0.793192  0.765210 0.425752 0
tire_wall_straight
0  55.704857 11.253199 14.080990  0.239699 0.559814 0.793192  0.740486 0.442477 0
0  48.561409 9.767354 15.796141  -0.135130 0.593790 0.793192  0.715763 0.425752 0
0  54.825527 9.199534 15.796141  0.239698 0.559814 0.793192  0.740486 0.433533 0
tire_wall_straight
0  48.065689 11.945660 14.080990  -0.135129 0.593790 0.793192  0.710335 0.432987 0
0  43.159874 6.544771 15.796141  -0.458344 0.400958 0.793192  0.700482 0.405381 0
0  48.561409 9.767354 15.796141  -0.135130 0.593790 0.793192  0.715763 0.425752 0
tire_wall_straight
0  41.478451 8.015682 14.080990  -0.458343 0.400960 0.793192  0.691701 0.408144 0
0  40.684128 0.762706 15.796141  -0.606485 0.054975 0.793192  0.700482 0.380201 0
0  43.159874 6.544771 15.796141  -0.458344 0.400958 0.793192  0.700482 0.405381 0
tire_wall_straight
0  40.684128 0.762706 15.796141  0.146973 -0.013321 0.989051  0.700482 0.380201 0
0  44.957577 -3.653404 15.296141  0.126734 0.075611 0.989051  0.723903 0.370683 0
0  44.021442 0.460191 15.296141  0.146973 -0.013322 0.989051  0.713654 0.384346 0
tire_wall_straight
0  42.079819 -5.370291 15.796141  0.126734 0.075612 0.989051  0.715763 0.359829 0
0  48.132839 -6.431127 15.296141  0.058087 0.135663 0.989051  0.740486 0.365464 0
0  44.957577 -3.653404 15.296141  0.126734 0.075611 0.989051  0.723903 0.370683 0
tire_wall_straight
0  46.813839 -9.511622 15.796141  0.058086 0.135663 0.989051  0.740486 0.352048 0
0  52.334381 -6.811981 15.296141  -0.032747 0.143896 0.989051  0.757069 0.370683 0
0  48.132839 -6.431127 15.296141  0.058087 0.135663 0.989051  0.740486 0.365464 0
tire_wall_straight
0  53.077957 -10.079442 15.796141  -0.032748 0.143896 0.989051  0.765210 0.359829 0
0  55.957359 -4.650494 15.296141  -0.111073 0.097166 0.989051  0.767318 0.384346 0
0  52.334381 -6.811981 15.296141  -0.032747 0.143896 0.989051  0.757069 0.370683 0
tire_wall_straight
0  58.479492 -6.856859 15.796141  -0.111074 0.097165 0.989051  0.780490 0.380201 0
0  57.617924 -0.772279 15.296141  -0.146973 0.013322 0.989051  0.767318 0.401235 0
0  55.957359 -4.650494 15.296141  -0.111073 0.097166 0.989051  0.767318 0.384346 0
tire_wall_straight
0  60.955238 -1.074794 15.796141  -0.146974 0.013321 0.989051  0.780490 0.405381 0
0  56.681789 3.341317 15.296141  -0.126734 -0.075611 0.989051  0.757069 0.414899 0
0  57.617924 -0.772279 15.296141  -0.146973 0.013322 0.989051  0.767318 0.401235 0
tire_wall_straight
0  59.559547 5.058203 15.796141  -0.126734 -0.075612 0.989051  0.765210 0.425752 0
0  53.506527 6.119039 15.296141  -0.058087 -0.135663 0.989051  0.740486 0.420118 0
0  56.681789 3.341317 15.296141  -0.126734 -0.075611 0.989051  0.757069 0.414899 0
tire_wall_straight
0  54.825527 9.199534 15.796141  -0.058086 -0.135663 0.989051  0.740486 0.433533 0
0  49.304985 6.499893 15.296141  0.032747 -0.143896 0.989051  0.723903 0.414899 0
0  53.506527 6.119039 15.296141  -0.058087 -0.135663 0.989051  0.740486 0.420118 0
tire_wall_straight
0  48.561409 9.767354 15.796141  0.032748 -0.143896 0.989051  0.715763 0.425752 0
0  45.682007 4.338406 15.296141  0.111073 -0.097166 0.989051  0.713654 0.401235 0
0  49.304985 6.499893 15.296141  0.032747 -0.143896 0.989051  0.723903 0.414899 0
tire_wall_straight
0  43.159874 6.544771 15.796141  0.111074 -0.097165 0.989051  0.700482 0.405381 0
0  44.021442 0.460191 15.296141  0.146973 -0.013322 0.989051  0.713654 0.384346 0
0  45.682007 4.338406 15.296141  0.111073 -0.097166 0.989051  0.713654 0.401235 0
tire_wall_straight
0  44.021442 0.460191 15.296141  0.975070 0.221898 0.000000  0.882981 0.564124 0
0  44.957577 -3.653404 8.500000  0.975070 0.221898 0.000000  0.911070 0.547263 0
0  44.021442 0.460191 8.500000  0.975070 0.221898 0.000000  0.911070 0.564124 0
tire_wall_straight
0  44.957577 -3.653404 15.296141  0.658420 0.752651 0.000000  0.882981 0.547263 0
0  48.132839 -6.431127 8.500000  0.658420 0.752651 0.000000  0.911070 0.534190 0
0  44.957577 -3.653404 8.500000  0.658420 0.752651 0.000000  0.911070 0.547263 0
tire_wall_straight
0  48.132839 -6.431127 15.296141  0.090276 0.995917 0.000000  0.654695 0.999245 0
0  52.334381 -6.811981 8.500000  0.090276 0.995917 0.000000  0.682784 0.982932 0
0  48.132839 -6.431127 8.500000  0.090276 0.995917 0.000000  0.682784 0.999245 0
tire_wall_straight
0  52.334381 -6.811981 15.296141  -0.512350 0.858777 0.000000  0.654695 0.982932 0
0  55.957359 -4.650494 8.500000  -0.512350 0.858777 0.000000  0.682784 0.967164 0
0  52.334381 -6.811981 8.500000  -0.512351 0.858776 0.000000  0.682784 0.982932 0
tire_wall_straight
0  55.957359 -4.650494 15.296141  -0.919276 0.393614 0.000000  0.882981 0.637417 0
0  57.617924 -0.772279 8.500000  -0.919276 0.393613 0.000000  0.911070 0.623207 0
0  55.957359 -4.650494 8.500000  -0.919276 0.393613 0.000000  0.911070 0.637417 0
tire_wall_straight
0  57.617924 -0.772279 15.296141  -0.975070 -0.221898 0.000000  0.882981 0.623207 0
0  56.681789 3.341317 8.500000  -0.975070 -0.221898 0.000000  0.911070 0.606346 0
0  57.617924 -0.772279 8.500000  -0.975070 -0.221898 0.000000  0.911070 0.623207 0
tire_wall_straight
0  56.681789 3.341317 15.296141  -0.658420 -0.752651 0.000000  0.882981 0.606346 0
0  53.506527 6.119039 8.500000  -0.658420 -0.752651 0.000000  0.911070 0.593274 0
0  56.681789 3.341317 8.500000  -0.658420 -0.752651 0.000000  0.911070 0.606346 0
tire_wall_straight
0  53.506527 6.119039 15.296141  -0.090276 -0.995917 0.000000  0.698208 0.999245 0
0  49.304985 6.499893 8.500000  -0.090276 -0.995917 0.000000  0.726297 0.982932 0
0  53.506527 6.119039 8.500000  -0.090276 -0.995917 0.000000  0.726297 0.999245 0
tire_wall_straight
0  49.304985 6.499893 15.296141  0.512350 -0.858777 0.000000  0.698208 0.982932 0
0  45.682007 4.338406 8.500000  0.512350 -0.858777 0.000000  0.726297 0.967164 0
0  49.304985 6.499893 8.500000  0.512351 -0.858776 0.000000  0.726297 0.982932 0
tire_wall_straight
0  45.682007 4.338406 15.296141  0.919276 -0.393613 0.000000  0.882981 0.578334 0
0  44.021442 0.460191 8.500000  0.919276 -0.393614 0.000000  0.911070 0.564124 0
0  45.682007 4.338406 8.500000  0.919276 -0.393614 0.000000  0.911070 0.578334 0
tire_wall_straight
0  54.059490 6.125808 16.500000  -0.056883 -0.131477 -0.989686  0.022630 0.159919 0
0  48.976154 9.905758 16.000000  0.031260 -0.139803 -0.989686  0.009052 0.181602 0
0  55.431099 9.296106 16.000000  -0.056884 -0.131477 -0.989686  0.009052 0.155646 0
tire_wall_straight
0  49.729954 6.534721 16.500000  0.031261 -0.139802 -0.989686  0.022630 0.177329 0
0  43.395649 6.604856 16.000000  0.107463 -0.094729 -0.989686  0.024803 0.202601 0
0  48.976154 9.905758 16.000000  0.031260 -0.139803 -0.989686  0.009052 0.181602 0
tire_wall_straight
0  45.986931 4.320701 16.500000  0.107464 -0.094728 -0.989686  0.033195 0.191414 0
0  40.821148 0.654230 16.000000  0.142620 -0.013472 -0.989686  0.050289 0.210622 0
0  43.395649 6.604856 16.000000  0.107463 -0.094729 -0.989686  0.024803 0.202601 0
tire_wall_straight
0  44.260132 0.329428 16.500000  0.142620 -0.013470 -0.989686  0.050289 0.196793 0
0  42.236023 -5.673180 16.000000  0.123300 0.072931 -0.989686  0.075775 0.202601 0
0  40.821148 0.654230 16.000000  0.142620 -0.013472 -0.989686  0.050289 0.210622 0
tire_wall_straight
0  45.209133 -3.914567 16.500000  0.123300 0.072932 -0.989686  0.067383 0.191414 0
0  47.099838 -9.960520 16.000000  0.056884 0.131477 -0.989686  0.091526 0.181602 0
0  42.236023 -5.673180 16.000000  0.123300 0.072931 -0.989686  0.075775 0.202601 0
tire_wall_straight
0  48.471447 -6.790222 16.500000  0.056883 0.131477 -0.989686  0.077948 0.177329 0
0  53.554783 -10.570171 16.000000  -0.031260 0.139803 -0.989686  0.091526 0.155646 0
0  47.099838 -9.960520 16.000000  0.056884 0.131477 -0.989686  0.091526 0.181602 0
tire_wall_straight
0  52.800983 -7.199134 16.500000  -0.031261 0.139802 -0.989686  0.077948 0.159919 0
0  59.135288 -7.269269 16.000000  -0.107463 0.094729 -0.989686  0.075775 0.134647 0
0  53.554783 -10.570171 16.000000  -0.031260 0.139803 -0.989686  0.091526 0.155646 0
tire_wall_straight
0  56.544006 -4.985114 16.500000  -0.107464 0.094728 -0.989686  0.067383 0.145834 0
0  61.709789 -1.318644 16.000000  -0.142620 0.013472 -0.989686  0.050289 0.126626 0
0  59.135288 -7.269269 16.000000  -0.107463 0.094729 -0.989686  0.075775 0.134647 0
tire_wall_straight
0  58.270805 -0.993842 16.500000  -0.142620 0.013470 -0.989686  0.050289 0.140455 0
0  60.294914 5.008767 16.000000  -0.123300 -0.072931 -0.989686  0.024803 0.134647 0
0  61.709789 -1.318644 16.000000  -0.142620 0.013472 -0.989686  0.050289 0.126626 0
tire_wall_straight
0  57.321804 3.250153 16.500000  -0.123300 -0.072932 -0.989686  0.033195 0.145834 0
0  55.431099 9.296106 16.000000  -0.056884 -0.131477 -0.989686  0.009052 0.155646 0
0  60.294914 5.008767 16.000000  -0.123300 -0.072931 -0.989686  0.024803 0.134647 0
tire_wall_straight
0  55.431099 9.296106 16.000000  0.238181 0.550521 -0.800122  0.009052 0.155646 0
0  48.473621 12.153116 17.726410  -0.130897 0.585380 -0.800123  0.000000 0.184451 0
0  56.345505 11.409639 17.726410  0.238180 0.550522 -0.800122  0.000000 0.152797 0
tire_wall_straight
0  48.976154 9.905758 16.000000  -0.130896 0.585380 -0.800123  0.009052 0.181602 0
0  41.668129 8.127625 17.726410  -0.449976 0.396643 -0.800122  0.019209 0.210060 0
0  48.473621 12.153116 17.726410  -0.130897 0.585380 -0.800123  0.000000 0.184451 0
tire_wall_straight
0  43.395649 6.604856 16.000000  -0.449975 0.396644 -0.800122  0.024803 0.202601 0
0  38.528492 0.870766 17.726410  -0.597180 0.056402 -0.800122  0.050289 0.219841 0
0  41.668129 8.127625 17.726410  -0.449976 0.396643 -0.800122  0.019209 0.210060 0
tire_wall_straight
0  40.821148 0.654230 16.000000  -0.597179 0.056403 -0.800122  0.050289 0.210622 0
0  40.253948 -6.845589 17.726410  -0.516280 -0.305383 -0.800123  0.081369 0.210060 0
0  38.528492 0.870766 17.726410  -0.597180 0.056402 -0.800122  0.050289 0.219841 0
tire_wall_straight
0  42.236023 -5.673180 16.000000  -0.516280 -0.305382 -0.800123  0.075775 0.202601 0
0  46.185432 -12.074053 17.726410  -0.238180 -0.550522 -0.800122  0.100578 0.184451 0
0  40.253948 -6.845589 17.726410  -0.516280 -0.305383 -0.800123  0.081369 0.210060 0
tire_wall_straight
0  47.099838 -9.960520 16.000000  -0.238181 -0.550522 -0.800122  0.091526 0.181602 0
0  54.057316 -12.817530 17.726410  0.130897 -0.585380 -0.800123  0.100578 0.152797 0
0  46.185432 -12.074053 17.726410  -0.238180 -0.550522 -0.800122  0.100578 0.184451 0
tire_wall_straight
0  53.554783 -10.570171 16.000000  0.130896 -0.585380 -0.800122  0.091526 0.155646 0
0  60.862808 -8.792039 17.726410  0.449977 -0.396643 -0.800122  0.081369 0.127188 0
0  54.057316 -12.817530 17.726410  0.130897 -0.585380 -0.800123  0.100578 0.152797 0
tire_wall_straight
0  59.135288 -7.269269 16.000000  0.449976 -0.396644 -0.800122  0.075775 0.134647 0
0  64.002441 -1.535179 17.726410  0.597180 -0.056402 -0.800122  0.050289 0.117407 0
0  60.862808 -8.792039 17.726410  0.449977 -0.396643 -0.800122  0.081369 0.127188 0
tire_wall_straight
0  61.709789 -1.318644 16.000000  0.597180 -0.056403 -0.800122  0.050289 0.126626 0
0  62.276989 6.181175 17.726410  0.516280 0.305383 -0.800122  0.019209 0.127188 0
0  64.002441 -1.535179 17.726410  0.597180 -0.056402 -0.800122  0.050289 0.117407 0
tire_wall_straight
0  60.294914 5.008767 16.000000  0.516281 0.305382 -0.800122  0.024803 0.134647 0
0  56.345505 11.409639 17.726410  0.238180 0.550522 -0.800122  0.000000 0.152797 0
0  62.276989 6.181175 17.726410  0.516280 0.305383 -0.800122  0.019209 0.127188 0
tire_wall_straight
0  56.345505 11.409639 17.726410  0.094029 0.995569 0.000000  0.052082 0.891999 0
0  48.473621 12.153116 22.120909  0.094029 0.995569 0.000000  0.033919 0.922543 0
0  56.345505 11.409639 22.120909  0.094029 0.995570 0.000000  0.033919 0.891999 0
tire_wall_straight
0  48.473621 12.153116 17.726410  -0.509110 0.860701 0.000000  0.052082 0.922543 0
0  41.668129 8.127625 22.120909  -0.509110 0.860701 0.000000  0.033919 0.952138 0
0  48.473621 12.153116 22.120909  -0.509110 0.860701 0.000000  0.033919 0.922543 0
tire_wall_straight
0  41.668129 8.127625 17.726410  -0.917786 0.397075 0.000000  0.018163 0.698309 0
0  38.528492 0.870766 22.120909  -0.917786 0.397075 0.000000  0.000000 0.724877 0
0  41.668129 8.127625 22.120909  -0.917786 0.397074 0.000000  0.000000 0.698309 0
tire_wall_straight
0  38.528492 0.870766 17.726410  -0.975899 -0.218221 0.000000  0.018163 0.724877 0
0  40.253948 -6.845589 22.120909  -0.975899 -0.218221 0.000000  0.000000 0.756486 0
0  38.528492 0.870766 22.120909  -0.975899 -0.218221 0.000000  0.000000 0.724877 0
tire_wall_straight
0  40.253948 -6.845589 17.726410  -0.661252 -0.750164 0.000000  0.018163 0.756486 0
0  46.185432 -12.074053 22.120909  -0.661252 -0.750164 0.000000  0.000000 0.781062 0
0  40.253948 -6.845589 22.120909  -0.661252 -0.750163 0.000000  0.000000 0.756486 0
tire_wall_straight
0  46.185432 -12.074053 17.726410  -0.094029 -0.995569 0.000000  0.085668 0.891999 0
0  54.057316 -12.817530 22.120909  -0.094029 -0.995569 0.000000  0.067506 0.922543 0
0  46.185432 -12.074053 22.120909  -0.094029 -0.995570 0.000000  0.067506 0.891999 0
tire_wall_straight
0  54.057316 -12.817530 17.726410  0.509110 -0.860701 0.000000  0.085668 0.922543 0
0  60.862808 -8.792039 22.120909  0.509110 -0.860702 0.000000  0.067506 0.952138 0
0  54.057316 -12.817530 22.120909  0.509110 -0.860701 0.000000  0.067506 0.922543 0
tire_wall_straight
0  60.862808 -8.792039 17.726410  0.917786 -0.397074 0.000000  0.051749 0.698309 0
0  64.002441 -1.535179 22.120909  0.917786 -0.397074 0.000000  0.033587 0.724877 0
0  60.862808 -8.792039 22.120909  0.917786 -0.397074 0.000000  0.033587 0.698309 0
tire_wall_straight
0  64.002441 -1.535179 17.726410  0.975899 0.218221 0.000000  0.051749 0.724877 0
0  62.276989 6.181175 22.120909  0.975899 0.218221 0.000000  0.033587 0.756486 0
0  64.002441 -1.535179 22.120909  0.975899 0.218221 0.000000  0.033587 0.724877 0
tire_wall_straight
0  62.276989 6.181175 17.726410  0.661252 0.750164 0.000000  0.051749 0.756486 0
0  56.345505 11.409639 22.120909  0.661252 0.750164 0.000000  0.033587 0.781062 0
0  62.276989 6.181175 22.120909  0.661252 0.750163 0.000000  0.033587 0.756486 0
tire_wall_straight
0  56.345505 11.409639 22.120909  0.238180 0.550522 0.800122  0.216579 0.152797 0
0  48.976154 9.905758 23.847319  -0.130898 0.585380 0.800123  0.207527 0.181602 0
0  55.431099 9.296106 23.847319  0.238179 0.550522 0.800122  0.207527 0.155646 0
tire_wall_straight
0  48.473621 12.153116 22.120909  -0.130897 0.585380 0.800123  0.216579 0.184451 0
0  43.395649 6.604856 23.847319  -0.449977 0.396643 0.800122  0.191776 0.202601 0
0  48.976154 9.905758 23.847319  -0.130898 0.585380 0.800123  0.207527 0.181602 0
tire_wall_straight
0  41.668129 8.127625 22.120909  -0.449976 0.396644 0.800122  0.197371 0.210060 0
0  40.821148 0.654230 23.847319  -0.597179 0.056401 0.800123  0.166290 0.210622 0
0  43.395649 6.604856 23.847319  -0.449977 0.396643 0.800122  0.191776 0.202601 0
tire_wall_straight
0  38.528492 0.870766 22.120909  -0.597179 0.056402 0.800123  0.166290 0.219841 0
0  42.236023 -5.673180 23.847319  -0.516280 -0.305384 0.800122  0.140805 0.202601 0
0  40.821148 0.654230 23.847319  -0.597179 0.056401 0.800123  0.166290 0.210622 0
tire_wall_straight
0  40.253948 -6.845589 22.120909  -0.516281 -0.305383 0.800122  0.135210 0.210060 0
0  47.099838 -9.960520 23.847319  -0.238179 -0.550522 0.800122  0.125054 0.181602 0
0  42.236023 -5.673180 23.847319  -0.516280 -0.305384 0.800122  0.140805 0.202601 0
tire_wall_straight
0  46.185432 -12.074053 22.120909  -0.238180 -0.550522 0.800122  0.116002 0.184451 0
0  53.554783 -10.570171 23.847319  0.130898 -0.585380 0.800122  0.125053 0.155646 0
0  47.099838 -9.960520 23.847319  -0.238179 -0.550522 0.800122  0.125054 0.181602 0
tire_wall_straight
0  54.057316 -12.817530 22.120909  0.130897 -0.585380 0.800122  0.116002 0.152797 0
0  59.135288 -7.269269 23.847319  0.449976 -0.396643 0.800122  0.140805 0.134647 0
0  53.554783 -10.570171 23.847319  0.130898 -0.585380 0.800122  0.125053 0.155646 0
tire_wall_straight
0  60.862808 -8.792039 22.120909  0.449975 -0.396643 0.800122  0.135210 0.127188 0
0  61.709789 -1.318644 23.847319  0.597180 -0.056401 0.800122  0.166290 0.126626 0
0  59.135288 -7.269269 23.847319  0.449976 -0.396643 0.800122  0.140805 0.134647 0
tire_wall_straight
0  64.002441 -1.535179 22.120909  0.597180 -0.056402 0.800122  0.166290 0.117407 0
0  60.294914 5.008767 23.847319  0.516280 0.305384 0.800122  0.191776 0.134647 0
0  61.709789 -1.318644 23.847319  0.597180 -0.056401 0.800122  0.166290 0.126626 0
tire_wall_straight
0  62.276989 6.181175 22.120909  0.516281 0.305382 0.800122  0.197371 0.127188 0
0  55.431099 9.296106 23.847319  0.238179 0.550522 0.800122  0.207527 0.155646 0
0  60.294914 5.008767 23.847319  0.516280 0.305384 0.800122  0.191776 0.134647 0
tire_wall_straight
0  55.431099 9.296106 23.847319  -0.056881 -0.131478 0.989686  0.207527 0.155646 0
0  49.729954 6.534721 23.347319  0.031262 -0.139802 0.989686  0.193949 0.177329 0
0  54.059490 6.125808 23.347319  -0.056882 -0.131477 0.989686  0.193949 0.159919 0
tire_wall_straight
0  48.976154 9.905758 23.847319  0.031263 -0.139802 0.989686  0.207527 0.181602 0
0  45.986931 4.320701 23.347319  0.107464 -0.094727 0.989686  0.183384 0.191414 0
0  49.729954 6.534721 23.347319  0.031262 -0.139802 0.989686  0.193949 0.177329 0
tire_wall_straight
0  43.395649 6.604856 23.847319  0.107466 -0.094726 0.989686  0.191776 0.202601 0
0  44.260132 0.329428 23.347319  0.142620 -0.013470 0.989686  0.166290 0.196793 0
0  45.986931 4.320701 23.347319  0.107464 -0.094727 0.989686  0.183384 0.191414 0
tire_wall_straight
0  40.821148 0.654230 23.847319  0.142620 -0.013468 0.989686  0.166290 0.210622 0
0  45.209133 -3.914567 23.347319  0.123299 0.072933 0.989686  0.149196 0.191414 0
0  44.260132 0.329428 23.347319  0.142620 -0.013470 0.989686  0.166290 0.196793 0
tire_wall_straight
0  42.236023 -5.673180 23.847319  0.123299 0.072934 0.989686  0.140805 0.202601 0
0  48.471447 -6.790222 23.347319  0.056882 0.131477 0.989686  0.138631 0.177329 0
0  45.209133 -3.914567 23.347319  0.123299 0.072933 0.989686  0.149196 0.191414 0
tire_wall_straight
0  47.099838 -9.960520 23.847319  0.056881 0.131478 0.989686  0.125054 0.181602 0
0  52.800983 -7.199134 23.347319  -0.031262 0.139802 0.989686  0.138631 0.159919 0
0  48.471447 -6.790222 23.347319  0.056882 0.131477 0.989686  0.138631 0.177329 0
tire_wall_straight
0  53.554783 -10.570171 23.847319  -0.031263 0.139802 0.989686  0.125053 0.155646 0
0  56.544006 -4.985114 23.347319  -0.107464 0.094727 0.989686  0.149196 0.145834 0
0  52.800983 -7.199134 23.347319  -0.031262 0.139802 0.989686  0.138631 0.159919 0
tire_wall_straight
0  59.135288 -7.269269 23.847319  -0.107466 0.094726 0.989686  0.140805 0.134647 0
0  58.270805 -0.993842 23.347319  -0.142620 0.013470 0.989686  0.166290 0.140455 0
0  56.544006 -4.985114 23.347319  -0.107464 0.094727 0.989686  0.149196 0.145834 0
tire_wall_straight
0  61.709789 -1.318644 23.847319  -0.142620 0.013468 0.989686  0.166290 0.126626 0
0  57.321804 3.250153 23.347319  -0.123299 -0.072933 0.989686  0.183384 0.145834 0
0  58.270805 -0.993842 23.347319  -0.142620 0.013470 0.989686  0.166290 0.140455 0
tire_wall_straight
0  60.294914 5.008767 23.847319  -0.123299 -0.072934 0.989686  0.191776 0.134647 0
0  54.059490 6.125808 23.347319  -0.056882 -0.131477 0.989686  0.193949 0.159919 0
0  57.321804 3.250153 23.347319  -0.123299 -0.072933 0.989686  0.183384 0.145834 0
tire_wall_straight
0  54.059490 6.125808 23.347319  -0.094029 -0.995569 0.000000  0.971106 0.224330 0
0  49.729954 6.534721 16.500000  -0.094029 -0.995570 0.000000  0.999406 0.207531 0
0  54.059490 6.125808 16.500000  -0.094029 -0.995570 0.000000  0.999406 0.224330 0
tire_wall_straight
0  49.729954 6.534721 23.347319  0.509110 -0.860702 0.000000  0.971106 0.207531 0
0  45.986931 4.320701 16.500000  0.509110 -0.860701 0.000000  0.999406 0.191254 0
0  49.729954 6.534721 16.500000  0.509111 -0.860701 0.000000  0.999406 0.207531 0
tire_wall_straight
0  45.986931 4.320701 23.347319  0.917787 -0.397074 0.000000  0.411301 0.841659 0
0  44.260132 0.329428 16.500000  0.917786 -0.397075 0.000000  0.439601 0.827047 0
0  45.986931 4.320701 16.500000  0.917786 -0.397075 0.000000  0.439601 0.841659 0
tire_wall_straight
0  44.260132 0.329428 23.347319  0.975899 0.218221 0.000000  0.411301 0.827047 0
0  45.209133 -3.914567 16.500000  0.975899 0.218221 0.000000  0.439601 0.809662 0
0  44.260132 0.329428 16.500000  0.975899 0.218221 0.000000  0.439601 0.827047 0
tire_wall_straight
0  45.209133 -3.914567 23.347319  0.661252 0.750164 0.000000  0.411301 0.809662 0
0  48.471447 -6.790222 16.500000  0.661252 0.750164 0.000000  0.439601 0.796145 0
0  45.209133 -3.914567 16.500000  0.661253 0.750163 0.000000  0.439601 0.809662 0
tire_wall_straight
0  48.471447 -6.790222 23.347319  0.094029 0.995570 0.000000  0.971106 0.176314 0
0  52.800983 -7.199134 16.500000  0.094029 0.995569 0.000000  0.999406 0.159515 0
0  48.471447 -6.790222 16.500000  0.094029 0.995569 0.000000  0.999406 0.176314 0
tire_wall_straight
0  52.800983 -7.199134 23.347319  -0.509110 0.860702 0.000000  0.971106 0.159515 0
0  56.544006 -4.985114 16.500000  -0.509110 0.860701 0.000000  0.999406 0.143238 0
0  52.800983 -7.199134 16.500000  -0.509111 0.860701 0.000000  0.999406 0.159515 0
tire_wall_straight
0  56.544006 -4.985114 23.347319  -0.917786 0.397075 0.000000  0.455025 0.841659 0
0  58.270805 -0.993842 16.500000  -0.917786 0.397074 0.000000  0.483325 0.827047 0
0  56.544006 -4.985114 16.500000  -0.917787 0.397074 0.000000  0.483325 0.841659 0
tire_wall_straight
0  58.270805 -0.993842 23.347319  -0.975900 -0.218220 0.000000  0.455025 0.827047 0
0  57.321804 3.250153 16.500000  -0.975899 -0.218222 0.000000  0.483325 0.809662 0
0  58.270805 -0.993842 16.500000  -0.975899 -0.218223 0.000000  0.483325 0.827047 0
tire_wall_straight
0  57.321804 3.250153 23.347319  -0.661252 -0.750164 0.000000  0.455025 0.809662 0
0  54.059490 6.125808 16.500000  -0.661252 -0.750164 0.000000  0.483325 0.796145 0
0  57.321804 3.250153 16.500000  -0.661252 -0.750164 0.000000  0.483325 0.809662 0
tire_wall_straight
0  -51.704285 7.026244 24.500000  0.010355 -0.146584 -0.989144  0.292636 0.655598 0
0  -57.796978 8.012819 24.000000  0.094537 -0.112503 -0.989144  0.316159 0.646039 0
0  -51.941460 10.383478 24.000000  0.010354 -0.146584 -0.989144  0.300812 0.666499 0
tire_wall_straight
0  -55.631767 5.436168 24.500000  0.094537 -0.112502 -0.989144  0.302930 0.641875 0
0  -61.140755 2.653129 24.000000  0.142609 -0.035450 -0.989144  0.316159 0.620749 0
0  -57.796978 8.012819 24.000000  0.094537 -0.112503 -0.989144  0.316159 0.646039 0
tire_wall_straight
0  -57.874542 1.841254 24.500000  0.142609 -0.035449 -0.989144  0.302930 0.624912 0
0  -60.695576 -3.648374 24.000000  0.136210 0.055144 -0.989144  0.300812 0.600289 0
0  -61.140755 2.653129 24.000000  0.142609 -0.035450 -0.989144  0.316159 0.620749 0
tire_wall_straight
0  -57.575947 -2.385364 24.500000  0.136210 0.055145 -0.989144  0.292636 0.611189 0
0  -56.631493 -8.484728 24.000000  0.077783 0.124675 -0.989144  0.275981 0.592474 0
0  -60.695576 -3.648374 24.000000  0.136210 0.055144 -0.989144  0.300812 0.600289 0
tire_wall_straight
0  -54.850037 -5.629261 24.500000  0.077782 0.124675 -0.989144  0.275981 0.605948 0
0  -50.500839 -10.008612 24.000000  -0.010354 0.146584 -0.989144  0.251149 0.600289 0
0  -56.631493 -8.484728 24.000000  0.077783 0.124675 -0.989144  0.275981 0.592474 0
tire_wall_straight
0  -50.738014 -6.651377 24.500000  -0.010355 0.146584 -0.989144  0.259326 0.611189 0
0  -44.645321 -7.637952 24.000000  -0.094536 0.112503 -0.989144  0.235803 0.620749 0
0  -50.500839 -10.008612 24.000000  -0.010354 0.146584 -0.989144  0.251149 0.600289 0
tire_wall_straight
0  -46.810532 -5.061301 24.500000  -0.094537 0.112502 -0.989144  0.249032 0.624912 0
0  -41.301544 -2.278262 24.000000  -0.142608 0.035450 -0.989144  0.235803 0.646039 0
0  -44.645321 -7.637952 24.000000  -0.094536 0.112503 -0.989144  0.235803 0.620749 0
tire_wall_straight
0  -44.567757 -1.466386 24.500000  -0.142609 0.035449 -0.989144  0.249032 0.641875 0
0  -41.746723 4.023241 24.000000  -0.136210 -0.055144 -0.989144  0.251149 0.666499 0
0  -41.301544 -2.278262 24.000000  -0.142608 0.035450 -0.989144  0.235803 0.646039 0
tire_wall_straight
0  -44.866352 2.760231 24.500000  -0.136210 -0.055145 -0.989144  0.259326 0.655598 0
0  -45.810806 8.859594 24.000000  -0.077783 -0.124675 -0.989144  0.275981 0.674314 0
0  -41.746723 4.023241 24.000000  -0.136210 -0.055144 -0.989144  0.251149 0.666499 0
tire_wall_straight
0  -47.592262 6.004128 24.500000  -0.077783 -0.124675 -0.989144  0.275981 0.660840 0
0  -51.941460 10.383478 24.000000  0.010354 -0.146584 -0.989144  0.300812 0.666499 0
0  -45.810806 8.859594 24.000000  -0.077783 -0.124675 -0.989144  0.275981 0.674314 0
tire_wall_straight
0  -51.941460 10.383478 24.000000  -0.043373 0.613961 -0.788144  0.300812 0.666499 0
0  -59.240452 9.730587 25.752214  -0.395968 0.471209 -0.788144  0.324979 0.648814 0
0  -52.099579 12.621634 25.752214  -0.043375 0.613961 -0.788144  0.306263 0.673766 0
tire_wall_straight
0  -57.796978 8.012819 24.000000  -0.395967 0.471210 -0.788144  0.316159 0.646039 0
0  -63.318226 3.194379 25.752214  -0.597315 0.148473 -0.788144  0.324979 0.617973 0
0  -59.240452 9.730587 25.752214  -0.395968 0.471209 -0.788144  0.324979 0.648814 0
tire_wall_straight
0  -61.140755 2.653129 24.000000  -0.597315 0.148474 -0.788144  0.316159 0.620749 0
0  -62.775330 -4.490380 25.752214  -0.570508 -0.230975 -0.788144  0.306263 0.593022 0
0  -63.318226 3.194379 25.752214  -0.597315 0.148473 -0.788144  0.324979 0.617973 0
tire_wall_straight
0  -60.695576 -3.648374 24.000000  -0.570508 -0.230974 -0.788145  0.300812 0.600289 0
0  -57.819126 -10.388374 25.752214  -0.325786 -0.522199 -0.788144  0.275981 0.583492 0
0  -62.775330 -4.490380 25.752214  -0.570508 -0.230975 -0.788144  0.306263 0.593022 0
tire_wall_straight
0  -56.631493 -8.484728 24.000000  -0.325787 -0.522198 -0.788144  0.275981 0.592474 0
0  -50.342720 -12.246768 25.752214  0.043375 -0.613960 -0.788144  0.245699 0.593022 0
0  -57.819126 -10.388374 25.752214  -0.325786 -0.522199 -0.788144  0.275981 0.583492 0
tire_wall_straight
0  -50.500839 -10.008612 24.000000  0.043373 -0.613960 -0.788144  0.251149 0.600289 0
0  -43.201847 -9.355721 25.752214  0.395968 -0.471210 -0.788144  0.226983 0.617973 0
0  -50.342720 -12.246768 25.752214  0.043375 -0.613960 -0.788144  0.245699 0.593022 0
tire_wall_straight
0  -44.645321 -7.637952 24.000000  0.395967 -0.471211 -0.788144  0.235803 0.620749 0
0  -39.124073 -2.819511 25.752214  0.597315 -0.148473 -0.788144  0.226983 0.648814 0
0  -43.201847 -9.355721 25.752214  0.395968 -0.471210 -0.788144  0.226983 0.617973 0
tire_wall_straight
0  -41.301544 -2.278262 24.000000  0.597314 -0.148474 -0.788144  0.235803 0.646039 0
0  -39.666969 4.865248 25.752214  0.570508 0.230976 -0.788144  0.245699 0.673766 0
0  -39.124073 -2.819511 25.752214  0.597315 -0.148473 -0.788144  0.226983 0.648814 0
tire_wall_straight
0  -41.746723 4.023241 24.000000  0.570508 0.230975 -0.788145  0.251149 0.666499 0
0  -44.623173 10.763241 25.752214  0.325786 0.522199 -0.788144  0.275981 0.683296 0
0  -39.666969 4.865248 25.752214  0.570508 0.230976 -0.788144  0.245699 0.673766 0
tire_wall_straight
0  -45.810806 8.859594 24.000000  0.325787 0.522198 -0.788144  0.275981 0.674314 0
0  -52.099579 12.621634 25.752214  -0.043375 0.613961 -0.788144  0.306263 0.673766 0
0  -44.623173 10.763241 25.752214  0.325786 0.522199 -0.788144  0.275981 0.683296 0
tire_wall_straight
0  -52.099579 12.621634 25.752214  -0.375270 0.926915 0.000000  0.945222 0.028222 0
0  -59.240452 9.730587 30.212399  -0.375270 0.926916 0.000000  0.926788 0.058365 0
0  -52.099579 12.621634 30.212399  -0.375271 0.926915 0.000000  0.926788 0.028222 0
tire_wall_straight
0  -59.240452 9.730587 25.752214  -0.848427 0.529312 0.000000  0.823213 0.286516 0
0  -63.318226 3.194379 30.212399  -0.848427 0.529312 0.000000  0.804779 0.309617 0
0  -59.240452 9.730587 30.212399  -0.848427 0.529312 0.000000  0.804779 0.286516 0
tire_wall_straight
0  -63.318226 3.194379 25.752214  -0.997514 -0.070471 0.000000  0.823213 0.309617 0
0  -62.775330 -4.490380 30.212399  -0.997514 -0.070470 0.000000  0.804779 0.340316 0
0  -63.318226 3.194379 30.212399  -0.997514 -0.070471 0.000000  0.804779 0.309617 0
tire_wall_straight
0  -62.775330 -4.490380 25.752214  -0.765584 -0.643336 0.000000  0.823213 0.340316 0
0  -57.819126 -10.388374 30.212399  -0.765584 -0.643336 0.000000  0.804779 0.366889 0
0  -62.775330 -4.490380 30.212399  -0.765584 -0.643336 0.000000  0.804779 0.340316 0
tire_wall_straight
0  -57.819126 -10.388374 25.752214  -0.241227 -0.970469 0.000000  0.945222 0.073305 0
0  -50.342720 -12.246768 30.212399  -0.241227 -0.970469 0.000000  0.926788 0.101527 0
0  -57.819126 -10.388374 30.212399  -0.241227 -0.970469 0.000000  0.926788 0.073305 0
tire_wall_straight
0  -50.342720 -12.246768 25.752214  0.375270 -0.926915 0.000000  0.945222 0.101527 0
0  -43.201847 -9.355721 30.212399  0.375270 -0.926916 0.000000  0.926788 0.131670 0
0  -50.342720 -12.246768 30.212399  0.375271 -0.926915 0.000000  0.926788 0.101527 0
tire_wall_straight
0  -43.201847 -9.355721 25.752214  0.848427 -0.529312 0.000000  0.823213 0.381828 0
0  -39.124073 -2.819511 30.212399  0.848427 -0.529312 0.000000  0.804779 0.404929 0
0  -43.201847 -9.355721 30.212399  0.848427 -0.529312 0.000000  0.804779 0.381828 0
tire_wall_straight
0  -39.124073 -2.819511 25.752214  0.997514 0.070471 0.000000  0.823213 0.404929 0
0  -39.666969 4.865248 30.212399  0.997514 0.070470 0.000000  0.804779 0.435629 0
0  -39.124073 -2.819511 30.212399  0.997514 0.070471 0.000000  0.804779 0.404929 0
tire_wall_straight
0  -39.666969 4.865248 25.752214  0.765584 0.643336 0.000000  0.823213 0.435629 0
0  -44.623173 10.763241 30.212399  0.765584 0.643336 0.000000  0.804779 0.462201 0
0  -39.666969 4.865248 30.212399  0.765584 0.643336 0.000000  0.804779 0.435629 0
tire_wall_straight
0  -44.623173 10.763241 25.752214  0.241227 0.970469 0.000000  0.945222 0.000000 0
0  -52.099579 12.621634 30.212399  0.241227 0.970469 0.000000  0.926788 0.028222 0
0  -44.623173 10.763241 30.212399  0.241227 0.970469 0.000000  0.926788 0.000000 0
tire_wall_straight
0  -52.099579 12.621634 30.212399  -0.043374 0.613960 0.788144  0.419682 0.673766 0
0  -57.796978 8.012819 31.964613  -0.395968 0.471210 0.788144  0.389400 0.674314 0
0  -51.941460 10.383478 31.964613  -0.043375 0.613960 0.788144  0.414232 0.666499 0
tire_wall_straight
0  -59.240452 9.730587 30.212399  -0.395967 0.471210 0.788144  0.389400 0.683296 0
0  -61.140755 2.653129 31.964613  -0.597315 0.148472 0.788144  0.364569 0.666499 0
0  -57.796978 8.012819 31.964613  -0.395968 0.471210 0.788144  0.389400 0.674314 0
tire_wall_straight
0  -63.318226 3.194379 30.212399  -0.597315 0.148473 0.788144  0.359118 0.673766 0
0  -60.695576 -3.648374 31.964613  -0.570507 -0.230976 0.788144  0.349222 0.646039 0
0  -61.140755 2.653129 31.964613  -0.597315 0.148472 0.788144  0.364569 0.666499 0
tire_wall_straight
0  -62.775330 -4.490380 30.212399  -0.570508 -0.230975 0.788145  0.340402 0.648814 0
0  -56.631493 -8.484728 31.964613  -0.325786 -0.522200 0.788144  0.349222 0.620749 0
0  -60.695576 -3.648374 31.964613  -0.570507 -0.230976 0.788144  0.349222 0.646039 0
tire_wall_straight
0  -57.819126 -10.388374 30.212399  -0.325787 -0.522199 0.788144  0.340402 0.617973 0
0  -50.500839 -10.008612 31.964613  0.043375 -0.613961 0.788144  0.364569 0.600289 0
0  -56.631493 -8.484728 31.964613  -0.325786 -0.522200 0.788144  0.349222 0.620749 0
tire_wall_straight
0  -50.342720 -12.246768 30.212399  0.043374 -0.613960 0.788144  0.359118 0.593022 0
0  -44.645321 -7.637952 31.964613  0.395968 -0.471209 0.788144  0.389400 0.592474 0
0  -50.500839 -10.008612 31.964613  0.043375 -0.613961 0.788144  0.364569 0.600289 0
tire_wall_straight
0  -43.201847 -9.355721 30.212399  0.395967 -0.471210 0.788144  0.389400 0.583491 0
0  -41.301544 -2.278262 31.964613  0.597315 -0.148472 0.788144  0.414231 0.600289 0
0  -44.645321 -7.637952 31.964613  0.395968 -0.471209 0.788144  0.389400 0.592474 0
tire_wall_straight
0  -39.124073 -2.819511 30.212399  0.597315 -0.148473 0.788144  0.419682 0.593022 0
0  -41.746723 4.023241 31.964613  0.570507 0.230976 0.788144  0.429578 0.620749 0
0  -41.301544 -2.278262 31.964613  0.597315 -0.148472 0.788144  0.414231 0.600289 0
tire_wall_straight
0  -39.666969 4.865248 30.212399  0.570508 0.230975 0.788144  0.438398 0.617973 0
0  -45.810806 8.859594 31.964613  0.325786 0.522200 0.788144  0.429578 0.646039 0
0  -41.746723 4.023241 31.964613  0.570507 0.230976 0.788144  0.429578 0.620749 0
tire_wall_straight
0  -44.623173 10.763241 30.212399  0.325786 0.522199 0.788144  0.438398 0.648814 0
0  -51.941460 10.383478 31.964613  -0.043375 0.613960 0.788144  0.414232 0.666499 0
0  -45.810806 8.859594 31.964613  0.325786 0.522200 0.788144  0.429578 0.646039 0
tire_wall_straight
0  -51.941460 10.383478 31.964613  0.010357 -0.146584 0.989144  0.414232 0.666499 0
0  -55.631767 5.436168 31.464613  0.094537 -0.112502 0.989144  0.389400 0.660840 0
0  -51.704285 7.026244 31.464613  0.010356 -0.146584 0.989144  0.406055 0.655598 0
tire_wall_straight
0  -57.796978 8.012819 31.964613  0.094538 -0.112501 0.989144  0.389400 0.674314 0
0  -57.874542 1.841254 31.464613  0.142609 -0.035448 0.989144  0.372745 0.655598 0
0  -55.631767 5.436168 31.464613  0.094537 -0.112502 0.989144  0.389400 0.660840 0
tire_wall_straight
0  -61.140755 2.653129 31.964613  0.142610 -0.035446 0.989144  0.364569 0.666499 0
0  -57.575947 -2.385364 31.464613  0.136209 0.055146 0.989144  0.362451 0.641875 0
0  -57.874542 1.841254 31.464613  0.142609 -0.035448 0.989144  0.372745 0.655598 0
tire_wall_straight
0  -60.695576 -3.648374 31.964613  0.136209 0.055147 0.989144  0.349222 0.646039 0
0  -54.850037 -5.629261 31.464613  0.077782 0.124676 0.989144  0.362451 0.624912 0
0  -57.575947 -2.385364 31.464613  0.136209 0.055146 0.989144  0.362451 0.641875 0
tire_wall_straight
0  -56.631493 -8.484728 31.964613  0.077781 0.124676 0.989144  0.349222 0.620749 0
0  -50.738014 -6.651377 31.464613  -0.010356 0.146584 0.989144  0.372745 0.611189 0
0  -54.850037 -5.629261 31.464613  0.077782 0.124676 0.989144  0.362451 0.624912 0
tire_wall_straight
0  -50.500839 -10.008612 31.964613  -0.010357 0.146584 0.989144  0.364569 0.600289 0
0  -46.810532 -5.061301 31.464613  -0.094537 0.112502 0.989144  0.389400 0.605947 0
0  -50.738014 -6.651377 31.464613  -0.010356 0.146584 0.989144  0.372745 0.611189 0
tire_wall_straight
0  -44.645321 -7.637952 31.964613  -0.094538 0.112501 0.989144  0.389400 0.592474 0
0  -44.567757 -1.466386 31.464613  -0.142609 0.035448 0.989144  0.406055 0.611189 0
0  -46.810532 -5.061301 31.464613  -0.094537 0.112502 0.989144  0.389400 0.605947 0
tire_wall_straight
0  -41.301544 -2.278262 31.964613  -0.142610 0.035446 0.989144  0.414231 0.600289 0
0  -44.866352 2.760231 31.464613  -0.136209 -0.055146 0.989144  0.416349 0.624912 0
0  -44.567757 -1.466386 31.464613  -0.142609 0.035448 0.989144  0.406055 0.611189 0
tire_wall_straight
0  -41.746723 4.023241 31.964613  -0.136209 -0.055147 0.989144  0.429578 0.620749 0
0  -47.592262 6.004128 31.464613  -0.077782 -0.124676 0.989144  0.416349 0.641875 0
0  -44.866352 2.760231 31.464613  -0.136209 -0.055146 0.989144  0.416349 0.624912 0
tire_wall_straight
0  -45.810806 8.859594 31.964613  -0.077781 -0.124676 0.989144  0.429578 0.646039 0
0  -51.704285 7.026244 31.464613  0.010356 -0.146584 0.989144  0.406055 0.655598 0
0  -47.592262 6.004128 31.464613  -0.077782 -0.124676 0.989144  0.416349 0.641875 0
tire_wall_straight
0  -51.704285 7.026244 31.464613  0.375270 -0.926916 0.000000  0.971106 0.920453 0
0  -55.631767 5.436168 24.500000  0.375270 -0.926915 0.000000  0.999891 0.903874 0
0  -51.704285 7.026244 24.500000  0.375270 -0.926915 0.000000  0.999891 0.920453 0
tire_wall_straight
0  -55.631767 5.436168 31.464613  0.848427 -0.529312 0.000000  0.838686 0.519724 0
0  -57.874542 1.841254 24.500000  0.848427 -0.529312 0.000000  0.867471 0.507019 0
0  -55.631767 5.436168 24.500000  0.848427 -0.529312 0.000000  0.867471 0.519724 0
tire_wall_straight
0  -57.874542 1.841254 31.464613  0.997514 0.070471 0.000000  0.838686 0.507019 0
0  -57.575947 -2.385364 24.500000  0.997514 0.070472 0.000000  0.867471 0.490134 0
0  -57.874542 1.841254 24.500000  0.997514 0.070472 0.000000  0.867471 0.507019 0
tire_wall_straight
0  -57.575947 -2.385364 31.464613  0.765585 0.643335 0.000000  0.838686 0.490134 0
0  -54.850037 -5.629261 24.500000  0.765584 0.643335 0.000000  0.867471 0.475519 0
0  -57.575947 -2.385364 24.500000  0.765584 0.643336 0.000000  0.867471 0.490134 0
tire_wall_straight
0  -54.850037 -5.629261 31.464613  0.241227 0.970469 0.000000  0.000000 0.999265 0
0  -50.738014 -6.651377 24.500000  0.241227 0.970469 0.000000  0.028785 0.983742 0
0  -54.850037 -5.629261 24.500000  0.241227 0.970469 0.000000  0.028785 0.999265 0
tire_wall_straight
0  -50.738014 -6.651377 31.464613  -0.375270 0.926916 0.000000  0.000000 0.983742 0
0  -46.810532 -5.061301 24.500000  -0.375270 0.926915 0.000000  0.028785 0.967164 0
0  -50.738014 -6.651377 24.500000  -0.375270 0.926915 0.000000  0.028785 0.983742 0
tire_wall_straight
0  -46.810532 -5.061301 31.464613  -0.848427 0.529312 0.000000  0.838686 0.460579 0
0  -44.567757 -1.466386 24.500000  -0.848427 0.529312 0.000000  0.867471 0.447874 0
0  -46.810532 -5.061301 24.500000  -0.848427 0.529312 0.000000  0.867471 0.460579 0
tire_wall_straight
0  -44.567757 -1.466386 31.464613  -0.997514 -0.070470 0.000000  0.838686 0.447874 0
0  -44.866352 2.760231 24.500000  -0.997514 -0.070470 0.000000  0.867471 0.430989 0
0  -44.567757 -1.466386 24.500000  -0.997514 -0.070470 0.000000  0.867471 0.447874 0
tire_wall_straight
0  -44.866352 2.760231 31.464613  -0.765584 -0.643336 0.000000  0.838686 0.430989 0
0  -47.592262 6.004128 24.500000  -0.765584 -0.643336 0.000000  0.867471 0.416374 0
0  -44.866352 2.760231 24.500000  -0.765584 -0.643336 0.000000  0.867471 0.430989 0
tire_wall_straight
0  -47.592262 6.004128 31.464613  -0.241227 -0.970469 0.000000  0.971106 0.935975 0
0  -51.704285 7.026244 24.500000  -0.241227 -0.970469 0.000000  0.999891 0.920453 0
0  -47.592262 6.004128 24.500000  -0.241228 -0.970469 0.000000  0.999891 0.935975 0
tire_wall_straight
0  5.517976 3.763467 24.500000  -0.117912 -0.086266 -0.989270  0.261338 0.540282 0
0  3.096938 9.480710 24.000000  -0.044688 -0.139097 -0.989270  0.278092 0.559109 0
0  8.250378 5.762534 24.000000  -0.117913 -0.086265 -0.989270  0.253113 0.551247 0
tire_wall_straight
0  2.061401 6.257366 24.500000  -0.044687 -0.139098 -0.989270  0.278092 0.545555 0
0  -3.257771 9.459662 24.000000  0.045606 -0.138799 -0.989270  0.303071 0.551247 0
0  3.096938 9.480710 24.000000  -0.044688 -0.139097 -0.989270  0.278092 0.559109 0
tire_wall_straight
0  -2.200904 6.243249 24.500000  0.045607 -0.138799 -0.989270  0.294846 0.540282 0
0  -8.386467 5.707430 24.000000  0.118480 -0.085485 -0.989270  0.318509 0.530666 0
0  -3.257771 9.459662 24.000000  0.045606 -0.138799 -0.989270  0.303071 0.551247 0
tire_wall_straight
0  -5.640883 3.726507 24.500000  0.118481 -0.085484 -0.989270  0.305201 0.526477 0
0  -10.330163 -0.342762 24.000000  0.146099 0.000482 -0.989270  0.318509 0.505225 0
0  -8.386467 5.707430 24.000000  0.118480 -0.085485 -0.989270  0.318509 0.530666 0
tire_wall_straight
0  -6.944582 -0.331548 24.500000  0.146099 0.000483 -0.989270  0.305201 0.509414 0
0  -8.346432 -6.379946 24.000000  0.117913 0.086265 -0.989270  0.303071 0.484644 0
0  -10.330163 -0.342762 24.000000  0.146099 0.000482 -0.989270  0.318509 0.505225 0
tire_wall_straight
0  -5.614030 -4.380879 24.500000  0.117912 0.086266 -0.989270  0.294846 0.495609 0
0  -3.192992 -10.098121 24.000000  0.044688 0.139097 -0.989270  0.278092 0.476783 0
0  -8.346432 -6.379946 24.000000  0.117913 0.086265 -0.989270  0.303071 0.484644 0
tire_wall_straight
0  -2.157455 -6.874777 24.500000  0.044687 0.139098 -0.989270  0.278092 0.490336 0
0  3.161717 -10.077073 24.000000  -0.045606 0.138799 -0.989270  0.253113 0.484644 0
0  -3.192992 -10.098121 24.000000  0.044688 0.139097 -0.989270  0.278092 0.476783 0
tire_wall_straight
0  2.104850 -6.860661 24.500000  -0.045607 0.138799 -0.989270  0.261338 0.495609 0
0  8.290413 -6.324841 24.000000  -0.118480 0.085485 -0.989270  0.237675 0.505225 0
0  3.161717 -10.077073 24.000000  -0.045606 0.138799 -0.989270  0.253113 0.484644 0
tire_wall_straight
0  5.544829 -4.343919 24.500000  -0.118481 0.085484 -0.989270  0.250983 0.509414 0
0  10.234109 -0.274650 24.000000  -0.146099 -0.000482 -0.989270  0.237675 0.530666 0
0  8.290413 -6.324841 24.000000  -0.118480 0.085485 -0.989270  0.237675 0.505225 0
tire_wall_straight
0  6.848527 -0.285863 24.500000  -0.146099 -0.000483 -0.989270  0.250983 0.526477 0
0  8.250378 5.762534 24.000000  -0.117913 -0.086265 -0.989270  0.253113 0.551247 0
0  10.234109 -0.274650 24.000000  -0.146099 -0.000482 -0.989270  0.237675 0.530666 0
tire_wall_straight
0  8.250378 5.762534 24.000000  0.495723 0.362677 -0.789129  0.253113 0.551247 0
0  3.787297 11.629607 25.756817  0.187871 0.584791 -0.789129  0.278092 0.568144 0
0  10.071980 7.095245 25.756817  0.495722 0.362678 -0.789129  0.247630 0.558557 0
tire_wall_straight
0  3.096938 9.480710 24.000000  0.187872 0.584791 -0.789129  0.278092 0.559109 0
0  -3.962349 11.603939 25.756817  -0.191741 0.583534 -0.789129  0.308554 0.558557 0
0  3.787297 11.629607 25.756817  0.187871 0.584791 -0.789129  0.278092 0.568144 0
tire_wall_straight
0  -3.257771 9.459662 24.000000  -0.191740 0.583534 -0.789128  0.303071 0.551247 0
0  -10.216857 7.028045 25.756817  -0.498114 0.359386 -0.789129  0.327381 0.533458 0
0  -3.962349 11.603939 25.756817  -0.191741 0.583534 -0.789129  0.308554 0.558557 0
tire_wall_straight
0  -8.386467 5.707430 24.000000  -0.498113 0.359387 -0.789129  0.318509 0.530666 0
0  -12.587217 -0.350237 25.756817  -0.614225 -0.002035 -0.789128  0.327381 0.502433 0
0  -10.216857 7.028045 25.756817  -0.498114 0.359386 -0.789129  0.327381 0.533458 0
tire_wall_straight
0  -10.330163 -0.342762 24.000000  -0.614225 -0.002034 -0.789128  0.318509 0.505225 0
0  -10.168034 -7.712657 25.756817  -0.495722 -0.362678 -0.789128  0.308554 0.477334 0
0  -12.587217 -0.350237 25.756817  -0.614225 -0.002035 -0.789128  0.327381 0.502433 0
tire_wall_straight
0  -8.346432 -6.379946 24.000000  -0.495723 -0.362678 -0.789128  0.303071 0.484644 0
0  -3.883351 -12.247018 25.756817  -0.187870 -0.584791 -0.789129  0.278092 0.467747 0
0  -10.168034 -7.712657 25.756817  -0.495722 -0.362678 -0.789128  0.308554 0.477334 0
tire_wall_straight
0  -3.192992 -10.098121 24.000000  -0.187871 -0.584791 -0.789129  0.278092 0.476783 0
0  3.866295 -12.221350 25.756817  0.191741 -0.583534 -0.789128  0.247630 0.477334 0
0  -3.883351 -12.247018 25.756817  -0.187870 -0.584791 -0.789129  0.278092 0.467747 0
tire_wall_straight
0  3.161717 -10.077073 24.000000  0.191740 -0.583534 -0.789128  0.253113 0.484644 0
0  10.120803 -7.645457 25.756817  0.498114 -0.359386 -0.789129  0.228803 0.502433 0
0  3.866295 -12.221350 25.756817  0.191741 -0.583534 -0.789128  0.247630 0.477334 0
tire_wall_straight
0  8.290413 -6.324841 24.000000  0.498113 -0.359387 -0.789129  0.237675 0.505225 0
0  12.491163 -0.267174 25.756817  0.614225 0.002035 -0.789128  0.228803 0.533458 0
0  10.120803 -7.645457 25.756817  0.498114 -0.359386 -0.789129  0.228803 0.502433 0
tire_wall_straight
0  10.234109 -0.274650 24.000000  0.614225 0.002033 -0.789128  0.237675 0.530666 0
0  10.071980 7.095245 25.756817  0.495722 0.362678 -0.789129  0.247630 0.558557 0
0  12.491163 -0.267174 25.756817  0.614225 0.002035 -0.789128  0.228803 0.533458 0
tire_wall_straight
0  10.071980 7.095245 25.756817  0.585103 0.810959 0.000000  0.823262 0.154268 0
0  3.787297 11.629607 30.228714  0.585103 0.810959 0.000000  0.804779 0.176338 0
0  10.071980 7.095245 30.228714  0.585103 0.810959 0.000000  0.804779 0.154268 0
tire_wall_straight
0  3.787297 11.629607 25.756817  -0.003312 0.999995 0.000000  0.725629 0.891999 0
0  -3.962349 11.603939 30.228714  -0.003312 0.999995 0.000000  0.707146 0.922586 0
0  3.787297 11.629607 30.228714  -0.003312 0.999995 0.000000  0.707146 0.891999 0
tire_wall_straight
0  -3.962349 11.603939 25.756817  -0.590462 0.807065 0.000000  0.725629 0.922586 0
0  -10.216857 7.028045 30.228714  -0.590462 0.807066 0.000000  0.707146 0.950383 0
0  -3.962349 11.603939 30.228714  -0.590462 0.807065 0.000000  0.707146 0.922586 0
tire_wall_straight
0  -10.216857 7.028045 25.756817  -0.952075 0.305865 0.000000  0.823262 0.191278 0
0  -12.587217 -0.350237 30.228714  -0.952075 0.305865 0.000000  0.804779 0.218835 0
0  -10.216857 7.028045 30.228714  -0.952075 0.305865 0.000000  0.804779 0.191278 0
tire_wall_straight
0  -12.587217 -0.350237 25.756817  -0.950028 -0.312165 0.000000  0.823262 0.218835 0
0  -10.168034 -7.712657 30.228714  -0.950028 -0.312165 0.000000  0.804779 0.249507 0
0  -12.587217 -0.350237 30.228714  -0.950028 -0.312165 0.000000  0.804779 0.218835 0
tire_wall_straight
0  -10.168034 -7.712657 25.756817  -0.585102 -0.810959 0.000000  0.823262 0.249507 0
0  -3.883351 -12.247018 30.228714  -0.585102 -0.810959 0.000000  0.804779 0.271576 0
0  -10.168034 -7.712657 30.228714  -0.585102 -0.810959 0.000000  0.804779 0.249507 0
tire_wall_straight
0  -3.883351 -12.247018 25.756817  0.003312 -0.999995 0.000000  0.759535 0.891999 0
0  3.866295 -12.221350 30.228714  0.003312 -0.999995 0.000000  0.741053 0.922586 0
0  -3.883351 -12.247018 30.228714  0.003312 -0.999995 0.000000  0.741053 0.891999 0
tire_wall_straight
0  3.866295 -12.221350 25.756817  0.590462 -0.807066 0.000000  0.759535 0.922586 0
0  10.120803 -7.645457 30.228714  0.590462 -0.807066 0.000000  0.741053 0.950383 0
0  3.866295 -12.221350 30.228714  0.590462 -0.807066 0.000000  0.741053 0.922586 0
tire_wall_straight
0  10.120803 -7.645457 25.756817  0.952075 -0.305865 0.000000  0.823262 0.096039 0
0  12.491163 -0.267174 30.228714  0.952075 -0.305865 0.000000  0.804779 0.123597 0
0  10.120803 -7.645457 30.228714  0.952075 -0.305865 0.000000  0.804779 0.096039 0
tire_wall_straight
0  12.491163 -0.267174 25.756817  0.950028 0.312165 0.000000  0.823262 0.123597 0
0  10.071980 7.095245 30.228714  0.950028 0.312165 0.000000  0.804779 0.154268 0
0  12.491163 -0.267174 30.228714  0.950028 0.312165 0.000000  0.804779 0.123597 0
tire_wall_straight
0  10.071980 7.095245 30.228714  0.495723 0.362678 0.789128  0.422556 0.558557 0
0  3.096938 9.480710 31.985531  0.187870 0.584791 0.789129  0.392094 0.559109 0
0  8.250378 5.762534 31.985531  0.495722 0.362679 0.789128  0.417073 0.551247 0
tire_wall_straight
0  3.787297 11.629607 30.228714  0.187871 0.584791 0.789129  0.392094 0.568144 0
0  -3.257771 9.459662 31.985531  -0.191742 0.583533 0.789129  0.367115 0.551247 0
0  3.096938 9.480710 31.985531  0.187870 0.584791 0.789129  0.392094 0.559109 0
tire_wall_straight
0  -3.962349 11.603939 30.228714  -0.191740 0.583534 0.789129  0.361631 0.558557 0
0  -8.386467 5.707430 31.985531  -0.498114 0.359386 0.789129  0.351677 0.530666 0
0  -3.257771 9.459662 31.985531  -0.191742 0.583533 0.789129  0.367115 0.551247 0
tire_wall_straight
0  -10.216857 7.028045 30.228714  -0.498113 0.359387 0.789129  0.342805 0.533458 0
0  -10.330163 -0.342762 31.985531  -0.614224 -0.002035 0.789129  0.351677 0.505225 0
0  -8.386467 5.707430 31.985531  -0.498114 0.359386 0.789129  0.351677 0.530666 0
tire_wall_straight
0  -12.587217 -0.350237 30.228714  -0.614225 -0.002034 0.789129  0.342805 0.502433 0
0  -8.346432 -6.379946 31.985531  -0.495722 -0.362679 0.789129  0.367115 0.484644 0
0  -10.330163 -0.342762 31.985531  -0.614224 -0.002035 0.789129  0.351677 0.505225 0
tire_wall_straight
0  -10.168034 -7.712657 30.228714  -0.495723 -0.362678 0.789128  0.361631 0.477334 0
0  -3.192992 -10.098121 31.985531  -0.187870 -0.584791 0.789129  0.392094 0.476783 0
0  -8.346432 -6.379946 31.985531  -0.495722 -0.362679 0.789129  0.367115 0.484644 0
tire_wall_straight
0  -3.883351 -12.247018 30.228714  -0.187871 -0.584791 0.789128  0.392094 0.467747 0
0  3.161717 -10.077073 31.985531  0.191742 -0.583533 0.789129  0.417073 0.484644 0
0  -3.192992 -10.098121 31.985531  -0.187870 -0.584791 0.789129  0.392094 0.476783 0
tire_wall_straight
0  3.866295 -12.221350 30.228714  0.191740 -0.583534 0.789129  0.422556 0.477334 0
0  8.290413 -6.324841 31.985531  0.498114 -0.359386 0.789129  0.432510 0.505225 0
0  3.161717 -10.077073 31.985531  0.191742 -0.583533 0.789129  0.417073 0.484644 0
tire_wall_straight
0  10.120803 -7.645457 30.228714  0.498114 -0.359387 0.789129  0.441382 0.502433 0
0  10.234109 -0.274650 31.985531  0.614224 0.002035 0.789129  0.432510 0.530666 0
0  8.290413 -6.324841 31.985531  0.498114 -0.359386 0.789129  0.432510 0.505225 0
tire_wall_straight
0  12.491163 -0.267174 30.228714  0.614225 0.002034 0.789129  0.441382 0.533458 0
0  8.250378 5.762534 31.985531  0.495722 0.362679 0.789128  0.417073 0.551247 0
0  10.234109 -0.274650 31.985531  0.614224 0.002035 0.789129  0.432510 0.530666 0
tire_wall_straight
0  8.250378 5.762534 31.985531  -0.117911 -0.086268 0.989270  0.417073 0.551247 0
0  2.061401 6.257366 31.485531  -0.044686 -0.139098 0.989270  0.392094 0.545555 0
0  5.517976 3.763467 31.485531  -0.117912 -0.086267 0.989270  0.408848 0.540282 0
tire_wall_straight
0  3.096938 9.480710 31.985531  -0.044685 -0.139098 0.989270  0.392094 0.559109 0
0  -2.200904 6.243249 31.485531  0.045608 -0.138799 0.989270  0.375339 0.540282 0
0  2.061401 6.257366 31.485531  -0.044686 -0.139098 0.989270  0.392094 0.545555 0
tire_wall_straight
0  -3.257771 9.459662 31.985531  0.045609 -0.138798 0.989270  0.367115 0.551247 0
0  -5.640883 3.726507 31.485531  0.118481 -0.085483 0.989270  0.364985 0.526477 0
0  -2.200904 6.243249 31.485531  0.045608 -0.138799 0.989270  0.375339 0.540282 0
tire_wall_straight
0  -8.386467 5.707430 31.985531  0.118482 -0.085482 0.989270  0.351677 0.530666 0
0  -6.944582 -0.331548 31.485531  0.146099 0.000484 0.989270  0.364985 0.509414 0
0  -5.640883 3.726507 31.485531  0.118481 -0.085483 0.989270  0.364985 0.526477 0
tire_wall_straight
0  -10.330163 -0.342762 31.985531  0.146099 0.000486 0.989270  0.351677 0.505225 0
0  -5.614030 -4.380879 31.485531  0.117912 0.086267 0.989270  0.375339 0.495609 0
0  -6.944582 -0.331548 31.485531  0.146099 0.000484 0.989270  0.364985 0.509414 0
tire_wall_straight
0  -8.346432 -6.379946 31.985531  0.117911 0.086268 0.989270  0.367115 0.484644 0
0  -2.157455 -6.874777 31.485531  0.044686 0.139098 0.989270  0.392094 0.490336 0
0  -5.614030 -4.380879 31.485531  0.117912 0.086267 0.989270  0.375339 0.495609 0
tire_wall_straight
0  -3.192992 -10.098121 31.985531  0.044685 0.139098 0.989270  0.392094 0.476783 0
0  2.104850 -6.860661 31.485531  -0.045608 0.138799 0.989270  0.408848 0.495609 0
0  -2.157455 -6.874777 31.485531  0.044686 0.139098 0.989270  0.392094 0.490336 0
tire_wall_straight
0  3.161717 -10.077073 31.985531  -0.045609 0.138798 0.989270  0.417073 0.484644 0
0  5.544829 -4.343919 31.485531  -0.118481 0.085483 0.989270  0.419202 0.509414 0
0  2.104850 -6.860661 31.485531  -0.045608 0.138799 0.989270  0.408848 0.495609 0
tire_wall_straight
0  8.290413 -6.324841 31.985531  -0.118482 0.085482 0.989270  0.432510 0.505225 0
0  6.848527 -0.285863 31.485531  -0.146099 -0.000484 0.989270  0.419202 0.526477 0
0  5.544829 -4.343919 31.485531  -0.118481 0.085483 0.989270  0.419202 0.509414 0
tire_wall_straight
0  10.234109 -0.274650 31.985531  -0.146099 -0.000486 0.989270  0.432510 0.530666 0
0  5.517976 3.763467 31.485531  -0.117912 -0.086267 0.989270  0.408848 0.540282 0
0  6.848527 -0.285863 31.485531  -0.146099 -0.000484 0.989270  0.419202 0.526477 0
tire_wall_straight
0  5.517976 3.763467 31.485531  -0.585102 -0.810959 0.000000  0.838686 0.310305 0
0  2.061401 6.257366 24.500000  -0.585102 -0.810959 0.000000  0.867557 0.298166 0
0  5.517976 3.763467 24.500000  -0.585102 -0.810960 0.000000  0.867557 0.310305 0
tire_wall_straight
0  2.061401 6.257366 31.485531  0.003312 -0.999995 0.000000  0.971106 0.746779 0
0  -2.200904 6.243249 24.500000  0.003312 -0.999995 0.000000  0.999977 0.729956 0
0  2.061401 6.257366 24.500000  0.003312 -0.999995 0.000000  0.999977 0.746779 0
tire_wall_straight
0  -2.200904 6.243249 31.485531  0.590462 -0.807066 0.000000  0.971106 0.729956 0
0  -5.640883 3.726507 24.500000  0.590462 -0.807066 0.000000  0.999977 0.714668 0
0  -2.200904 6.243249 24.500000  0.590462 -0.807066 0.000000  0.999977 0.729956 0
tire_wall_straight
0  -5.640883 3.726507 31.485531  0.952075 -0.305865 0.000000  0.838686 0.401435 0
0  -6.944582 -0.331548 24.500000  0.952075 -0.305865 0.000000  0.867557 0.386278 0
0  -5.640883 3.726507 24.500000  0.952075 -0.305865 0.000000  0.867557 0.401435 0
tire_wall_straight
0  -6.944582 -0.331548 31.485531  0.950028 0.312165 0.000000  0.838686 0.386278 0
0  -5.614030 -4.380879 24.500000  0.950028 0.312165 0.000000  0.867557 0.369409 0
0  -6.944582 -0.331548 24.500000  0.950028 0.312165 0.000000  0.867557 0.386278 0
tire_wall_straight
0  -5.614030 -4.380879 31.485531  0.585102 0.810959 0.000000  0.838686 0.369409 0
0  -2.157455 -6.874777 24.500000  0.585102 0.810959 0.000000  0.867557 0.357270 0
0  -5.614030 -4.380879 24.500000  0.585102 0.810960 0.000000  0.867557 0.369409 0
tire_wall_straight
0  -2.157455 -6.874777 31.485531  -0.003312 0.999995 0.000000  0.971106 0.793830 0
0  2.104850 -6.860661 24.500000  -0.003312 0.999995 0.000000  0.999977 0.777007 0
0  -2.157455 -6.874777 24.500000  -0.003312 0.999995 0.000000  0.999977 0.793830 0
tire_wall_straight
0  2.104850 -6.860661 31.485531  -0.590462 0.807066 0.000000  0.971106 0.777007 0
0  5.544829 -4.343919 24.500000  -0.590462 0.807066 0.000000  0.999977 0.761719 0
0  2.104850 -6.860661 24.500000  -0.590462 0.807066 0.000000  0.999977 0.777007 0
tire_wall_straight
0  5.544829 -4.343919 31.485531  -0.952075 0.305865 0.000000  0.838686 0.342331 0
0  6.848527 -0.285863 24.500000  -0.952075 0.305865 0.000000  0.867557 0.327174 0
0  5.544829 -4.343919 24.500000  -0.952075 0.305865 0.000000  0.867557 0.342331 0
tire_wall_straight
0  6.848527 -0.285863 31.485531  -0.950028 -0.312165 0.000000  0.838686 0.327174 0
0  5.517976 3.763467 24.500000  -0.950028 -0.312165 0.000000  0.867557 0.310305 0
0  6.848527 -0.285863 24.500000  -0.950028 -0.312165 0.000000  0.867557 0.327174 0
tire_wall_straight
0  56.617401 4.512612 24.500000  -0.102770 -0.100095 -0.989656  0.299351 0.073899 0
0  53.359020 9.934236 24.000000  -0.024309 -0.141385 -0.989656  0.323459 0.064102 0
0  59.088318 6.919228 24.000000  -0.102772 -0.100094 -0.989656  0.307731 0.085070 0
tire_wall_straight
0  52.774578 6.534873 24.500000  -0.024308 -0.141386 -0.989656  0.309901 0.059835 0
0  46.951740 9.005830 24.000000  0.063437 -0.128672 -0.989656  0.323459 0.038183 0
0  53.359020 9.934236 24.000000  -0.024309 -0.141385 -0.989656  0.323459 0.064102 0
tire_wall_straight
0  48.477013 5.912162 24.500000  0.063438 -0.128672 -0.989656  0.309901 0.042450 0
0  42.313847 4.488630 24.000000  0.126954 -0.066810 -0.989656  0.307731 0.017215 0
0  46.951740 9.005830 24.000000  0.063437 -0.128672 -0.989656  0.323459 0.038183 0
tire_wall_straight
0  45.366230 2.882333 24.500000  0.126954 -0.066809 -0.989656  0.299351 0.028386 0
0  41.216858 -1.891946 24.000000  0.141978 0.020571 -0.989656  0.282282 0.009206 0
0  42.313847 4.488630 24.000000  0.126954 -0.066810 -0.989656  0.307731 0.017215 0
tire_wall_straight
0  44.630444 -1.397322 24.500000  0.141978 0.020572 -0.989656  0.282282 0.023014 0
0  44.079781 -7.698737 24.000000  0.102772 0.100094 -0.989656  0.256834 0.017215 0
0  41.216858 -1.891946 24.000000  0.141978 0.020571 -0.989656  0.282282 0.009206 0
tire_wall_straight
0  46.550697 -5.292120 24.500000  0.102771 0.100095 -0.989656  0.265213 0.028386 0
0  49.809078 -10.713744 24.000000  0.024309 0.141385 -0.989656  0.241106 0.038183 0
0  44.079781 -7.698737 24.000000  0.102772 0.100094 -0.989656  0.256834 0.017215 0
tire_wall_straight
0  50.393520 -7.314382 24.500000  0.024308 0.141386 -0.989656  0.254664 0.042450 0
0  56.216358 -9.785338 24.000000  -0.063437 0.128672 -0.989656  0.241106 0.064102 0
0  49.809078 -10.713744 24.000000  0.024309 0.141385 -0.989656  0.241106 0.038183 0
tire_wall_straight
0  54.691086 -6.691670 24.500000  -0.063438 0.128672 -0.989656  0.254664 0.059835 0
0  60.854252 -5.268139 24.000000  -0.126954 0.066810 -0.989656  0.256834 0.085070 0
0  56.216358 -9.785338 24.000000  -0.063437 0.128672 -0.989656  0.241106 0.064102 0
tire_wall_straight
0  57.801868 -3.661841 24.500000  -0.126954 0.066809 -0.989656  0.265213 0.073899 0
0  61.951241 1.112437 24.000000  -0.141978 -0.020571 -0.989656  0.282282 0.093079 0
0  60.854252 -5.268139 24.000000  -0.126954 0.066810 -0.989656  0.256834 0.085070 0
tire_wall_straight
0  58.537655 0.617813 24.500000  -0.141977 -0.020572 -0.989656  0.282282 0.079271 0
0  59.088318 6.919228 24.000000  -0.102772 -0.100094 -0.989656  0.307731 0.085070 0
0  61.951241 1.112437 24.000000  -0.141978 -0.020571 -0.989656  0.282282 0.093079 0
tire_wall_straight
0  59.088318 6.919228 24.000000  0.435094 0.423770 -0.794426  0.307731 0.085070 0
0  53.748646 12.200477 25.758026  0.102911 0.598579 -0.794426  0.332498 0.066946 0
0  60.735596 8.523639 25.758026  0.435093 0.423771 -0.794426  0.313317 0.092517 0
tire_wall_straight
0  53.359020 9.934236 24.000000  0.102913 0.598579 -0.794426  0.323459 0.064102 0
0  45.934891 11.068274 25.758026  -0.268579 0.544750 -0.794426  0.332498 0.035339 0
0  53.748646 12.200477 25.758026  0.102911 0.598579 -0.794426  0.332498 0.066946 0
tire_wall_straight
0  46.951740 9.005830 24.000000  -0.268578 0.544751 -0.794426  0.323459 0.038183 0
0  40.278923 5.559495 25.758026  -0.537481 0.282845 -0.794426  0.313317 0.009767 0
0  45.934891 11.068274 25.758026  -0.268579 0.544750 -0.794426  0.332498 0.035339 0
tire_wall_straight
0  42.313847 4.488630 24.000000  -0.537480 0.282847 -0.794426  0.307731 0.017215 0
0  38.941132 -2.221696 25.758026  -0.601084 -0.087096 -0.794426  0.282282 0.000000 0
0  40.278923 5.559495 25.758026  -0.537481 0.282845 -0.794426  0.313317 0.009767 0
tire_wall_straight
0  41.216858 -1.891946 24.000000  -0.601084 -0.087095 -0.794426  0.282282 0.009206 0
0  42.432503 -9.303147 25.758026  -0.435093 -0.423771 -0.794426  0.251247 0.009767 0
0  38.941132 -2.221696 25.758026  -0.601084 -0.087096 -0.794426  0.282282 0.000000 0
tire_wall_straight
0  44.079781 -7.698737 24.000000  -0.435094 -0.423770 -0.794426  0.256834 0.017215 0
0  49.419453 -12.979985 25.758026  -0.102911 -0.598579 -0.794426  0.232067 0.035339 0
0  42.432503 -9.303147 25.758026  -0.435093 -0.423771 -0.794426  0.251247 0.009767 0
tire_wall_straight
0  49.809078 -10.713744 24.000000  -0.102913 -0.598579 -0.794426  0.241106 0.038183 0
0  57.233208 -11.847783 25.758026  0.268579 -0.544750 -0.794426  0.232067 0.066946 0
0  49.419453 -12.979985 25.758026  -0.102911 -0.598579 -0.794426  0.232067 0.035339 0
tire_wall_straight
0  56.216358 -9.785338 24.000000  0.268578 -0.544751 -0.794425  0.241106 0.064102 0
0  62.889175 -6.339004 25.758026  0.537481 -0.282845 -0.794426  0.251247 0.092517 0
0  57.233208 -11.847783 25.758026  0.268579 -0.544750 -0.794426  0.232067 0.066946 0
tire_wall_straight
0  60.854252 -5.268139 24.000000  0.537480 -0.282847 -0.794426  0.256834 0.085070 0
0  64.226967 1.442187 25.758026  0.601084 0.087097 -0.794426  0.282282 0.102285 0
0  62.889175 -6.339004 25.758026  0.537481 -0.282845 -0.794426  0.251247 0.092517 0
tire_wall_straight
0  61.951241 1.112437 24.000000  0.601084 0.087096 -0.794426  0.282282 0.093079 0
0  60.735596 8.523639 25.758026  0.435093 0.423771 -0.794426  0.313317 0.092517 0
0  64.226967 1.442187 25.758026  0.601084 0.087097 -0.794426  0.282282 0.102285 0
tire_wall_straight
0  60.735596 8.523639 25.758026  0.465697 0.884944 0.000000  0.710196 0.457416 0
0  53.748646 12.200477 30.233004  0.465697 0.884944 0.000000  0.691701 0.482466 0
0  60.735596 8.523639 30.233004  0.465696 0.884945 0.000000  0.691701 0.457416 0
tire_wall_straight
0  53.748646 12.200477 25.758026  -0.143401 0.989665 0.000000  0.710196 0.482466 0
0  45.934891 11.068274 30.233004  -0.143401 0.989665 0.000000  0.691701 0.514061 0
0  53.748646 12.200477 30.233004  -0.143401 0.989665 0.000000  0.691701 0.482466 0
tire_wall_straight
0  45.934891 11.068274 25.758026  -0.697724 0.716367 0.000000  0.710196 0.514061 0
0  40.278923 5.559495 30.233004  -0.697724 0.716367 0.000000  0.691701 0.540135 0
0  45.934891 11.068274 30.233004  -0.697724 0.716366 0.000000  0.691701 0.514061 0
tire_wall_straight
0  40.278923 5.559495 25.758026  -0.985541 0.169440 0.000000  0.901476 0.770943 0
0  38.941132 -2.221696 30.233004  -0.985540 0.169440 0.000000  0.882981 0.800776 0
0  40.278923 5.559495 30.233004  -0.985541 0.169440 0.000000  0.882981 0.770943 0
tire_wall_straight
0  38.941132 -2.221696 25.758026  -0.896914 -0.442206 0.000000  0.901476 0.800776 0
0  42.432503 -9.303147 30.233004  -0.896914 -0.442206 0.000000  0.882981 0.831050 0
0  38.941132 -2.221696 30.233004  -0.896914 -0.442206 0.000000  0.882981 0.800776 0
tire_wall_straight
0  42.432503 -9.303147 25.758026  -0.465697 -0.884944 0.000000  0.710196 0.555075 0
0  49.419453 -12.979985 30.233004  -0.465697 -0.884944 0.000000  0.691701 0.580124 0
0  42.432503 -9.303147 30.233004  -0.465696 -0.884945 0.000000  0.691701 0.555075 0
tire_wall_straight
0  49.419453 -12.979985 25.758026  0.143401 -0.989665 0.000000  0.710196 0.580124 0
0  57.233208 -11.847783 30.233004  0.143401 -0.989665 0.000000  0.691701 0.611720 0
0  49.419453 -12.979985 30.233004  0.143401 -0.989665 0.000000  0.691701 0.580124 0
tire_wall_straight
0  57.233208 -11.847783 25.758026  0.697724 -0.716367 0.000000  0.710196 0.611720 0
0  62.889175 -6.339004 30.233004  0.697724 -0.716367 0.000000  0.691701 0.637793 0
0  57.233208 -11.847783 30.233004  0.697724 -0.716367 0.000000  0.691701 0.611720 0
tire_wall_straight
0  62.889175 -6.339004 25.758026  0.985540 -0.169440 0.000000  0.018495 0.891999 0
0  64.226967 1.442187 30.233004  0.985540 -0.169441 0.000000  0.000000 0.921832 0
0  62.889175 -6.339004 30.233004  0.985541 -0.169440 0.000000  0.000000 0.891999 0
tire_wall_straight
0  64.226967 1.442187 25.758026  0.896914 0.442206 0.000000  0.018495 0.921832 0
0  60.735596 8.523639 30.233004  0.896914 0.442205 0.000000  0.000000 0.952105 0
0  64.226967 1.442187 30.233004  0.896913 0.442206 0.000000  0.000000 0.921832 0
tire_wall_straight
0  60.735596 8.523639 30.233004  0.435093 0.423770 0.794426  0.251247 0.209742 0
0  53.359020 9.934236 31.991030  0.102911 0.598579 0.794426  0.241106 0.181326 0
0  59.088318 6.919228 31.991030  0.435092 0.423771 0.794426  0.256834 0.202294 0
tire_wall_straight
0  53.748646 12.200477 30.233004  0.102912 0.598579 0.794426  0.232067 0.184171 0
0  46.951740 9.005830 31.991030  -0.268579 0.544750 0.794426  0.241106 0.155408 0
0  53.359020 9.934236 31.991030  0.102911 0.598579 0.794426  0.241106 0.181326 0
tire_wall_straight
0  45.934891 11.068274 30.233004  -0.268578 0.544751 0.794426  0.232067 0.152563 0
0  42.313847 4.488630 31.991030  -0.537481 0.282845 0.794426  0.256834 0.134439 0
0  46.951740 9.005830 31.991030  -0.268579 0.544750 0.794426  0.241106 0.155408 0
tire_wall_straight
0  40.278923 5.559495 30.233004  -0.537480 0.282846 0.794426  0.251247 0.126992 0
0  41.216858 -1.891946 31.991030  -0.601083 -0.087097 0.794426  0.282282 0.126430 0
0  42.313847 4.488630 31.991030  -0.537481 0.282845 0.794426  0.256834 0.134439 0
tire_wall_straight
0  38.941132 -2.221696 30.233004  -0.601083 -0.087096 0.794426  0.282282 0.117224 0
0  44.079781 -7.698737 31.991030  -0.435092 -0.423771 0.794426  0.307731 0.134439 0
0  41.216858 -1.891946 31.991030  -0.601083 -0.087097 0.794426  0.282282 0.126430 0
tire_wall_straight
0  42.432503 -9.303147 30.233004  -0.435093 -0.423770 0.794426  0.313317 0.126992 0
0  49.809078 -10.713744 31.991030  -0.102911 -0.598579 0.794426  0.323459 0.155408 0
0  44.079781 -7.698737 31.991030  -0.435092 -0.423771 0.794426  0.307731 0.134439 0
tire_wall_straight
0  49.419453 -12.979985 30.233004  -0.102912 -0.598579 0.794426  0.332498 0.152563 0
0  56.216358 -9.785338 31.991030  0.268579 -0.544750 0.794426  0.323459 0.181326 0
0  49.809078 -10.713744 31.991030  -0.102911 -0.598579 0.794426  0.323459 0.155408 0
tire_wall_straight
0  57.233208 -11.847783 30.233004  0.268578 -0.544751 0.794426  0.332498 0.184171 0
0  60.854252 -5.268139 31.991030  0.537481 -0.282845 0.794426  0.307731 0.202294 0
0  56.216358 -9.785338 31.991030  0.268579 -0.544750 0.794426  0.323459 0.181326 0
tire_wall_straight
0  62.889175 -6.339004 30.233004  0.537480 -0.282846 0.794426  0.313317 0.209742 0
0  61.951241 1.112437 31.991030  0.601083 0.087097 0.794426  0.282282 0.210304 0
0  60.854252 -5.268139 31.991030  0.537481 -0.282845 0.794426  0.307731 0.202294 0
tire_wall_straight
0  64.226967 1.442187 30.233004  0.601083 0.087096 0.794426  0.282282 0.219509 0
0  59.088318 6.919228 31.991030  0.435092 0.423771 0.794426  0.256834 0.202294 0
0  61.951241 1.112437 31.991030  0.601083 0.087097 0.794426  0.282282 0.210304 0
tire_wall_straight
0  59.088318 6.919228 31.991030  -0.102769 -0.100097 0.989656  0.256834 0.202294 0
0  52.774578 6.534873 31.491030  -0.024307 -0.141386 0.989656  0.254664 0.177059 0
0  56.617401 4.512612 31.491030  -0.102769 -0.100096 0.989656  0.265213 0.191123 0
tire_wall_straight
0  53.359020 9.934236 31.991030  -0.024306 -0.141386 0.989656  0.241106 0.181326 0
0  48.477013 5.912162 31.491030  0.063439 -0.128671 0.989656  0.254664 0.159675 0
0  52.774578 6.534873 31.491030  -0.024307 -0.141386 0.989656  0.254664 0.177059 0
tire_wall_straight
0  46.951740 9.005830 31.991030  0.063440 -0.128671 0.989656  0.241106 0.155408 0
0  45.366230 2.882333 31.491030  0.126954 -0.066808 0.989656  0.265213 0.145610 0
0  48.477013 5.912162 31.491030  0.063439 -0.128671 0.989656  0.254664 0.159675 0
tire_wall_straight
0  42.313847 4.488630 31.991030  0.126955 -0.066807 0.989656  0.256834 0.134439 0
0  44.630444 -1.397322 31.491030  0.141978 0.020573 0.989656  0.282282 0.140238 0
0  45.366230 2.882333 31.491030  0.126954 -0.066808 0.989656  0.265213 0.145610 0
tire_wall_straight
0  41.216858 -1.891946 31.991030  0.141978 0.020574 0.989656  0.282282 0.126430 0
0  46.550697 -5.292120 31.491030  0.102769 0.100096 0.989656  0.299351 0.145611 0
0  44.630444 -1.397322 31.491030  0.141978 0.020573 0.989656  0.282282 0.140238 0
tire_wall_straight
0  44.079781 -7.698737 31.991030  0.102769 0.100097 0.989656  0.307731 0.134439 0
0  50.393520 -7.314382 31.491030  0.024307 0.141386 0.989656  0.309901 0.159675 0
0  46.550697 -5.292120 31.491030  0.102769 0.100096 0.989656  0.299351 0.145611 0
tire_wall_straight
0  49.809078 -10.713744 31.991030  0.024306 0.141386 0.989656  0.323459 0.155408 0
0  54.691086 -6.691670 31.491030  -0.063439 0.128671 0.989656  0.309901 0.177059 0
0  50.393520 -7.314382 31.491030  0.024307 0.141386 0.989656  0.309901 0.159675 0
tire_wall_straight
0  56.216358 -9.785338 31.991030  -0.063440 0.128671 0.989656  0.323459 0.181326 0
0  57.801868 -3.661841 31.491030  -0.126954 0.066808 0.989656  0.299351 0.191123 0
0  54.691086 -6.691670 31.491030  -0.063439 0.128671 0.989656  0.309901 0.177059 0
tire_wall_straight
0  60.854252 -5.268139 31.991030  -0.126955 0.066807 0.989656  0.307731 0.202294 0
0  58.537655 0.617813 31.491030  -0.141977 -0.020573 0.989656  0.282282 0.196495 0
0  57.801868 -3.661841 31.491030  -0.126954 0.066808 0.989656  0.299351 0.191123 0
tire_wall_straight
0  61.951241 1.112437 31.991030  -0.141978 -0.020574 0.989656  0.282282 0.210304 0
0  56.617401 4.512612 31.491030  -0.102769 -0.100096 0.989656  0.265213 0.191123 0
0  58.537655 0.617813 31.491030  -0.141977 -0.020573 0.989656  0.282282 0.196495 0
tire_wall_straight
0  56.617401 4.512612 31.491030  -0.465696 -0.884945 0.000000  0.234107 0.841641 0
0  52.774578 6.534873 24.500000  -0.465697 -0.884944 0.000000  0.263002 0.827863 0
0  56.617401 4.512612 24.500000  -0.465697 -0.884944 0.000000  0.263002 0.841641 0
tire_wall_straight
0  52.774578 6.534873 31.491030  0.143401 -0.989665 0.000000  0.234107 0.827863 0
0  48.477013 5.912162 24.500000  0.143401 -0.989665 0.000000  0.263002 0.810486 0
0  52.774578 6.534873 24.500000  0.143401 -0.989665 0.000000  0.263002 0.827863 0
tire_wall_straight
0  48.477013 5.912162 31.491030  0.697725 -0.716366 0.000000  0.234107 0.810486 0
0  45.366230 2.882333 24.500000  0.697724 -0.716366 0.000000  0.263002 0.796145 0
0  48.477013 5.912162 24.500000  0.697724 -0.716367 0.000000  0.263002 0.810486 0
tire_wall_straight
0  45.366230 2.882333 31.491030  0.985540 -0.169441 0.000000  0.926788 0.913542 0
0  44.630444 -1.397322 24.500000  0.985540 -0.169441 0.000000  0.955682 0.897133 0
0  45.366230 2.882333 24.500000  0.985540 -0.169441 0.000000  0.955682 0.913542 0
tire_wall_straight
0  44.630444 -1.397322 31.491030  0.896913 0.442206 0.000000  0.926788 0.897133 0
0  46.550697 -5.292120 24.500000  0.896914 0.442206 0.000000  0.955682 0.880483 0
0  44.630444 -1.397322 24.500000  0.896914 0.442204 0.000000  0.955682 0.897133 0
tire_wall_straight
0  46.550697 -5.292120 31.491030  0.465696 0.884945 0.000000  0.278425 0.841641 0
0  50.393520 -7.314382 24.500000  0.465697 0.884944 0.000000  0.307320 0.827864 0
0  46.550697 -5.292120 24.500000  0.465697 0.884944 0.000000  0.307320 0.841641 0
tire_wall_straight
0  50.393520 -7.314382 31.491030  -0.143401 0.989665 0.000000  0.278425 0.827864 0
0  54.691086 -6.691670 24.500000  -0.143401 0.989665 0.000000  0.307320 0.810486 0
0  50.393520 -7.314382 24.500000  -0.143401 0.989665 0.000000  0.307320 0.827864 0
tire_wall_straight
0  54.691086 -6.691670 31.491030  -0.697725 0.716366 0.000000  0.278425 0.810486 0
0  57.801868 -3.661841 24.500000  -0.697724 0.716366 0.000000  0.307320 0.796145 0
0  54.691086 -6.691670 24.500000  -0.697724 0.716367 0.000000  0.307320 0.810486 0
tire_wall_straight
0  57.801868 -3.661841 31.491030  -0.985540 0.169441 0.000000  0.971106 0.033058 0
0  58.537655 0.617813 24.500000  -0.985540 0.169441 0.000000  1.000000 0.016650 0
0  57.801868 -3.661841 24.500000  -0.985540 0.169441 0.000000  1.000000 0.033058 0
tire_wall_straight
0  58.537655 0.617813 31.491030  -0.896914 -0.442206 0.000000  0.971106 0.016650 0
0  56.617401 4.512612 24.500000  -0.896914 -0.442206 0.000000  1.000000 0.000000 0
0  58.537655 0.617813 24.500000  -0.896914 -0.442206 0.000000  1.000000 0.016650 0
tire_wall_straight
0  -32.806923 1.066970 24.500000  0.141918 -0.031930 -0.989363  0.540090 0.174778 0
0  -35.532822 -4.542159 24.000000  0.133582 0.057584 -0.989363  0.553457 0.153431 0
0  -36.124683 1.813424 24.000000  0.141917 -0.031931 -0.989363  0.553457 0.178985 0
tire_wall_straight
0  -32.409943 -3.195922 24.500000  0.133581 0.057585 -0.989363  0.540090 0.157638 0
0  -31.318277 -9.336048 24.000000  0.074223 0.125104 -0.989363  0.537951 0.132758 0
0  -35.532822 -4.542159 24.000000  0.133582 0.057584 -0.989363  0.553457 0.153431 0
tire_wall_straight
0  -29.583113 -6.411334 24.500000  0.074222 0.125104 -0.989363  0.529689 0.143772 0
0  -25.090862 -10.737137 24.000000  -0.013486 0.144838 -0.989363  0.512860 0.124861 0
0  -31.318277 -9.336048 24.000000  0.074223 0.125104 -0.989363  0.537951 0.132758 0
tire_wall_straight
0  -25.406187 -7.351089 24.500000  -0.013487 0.144838 -0.989363  0.512860 0.138475 0
0  -19.229240 -8.210259 24.000000  -0.096044 0.109250 -0.989364  0.487770 0.132758 0
0  -25.090862 -10.737137 24.000000  -0.013486 0.144838 -0.989363  0.512860 0.124861 0
tire_wall_straight
0  -21.474609 -5.656233 24.500000  -0.096045 0.109249 -0.989363  0.496031 0.143772 0
0  -15.972346 -2.720597 24.000000  -0.141916 0.031931 -0.989364  0.472263 0.153431 0
0  -19.229240 -8.210259 24.000000  -0.096044 0.109250 -0.989364  0.487770 0.132758 0
tire_wall_straight
0  -19.290110 -1.974142 24.500000  -0.141917 0.031930 -0.989363  0.485630 0.157638 0
0  -16.564209 3.634987 24.000000  -0.133582 -0.057584 -0.989363  0.472263 0.178985 0
0  -15.972346 -2.720597 24.000000  -0.141916 0.031931 -0.989364  0.472263 0.153431 0
tire_wall_straight
0  -19.687090 2.288750 24.500000  -0.133581 -0.057585 -0.989363  0.485630 0.174778 0
0  -20.778753 8.428875 24.000000  -0.074223 -0.125104 -0.989363  0.487770 0.199658 0
0  -16.564209 3.634987 24.000000  -0.133582 -0.057584 -0.989363  0.472263 0.178985 0
tire_wall_straight
0  -22.513918 5.504162 24.500000  -0.074222 -0.125104 -0.989363  0.496031 0.188644 0
0  -27.006168 9.829964 24.000000  0.013486 -0.144838 -0.989363  0.512860 0.207554 0
0  -20.778753 8.428875 24.000000  -0.074223 -0.125104 -0.989363  0.487770 0.199658 0
tire_wall_straight
0  -26.690844 6.443917 24.500000  0.013487 -0.144838 -0.989363  0.512860 0.193940 0
0  -32.867790 7.303087 24.000000  0.096044 -0.109250 -0.989364  0.537951 0.199658 0
0  -27.006168 9.829964 24.000000  0.013486 -0.144838 -0.989363  0.512860 0.207554 0
tire_wall_straight
0  -30.622421 4.749061 24.500000  0.096045 -0.109249 -0.989363  0.529689 0.188644 0
0  -36.124683 1.813424 24.000000  0.141917 -0.031931 -0.989363  0.553457 0.178985 0
0  -32.867790 7.303087 24.000000  0.096044 -0.109250 -0.989364  0.537951 0.199658 0
tire_wall_straight
0  -36.124683 1.813424 24.000000  -0.595131 0.133898 -0.792395  0.553457 0.178985 0
0  -37.614742 -5.439651 25.745302  -0.560173 -0.241485 -0.792395  0.562369 0.150626 0
0  -38.336525 2.311061 25.745302  -0.595132 0.133897 -0.792395  0.562369 0.181789 0
tire_wall_straight
0  -35.532822 -4.542159 24.000000  -0.560174 -0.241484 -0.792395  0.553457 0.153431 0
0  -32.475056 -11.285856 25.745302  -0.311249 -0.524627 -0.792395  0.543458 0.125415 0
0  -37.614742 -5.439651 25.745302  -0.560173 -0.241485 -0.792395  0.562369 0.150626 0
tire_wall_straight
0  -31.318277 -9.336048 24.000000  -0.311250 -0.524626 -0.792395  0.537951 0.132758 0
0  -24.880648 -12.994501 25.745302  0.056562 -0.607380 -0.792395  0.512860 0.115785 0
0  -32.475056 -11.285856 25.745302  -0.311249 -0.524627 -0.792395  0.543458 0.125415 0
tire_wall_straight
0  -25.090862 -10.737137 24.000000  0.056561 -0.607380 -0.792395  0.512860 0.124861 0
0  -17.732327 -9.912944 25.745302  0.402770 -0.458134 -0.792395  0.482262 0.125415 0
0  -24.880648 -12.994501 25.745302  0.056562 -0.607380 -0.792395  0.512860 0.115785 0
tire_wall_straight
0  -19.229240 -8.210259 24.000000  0.402768 -0.458135 -0.792395  0.487770 0.132758 0
0  -13.760505 -3.218234 25.745302  0.595132 -0.133897 -0.792395  0.463352 0.150626 0
0  -17.732327 -9.912944 25.745302  0.402770 -0.458134 -0.792395  0.482262 0.125415 0
tire_wall_straight
0  -15.972346 -2.720597 24.000000  0.595131 -0.133898 -0.792395  0.472263 0.153431 0
0  -14.482287 4.532479 25.745302  0.560174 0.241485 -0.792395  0.463352 0.181789 0
0  -13.760505 -3.218234 25.745302  0.595132 -0.133897 -0.792395  0.463352 0.150626 0
tire_wall_straight
0  -16.564209 3.634987 24.000000  0.560174 0.241484 -0.792395  0.472263 0.178985 0
0  -19.621975 10.378683 25.745302  0.311249 0.524627 -0.792395  0.482262 0.207000 0
0  -14.482287 4.532479 25.745302  0.560174 0.241485 -0.792395  0.463352 0.181789 0
tire_wall_straight
0  -20.778753 8.428875 24.000000  0.311250 0.524627 -0.792395  0.487770 0.199658 0
0  -27.216383 12.087328 25.745302  -0.056563 0.607381 -0.792395  0.512860 0.216630 0
0  -19.621975 10.378683 25.745302  0.311249 0.524627 -0.792395  0.482262 0.207000 0
tire_wall_straight
0  -27.006168 9.829964 24.000000  -0.056561 0.607381 -0.792395  0.512860 0.207554 0
0  -34.364704 9.005771 25.745302  -0.402770 0.458134 -0.792395  0.543458 0.207000 0
0  -27.216383 12.087328 25.745302  -0.056563 0.607381 -0.792395  0.512860 0.216630 0
tire_wall_straight
0  -32.867790 7.303087 24.000000  -0.402768 0.458135 -0.792395  0.537951 0.199658 0
0  -38.336525 2.311061 25.745302  -0.595132 0.133897 -0.792395  0.562369 0.181789 0
0  -34.364704 9.005771 25.745302  -0.402770 0.458134 -0.792395  0.543458 0.207000 0
tire_wall_straight
0  -38.336525 2.311061 25.745302  -0.995692 -0.092724 0.000000  0.321721 0.722106 0
0  -37.614742 -5.439651 30.187889  -0.995692 -0.092723 0.000000  0.303359 0.753185 0
0  -38.336525 2.311061 30.187889  -0.995692 -0.092724 0.000000  0.303359 0.722106 0
tire_wall_straight
0  -37.614742 -5.439651 25.745302  -0.751030 -0.660268 0.000000  0.321721 0.753185 0
0  -32.475056 -11.285856 30.187889  -0.751030 -0.660268 0.000000  0.303359 0.779674 0
0  -37.614742 -5.439651 30.187889  -0.751030 -0.660268 0.000000  0.303359 0.753185 0
tire_wall_straight
0  -32.475056 -11.285856 25.745302  -0.219501 -0.975612 0.000000  0.321855 0.891999 0
0  -24.880648 -12.994501 30.187889  -0.219500 -0.975612 0.000000  0.303493 0.920789 0
0  -32.475056 -11.285856 30.187889  -0.219501 -0.975612 0.000000  0.303493 0.891999 0
tire_wall_straight
0  -24.880648 -12.994501 25.745302  0.395871 -0.918306 0.000000  0.321855 0.920789 0
0  -17.732327 -9.912944 30.187889  0.395871 -0.918306 0.000000  0.303493 0.951091 0
0  -24.880648 -12.994501 30.187889  0.395871 -0.918306 0.000000  0.303493 0.920789 0
tire_wall_straight
0  -17.732327 -9.912944 25.745302  0.860033 -0.510238 0.000000  0.287936 0.698309 0
0  -13.760505 -3.218234 30.187889  0.860033 -0.510239 0.000000  0.269574 0.722106 0
0  -17.732327 -9.912944 30.187889  0.860033 -0.510238 0.000000  0.269574 0.698309 0
tire_wall_straight
0  -13.760505 -3.218234 25.745302  0.995692 0.092724 0.000000  0.287936 0.722106 0
0  -14.482287 4.532479 30.187889  0.995692 0.092724 0.000000  0.269574 0.753185 0
0  -13.760505 -3.218234 30.187889  0.995692 0.092724 0.000000  0.269574 0.722106 0
tire_wall_straight
0  -14.482287 4.532479 25.745302  0.751030 0.660268 0.000000  0.287936 0.753185 0
0  -19.621975 10.378683 30.187889  0.751030 0.660268 0.000000  0.269574 0.779674 0
0  -14.482287 4.532479 30.187889  0.751030 0.660268 0.000000  0.269574 0.753185 0
tire_wall_straight
0  -19.621975 10.378683 25.745302  0.219500 0.975612 0.000000  0.355640 0.891999 0
0  -27.216383 12.087328 30.187889  0.219500 0.975612 0.000000  0.337278 0.920789 0
0  -19.621975 10.378683 30.187889  0.219501 0.975612 0.000000  0.337278 0.891999 0
tire_wall_straight
0  -27.216383 12.087328 25.745302  -0.395871 0.918306 0.000000  0.355640 0.920789 0
0  -34.364704 9.005771 30.187889  -0.395871 0.918306 0.000000  0.337278 0.951091 0
0  -27.216383 12.087328 30.187889  -0.395871 0.918306 0.000000  0.337278 0.920789 0
tire_wall_straight
0  -34.364704 9.005771 25.745302  -0.860033 0.510238 0.000000  0.321721 0.698309 0
0  -38.336525 2.311061 30.187889  -0.860033 0.510238 0.000000  0.303359 0.722106 0
0  -34.364704 9.005771 30.187889  -0.860033 0.510239 0.000000  0.303359 0.698309 0
tire_wall_straight
0  -38.336525 2.311061 30.187889  -0.595131 0.133898 0.792395  0.482262 0.009630 0
0  -35.532822 -4.542159 31.933191  -0.560175 -0.241485 0.792395  0.512860 0.009076 0
0  -36.124683 1.813424 31.933191  -0.595132 0.133896 0.792395  0.487770 0.016973 0
tire_wall_straight
0  -37.614742 -5.439651 30.187889  -0.560175 -0.241484 0.792395  0.512860 0.000000 0
0  -31.318277 -9.336048 31.933191  -0.311249 -0.524628 0.792395  0.537951 0.016973 0
0  -35.532822 -4.542159 31.933191  -0.560175 -0.241485 0.792395  0.512860 0.009076 0
tire_wall_straight
0  -32.475056 -11.285856 30.187889  -0.311250 -0.524627 0.792395  0.543458 0.009630 0
0  -25.090862 -10.737137 31.933191  0.056564 -0.607380 0.792395  0.553457 0.037646 0
0  -31.318277 -9.336048 31.933191  -0.311249 -0.524628 0.792395  0.537951 0.016973 0
tire_wall_straight
0  -24.880648 -12.994501 30.187889  0.056562 -0.607380 0.792395  0.562369 0.034841 0
0  -19.229240 -8.210259 31.933191  0.402769 -0.458134 0.792395  0.553457 0.063199 0
0  -25.090862 -10.737137 31.933191  0.056564 -0.607380 0.792395  0.553457 0.037646 0
tire_wall_straight
0  -17.732327 -9.912944 30.187889  0.402768 -0.458135 0.792395  0.562369 0.066004 0
0  -15.972346 -2.720597 31.933191  0.595132 -0.133896 0.792395  0.537951 0.083873 0
0  -19.229240 -8.210259 31.933191  0.402769 -0.458134 0.792395  0.553457 0.063199 0
tire_wall_straight
0  -13.760505 -3.218234 30.187889  0.595132 -0.133897 0.792395  0.543458 0.091215 0
0  -16.564209 3.634987 31.933191  0.560174 0.241485 0.792395  0.512860 0.091769 0
0  -15.972346 -2.720597 31.933191  0.595132 -0.133896 0.792395  0.537951 0.083873 0
tire_wall_straight
0  -14.482287 4.532479 30.187889  0.560174 0.241484 0.792395  0.512860 0.100845 0
0  -20.778753 8.428875 31.933191  0.311248 0.524628 0.792395  0.487770 0.083873 0
0  -16.564209 3.634987 31.933191  0.560174 0.241485 0.792395  0.512860 0.091769 0
tire_wall_straight
0  -19.621975 10.378683 30.187889  0.311249 0.524627 0.792395  0.482262 0.091215 0
0  -27.006168 9.829964 31.933191  -0.056564 0.607380 0.792395  0.472263 0.063199 0
0  -20.778753 8.428875 31.933191  0.311248 0.524628 0.792395  0.487770 0.083873 0
tire_wall_straight
0  -27.216383 12.087328 30.187889  -0.056562 0.607380 0.792395  0.463352 0.066004 0
0  -32.867790 7.303087 31.933191  -0.402769 0.458134 0.792395  0.472263 0.037646 0
0  -27.006168 9.829964 31.933191  -0.056564 0.607380 0.792395  0.472263 0.063199 0
tire_wall_straight
0  -34.364704 9.005771 30.187889  -0.402768 0.458135 0.792395  0.463352 0.034841 0
0  -36.124683 1.813424 31.933191  -0.595132 0.133896 0.792395  0.487770 0.016973 0
0  -32.867790 7.303087 31.933191  -0.402769 0.458134 0.792395  0.472263 0.037646 0
tire_wall_straight
0  -36.124683 1.813424 31.933191  0.141918 -0.031928 0.989363  0.487770 0.016973 0
0  -32.409943 -3.195922 31.433191  0.133581 0.057586 0.989363  0.512860 0.022690 0
0  -32.806923 1.066970 31.433191  0.141917 -0.031929 0.989363  0.496031 0.027987 0
tire_wall_straight
0  -35.532822 -4.542159 31.933191  0.133581 0.057587 0.989363  0.512860 0.009076 0
0  -29.583113 -6.411334 31.433191  0.074222 0.125105 0.989363  0.529689 0.027987 0
0  -32.409943 -3.195922 31.433191  0.133581 0.057586 0.989363  0.512860 0.022690 0
tire_wall_straight
0  -31.318277 -9.336048 31.933191  0.074221 0.125105 0.989363  0.537951 0.016973 0
0  -25.406187 -7.351089 31.433191  -0.013488 0.144838 0.989363  0.540090 0.041853 0
0  -29.583113 -6.411334 31.433191  0.074222 0.125105 0.989363  0.529689 0.027987 0
tire_wall_straight
0  -25.090862 -10.737137 31.933191  -0.013490 0.144838 0.989363  0.553457 0.037646 0
0  -21.474609 -5.656233 31.433191  -0.096046 0.109248 0.989363  0.540090 0.058993 0
0  -25.406187 -7.351089 31.433191  -0.013488 0.144838 0.989363  0.540090 0.041853 0
tire_wall_straight
0  -19.229240 -8.210259 31.933191  -0.096047 0.109247 0.989363  0.553457 0.063199 0
0  -19.290110 -1.974142 31.433191  -0.141917 0.031929 0.989363  0.529689 0.072859 0
0  -21.474609 -5.656233 31.433191  -0.096046 0.109248 0.989363  0.540090 0.058993 0
tire_wall_straight
0  -15.972346 -2.720597 31.933191  -0.141917 0.031928 0.989363  0.537951 0.083873 0
0  -19.687090 2.288750 31.433191  -0.133581 -0.057586 0.989363  0.512860 0.078155 0
0  -19.290110 -1.974142 31.433191  -0.141917 0.031929 0.989363  0.529689 0.072859 0
tire_wall_straight
0  -16.564209 3.634987 31.933191  -0.133581 -0.057587 0.989363  0.512860 0.091769 0
0  -22.513918 5.504162 31.433191  -0.074222 -0.125105 0.989363  0.496031 0.072859 0
0  -19.687090 2.288750 31.433191  -0.133581 -0.057586 0.989363  0.512860 0.078155 0
tire_wall_straight
0  -20.778753 8.428875 31.933191  -0.074221 -0.125105 0.989363  0.487770 0.083873 0
0  -26.690844 6.443917 31.433191  0.013488 -0.144838 0.989363  0.485631 0.058992 0
0  -22.513918 5.504162 31.433191  -0.074222 -0.125105 0.989363  0.496031 0.072859 0
tire_wall_straight
0  -27.006168 9.829964 31.933191  0.013490 -0.144838 0.989363  0.472263 0.063199 0
0  -30.622421 4.749061 31.433191  0.096046 -0.109248 0.989363  0.485631 0.041853 0
0  -26.690844 6.443917 31.433191  0.013488 -0.144838 0.989363  0.485631 0.058992 0
tire_wall_straight
0  -32.867790 7.303087 31.933191  0.096047 -0.109247 0.989363  0.472263 0.037646 0
0  -32.806923 1.066970 31.433191  0.141917 -0.031929 0.989363  0.496031 0.027987 0
0  -30.622421 4.749061 31.433191  0.096046 -0.109248 0.989363  0.485631 0.041853 0
tire_wall_straight
0  -32.806923 1.066970 31.433191  0.995692 0.092723 0.000000  0.674112 0.827808 0
0  -32.409943 -3.195922 24.500000  0.995692 0.092723 0.000000  0.702767 0.810715 0
0  -32.806923 1.066970 24.500000  0.995692 0.092723 0.000000  0.702767 0.827808 0
tire_wall_straight
0  -32.409943 -3.195922 31.433191  0.751030 0.660268 0.000000  0.674112 0.810715 0
0  -29.583113 -6.411334 24.500000  0.751030 0.660268 0.000000  0.702767 0.796145 0
0  -32.409943 -3.195922 24.500000  0.751030 0.660268 0.000000  0.702767 0.810715 0
tire_wall_straight
0  -29.583113 -6.411334 31.433191  0.219500 0.975612 0.000000  0.971106 0.366768 0
0  -25.406187 -7.351089 24.500000  0.219500 0.975612 0.000000  0.999761 0.350933 0
0  -29.583113 -6.411334 24.500000  0.219501 0.975612 0.000000  0.999761 0.366768 0
tire_wall_straight
0  -25.406187 -7.351089 31.433191  -0.395871 0.918306 0.000000  0.971106 0.350933 0
0  -21.474609 -5.656233 24.500000  -0.395871 0.918306 0.000000  0.999761 0.334267 0
0  -25.406187 -7.351089 24.500000  -0.395871 0.918306 0.000000  0.999761 0.350933 0
tire_wall_straight
0  -21.474609 -5.656233 31.433191  -0.860033 0.510238 0.000000  0.718191 0.840896 0
0  -19.290110 -1.974142 24.500000  -0.860033 0.510238 0.000000  0.746846 0.827808 0
0  -21.474609 -5.656233 24.500000  -0.860033 0.510239 0.000000  0.746846 0.840896 0
tire_wall_straight
0  -19.290110 -1.974142 31.433191  -0.995692 -0.092723 0.000000  0.718191 0.827808 0
0  -19.687090 2.288750 24.500000  -0.995692 -0.092723 0.000000  0.746846 0.810715 0
0  -19.290110 -1.974142 24.500000  -0.995692 -0.092724 0.000000  0.746846 0.827808 0
tire_wall_straight
0  -19.687090 2.288750 31.433191  -0.751030 -0.660268 0.000000  0.718191 0.810715 0
0  -22.513918 5.504162 24.500000  -0.751030 -0.660268 0.000000  0.746846 0.796145 0
0  -19.687090 2.288750 24.500000  -0.751030 -0.660268 0.000000  0.746846 0.810715 0
tire_wall_straight
0  -22.513918 5.504162 31.433191  -0.219500 -0.975612 0.000000  0.971106 0.414208 0
0  -26.690844 6.443917 24.500000  -0.219500 -0.975612 0.000000  0.999761 0.398374 0
0  -22.513918 5.504162 24.500000  -0.219500 -0.975612 0.000000  0.999761 0.414208 0
tire_wall_straight
0  -26.690844 6.443917 31.433191  0.395871 -0.918306 0.000000  0.971106 0.398374 0
0  -30.622421 4.749061 24.500000  0.395871 -0.918306 0.000000  0.999761 0.381708 0
0  -26.690844 6.443917 24.500000  0.395871 -0.918306 0.000000  0.999761 0.398374 0
tire_wall_straight
0  -30.622421 4.749061 31.433191  0.860033 -0.510238 0.000000  0.674112 0.840896 0
0  -32.806923 1.066970 24.500000  0.860033 -0.510238 0.000000  0.702767 0.827808 0
0  -30.622421 4.749061 24.500000  0.860033 -0.510239 0.000000  0.702767 0.840896 0
tire_wall_straight
0  31.700420 3.334617 24.500000  -0.131898 -0.063151 -0.989250  0.489310 0.495583 0
0  30.374172 9.394040 24.000000  -0.069588 -0.128616 -0.989250  0.465670 0.505190 0
0  34.751167 4.795295 24.000000  -0.131898 -0.063149 -0.989250  0.481093 0.484628 0
tire_wall_straight
0  28.764629 6.419141 24.500000  -0.069587 -0.128616 -0.989250  0.478965 0.509374 0
0  24.130032 10.541769 24.000000  0.019300 -0.144955 -0.989250  0.465670 0.530606 0
0  30.374172 9.394040 24.000000  -0.069588 -0.128616 -0.989250  0.465670 0.505190 0
tire_wall_straight
0  24.576487 7.188959 24.500000  0.019301 -0.144955 -0.989250  0.478965 0.526422 0
0  18.403799 7.800087 24.000000  0.100817 -0.105927 -0.989250  0.481093 0.551168 0
0  24.130032 10.541769 24.000000  0.019300 -0.144955 -0.989250  0.465670 0.530606 0
tire_wall_straight
0  20.735720 5.350026 24.500000  0.100818 -0.105926 -0.989250  0.489310 0.540213 0
0  15.382699 2.216226 24.000000  0.143824 -0.026438 -0.989250  0.506048 0.559022 0
0  18.403799 7.800087 24.000000  0.100817 -0.105927 -0.989250  0.481093 0.551168 0
tire_wall_straight
0  18.709373 1.604753 24.500000  0.143825 -0.026437 -0.989250  0.506048 0.545481 0
0  16.220690 -4.076972 24.000000  0.131898 0.063149 -0.989250  0.531004 0.551168 0
0  15.382699 2.216226 24.000000  0.143824 -0.026438 -0.989250  0.506048 0.559022 0
tire_wall_straight
0  19.271439 -2.616294 24.500000  0.131897 0.063150 -0.989250  0.522787 0.540213 0
0  20.597687 -8.675717 24.000000  0.069588 0.128616 -0.989250  0.546427 0.530606 0
0  16.220690 -4.076972 24.000000  0.131898 0.063149 -0.989250  0.531004 0.551168 0
tire_wall_straight
0  22.207230 -5.700818 24.500000  0.069587 0.128616 -0.989250  0.533132 0.526422 0
0  26.841827 -9.823446 24.000000  -0.019300 0.144955 -0.989250  0.546427 0.505190 0
0  20.597687 -8.675717 24.000000  0.069588 0.128616 -0.989250  0.546427 0.530606 0
tire_wall_straight
0  26.395372 -6.470636 24.500000  -0.019301 0.144955 -0.989250  0.533132 0.509374 0
0  32.568062 -7.081765 24.000000  -0.100817 0.105927 -0.989250  0.531004 0.484628 0
0  26.841827 -9.823446 24.000000  -0.019300 0.144955 -0.989250  0.546427 0.505190 0
tire_wall_straight
0  30.236139 -4.631703 24.500000  -0.100818 0.105926 -0.989250  0.522787 0.495583 0
0  35.589161 -1.497903 24.000000  -0.143824 0.026438 -0.989250  0.506048 0.476774 0
0  32.568062 -7.081765 24.000000  -0.100817 0.105927 -0.989250  0.531004 0.484628 0
tire_wall_straight
0  32.262486 -0.886430 24.500000  -0.143825 0.026437 -0.989250  0.506048 0.490315 0
0  34.751167 4.795295 24.000000  -0.131898 -0.063149 -0.989250  0.481093 0.484628 0
0  35.589161 -1.497903 24.000000  -0.143824 0.026438 -0.989250  0.506048 0.476774 0
tire_wall_straight
0  34.751167 4.795295 24.000000  0.549178 0.262943 -0.793262  0.481093 0.484628 0
0  31.447201 11.377306 25.730816  0.289741 0.535525 -0.793261  0.456806 0.502401 0
0  36.785004 5.769081 25.730816  0.549178 0.262944 -0.793262  0.475615 0.477325 0
tire_wall_straight
0  30.374172 9.394040 24.000000  0.289742 0.535524 -0.793261  0.465670 0.505190 0
0  23.832396 12.776975 25.730816  -0.080368 0.603554 -0.793261  0.456806 0.533396 0
0  31.447201 11.377306 25.730816  0.289741 0.535525 -0.793261  0.456806 0.502401 0
tire_wall_straight
0  24.130032 10.541769 24.000000  -0.080367 0.603555 -0.793261  0.465670 0.530606 0
0  16.849186 9.433461 25.730816  -0.419780 0.441046 -0.793261  0.475615 0.558472 0
0  23.832396 12.776975 25.730816  -0.080368 0.603554 -0.793261  0.456806 0.533396 0
tire_wall_straight
0  18.403799 7.800087 24.000000  -0.419779 0.441047 -0.793261  0.481093 0.551168 0
0  13.164917 2.623873 25.730816  -0.598850 0.110074 -0.793261  0.506048 0.568050 0
0  16.849186 9.433461 25.730816  -0.419780 0.441046 -0.793261  0.475615 0.558472 0
tire_wall_straight
0  15.382699 2.216226 24.000000  -0.598850 0.110075 -0.793261  0.506048 0.559022 0
0  14.186856 -5.050758 25.730816  -0.549178 -0.262944 -0.793261  0.536482 0.558472 0
0  13.164917 2.623873 25.730816  -0.598850 0.110074 -0.793261  0.506048 0.568050 0
tire_wall_straight
0  16.220690 -4.076972 24.000000  -0.549179 -0.262942 -0.793262  0.531004 0.551168 0
0  19.524658 -10.658983 25.730816  -0.289741 -0.535525 -0.793261  0.555291 0.533396 0
0  14.186856 -5.050758 25.730816  -0.549178 -0.262944 -0.793261  0.536482 0.558472 0
tire_wall_straight
0  20.597687 -8.675717 24.000000  -0.289742 -0.535525 -0.793261  0.546427 0.530606 0
0  27.139463 -12.058652 25.730816  0.080368 -0.603554 -0.793261  0.555291 0.502401 0
0  19.524658 -10.658983 25.730816  -0.289741 -0.535525 -0.793261  0.555291 0.533396 0
tire_wall_straight
0  26.841827 -9.823446 24.000000  0.080367 -0.603555 -0.793261  0.546427 0.505190 0
0  34.122673 -8.715138 25.730816  0.419780 -0.441046 -0.793261  0.536482 0.477325 0
0  27.139463 -12.058652 25.730816  0.080368 -0.603554 -0.793261  0.555291 0.502401 0
tire_wall_straight
0  32.568062 -7.081765 24.000000  0.419779 -0.441047 -0.793261  0.531004 0.484628 0
0  37.806942 -1.905550 25.730816  0.598850 -0.110074 -0.793261  0.506048 0.467747 0
0  34.122673 -8.715138 25.730816  0.419780 -0.441046 -0.793261  0.536482 0.477325 0
tire_wall_straight
0  35.589161 -1.497903 24.000000  0.598850 -0.110075 -0.793261  0.506048 0.476774 0
0  36.785004 5.769081 25.730816  0.549178 0.262944 -0.793262  0.475615 0.477325 0
0  37.806942 -1.905550 25.730816  0.598850 -0.110074 -0.793261  0.506048 0.467747 0
tire_wall_straight
0  36.785004 5.769081 25.730816  0.724355 0.689427 0.000000  0.822988 0.055418 0
0  31.447201 11.377306 30.136528  0.724355 0.689427 0.000000  0.804779 0.081100 0
0  36.785004 5.769081 30.136528  0.724355 0.689427 0.000000  0.804779 0.055418 0
tire_wall_straight
0  31.447201 11.377306 25.730816  0.180780 0.983524 0.000000  0.860186 0.891999 0
0  23.832396 12.776975 30.136528  0.180780 0.983524 0.000000  0.841977 0.921080 0
0  31.447201 11.377306 30.136528  0.180780 0.983524 0.000000  0.841977 0.891999 0
tire_wall_straight
0  23.832396 12.776975 25.730816  -0.431846 0.901947 0.000000  0.860186 0.921080 0
0  16.849186 9.433461 30.136528  -0.431846 0.901947 0.000000  0.841977 0.950910 0
0  23.832396 12.776975 30.136528  -0.431846 0.901947 0.000000  0.841977 0.921080 0
tire_wall_straight
0  16.849186 9.433461 25.730816  -0.879522 0.475858 0.000000  0.758455 0.698309 0
0  13.164917 2.623873 30.136528  -0.879522 0.475858 0.000000  0.740246 0.722750 0
0  16.849186 9.433461 30.136528  -0.879522 0.475858 0.000000  0.740246 0.698309 0
tire_wall_straight
0  13.164917 2.623873 25.730816  -0.991251 -0.131993 0.000000  0.758455 0.722750 0
0  14.186856 -5.050758 30.136528  -0.991251 -0.131993 0.000000  0.740246 0.753728 0
0  13.164917 2.623873 30.136528  -0.991251 -0.131993 0.000000  0.740246 0.722750 0
tire_wall_straight
0  14.186856 -5.050758 25.730816  -0.724355 -0.689427 0.000000  0.758455 0.753728 0
0  19.524658 -10.658983 30.136528  -0.724355 -0.689427 0.000000  0.740246 0.779409 0
0  14.186856 -5.050758 30.136528  -0.724355 -0.689427 0.000000  0.740246 0.753728 0
tire_wall_straight
0  19.524658 -10.658983 25.730816  -0.180780 -0.983523 0.000000  0.893819 0.891999 0
0  27.139463 -12.058652 30.136528  -0.180780 -0.983524 0.000000  0.875610 0.921080 0
0  19.524658 -10.658983 30.136528  -0.180780 -0.983523 0.000000  0.875610 0.891999 0
tire_wall_straight
0  27.139463 -12.058652 25.730816  0.431846 -0.901947 0.000000  0.893819 0.921080 0
0  34.122673 -8.715138 30.136528  0.431846 -0.901947 0.000000  0.875610 0.950911 0
0  27.139463 -12.058652 30.136528  0.431846 -0.901947 0.000000  0.875610 0.921080 0
tire_wall_straight
0  34.122673 -8.715138 25.730816  0.879522 -0.475858 0.000000  0.822988 0.000000 0
0  37.806942 -1.905550 30.136528  0.879522 -0.475858 0.000000  0.804779 0.024441 0
0  34.122673 -8.715138 30.136528  0.879522 -0.475858 0.000000  0.804779 0.000000 0
tire_wall_straight
0  37.806942 -1.905550 25.730816  0.991251 0.131993 0.000000  0.822988 0.024441 0
0  36.785004 5.769081 30.136528  0.991251 0.131993 0.000000  0.804779 0.055418 0
0  37.806942 -1.905550 30.136528  0.991251 0.131992 0.000000  0.804779 0.024441 0
tire_wall_straight
0  36.785004 5.769081 30.136528  0.549179 0.262942 0.793261  0.676277 0.034654 0
0  30.374172 9.394040 31.867344  0.289741 0.535526 0.793261  0.667414 0.062859 0
0  34.751167 4.795295 31.867344  0.549179 0.262944 0.793261  0.667414 0.037443 0
tire_wall_straight
0  31.447201 11.377306 30.136528  0.289741 0.535525 0.793261  0.676277 0.065649 0
0  24.130032 10.541769 31.867344  -0.080369 0.603554 0.793261  0.651990 0.083422 0
0  30.374172 9.394040 31.867344  0.289741 0.535526 0.793261  0.667414 0.062859 0
tire_wall_straight
0  23.832396 12.776975 30.136528  -0.080368 0.603554 0.793261  0.657468 0.090725 0
0  18.403799 7.800087 31.867344  -0.419780 0.441046 0.793261  0.627035 0.091276 0
0  24.130032 10.541769 31.867344  -0.080369 0.603554 0.793261  0.651990 0.083422 0
tire_wall_straight
0  16.849186 9.433461 30.136528  -0.419779 0.441047 0.793261  0.627035 0.100303 0
0  15.382699 2.216226 31.867344  -0.598850 0.110073 0.793261  0.602080 0.083422 0
0  18.403799 7.800087 31.867344  -0.419780 0.441046 0.793261  0.627035 0.091276 0
tire_wall_straight
0  13.164917 2.623873 30.136528  -0.598850 0.110074 0.793261  0.596602 0.090725 0
0  16.220690 -4.076972 31.867344  -0.549179 -0.262944 0.793261  0.586656 0.062859 0
0  15.382699 2.216226 31.867344  -0.598850 0.110073 0.793261  0.602080 0.083422 0
tire_wall_straight
0  14.186856 -5.050758 30.136528  -0.549179 -0.262943 0.793261  0.577793 0.065649 0
0  20.597687 -8.675717 31.867344  -0.289741 -0.535525 0.793261  0.586656 0.037443 0
0  16.220690 -4.076972 31.867344  -0.549179 -0.262944 0.793261  0.586656 0.062859 0
tire_wall_straight
0  19.524658 -10.658983 30.136528  -0.289741 -0.535525 0.793261  0.577793 0.034654 0
0  26.841827 -9.823446 31.867344  0.080369 -0.603554 0.793261  0.602080 0.016881 0
0  20.597687 -8.675717 31.867344  -0.289741 -0.535525 0.793261  0.586656 0.037443 0
tire_wall_straight
0  27.139463 -12.058652 30.136528  0.080368 -0.603554 0.793261  0.596602 0.009578 0
0  32.568062 -7.081765 31.867344  0.419780 -0.441046 0.793261  0.627035 0.009027 0
0  26.841827 -9.823446 31.867344  0.080369 -0.603554 0.793261  0.602080 0.016881 0
tire_wall_straight
0  34.122673 -8.715138 30.136528  0.419779 -0.441047 0.793261  0.627035 0.000000 0
0  35.589161 -1.497903 31.867344  0.598850 -0.110073 0.793261  0.651990 0.016881 0
0  32.568062 -7.081765 31.867344  0.419780 -0.441046 0.793261  0.627035 0.009027 0
tire_wall_straight
0  37.806942 -1.905550 30.136528  0.598850 -0.110074 0.793261  0.657468 0.009578 0
0  34.751167 4.795295 31.867344  0.549179 0.262944 0.793261  0.667414 0.037443 0
0  35.589161 -1.497903 31.867344  0.598850 -0.110073 0.793261  0.651990 0.016881 0
tire_wall_straight
0  34.751167 4.795295 31.867344  -0.131897 -0.063152 0.989250  0.667414 0.037443 0
0  28.764629 6.419141 31.367344  -0.069587 -0.128617 0.989250  0.654118 0.058675 0
0  31.700420 3.334617 31.367344  -0.131896 -0.063151 0.989250  0.654118 0.041628 0
tire_wall_straight
0  30.374172 9.394040 31.867344  -0.069586 -0.128617 0.989250  0.667414 0.062859 0
0  24.576487 7.188959 31.367344  0.019303 -0.144955 0.989250  0.643773 0.072467 0
0  28.764629 6.419141 31.367344  -0.069587 -0.128617 0.989250  0.654118 0.058675 0
tire_wall_straight
0  24.130032 10.541769 31.867344  0.019304 -0.144955 0.989250  0.651990 0.083422 0
0  20.735720 5.350026 31.367344  0.100818 -0.105925 0.989250  0.627035 0.077735 0
0  24.576487 7.188959 31.367344  0.019303 -0.144955 0.989250  0.643773 0.072467 0
tire_wall_straight
0  18.403799 7.800087 31.867344  0.100819 -0.105925 0.989250  0.627035 0.091276 0
0  18.709373 1.604753 31.367344  0.143825 -0.026436 0.989250  0.610297 0.072467 0
0  20.735720 5.350026 31.367344  0.100818 -0.105925 0.989250  0.627035 0.077735 0
tire_wall_straight
0  15.382699 2.216226 31.867344  0.143826 -0.026435 0.989250  0.602080 0.083422 0
0  19.271439 -2.616294 31.367344  0.131896 0.063151 0.989250  0.599952 0.058675 0
0  18.709373 1.604753 31.367344  0.143825 -0.026436 0.989250  0.610297 0.072467 0
tire_wall_straight
0  16.220690 -4.076972 31.867344  0.131897 0.063152 0.989250  0.586656 0.062859 0
0  22.207230 -5.700818 31.367344  0.069587 0.128617 0.989250  0.599952 0.041628 0
0  19.271439 -2.616294 31.367344  0.131896 0.063151 0.989250  0.599952 0.058675 0
tire_wall_straight
0  20.597687 -8.675717 31.867344  0.069586 0.128617 0.989250  0.586656 0.037443 0
0  26.395372 -6.470636 31.367344  -0.019303 0.144955 0.989250  0.610297 0.027836 0
0  22.207230 -5.700818 31.367344  0.069587 0.128617 0.989250  0.599952 0.041628 0
tire_wall_straight
0  26.841827 -9.823446 31.867344  -0.019304 0.144955 0.989250  0.602080 0.016881 0
0  30.236139 -4.631703 31.367344  -0.100818 0.105926 0.989250  0.627035 0.022568 0
0  26.395372 -6.470636 31.367344  -0.019303 0.144955 0.989250  0.610297 0.027836 0
tire_wall_straight
0  32.568062 -7.081765 31.867344  -0.100819 0.105925 0.989250  0.627035 0.009027 0
0  32.262486 -0.886430 31.367344  -0.143825 0.026436 0.989250  0.643773 0.027836 0
0  30.236139 -4.631703 31.367344  -0.100818 0.105926 0.989250  0.627035 0.022568 0
tire_wall_straight
0  35.589161 -1.497903 31.867344  -0.143826 0.026435 0.989250  0.651990 0.016881 0
0  31.700420 3.334617 31.367344  -0.131896 -0.063151 0.989250  0.654118 0.041628 0
0  32.262486 -0.886430 31.367344  -0.143825 0.026436 0.989250  0.643773 0.027836 0
tire_wall_straight
0  31.700420 3.334617 31.367344  -0.724355 -0.689427 0.000000  0.882981 0.014125 0
0  28.764629 6.419141 24.500000  -0.724355 -0.689427 0.000000  0.911364 0.000000 0
0  31.700420 3.334617 24.500000  -0.724355 -0.689428 0.000000  0.911364 0.014125 0
tire_wall_straight
0  28.764629 6.419141 31.367344  -0.180780 -0.983523 0.000000  0.131352 0.999565 0
0  24.576487 7.188959 24.500000  -0.180781 -0.983523 0.000000  0.159735 0.983570 0
0  28.764629 6.419141 24.500000  -0.180781 -0.983523 0.000000  0.159735 0.999565 0
tire_wall_straight
0  24.576487 7.188959 31.367344  0.431846 -0.901947 0.000000  0.131352 0.983570 0
0  20.735720 5.350026 24.500000  0.431846 -0.901947 0.000000  0.159735 0.967164 0
0  24.576487 7.188959 24.500000  0.431846 -0.901947 0.000000  0.159735 0.983570 0
tire_wall_straight
0  20.735720 5.350026 31.367344  0.879522 -0.475857 0.000000  0.838686 0.819453 0
0  18.709373 1.604753 24.500000  0.879522 -0.475858 0.000000  0.867069 0.806011 0
0  20.735720 5.350026 24.500000  0.879522 -0.475858 0.000000  0.867069 0.819453 0
tire_wall_straight
0  18.709373 1.604753 31.367344  0.991251 0.131993 0.000000  0.838686 0.806011 0
0  19.271439 -2.616294 24.500000  0.991251 0.131993 0.000000  0.867069 0.788973 0
0  18.709373 1.604753 24.500000  0.991251 0.131993 0.000000  0.867069 0.806011 0
tire_wall_straight
0  19.271439 -2.616294 31.367344  0.724355 0.689427 0.000000  0.838686 0.788973 0
0  22.207230 -5.700818 24.500000  0.724355 0.689427 0.000000  0.867069 0.774848 0
0  19.271439 -2.616294 24.500000  0.724355 0.689427 0.000000  0.867069 0.788973 0
tire_wall_straight
0  22.207230 -5.700818 31.367344  0.180780 0.983523 0.000000  0.175159 0.999565 0
0  26.395372 -6.470636 24.500000  0.180781 0.983523 0.000000  0.203542 0.983570 0
0  22.207230 -5.700818 24.500000  0.180781 0.983523 0.000000  0.203542 0.999565 0
tire_wall_straight
0  26.395372 -6.470636 31.367344  -0.431846 0.901947 0.000000  0.175159 0.983570 0
0  30.236139 -4.631703 24.500000  -0.431846 0.901947 0.000000  0.203542 0.967164 0
0  26.395372 -6.470636 24.500000  -0.431846 0.901947 0.000000  0.203542 0.983570 0
tire_wall_straight
0  30.236139 -4.631703 31.367344  -0.879522 0.475858 0.000000  0.882981 0.044605 0
0  32.262486 -0.886430 24.500000  -0.879522 0.475858 0.000000  0.911364 0.031162 0
0  30.236139 -4.631703 24.500000  -0.879522 0.475857 0.000000  0.911364 0.044605 0
tire_wall_straight
0  32.262486 -0.886430 31.367344  -0.991251 -0.131993 0.000000  0.882981 0.031162 0
0  31.700420 3.334617 24.500000  -0.991251 -0.131993 0.000000  0.911364 0.014125 0
0  32.262486 -0.886430 24.500000  -0.991251 -0.131993 0.000000  0.911364 0.031162 0
tire_wall_straight
0  -57.493145 2.019370 0.500000  0.135908 -0.047652 -0.989575  0.050016 0.313738 0
0  -57.592876 -2.304720 0.500000  0.137960 0.041334 -0.989575  0.067018 0.308387 0
0  -60.883911 -3.290746 0.000000  0.137960 0.041333 -0.989575  0.075364 0.319514 0
tire_wall_straight
0  -57.592876 -2.304720 0.500000  0.137960 0.041334 -0.989575  0.067018 0.308387 0
0  -55.131927 -5.861603 0.500000  0.087317 0.114531 -0.989575  0.077525 0.294378 0
0  -57.214855 -8.593737 0.000000  0.087318 0.114530 -0.989575  0.091030 0.298629 0
tire_wall_straight
0  -55.131927 -5.861603 0.500000  0.087317 0.114531 -0.989575  0.077525 0.294378 0
0  -51.050289 -7.292671 0.500000  0.003321 0.143981 -0.989575  0.077525 0.277063 0
0  -51.129509 -10.727329 0.000000  0.003322 0.143981 -0.989575  0.091030 0.272813 0
tire_wall_straight
0  -51.050289 -7.292671 0.500000  0.003321 0.143981 -0.989575  0.077525 0.277063 0
0  -46.907017 -6.051306 0.500000  -0.081943 0.118435 -0.989575  0.067018 0.263055 0
0  -44.952267 -8.876565 0.000000  -0.081942 0.118436 -0.989575  0.075364 0.251928 0
tire_wall_straight
0  -46.907017 -6.051306 0.500000  -0.081943 0.118435 -0.989575  0.067018 0.263055 0
0  -44.284695 -2.611665 0.500000  -0.135908 0.047652 -0.989575  0.050016 0.257704 0
0  -41.042625 -3.748374 0.000000  -0.135907 0.047652 -0.989575  0.050016 0.243950 0
tire_wall_straight
0  -44.284695 -2.611665 0.500000  -0.135908 0.047652 -0.989575  0.050016 0.257704 0
0  -44.184963 1.712425 0.500000  -0.137960 -0.041334 -0.989575  0.033015 0.263055 0
0  -40.893929 2.698451 0.000000  -0.137960 -0.041333 -0.989575  0.024669 0.251928 0
tire_wall_straight
0  -44.184963 1.712425 0.500000  -0.137960 -0.041334 -0.989575  0.033015 0.263055 0
0  -46.645912 5.269308 0.500000  -0.087317 -0.114531 -0.989575  0.022507 0.277063 0
0  -44.562984 8.001442 0.000000  -0.087318 -0.114530 -0.989575  0.009003 0.272813 0
tire_wall_straight
0  -46.645912 5.269308 0.500000  -0.087317 -0.114531 -0.989575  0.022507 0.277063 0
0  -50.727551 6.700377 0.500000  -0.003321 -0.143981 -0.989575  0.022507 0.294378 0
0  -50.648331 10.135035 0.000000  -0.003322 -0.143981 -0.989575  0.009003 0.298629 0
tire_wall_straight
0  -50.727551 6.700377 0.500000  -0.003321 -0.143981 -0.989575  0.022507 0.294378 0
0  -54.870823 5.459011 0.500000  0.081943 -0.118435 -0.989575  0.033015 0.308387 0
0  -56.825573 8.284270 0.000000  0.081942 -0.118436 -0.989575  0.024669 0.319514 0
tire_wall_straight
0  -54.870823 5.459011 0.500000  0.081943 -0.118435 -0.989575  0.033015 0.308387 0
0  -57.493145 2.019370 0.500000  0.135908 -0.047652 -0.989575  0.050016 0.313738 0
0  -60.735214 3.156079 0.000000  0.135907 -0.047652 -0.989575  0.050016 0.327491 0
tire_wall_straight
0  -60.735214 3.156079 0.000000  -0.574157 0.201307 -0.793612  0.050016 0.327491 0
0  -60.883911 -3.290746 0.000000  -0.582828 -0.174620 -0.793611  0.075364 0.319514 0
0  -63.077930 -3.948097 1.755926  -0.582828 -0.174621 -0.793611  0.080928 0.326932 0
tire_wall_straight
0  -60.883911 -3.290746 0.000000  -0.582828 -0.174620 -0.793611  0.075364 0.319514 0
0  -57.214855 -8.593737 0.000000  -0.368878 -0.483849 -0.793612  0.091030 0.298629 0
0  -58.603477 -10.415156 1.755926  -0.368878 -0.483849 -0.793612  0.100033 0.301462 0
tire_wall_straight
0  -57.214855 -8.593737 0.000000  -0.368878 -0.483849 -0.793612  0.091030 0.298629 0
0  -51.129509 -10.727329 0.000000  -0.014030 -0.608263 -0.793612  0.091030 0.272813 0
0  -51.182320 -13.017100 1.755926  -0.014029 -0.608263 -0.793612  0.100033 0.269979 0
tire_wall_straight
0  -51.129509 -10.727329 0.000000  -0.014030 -0.608263 -0.793612  0.091030 0.272813 0
0  -44.952267 -8.876565 0.000000  0.346177 -0.500342 -0.793612  0.075364 0.251928 0
0  -43.649097 -10.760072 1.755926  0.346178 -0.500341 -0.793612  0.080928 0.244510 0
tire_wall_straight
0  -44.952267 -8.876565 0.000000  0.346177 -0.500342 -0.793612  0.075364 0.251928 0
0  -41.042625 -3.748374 0.000000  0.574157 -0.201307 -0.793612  0.050016 0.243950 0
0  -38.881241 -4.506180 1.755926  0.574157 -0.201306 -0.793612  0.050016 0.234781 0
tire_wall_straight
0  -41.042625 -3.748374 0.000000  0.574157 -0.201307 -0.793612  0.050016 0.243950 0
0  -40.893929 2.698451 0.000000  0.582828 0.174620 -0.793611  0.024669 0.251928 0
0  -38.699909 3.355801 1.755926  0.582828 0.174621 -0.793611  0.019105 0.244510 0
tire_wall_straight
0  -40.893929 2.698451 0.000000  0.582828 0.174620 -0.793611  0.024669 0.251928 0
0  -44.562984 8.001442 0.000000  0.368878 0.483848 -0.793612  0.009003 0.272813 0
0  -43.174362 9.822862 1.755926  0.368878 0.483849 -0.793612  0.000000 0.269979 0
tire_wall_straight
0  -44.562984 8.001442 0.000000  0.368878 0.483848 -0.793612  0.009003 0.272813 0
0  -50.648331 10.135035 0.000000  0.014030 0.608263 -0.793612  0.009003 0.298629 0
0  -50.595520 12.424806 1.755926  0.014029 0.608263 -0.793612  0.000000 0.301462 0
tire_wall_straight
0  -50.648331 10.135035 0.000000  0.014030 0.608263 -0.793612  0.009003 0.298629 0
0  -56.825573 8.284270 0.000000  -0.346177 0.500342 -0.793612  0.024669 0.319514 0
0  -58.128742 10.167777 1.755926  -0.346178 0.500341 -0.793612  0.019105 0.326932 0
tire_wall_straight
0  -56.825573 8.284270 0.000000  -0.346177 0.500342 -0.793612  0.024669 0.319514 0
0  -60.735214 3.156079 0.000000  -0.574157 0.201307 -0.793612  0.050016 0.327491 0
0  -62.896599 3.913885 1.755926  -0.574157 0.201305 -0.793612  0.050016 0.336660 0
tire_wall_straight
0  -62.896599 3.913885 1.755926  -0.999734 0.023058 0.000000  0.153462 0.891999 0
0  -63.077930 -3.948097 1.755926  -0.999734 0.023058 0.000000  0.153462 0.922918 0
0  -63.077930 -3.948097 6.225558  -0.999734 0.023058 0.000000  0.134989 0.922918 0
tire_wall_straight
0  -63.077930 -3.948097 1.755926  -0.822355 -0.568974 0.000000  0.153462 0.922918 0
0  -58.603477 -10.415156 1.755926  -0.822356 -0.568974 0.000000  0.153462 0.951417 0
0  -58.603477 -10.415156 6.225558  -0.822355 -0.568974 0.000000  0.134989 0.951417 0
tire_wall_straight
0  -58.603477 -10.415156 1.755926  -0.330864 -0.943678 0.000000  0.085646 0.698309 0
0  -51.182320 -13.017100 1.755926  -0.330865 -0.943678 0.000000  0.085646 0.725806 0
0  -51.182320 -13.017100 6.225558  -0.330865 -0.943678 0.000000  0.067173 0.725806 0
tire_wall_straight
0  -51.182320 -13.017100 1.755926  0.287005 -0.957929 0.000000  0.085646 0.725806 0
0  -43.649097 -10.760072 1.755926  0.287005 -0.957929 0.000000  0.085646 0.757063 0
0  -43.649097 -10.760072 6.225558  0.287005 -0.957929 0.000000  0.067173 0.757063 0
tire_wall_straight
0  -43.649097 -10.760072 1.755926  0.795249 -0.606284 0.000000  0.085646 0.757063 0
0  -38.881241 -4.506180 1.755926  0.795249 -0.606283 0.000000  0.085646 0.780142 0
0  -38.881241 -4.506180 6.225558  0.795249 -0.606283 0.000000  0.067173 0.780142 0
tire_wall_straight
0  -38.881241 -4.506180 1.755926  0.999734 -0.023058 0.000000  0.119565 0.891999 0
0  -38.699909 3.355801 1.755926  0.999734 -0.023058 0.000000  0.119565 0.922918 0
0  -38.699909 3.355801 6.225558  0.999734 -0.023058 0.000000  0.101092 0.922918 0
tire_wall_straight
0  -38.699909 3.355801 1.755926  0.822355 0.568974 0.000000  0.119565 0.922918 0
0  -43.174362 9.822862 1.755926  0.822355 0.568975 0.000000  0.119565 0.951417 0
0  -43.174362 9.822862 6.225558  0.822355 0.568974 0.000000  0.101092 0.951417 0
tire_wall_straight
0  -43.174362 9.822862 1.755926  0.330865 0.943678 0.000000  0.119543 0.698309 0
0  -50.595520 12.424806 1.755926  0.330865 0.943678 0.000000  0.119543 0.725806 0
0  -50.595520 12.424806 6.225558  0.330865 0.943678 0.000000  0.101070 0.725806 0
tire_wall_straight
0  -50.595520 12.424806 1.755926  -0.287005 0.957929 0.000000  0.119543 0.725806 0
0  -58.128742 10.167777 1.755926  -0.287005 0.957929 0.000000  0.119543 0.757063 0
0  -58.128742 10.167777 6.225558  -0.287005 0.957929 0.000000  0.101070 0.757063 0
tire_wall_straight
0  -58.128742 10.167777 1.755926  -0.795248 0.606284 0.000000  0.119543 0.757063 0
0  -62.896599 3.913885 1.755926  -0.795249 0.606283 0.000000  0.119543 0.780142 0
0  -62.896599 3.913885 6.225558  -0.795249 0.606284 0.000000  0.101070 0.780142 0
tire_wall_straight
0  -62.896599 3.913885 6.225558  -0.574157 0.201306 0.793612  0.165473 0.336660 0
0  -63.077930 -3.948097 6.225558  -0.582828 -0.174621 0.793611  0.134561 0.326932 0
0  -60.883911 -3.290746 7.981484  -0.582828 -0.174622 0.793611  0.140125 0.319514 0
tire_wall_straight
0  -63.077930 -3.948097 6.225558  -0.582828 -0.174621 0.793611  0.134561 0.326932 0
0  -58.603477 -10.415156 6.225558  -0.368878 -0.483848 0.793612  0.115457 0.301462 0
0  -57.214855 -8.593737 7.981484  -0.368877 -0.483849 0.793612  0.124459 0.298629 0
tire_wall_straight
0  -58.603477 -10.415156 6.225558  -0.368878 -0.483848 0.793612  0.115457 0.301462 0
0  -51.182320 -13.017100 6.225558  -0.014030 -0.608263 0.793611  0.115457 0.269979 0
0  -51.129509 -10.727329 7.981484  -0.014029 -0.608263 0.793611  0.124459 0.272813 0
tire_wall_straight
0  -51.182320 -13.017100 6.225558  -0.014030 -0.608263 0.793611  0.115457 0.269979 0
0  -43.649097 -10.760072 6.225558  0.346178 -0.500341 0.793612  0.134561 0.244510 0
0  -44.952267 -8.876565 7.981484  0.346179 -0.500340 0.793612  0.140125 0.251928 0
tire_wall_straight
0  -43.649097 -10.760072 6.225558  0.346178 -0.500341 0.793612  0.134561 0.244510 0
0  -38.881241 -4.506180 6.225558  0.574157 -0.201307 0.793612  0.165473 0.234781 0
0  -41.042625 -3.748374 7.981484  0.574157 -0.201306 0.793612  0.165473 0.243950 0
tire_wall_straight
0  -38.881241 -4.506180 6.225558  0.574157 -0.201307 0.793612  0.165473 0.234781 0
0  -38.699909 3.355801 6.225558  0.582828 0.174621 0.793611  0.196385 0.244510 0
0  -40.893929 2.698451 7.981484  0.582828 0.174622 0.793611  0.190821 0.251928 0
tire_wall_straight
0  -38.699909 3.355801 6.225558  0.582828 0.174621 0.793611  0.196385 0.244510 0
0  -43.174362 9.822862 6.225558  0.368878 0.483848 0.793612  0.215489 0.269979 0
0  -44.562984 8.001442 7.981484  0.368877 0.483849 0.793612  0.206486 0.272813 0
tire_wall_straight
0  -43.174362 9.822862 6.225558  0.368878 0.483848 0.793612  0.215489 0.269979 0
0  -50.595520 12.424806 6.225558  0.014030 0.608263 0.793612  0.215489 0.301462 0
0  -50.648331 10.135035 7.981484  0.014029 0.608263 0.793612  0.206486 0.298629 0
tire_wall_straight
0  -50.595520 12.424806 6.225558  0.014030 0.608263 0.793612  0.215489 0.301462 0
0  -58.128742 10.167777 6.225558  -0.346178 0.500341 0.793612  0.196385 0.326932 0
0  -56.825573 8.284270 7.981484  -0.346179 0.500341 0.793612  0.190821 0.319514 0
tire_wall_straight
0  -58.128742 10.167777 6.225558  -0.346178 0.500341 0.793612  0.196385 0.326932 0
0  -62.896599 3.913885 6.225558  -0.574157 0.201306 0.793612  0.165473 0.336660 0
0  -60.735214 3.156079 7.981484  -0.574157 0.201305 0.793612  0.165473 0.327491 0
tire_wall_straight
0  -60.735214 3.156079 7.981484  0.135908 -0.047649 0.989575  0.165473 0.327491 0
0  -60.883911 -3.290746 7.981484  0.137960 0.041336 0.989575  0.140125 0.319514 0
0  -57.592876 -2.304720 7.481484  0.137960 0.041335 0.989575  0.148471 0.308387 0
tire_wall_straight
0  -60.883911 -3.290746 7.981484  0.137960 0.041336 0.989575  0.140125 0.319514 0
0  -57.214855 -8.593737 7.981484  0.087315 0.114532 0.989575  0.124459 0.298629 0
0  -55.131927 -5.861603 7.481484  0.087316 0.114531 0.989575  0.137964 0.294378 0
tire_wall_straight
0  -57.214855 -8.593737 7.981484  0.087315 0.114532 0.989575  0.124459 0.298629 0
0  -51.129509 -10.727329 7.981484  0.003319 0.143981 0.989575  0.124459 0.272813 0
0  -51.050289 -7.292671 7.481484  0.003320 0.143981 0.989575  0.137964 0.277063 0
tire_wall_straight
0  -51.129509 -10.727329 7.981484  0.003319 0.143981 0.989575  0.124459 0.272813 0
0  -44.952267 -8.876565 7.981484  -0.081944 0.118434 0.989575  0.140125 0.251928 0
0  -46.907017 -6.051306 7.481484  -0.081943 0.118435 0.989575  0.148471 0.263055 0
tire_wall_straight
0  -44.952267 -8.876565 7.981484  -0.081944 0.118434 0.989575  0.140125 0.251928 0
0  -41.042625 -3.748374 7.981484  -0.135908 0.047649 0.989575  0.165473 0.243950 0
0  -44.284695 -2.611665 7.481484  -0.135908 0.047650 0.989575  0.165473 0.257704 0
tire_wall_straight
0  -41.042625 -3.748374 7.981484  -0.135908 0.047649 0.989575  0.165473 0.243950 0
0  -40.893929 2.698451 7.981484  -0.137960 -0.041336 0.989575  0.190821 0.251928 0
0  -44.184963 1.712425 7.481484  -0.137960 -0.041335 0.989575  0.182474 0.263055 0
tire_wall_straight
0  -40.893929 2.698451 7.981484  -0.137960 -0.041336 0.989575  0.190821 0.251928 0
0  -44.562984 8.001442 7.981484  -0.087315 -0.114532 0.989575  0.206486 0.272813 0
0  -46.645912 5.269308 7.481484  -0.087316 -0.114531 0.989575  0.192982 0.277063 0
tire_wall_straight
0  -44.562984 8.001442 7.981484  -0.087315 -0.114532 0.989575  0.206486 0.272813 0
0  -50.648331 10.135035 7.981484  -0.003319 -0.143981 0.989575  0.206486 0.298629 0
0  -50.727551 6.700377 7.481484  -0.003320 -0.143981 0.989575  0.192982 0.294378 0
tire_wall_straight
0  -50.648331 10.135035 7.981484  -0.003319 -0.143981 0.989575  0.206486 0.298629 0
0  -56.825573 8.284270 7.981484  0.081945 -0.118434 0.989575  0.190821 0.319514 0
0  -54.870823 5.459011 7.481484  0.081944 -0.118434 0.989575  0.182474 0.308387 0
tire_wall_straight
0  -56.825573 8.284270 7.981484  0.081945 -0.118434 0.989575  0.190821 0.319514 0
0  -60.735214 3.156079 7.981484  0.135908 -0.047649 0.989575  0.165473 0.327491 0
0  -57.493145 2.019370 7.481484  0.135908 -0.047650 0.989575  0.165473 0.313738 0
tire_wall_straight
0  -57.493145 2.019370 7.481484  0.999734 -0.023059 0.000000  0.971106 0.080678 0
0  -57.592876 -2.304720 7.481484  0.999734 -0.023059 0.000000  0.971106 0.063673 0
0  -57.592876 -2.304720 0.500000  0.999734 -0.023059 0.000000  0.999961 0.063673 0
tire_wall_straight
0  -57.592876 -2.304720 7.481484  0.822355 0.568975 0.000000  0.971106 0.063673 0
0  -55.131927 -5.861603 7.481484  0.822354 0.568976 0.000000  0.971106 0.047998 0
0  -55.131927 -5.861603 0.500000  0.822355 0.568974 0.000000  0.999961 0.047998 0
tire_wall_straight
0  -55.131927 -5.861603 7.481484  0.330864 0.943678 0.000000  0.322743 0.841154 0
0  -51.050289 -7.292671 7.481484  0.330864 0.943678 0.000000  0.322743 0.826031 0
0  -51.050289 -7.292671 0.500000  0.330864 0.943678 0.000000  0.351598 0.826031 0
tire_wall_straight
0  -51.050289 -7.292671 7.481484  -0.287005 0.957929 0.000000  0.322743 0.826031 0
0  -46.907017 -6.051306 7.481484  -0.287005 0.957929 0.000000  0.322743 0.808839 0
0  -46.907017 -6.051306 0.500000  -0.287005 0.957929 0.000000  0.351598 0.808839 0
tire_wall_straight
0  -46.907017 -6.051306 7.481484  -0.795248 0.606284 0.000000  0.322743 0.808839 0
0  -44.284695 -2.611665 7.481484  -0.795249 0.606283 0.000000  0.322743 0.796145 0
0  -44.284695 -2.611665 0.500000  -0.795248 0.606284 0.000000  0.351598 0.796145 0
tire_wall_straight
0  -44.284695 -2.611665 7.481484  -0.999734 0.023059 0.000000  0.971106 0.128298 0
0  -44.184963 1.712425 7.481484  -0.999734 0.023059 0.000000  0.971106 0.111293 0
0  -44.184963 1.712425 0.500000  -0.999734 0.023059 0.000000  0.999961 0.111293 0
tire_wall_straight
0  -44.184963 1.712425 7.481484  -0.822355 -0.568974 0.000000  0.971106 0.111293 0
0  -46.645912 5.269308 7.481484  -0.822355 -0.568974 0.000000  0.971106 0.095618 0
0  -46.645912 5.269308 0.500000  -0.822355 -0.568974 0.000000  0.999961 0.095618 0
tire_wall_straight
0  -46.645912 5.269308 7.481484  -0.330864 -0.943678 0.000000  0.367022 0.841154 0
0  -50.727551 6.700377 7.481484  -0.330864 -0.943678 0.000000  0.367022 0.826031 0
0  -50.727551 6.700377 0.500000  -0.330864 -0.943678 0.000000  0.395877 0.826031 0
tire_wall_straight
0  -50.727551 6.700377 7.481484  0.287005 -0.957929 0.000000  0.367022 0.826031 0
0  -54.870823 5.459011 7.481484  0.287005 -0.957929 0.000000  0.367022 0.808839 0
0  -54.870823 5.459011 0.500000  0.287005 -0.957929 0.000000  0.395877 0.808839 0
tire_wall_straight
0  -54.870823 5.459011 7.481484  0.795249 -0.606283 0.000000  0.367022 0.808839 0
0  -57.493145 2.019370 7.481484  0.795249 -0.606283 0.000000  0.367022 0.796145 0
0  -57.493145 2.019370 0.500000  0.795249 -0.606283 0.000000  0.395877 0.796145 0
tire_wall_straight
0  -57.469353 2.254347 8.500000  0.137783 -0.042047 -0.989570  0.297913 0.263047 0
0  -57.391655 -2.069057 8.500000  0.136183 0.046970 -0.989570  0.280916 0.257698 0
0  -60.638622 -3.188950 8.000000  0.136184 0.046969 -0.989570  0.280916 0.243948 0
tire_wall_straight
0  -57.391655 -2.069057 8.500000  0.136183 0.046970 -0.989570  0.280916 0.257698 0
0  -54.787567 -5.521095 8.500000  0.082567 0.118046 -0.989570  0.263919 0.263047 0
0  -56.756157 -8.335626 8.000000  0.082568 0.118046 -0.989569  0.255575 0.251923 0
tire_wall_straight
0  -54.787567 -5.521095 8.500000  0.082567 0.118046 -0.989570  0.263919 0.263047 0
0  -50.651756 -6.783208 8.500000  -0.002588 0.144033 -0.989570  0.253414 0.277052 0
0  -50.590042 -10.217320 8.000000  -0.002587 0.144033 -0.989569  0.239914 0.272803 0
tire_wall_straight
0  -50.651756 -6.783208 8.500000  -0.002588 0.144033 -0.989570  0.253414 0.277052 0
0  -46.563965 -5.373309 8.500000  -0.086754 0.115004 -0.989570  0.253414 0.294363 0
0  -44.495514 -8.115291 8.000000  -0.086753 0.115005 -0.989569  0.239914 0.298612 0
tire_wall_straight
0  -46.563965 -5.373309 8.500000  -0.086754 0.115004 -0.989570  0.253414 0.294363 0
0  -44.085587 -1.829933 8.500000  -0.137783 0.042047 -0.989570  0.263919 0.308368 0
0  -40.800480 -2.832438 8.000000  -0.137783 0.042048 -0.989569  0.255575 0.319492 0
tire_wall_straight
0  -44.085587 -1.829933 8.500000  -0.137783 0.042047 -0.989570  0.263919 0.308368 0
0  -44.163284 2.493470 8.500000  -0.136183 -0.046970 -0.989570  0.280916 0.313717 0
0  -40.916317 3.613364 8.000000  -0.136184 -0.046969 -0.989570  0.280916 0.327467 0
tire_wall_straight
0  -44.163284 2.493470 8.500000  -0.136183 -0.046970 -0.989570  0.280916 0.313717 0
0  -46.767372 5.945509 8.500000  -0.082567 -0.118046 -0.989570  0.297913 0.308367 0
0  -44.798782 8.760039 8.000000  -0.082568 -0.118046 -0.989569  0.306257 0.319492 0
tire_wall_straight
0  -46.767372 5.945509 8.500000  -0.082567 -0.118046 -0.989570  0.297913 0.308367 0
0  -50.903183 7.207622 8.500000  0.002588 -0.144033 -0.989570  0.308418 0.294363 0
0  -50.964897 10.641734 8.000000  0.002587 -0.144033 -0.989569  0.321919 0.298612 0
tire_wall_straight
0  -50.903183 7.207622 8.500000  0.002588 -0.144033 -0.989570  0.308418 0.294363 0
0  -54.990974 5.797723 8.500000  0.086754 -0.115004 -0.989570  0.308418 0.277052 0
0  -57.059425 8.539704 8.000000  0.086753 -0.115005 -0.989569  0.321919 0.272803 0
tire_wall_straight
0  -54.990974 5.797723 8.500000  0.086754 -0.115004 -0.989570  0.308418 0.277052 0
0  -57.469353 2.254347 8.500000  0.137783 -0.042047 -0.989570  0.297913 0.263047 0
0  -60.754459 3.256852 8.000000  0.137783 -0.042048 -0.989569  0.306257 0.251923 0
tire_wall_straight
0  -60.754459 3.256852 8.000000  -0.577773 0.176318 -0.796926  0.306257 0.251923 0
0  -60.638622 -3.188950 8.000000  -0.571065 -0.196962 -0.796926  0.280916 0.243948 0
0  -62.803265 -3.935545 9.735673  -0.571065 -0.196963 -0.796926  0.280916 0.234781 0
tire_wall_straight
0  -60.638622 -3.188950 8.000000  -0.571065 -0.196962 -0.796926  0.280916 0.243948 0
0  -56.756157 -8.335626 8.000000  -0.346229 -0.495009 -0.796926  0.255575 0.251923 0
0  -58.068554 -10.211980 9.735673  -0.346229 -0.495010 -0.796926  0.250013 0.244507 0
tire_wall_straight
0  -56.756157 -8.335626 8.000000  -0.346229 -0.495009 -0.796926  0.255575 0.251923 0
0  -50.590042 -10.217320 8.000000  0.010853 -0.603980 -0.796926  0.239914 0.272803 0
0  -50.548897 -12.506728 9.735673  0.010855 -0.603980 -0.796926  0.230913 0.269970 0
tire_wall_straight
0  -50.590042 -10.217320 8.000000  0.010853 -0.603980 -0.796926  0.239914 0.272803 0
0  -44.495514 -8.115291 8.000000  0.363791 -0.482251 -0.796926  0.239914 0.298612 0
0  -43.116547 -9.943276 9.735673  0.363792 -0.482250 -0.796926  0.230913 0.301444 0
tire_wall_straight
0  -44.495514 -8.115291 8.000000  0.363791 -0.482251 -0.796926  0.239914 0.298612 0
0  -40.800480 -2.832438 8.000000  0.577772 -0.176318 -0.796926  0.255575 0.319492 0
0  -38.610409 -3.500775 9.735673  0.577773 -0.176317 -0.796926  0.250013 0.326908 0
tire_wall_straight
0  -40.800480 -2.832438 8.000000  0.577772 -0.176318 -0.796926  0.255575 0.319492 0
0  -40.916317 3.613364 8.000000  0.571065 0.196962 -0.796926  0.280916 0.327467 0
0  -38.751675 4.359959 9.735673  0.571065 0.196963 -0.796926  0.280916 0.336634 0
tire_wall_straight
0  -40.916317 3.613364 8.000000  0.571065 0.196962 -0.796926  0.280916 0.327467 0
0  -44.798782 8.760039 8.000000  0.346229 0.495009 -0.796926  0.306257 0.319492 0
0  -43.486385 10.636394 9.735673  0.346229 0.495010 -0.796926  0.311820 0.326908 0
tire_wall_straight
0  -44.798782 8.760039 8.000000  0.346229 0.495009 -0.796926  0.306257 0.319492 0
0  -50.964897 10.641734 8.000000  -0.010853 0.603980 -0.796926  0.321919 0.298612 0
0  -51.006042 12.931142 9.735673  -0.010855 0.603980 -0.796926  0.330919 0.301444 0
tire_wall_straight
0  -50.964897 10.641734 8.000000  -0.010853 0.603980 -0.796926  0.321919 0.298612 0
0  -57.059425 8.539704 8.000000  -0.363791 0.482250 -0.796926  0.321919 0.272803 0
0  -58.438393 10.367690 9.735673  -0.363792 0.482249 -0.796926  0.330919 0.269970 0
tire_wall_straight
0  -57.059425 8.539704 8.000000  -0.363791 0.482250 -0.796926  0.321919 0.272803 0
0  -60.754459 3.256852 8.000000  -0.577773 0.176318 -0.796926  0.306257 0.251923 0
0  -62.944530 3.925189 9.735673  -0.577773 0.176317 -0.796926  0.311820 0.244507 0
tire_wall_straight
0  -62.944530 3.925189 9.735673  -0.999839 -0.017968 0.000000  0.355405 0.720756 0
0  -62.803265 -3.935545 9.735673  -0.999839 -0.017967 0.000000  0.355405 0.751884 0
0  -62.803265 -3.935545 14.153748  -0.999839 -0.017968 0.000000  0.337145 0.751884 0
tire_wall_straight
0  -62.803265 -3.935545 9.735673  -0.798325 -0.602227 0.000000  0.355405 0.751884 0
0  -58.068554 -10.211980 9.735673  -0.798325 -0.602227 0.000000  0.355405 0.779804 0
0  -58.068554 -10.211980 14.153748  -0.798325 -0.602227 0.000000  0.337145 0.779804 0
tire_wall_straight
0  -58.068554 -10.211980 9.735673  -0.291878 -0.956456 0.000000  0.456593 0.891999 0
0  -50.548897 -12.506728 9.735673  -0.291878 -0.956455 0.000000  0.456593 0.920094 0
0  -50.548897 -12.506728 14.153748  -0.291878 -0.956455 0.000000  0.438333 0.920094 0
tire_wall_straight
0  -50.548897 -12.506728 9.735673  0.326056 -0.945351 0.000000  0.456593 0.920094 0
0  -43.116547 -9.943276 9.735673  0.326056 -0.945350 0.000000  0.456593 0.951163 0
0  -43.116547 -9.943276 14.153748  0.326056 -0.945351 0.000000  0.438333 0.951163 0
tire_wall_straight
0  -43.116547 -9.943276 9.735673  0.819448 -0.573154 0.000000  0.389089 0.698309 0
0  -38.610409 -3.500775 9.735673  0.819447 -0.573155 0.000000  0.389089 0.720756 0
0  -38.610409 -3.500775 14.153748  0.819447 -0.573154 0.000000  0.370829 0.720756 0
tire_wall_straight
0  -38.610409 -3.500775 9.735673  0.999839 0.017968 0.000000  0.389089 0.720756 0
0  -38.751675 4.359959 9.735673  0.999839 0.017969 0.000000  0.389089 0.751884 0
0  -38.751675 4.359959 14.153748  0.999839 0.017969 0.000000  0.370829 0.751884 0
tire_wall_straight
0  -38.751675 4.359959 9.735673  0.798325 0.602227 0.000000  0.389089 0.751884 0
0  -43.486385 10.636394 9.735673  0.798325 0.602227 0.000000  0.389089 0.779804 0
0  -43.486385 10.636394 14.153748  0.798325 0.602227 0.000000  0.370829 0.779804 0
tire_wall_straight
0  -43.486385 10.636394 9.735673  0.291878 0.956455 0.000000  0.490277 0.891999 0
0  -51.006042 12.931142 9.735673  0.291878 0.956455 0.000000  0.490277 0.920094 0
0  -51.006042 12.931142 14.153748  0.291878 0.956455 0.000000  0.472017 0.920094 0
tire_wall_straight
0  -51.006042 12.931142 9.735673  -0.326056 0.945351 0.000000  0.490277 0.920094 0
0  -58.438393 10.367690 9.735673  -0.326056 0.945350 0.000000  0.490277 0.951163 0
0  -58.438393 10.367690 14.153748  -0.326056 0.945351 0.000000  0.472017 0.951163 0
tire_wall_straight
0  -58.438393 10.367690 9.735673  -0.819448 0.573154 0.000000  0.355405 0.698309 0
0  -62.944530 3.925189 9.735673  -0.819448 0.573154 0.000000  0.355405 0.720756 0
0  -62.944530 3.925189 14.153748  -0.819448 0.573154 0.000000  0.337145 0.720756 0
tire_wall_straight
0  -62.944530 3.925189 14.153748  -0.577773 0.176317 0.796926  0.367021 0.009726 0
0  -62.803265 -3.935545 14.153748  -0.571065 -0.196963 0.796926  0.397925 0.000000 0
0  -60.638622 -3.188950 15.889421  -0.571065 -0.196964 0.796926  0.397925 0.009167 0
tire_wall_straight
0  -62.803265 -3.935545 14.153748  -0.571065 -0.196963 0.796926  0.397925 0.000000 0
0  -58.068554 -10.211980 14.153748  -0.346230 -0.495009 0.796926  0.428828 0.009726 0
0  -56.756157 -8.335626 15.889421  -0.346229 -0.495010 0.796926  0.423266 0.017142 0
tire_wall_straight
0  -58.068554 -10.211980 14.153748  -0.346230 -0.495009 0.796926  0.428828 0.009726 0
0  -50.548897 -12.506728 14.153748  0.010854 -0.603980 0.796926  0.447928 0.035189 0
0  -50.590042 -10.217320 15.889421  0.010855 -0.603980 0.796926  0.438927 0.038022 0
tire_wall_straight
0  -50.548897 -12.506728 14.153748  0.010854 -0.603980 0.796926  0.447928 0.035189 0
0  -43.116547 -9.943276 14.153748  0.363791 -0.482251 0.796925  0.447928 0.066663 0
0  -44.495514 -8.115291 15.889421  0.363792 -0.482250 0.796926  0.438927 0.063831 0
tire_wall_straight
0  -43.116547 -9.943276 14.153748  0.363791 -0.482251 0.796925  0.447928 0.066663 0
0  -38.610409 -3.500775 14.153748  0.577773 -0.176317 0.796926  0.428828 0.092127 0
0  -40.800480 -2.832438 15.889421  0.577774 -0.176316 0.796925  0.423266 0.084711 0
tire_wall_straight
0  -38.610409 -3.500775 14.153748  0.577773 -0.176317 0.796926  0.428828 0.092127 0
0  -38.751675 4.359959 14.153748  0.571065 0.196963 0.796926  0.397925 0.101853 0
0  -40.916317 3.613364 15.889421  0.571065 0.196964 0.796925  0.397925 0.092686 0
tire_wall_straight
0  -38.751675 4.359959 14.153748  0.571065 0.196963 0.796926  0.397925 0.101853 0
0  -43.486385 10.636394 14.153748  0.346230 0.495009 0.796926  0.367021 0.092127 0
0  -44.798782 8.760039 15.889421  0.346229 0.495010 0.796926  0.372584 0.084711 0
tire_wall_straight
0  -43.486385 10.636394 14.153748  0.346230 0.495009 0.796926  0.367021 0.092127 0
0  -51.006042 12.931142 14.153748  -0.010854 0.603980 0.796925  0.347921 0.066663 0
0  -50.964897 10.641734 15.889421  -0.010855 0.603980 0.796926  0.356922 0.063831 0
tire_wall_straight
0  -51.006042 12.931142 14.153748  -0.010854 0.603980 0.796925  0.347921 0.066663 0
0  -58.438393 10.367690 14.153748  -0.363791 0.482250 0.796926  0.347921 0.035189 0
0  -57.059425 8.539704 15.889421  -0.363792 0.482250 0.796926  0.356922 0.038022 0
tire_wall_straight
0  -58.438393 10.367690 14.153748  -0.363791 0.482250 0.796926  0.347921 0.035189 0
0  -62.944530 3.925189 14.153748  -0.577773 0.176317 0.796926  0.367021 0.009726 0
0  -60.754459 3.256852 15.889421  -0.577774 0.176316 0.796926  0.372584 0.017142 0
tire_wall_straight
0  -60.754459 3.256852 15.889421  0.137784 -0.042045 0.989570  0.372584 0.017142 0
0  -60.638622 -3.188950 15.889421  0.136183 0.046972 0.989569  0.397925 0.009167 0
0  -57.391655 -2.069057 15.389421  0.136183 0.046971 0.989570  0.397925 0.022917 0
tire_wall_straight
0  -60.638622 -3.188950 15.889421  0.136183 0.046972 0.989569  0.397925 0.009167 0
0  -56.756157 -8.335626 15.889421  0.082565 0.118047 0.989569  0.423266 0.017142 0
0  -54.787567 -5.521095 15.389421  0.082566 0.118047 0.989570  0.414922 0.028266 0
tire_wall_straight
0  -56.756157 -8.335626 15.889421  0.082565 0.118047 0.989569  0.423266 0.017142 0
0  -50.590042 -10.217320 15.889421  -0.002590 0.144033 0.989570  0.438927 0.038022 0
0  -50.651756 -6.783208 15.389421  -0.002589 0.144033 0.989570  0.425426 0.042271 0
tire_wall_straight
0  -50.590042 -10.217320 15.889421  -0.002590 0.144033 0.989570  0.438927 0.038022 0
0  -44.495514 -8.115291 15.889421  -0.086756 0.115003 0.989570  0.438927 0.063831 0
0  -46.563965 -5.373309 15.389421  -0.086755 0.115003 0.989570  0.425426 0.059582 0
tire_wall_straight
0  -44.495514 -8.115291 15.889421  -0.086756 0.115003 0.989570  0.438927 0.063831 0
0  -40.800480 -2.832438 15.889421  -0.137784 0.042045 0.989570  0.423266 0.084711 0
0  -44.085587 -1.829933 15.389421  -0.137783 0.042046 0.989570  0.414922 0.073587 0
tire_wall_straight
0  -40.800480 -2.832438 15.889421  -0.137784 0.042045 0.989570  0.423266 0.084711 0
0  -40.916317 3.613364 15.889421  -0.136183 -0.046972 0.989569  0.397925 0.092686 0
0  -44.163284 2.493470 15.389421  -0.136183 -0.046971 0.989570  0.397925 0.078936 0
tire_wall_straight
0  -40.916317 3.613364 15.889421  -0.136183 -0.046972 0.989569  0.397925 0.092686 0
0  -44.798782 8.760039 15.889421  -0.082565 -0.118048 0.989569  0.372584 0.084711 0
0  -46.767372 5.945509 15.389421  -0.082566 -0.118047 0.989570  0.380928 0.073587 0
tire_wall_straight
0  -44.798782 8.760039 15.889421  -0.082565 -0.118048 0.989569  0.372584 0.084711 0
0  -50.964897 10.641734 15.889421  0.002590 -0.144033 0.989569  0.356922 0.063831 0
0  -50.903183 7.207622 15.389421  0.002589 -0.144033 0.989570  0.370423 0.059582 0
tire_wall_straight
0  -50.964897 10.641734 15.889421  0.002590 -0.144033 0.989569  0.356922 0.063831 0
0  -57.059425 8.539704 15.889421  0.086756 -0.115003 0.989569  0.356922 0.038022 0
0  -54.990974 5.797723 15.389421  0.086755 -0.115003 0.989570  0.370423 0.042271 0
tire_wall_straight
0  -57.059425 8.539704 15.889421  0.086756 -0.115003 0.989569  0.356922 0.038022 0
0  -60.754459 3.256852 15.889421  0.137784 -0.042045 0.989570  0.372584 0.017142 0
0  -57.469353 2.254347 15.389421  0.137783 -0.042046 0.989570  0.380928 0.028266 0
tire_wall_straight
0  -57.469353 2.254347 15.389421  0.999839 0.017969 0.000000  0.762270 0.828622 0
0  -57.391655 -2.069057 15.389421  0.999839 0.017968 0.000000  0.762270 0.811501 0
0  -57.391655 -2.069057 8.500000  0.999839 0.017969 0.000000  0.790744 0.811501 0
tire_wall_straight
0  -57.391655 -2.069057 15.389421  0.798326 0.602226 0.000000  0.762270 0.811501 0
0  -54.787567 -5.521095 15.389421  0.798326 0.602226 0.000000  0.762270 0.796145 0
0  -54.787567 -5.521095 8.500000  0.798325 0.602226 0.000000  0.790744 0.796145 0
tire_wall_straight
0  -54.787567 -5.521095 15.389421  0.291879 0.956455 0.000000  0.971106 0.652248 0
0  -50.651756 -6.783208 15.389421  0.291879 0.956455 0.000000  0.971106 0.636796 0
0  -50.651756 -6.783208 8.500000  0.291879 0.956455 0.000000  0.999580 0.636796 0
tire_wall_straight
0  -50.651756 -6.783208 15.389421  -0.326056 0.945351 0.000000  0.971106 0.636796 0
0  -46.563965 -5.373309 15.389421  -0.326056 0.945351 0.000000  0.971106 0.619708 0
0  -46.563965 -5.373309 8.500000  -0.326056 0.945351 0.000000  0.999580 0.619708 0
tire_wall_straight
0  -46.563965 -5.373309 15.389421  -0.819448 0.573154 0.000000  0.838686 0.044822 0
0  -44.085587 -1.829933 15.389421  -0.819448 0.573154 0.000000  0.838686 0.032476 0
0  -44.085587 -1.829933 8.500000  -0.819448 0.573154 0.000000  0.867160 0.032476 0
tire_wall_straight
0  -44.085587 -1.829933 15.389421  -0.999839 -0.017969 0.000000  0.838686 0.032476 0
0  -44.163284 2.493470 15.389421  -0.999839 -0.017970 0.000000  0.838686 0.015356 0
0  -44.163284 2.493470 8.500000  -0.999839 -0.017969 0.000000  0.867160 0.015356 0
tire_wall_straight
0  -44.163284 2.493470 15.389421  -0.798325 -0.602226 0.000000  0.838686 0.015356 0
0  -46.767372 5.945509 15.389421  -0.798325 -0.602227 0.000000  0.838686 0.000000 0
0  -46.767372 5.945509 8.500000  -0.798326 -0.602226 0.000000  0.867160 0.000000 0
tire_wall_straight
0  -46.767372 5.945509 15.389421  -0.291879 -0.956455 0.000000  0.971106 0.699728 0
0  -50.903183 7.207622 15.389421  -0.291879 -0.956455 0.000000  0.971106 0.684276 0
0  -50.903183 7.207622 8.500000  -0.291879 -0.956455 0.000000  0.999580 0.684276 0
tire_wall_straight
0  -50.903183 7.207622 15.389421  0.326056 -0.945350 0.000000  0.971106 0.684276 0
0  -54.990974 5.797723 15.389421  0.326056 -0.945350 0.000000  0.971106 0.667188 0
0  -54.990974 5.797723 8.500000  0.326056 -0.945350 0.000000  0.999580 0.667188 0
tire_wall_straight
0  -54.990974 5.797723 15.389421  0.819447 -0.573155 0.000000  0.762270 0.840967 0
0  -57.469353 2.254347 15.389421  0.819448 -0.573154 0.000000  0.762270 0.828622 0
0  -57.469353 2.254347 8.500000  0.819447 -0.573155 0.000000  0.790744 0.828622 0
tire_wall_straight
0  -48.598236 5.951454 16.500000  -0.057031 -0.135316 -0.989160  0.022065 0.641918 0
0  -52.823311 6.310216 16.500000  0.033398 -0.142995 -0.989160  0.032366 0.655652 0
0  -53.589355 9.590030 16.000000  0.033397 -0.142995 -0.989160  0.024184 0.666560 0
tire_wall_straight
0  -52.823311 6.310216 16.500000  0.033398 -0.142995 -0.989160  0.032366 0.655652 0
0  -56.452343 4.117024 16.500000  0.111070 -0.096054 -0.989160  0.049034 0.660897 0
0  -58.999912 6.320180 16.000000  0.111069 -0.096055 -0.989160  0.049034 0.674381 0
tire_wall_straight
0  -56.452343 4.117024 16.500000  0.111070 -0.096054 -0.989160  0.049034 0.660897 0
0  -58.099167 0.209604 16.500000  0.146316 -0.012425 -0.989160  0.065701 0.655652 0
0  -61.455173 0.494571 16.000000  0.146317 -0.012426 -0.989160  0.073884 0.666560 0
tire_wall_straight
0  -58.099167 0.209604 16.500000  0.146316 -0.012425 -0.989160  0.065701 0.655652 0
0  -57.134747 -3.919544 16.500000  0.125675 0.075951 -0.989160  0.076003 0.641918 0
0  -60.017315 -5.661613 16.000000  0.125676 0.075950 -0.989160  0.089242 0.646085 0
tire_wall_straight
0  -57.134747 -3.919544 16.500000  0.125675 0.075951 -0.989160  0.076003 0.641918 0
0  -53.927467 -6.693224 16.500000  0.057031 0.135316 -0.989160  0.076003 0.624943 0
0  -55.235550 -9.796918 16.000000  0.057032 0.135315 -0.989160  0.089242 0.620776 0
tire_wall_straight
0  -53.927467 -6.693224 16.500000  0.057031 0.135316 -0.989160  0.076003 0.624943 0
0  -49.702393 -7.051986 16.500000  -0.033398 0.142995 -0.989160  0.065701 0.611210 0
0  -48.936348 -10.331800 16.000000  -0.033397 0.142995 -0.989160  0.073884 0.600301 0
tire_wall_straight
0  -49.702393 -7.051986 16.500000  -0.033398 0.142995 -0.989160  0.065701 0.611210 0
0  -46.073360 -4.858794 16.500000  -0.111070 0.096054 -0.989160  0.049034 0.605964 0
0  -43.525791 -7.061950 16.000000  -0.111069 0.096055 -0.989160  0.049034 0.592481 0
tire_wall_straight
0  -46.073360 -4.858794 16.500000  -0.111070 0.096054 -0.989160  0.049034 0.605964 0
0  -44.426537 -0.951374 16.500000  -0.146316 0.012425 -0.989160  0.032366 0.611210 0
0  -41.070530 -1.236341 16.000000  -0.146316 0.012426 -0.989160  0.024184 0.600301 0
tire_wall_straight
0  -44.426537 -0.951374 16.500000  -0.146316 0.012425 -0.989160  0.032366 0.611210 0
0  -45.390957 3.177774 16.500000  -0.125675 -0.075951 -0.989160  0.022065 0.624943 0
0  -42.508389 4.919843 16.000000  -0.125676 -0.075950 -0.989160  0.008826 0.620776 0
tire_wall_straight
0  -45.390957 3.177774 16.500000  -0.125675 -0.075951 -0.989160  0.022065 0.624943 0
0  -48.598236 5.951454 16.500000  -0.057031 -0.135316 -0.989160  0.022065 0.641918 0
0  -47.290154 9.055148 16.000000  -0.057032 -0.135315 -0.989160  0.008826 0.646085 0
tire_wall_straight
0  -47.290154 9.055148 16.000000  0.234306 0.555935 -0.797519  0.008826 0.646085 0
0  -53.589355 9.590030 16.000000  -0.137213 0.587482 -0.797520  0.024184 0.666560 0
0  -54.100052 11.776572 17.698553  -0.137214 0.587482 -0.797520  0.018729 0.673832 0
tire_wall_straight
0  -53.589355 9.590030 16.000000  -0.137213 0.587482 -0.797520  0.024184 0.666560 0
0  -58.999912 6.320180 16.000000  -0.456321 0.394631 -0.797519  0.049034 0.674381 0
0  -60.698288 7.788951 17.698553  -0.456322 0.394631 -0.797519  0.049034 0.683370 0
tire_wall_straight
0  -58.999912 6.320180 16.000000  -0.456321 0.394631 -0.797519  0.049034 0.674381 0
0  -61.455173 0.494571 16.000000  -0.601130 0.051044 -0.797519  0.073884 0.666560 0
0  -63.692513 0.684550 17.698553  -0.601130 0.051043 -0.797520  0.079338 0.673832 0
tire_wall_straight
0  -61.455173 0.494571 16.000000  -0.601130 0.051044 -0.797519  0.073884 0.666560 0
0  -60.017315 -5.661613 16.000000  -0.516328 -0.312040 -0.797519  0.089242 0.646085 0
0  -61.939026 -6.822992 17.698553  -0.516327 -0.312041 -0.797519  0.098068 0.648863 0
tire_wall_straight
0  -60.017315 -5.661613 16.000000  -0.516328 -0.312040 -0.797519  0.089242 0.646085 0
0  -55.235550 -9.796918 16.000000  -0.234306 -0.555935 -0.797519  0.089242 0.620776 0
0  -56.107605 -11.866047 17.698553  -0.234304 -0.555936 -0.797519  0.098068 0.617999 0
tire_wall_straight
0  -55.235550 -9.796918 16.000000  -0.234306 -0.555935 -0.797519  0.089242 0.620776 0
0  -48.936348 -10.331800 16.000000  0.137213 -0.587482 -0.797519  0.073884 0.600301 0
0  -48.425652 -12.518342 17.698553  0.137214 -0.587482 -0.797520  0.079338 0.593029 0
tire_wall_straight
0  -48.936348 -10.331800 16.000000  0.137213 -0.587482 -0.797519  0.073884 0.600301 0
0  -43.525791 -7.061950 16.000000  0.456321 -0.394631 -0.797519  0.049034 0.592481 0
0  -41.827415 -8.530721 17.698553  0.456322 -0.394631 -0.797519  0.049034 0.583492 0
tire_wall_straight
0  -43.525791 -7.061950 16.000000  0.456321 -0.394631 -0.797519  0.049034 0.592481 0
0  -41.070530 -1.236341 16.000000  0.601130 -0.051044 -0.797520  0.024184 0.600301 0
0  -38.833191 -1.426320 17.698553  0.601130 -0.051043 -0.797520  0.018729 0.593029 0
tire_wall_straight
0  -41.070530 -1.236341 16.000000  0.601130 -0.051044 -0.797520  0.024184 0.600301 0
0  -42.508389 4.919843 16.000000  0.516328 0.312039 -0.797519  0.008826 0.620776 0
0  -40.586678 6.081222 17.698553  0.516327 0.312041 -0.797519  0.000000 0.617999 0
tire_wall_straight
0  -42.508389 4.919843 16.000000  0.516328 0.312039 -0.797519  0.008826 0.620776 0
0  -47.290154 9.055148 16.000000  0.234306 0.555935 -0.797519  0.008826 0.646085 0
0  -46.418098 11.124277 17.698553  0.234304 0.555936 -0.797519  0.000000 0.648863 0
tire_wall_straight
0  -46.418098 11.124277 17.698553  0.084608 0.996414 0.000000  0.944657 0.733387 0
0  -54.100052 11.776572 17.698553  0.084608 0.996414 0.000000  0.944657 0.763244 0
0  -54.100052 11.776572 22.022142  0.084608 0.996414 0.000000  0.926788 0.763244 0
tire_wall_straight
0  -54.100052 11.776572 17.698553  -0.517228 0.855848 0.000000  0.944657 0.763244 0
0  -60.698288 7.788951 17.698553  -0.517228 0.855847 0.000000  0.944657 0.791996 0
0  -60.698288 7.788951 22.022142  -0.517228 0.855847 0.000000  0.926788 0.791996 0
tire_wall_straight
0  -60.698288 7.788951 17.698553  -0.921501 0.388376 0.000000  0.185390 0.796145 0
0  -63.692513 0.684550 17.698553  -0.921501 0.388376 0.000000  0.185390 0.822208 0
0  -63.692513 0.684550 22.022142  -0.921501 0.388376 0.000000  0.167520 0.822208 0
tire_wall_straight
0  -63.692513 0.684550 17.698553  -0.973792 -0.227442 0.000000  0.185390 0.822208 0
0  -61.939026 -6.822992 17.698553  -0.973792 -0.227442 0.000000  0.185390 0.853011 0
0  -61.939026 -6.822992 22.022142  -0.973792 -0.227442 0.000000  0.167520 0.853011 0
tire_wall_straight
0  -61.939026 -6.822992 17.698553  -0.654127 -0.756385 0.000000  0.185390 0.853011 0
0  -56.107605 -11.866047 17.698553  -0.654127 -0.756385 0.000000  0.185390 0.876788 0
0  -56.107605 -11.866047 22.022142  -0.654127 -0.756385 0.000000  0.167520 0.876788 0
tire_wall_straight
0  -56.107605 -11.866047 17.698553  -0.084608 -0.996414 0.000000  0.944657 0.806935 0
0  -48.425652 -12.518342 17.698553  -0.084608 -0.996414 0.000000  0.944657 0.836792 0
0  -48.425652 -12.518342 22.022142  -0.084608 -0.996414 0.000000  0.926788 0.836792 0
tire_wall_straight
0  -48.425652 -12.518342 17.698553  0.517228 -0.855847 0.000000  0.944657 0.836792 0
0  -41.827415 -8.530721 17.698553  0.517229 -0.855847 0.000000  0.944657 0.865544 0
0  -41.827415 -8.530721 22.022142  0.517229 -0.855847 0.000000  0.926788 0.865544 0
tire_wall_straight
0  -41.827415 -8.530721 17.698553  0.921501 -0.388376 0.000000  0.218683 0.796145 0
0  -38.833191 -1.426320 17.698553  0.921501 -0.388376 0.000000  0.218683 0.822208 0
0  -38.833191 -1.426320 22.022142  0.921501 -0.388376 0.000000  0.200814 0.822208 0
tire_wall_straight
0  -38.833191 -1.426320 17.698553  0.973792 0.227442 0.000000  0.218683 0.822208 0
0  -40.586678 6.081222 17.698553  0.973792 0.227442 0.000000  0.218683 0.853011 0
0  -40.586678 6.081222 22.022142  0.973792 0.227442 0.000000  0.200814 0.853011 0
tire_wall_straight
0  -40.586678 6.081222 17.698553  0.654127 0.756385 0.000000  0.218683 0.853011 0
0  -46.418098 11.124277 17.698553  0.654127 0.756385 0.000000  0.218683 0.876788 0
0  -46.418098 11.124277 22.022142  0.654127 0.756385 0.000000  0.200814 0.876788 0
tire_wall_straight
0  -46.418098 11.124277 22.022142  0.234305 0.555935 0.797519  0.211559 0.648863 0
0  -54.100052 11.776572 22.022142  -0.137214 0.587482 0.797520  0.192830 0.673832 0
0  -53.589355 9.590030 23.720695  -0.137215 0.587482 0.797519  0.187375 0.666560 0
tire_wall_straight
0  -54.100052 11.776572 22.022142  -0.137214 0.587482 0.797520  0.192830 0.673832 0
0  -60.698288 7.788951 22.022142  -0.456321 0.394631 0.797519  0.162525 0.683370 0
0  -58.999912 6.320180 23.720695  -0.456323 0.394630 0.797519  0.162525 0.674381 0
tire_wall_straight
0  -60.698288 7.788951 22.022142  -0.456321 0.394631 0.797519  0.162525 0.683370 0
0  -63.692513 0.684550 22.022142  -0.601130 0.051044 0.797520  0.132221 0.673832 0
0  -61.455173 0.494571 23.720695  -0.601130 0.051043 0.797519  0.137676 0.666560 0
tire_wall_straight
0  -63.692513 0.684550 22.022142  -0.601130 0.051044 0.797520  0.132221 0.673832 0
0  -61.939026 -6.822992 22.022142  -0.516327 -0.312040 0.797520  0.113492 0.648863 0
0  -60.017315 -5.661613 23.720695  -0.516327 -0.312041 0.797519  0.122318 0.646085 0
tire_wall_straight
0  -61.939026 -6.822992 22.022142  -0.516327 -0.312040 0.797520  0.113492 0.648863 0
0  -56.107605 -11.866047 22.022142  -0.234305 -0.555935 0.797519  0.113492 0.617999 0
0  -55.235550 -9.796918 23.720695  -0.234304 -0.555936 0.797519  0.122318 0.620776 0
tire_wall_straight
0  -56.107605 -11.866047 22.022142  -0.234305 -0.555935 0.797519  0.113492 0.617999 0
0  -48.425652 -12.518342 22.022142  0.137214 -0.587482 0.797519  0.132221 0.593029 0
0  -48.936348 -10.331800 23.720695  0.137215 -0.587482 0.797520  0.137676 0.600301 0
tire_wall_straight
0  -48.425652 -12.518342 22.022142  0.137214 -0.587482 0.797519  0.132221 0.593029 0
0  -41.827415 -8.530721 22.022142  0.456322 -0.394631 0.797519  0.162525 0.583492 0
0  -43.525791 -7.061950 23.720695  0.456323 -0.394630 0.797519  0.162525 0.592481 0
tire_wall_straight
0  -41.827415 -8.530721 22.022142  0.456322 -0.394631 0.797519  0.162525 0.583492 0
0  -38.833191 -1.426320 22.022142  0.601130 -0.051044 0.797519  0.192830 0.593029 0
0  -41.070530 -1.236341 23.720695  0.601131 -0.051043 0.797519  0.187375 0.600301 0
tire_wall_straight
0  -38.833191 -1.426320 22.022142  0.601130 -0.051044 0.797519  0.192830 0.593029 0
0  -40.586678 6.081222 22.022142  0.516327 0.312040 0.797519  0.211559 0.617999 0
0  -42.508389 4.919843 23.720695  0.516327 0.312041 0.797519  0.202733 0.620776 0
tire_wall_straight
0  -40.586678 6.081222 22.022142  0.516327 0.312040 0.797519  0.211559 0.617999 0
0  -46.418098 11.124277 22.022142  0.234305 0.555935 0.797519  0.211559 0.648863 0
0  -47.290154 9.055148 23.720695  0.234304 0.555936 0.797519  0.202733 0.646085 0
tire_wall_straight
0  -47.290154 9.055148 23.720695  -0.057029 -0.135317 0.989160  0.202733 0.646085 0
0  -53.589355 9.590030 23.720695  0.033400 -0.142994 0.989160  0.187375 0.666560 0
0  -52.823311 6.310216 23.220695  0.033399 -0.142994 0.989160  0.179193 0.655652 0
tire_wall_straight
0  -53.589355 9.590030 23.720695  0.033400 -0.142994 0.989160  0.187375 0.666560 0
0  -58.999912 6.320180 23.720695  0.111070 -0.096053 0.989160  0.162525 0.674381 0
0  -56.452343 4.117024 23.220695  0.111070 -0.096054 0.989160  0.162525 0.660897 0
tire_wall_straight
0  -58.999912 6.320180 23.720695  0.111070 -0.096053 0.989160  0.162525 0.674381 0
0  -61.455173 0.494571 23.720695  0.146316 -0.012422 0.989160  0.137676 0.666560 0
0  -58.099167 0.209604 23.220695  0.146316 -0.012424 0.989160  0.145858 0.655652 0
tire_wall_straight
0  -61.455173 0.494571 23.720695  0.146316 -0.012422 0.989160  0.137676 0.666560 0
0  -60.017315 -5.661613 23.720695  0.125675 0.075953 0.989160  0.122318 0.646085 0
0  -57.134747 -3.919544 23.220695  0.125676 0.075952 0.989160  0.135557 0.641918 0
tire_wall_straight
0  -60.017315 -5.661613 23.720695  0.125675 0.075953 0.989160  0.122318 0.646085 0
0  -55.235550 -9.796918 23.720695  0.057029 0.135317 0.989160  0.122318 0.620776 0
0  -53.927467 -6.693224 23.220695  0.057030 0.135316 0.989160  0.135557 0.624943 0
tire_wall_straight
0  -55.235550 -9.796918 23.720695  0.057029 0.135317 0.989160  0.122318 0.620776 0
0  -48.936348 -10.331800 23.720695  -0.033400 0.142994 0.989160  0.137676 0.600301 0
0  -49.702393 -7.051986 23.220695  -0.033399 0.142994 0.989160  0.145858 0.611210 0
tire_wall_straight
0  -48.936348 -10.331800 23.720695  -0.033400 0.142994 0.989160  0.137676 0.600301 0
0  -43.525791 -7.061950 23.720695  -0.111070 0.096053 0.989160  0.162525 0.592481 0
0  -46.073360 -4.858794 23.220695  -0.111070 0.096054 0.989160  0.162525 0.605964 0
tire_wall_straight
0  -43.525791 -7.061950 23.720695  -0.111070 0.096053 0.989160  0.162525 0.592481 0
0  -41.070530 -1.236341 23.720695  -0.146317 0.012422 0.989160  0.187375 0.600301 0
0  -44.426537 -0.951374 23.220695  -0.146317 0.012424 0.989160  0.179193 0.611210 0
tire_wall_straight
0  -41.070530 -1.236341 23.720695  -0.146317 0.012422 0.989160  0.187375 0.600301 0
0  -42.508389 4.919843 23.720695  -0.125675 -0.075953 0.989160  0.202733 0.620776 0
0  -45.390957 3.177774 23.220695  -0.125675 -0.075952 0.989160  0.189494 0.624943 0
tire_wall_straight
0  -42.508389 4.919843 23.720695  -0.125675 -0.075953 0.989160  0.202733 0.620776 0
0  -47.290154 9.055148 23.720695  -0.057029 -0.135317 0.989160  0.202733 0.646085 0
0  -48.598236 5.951454 23.220695  -0.057030 -0.135316 0.989160  0.189494 0.641918 0
tire_wall_straight
0  -48.598236 5.951454 23.220695  -0.084608 -0.996414 0.000000  0.741720 0.999398 0
0  -52.823311 6.310216 23.220695  -0.084608 -0.996414 0.000000  0.741720 0.982977 0
0  -52.823311 6.310216 16.500000  -0.084608 -0.996414 0.000000  0.769497 0.982977 0
tire_wall_straight
0  -52.823311 6.310216 23.220695  0.517228 -0.855848 0.000000  0.741720 0.982977 0
0  -56.452343 4.117024 23.220695  0.517228 -0.855848 0.000000  0.741720 0.967164 0
0  -56.452343 4.117024 16.500000  0.517228 -0.855847 0.000000  0.769497 0.967164 0
tire_wall_straight
0  -56.452343 4.117024 23.220695  0.921501 -0.388375 0.000000  0.882981 0.696710 0
0  -58.099167 0.209604 23.220695  0.921502 -0.388375 0.000000  0.882981 0.682376 0
0  -58.099167 0.209604 16.500000  0.921501 -0.388376 0.000000  0.910758 0.682376 0
tire_wall_straight
0  -58.099167 0.209604 23.220695  0.973791 0.227443 0.000000  0.882981 0.682376 0
0  -57.134747 -3.919544 23.220695  0.973791 0.227445 0.000000  0.882981 0.665435 0
0  -57.134747 -3.919544 16.500000  0.973792 0.227442 0.000000  0.910758 0.665435 0
tire_wall_straight
0  -57.134747 -3.919544 23.220695  0.654127 0.756384 0.000000  0.882981 0.665435 0
0  -53.927467 -6.693224 23.220695  0.654128 0.756384 0.000000  0.882981 0.652357 0
0  -53.927467 -6.693224 16.500000  0.654127 0.756385 0.000000  0.910758 0.652357 0
tire_wall_straight
0  -53.927467 -6.693224 23.220695  0.084608 0.996414 0.000000  0.784921 0.999398 0
0  -49.702393 -7.051986 23.220695  0.084608 0.996414 0.000000  0.784921 0.982977 0
0  -49.702393 -7.051986 16.500000  0.084608 0.996414 0.000000  0.812698 0.982977 0
tire_wall_straight
0  -49.702393 -7.051986 23.220695  -0.517228 0.855848 0.000000  0.784921 0.982977 0
0  -46.073360 -4.858794 23.220695  -0.517228 0.855848 0.000000  0.784921 0.967164 0
0  -46.073360 -4.858794 16.500000  -0.517228 0.855847 0.000000  0.812698 0.967164 0
tire_wall_straight
0  -46.073360 -4.858794 23.220695  -0.921501 0.388377 0.000000  0.882981 0.756004 0
0  -44.426537 -0.951374 23.220695  -0.921501 0.388377 0.000000  0.882981 0.741669 0
0  -44.426537 -0.951374 16.500000  -0.921501 0.388377 0.000000  0.910758 0.741669 0
tire_wall_straight
0  -44.426537 -0.951374 23.220695  -0.973791 -0.227444 0.000000  0.882981 0.741669 0
0  -45.390957 3.177774 23.220695  -0.973791 -0.227445 0.000000  0.882981 0.724728 0
0  -45.390957 3.177774 16.500000  -0.973791 -0.227443 0.000000  0.910758 0.724728 0
tire_wall_straight
0  -45.390957 3.177774 23.220695  -0.654128 -0.756384 0.000000  0.882981 0.724728 0
0  -48.598236 5.951454 23.220695  -0.654128 -0.756384 0.000000  0.882981 0.711650 0
0  -48.598236 5.951454 16.500000  -0.654127 -0.756385 0.000000  0.910758 0.711650 0
tire_wall_straight
0  -19.787415 3.161965 0.500000  -0.128477 -0.068114 -0.989371  0.279118 0.429782 0
0  -22.864643 6.140736 0.500000  -0.063903 -0.130622 -0.989371  0.295953 0.424484 0
0  -21.369707 9.196524 0.000000  -0.063904 -0.130622 -0.989371  0.304217 0.435502 0
tire_wall_straight
0  -22.864643 6.140736 0.500000  -0.063903 -0.130622 -0.989371  0.295953 0.424484 0
0  -27.105051 6.741862 0.500000  0.025079 -0.143237 -0.989371  0.306357 0.410613 0
0  -27.691769 10.092748 0.000000  0.025078 -0.143237 -0.989371  0.319729 0.414821 0
tire_wall_straight
0  -27.105051 6.741862 0.500000  0.025079 -0.143237 -0.989371  0.306357 0.410613 0
0  -30.888947 4.735734 0.500000  0.104482 -0.101140 -0.989371  0.306357 0.393467 0
0  -33.333210 7.101794 0.000000  0.104481 -0.101141 -0.989371  0.319729 0.389259 0
tire_wall_straight
0  -30.888947 4.735734 0.500000  0.104482 -0.101140 -0.989371  0.306357 0.393467 0
0  -32.771008 0.888626 0.500000  0.143976 -0.020411 -0.989371  0.295953 0.379596 0
0  -36.139198 1.366105 0.000000  0.143976 -0.020412 -0.989371  0.304217 0.368578 0
tire_wall_straight
0  -32.771008 0.888626 0.500000  0.143976 -0.020411 -0.989371  0.295953 0.379596 0
0  -32.032356 -3.329999 0.500000  0.128477 0.068115 -0.989371  0.279118 0.374298 0
0  -35.037933 -4.923481 0.000000  0.128477 0.068113 -0.989371  0.279118 0.360679 0
tire_wall_straight
0  -32.032356 -3.329999 0.500000  0.128477 0.068115 -0.989371  0.279118 0.374298 0
0  -28.955128 -6.308769 0.500000  0.063903 0.130622 -0.989371  0.262283 0.379596 0
0  -30.450064 -9.364557 0.000000  0.063904 0.130622 -0.989371  0.254019 0.368578 0
tire_wall_straight
0  -28.955128 -6.308769 0.500000  0.063903 0.130622 -0.989371  0.262283 0.379596 0
0  -24.714720 -6.909895 0.500000  -0.025079 0.143237 -0.989371  0.251879 0.393467 0
0  -24.128002 -10.260781 0.000000  -0.025078 0.143237 -0.989371  0.238507 0.389259 0
tire_wall_straight
0  -24.714720 -6.909895 0.500000  -0.025079 0.143237 -0.989371  0.251879 0.393467 0
0  -20.930824 -4.903768 0.500000  -0.104482 0.101140 -0.989371  0.251879 0.410613 0
0  -18.486561 -7.269828 0.000000  -0.104481 0.101141 -0.989371  0.238507 0.414821 0
tire_wall_straight
0  -20.930824 -4.903768 0.500000  -0.104482 0.101140 -0.989371  0.251879 0.410613 0
0  -19.048763 -1.056660 0.500000  -0.143976 0.020411 -0.989371  0.262283 0.424484 0
0  -15.680574 -1.534139 0.000000  -0.143976 0.020412 -0.989371  0.254019 0.435502 0
tire_wall_straight
0  -19.048763 -1.056660 0.500000  -0.143976 0.020411 -0.989371  0.262283 0.424484 0
0  -19.787415 3.161965 0.500000  -0.128477 -0.068114 -0.989371  0.279118 0.429782 0
0  -16.781839 4.755448 0.000000  -0.128477 -0.068113 -0.989371  0.279118 0.443401 0
tire_wall_straight
0  -16.781839 4.755448 0.000000  0.536048 0.284198 -0.794912  0.279118 0.443401 0
0  -21.369707 9.196524 0.000000  0.266624 0.545002 -0.794912  0.304217 0.435502 0
0  -20.373081 11.233715 1.731008  0.266623 0.545003 -0.794912  0.309726 0.442847 0
tire_wall_straight
0  -21.369707 9.196524 0.000000  0.266624 0.545002 -0.794912  0.304217 0.435502 0
0  -27.691769 10.092748 0.000000  -0.104641 0.597634 -0.794912  0.319729 0.414821 0
0  -28.082912 12.326673 1.731008  -0.104642 0.597633 -0.794912  0.328644 0.417627 0
tire_wall_straight
0  -27.691769 10.092748 0.000000  -0.104641 0.597634 -0.794912  0.319729 0.414821 0
0  -33.333210 7.101794 0.000000  -0.435936 0.421989 -0.794912  0.319729 0.389259 0
0  -34.962723 8.679168 1.731008  -0.435937 0.421988 -0.794912  0.328644 0.386453 0
tire_wall_straight
0  -33.333210 7.101794 0.000000  -0.435936 0.421989 -0.794912  0.319729 0.389259 0
0  -36.139198 1.366105 0.000000  -0.600719 0.085160 -0.794911  0.304217 0.368578 0
0  -38.384655 1.684424 1.731008  -0.600719 0.085159 -0.794911  0.309726 0.361233 0
tire_wall_straight
0  -36.139198 1.366105 0.000000  -0.600719 0.085160 -0.794911  0.304217 0.368578 0
0  -35.037933 -4.923481 0.000000  -0.536048 -0.284198 -0.794911  0.279118 0.360679 0
0  -37.041649 -5.985803 1.731008  -0.536047 -0.284199 -0.794911  0.279118 0.351600 0
tire_wall_straight
0  -35.037933 -4.923481 0.000000  -0.536048 -0.284198 -0.794911  0.279118 0.360679 0
0  -30.450064 -9.364557 0.000000  -0.266624 -0.545002 -0.794911  0.254019 0.368578 0
0  -31.446690 -11.401749 1.731008  -0.266623 -0.545003 -0.794911  0.248509 0.361233 0
tire_wall_straight
0  -30.450064 -9.364557 0.000000  -0.266624 -0.545002 -0.794911  0.254019 0.368578 0
0  -24.128002 -10.260781 0.000000  0.104641 -0.597633 -0.794912  0.238507 0.389259 0
0  -23.736858 -12.494706 1.731008  0.104642 -0.597633 -0.794912  0.229592 0.386453 0
tire_wall_straight
0  -24.128002 -10.260781 0.000000  0.104641 -0.597633 -0.794912  0.238507 0.389259 0
0  -18.486561 -7.269828 0.000000  0.435936 -0.421990 -0.794912  0.238507 0.414821 0
0  -16.857048 -8.847201 1.731008  0.435937 -0.421988 -0.794912  0.229592 0.417627 0
tire_wall_straight
0  -18.486561 -7.269828 0.000000  0.435936 -0.421990 -0.794912  0.238507 0.414821 0
0  -15.680574 -1.534139 0.000000  0.600719 -0.085160 -0.794911  0.254019 0.435502 0
0  -13.435117 -1.852458 1.731008  0.600719 -0.085159 -0.794912  0.248509 0.442847 0
tire_wall_straight
0  -15.680574 -1.534139 0.000000  0.600719 -0.085160 -0.794911  0.254019 0.435502 0
0  -16.781839 4.755448 0.000000  0.536048 0.284198 -0.794912  0.279118 0.443401 0
0  -14.778122 5.817770 1.731008  0.536047 0.284199 -0.794912  0.279118 0.452480 0
tire_wall_straight
0  -14.778122 5.817770 1.731008  0.695519 0.718508 0.000000  0.422723 0.754828 0
0  -20.373081 11.233715 1.731008  0.695519 0.718508 0.000000  0.422723 0.779921 0
0  -20.373081 11.233715 6.137208  0.695519 0.718508 0.000000  0.404512 0.779921 0
tire_wall_straight
0  -20.373081 11.233715 1.731008  0.140358 0.990101 0.000000  0.422909 0.891999 0
0  -28.082912 12.326673 1.731008  0.140358 0.990101 0.000000  0.422909 0.921665 0
0  -28.082912 12.326673 6.137208  0.140358 0.990101 0.000000  0.404698 0.921665 0
tire_wall_straight
0  -28.082912 12.326673 1.731008  -0.468414 0.883509 0.000000  0.422909 0.921665 0
0  -34.962723 8.679168 1.731008  -0.468415 0.883509 0.000000  0.422909 0.951295 0
0  -34.962723 8.679168 6.137208  -0.468415 0.883509 0.000000  0.404698 0.951295 0
tire_wall_straight
0  -34.962723 8.679168 1.731008  -0.898269 0.439447 0.000000  0.456358 0.698309 0
0  -38.384655 1.684424 1.731008  -0.898269 0.439447 0.000000  0.456358 0.723655 0
0  -38.384655 1.684424 6.137208  -0.898269 0.439447 0.000000  0.438147 0.723655 0
tire_wall_straight
0  -38.384655 1.684424 1.731008  -0.985015 -0.172470 0.000000  0.456358 0.723655 0
0  -37.041649 -5.985803 1.731008  -0.985015 -0.172469 0.000000  0.456358 0.754828 0
0  -37.041649 -5.985803 6.137208  -0.985015 -0.172469 0.000000  0.438147 0.754828 0
tire_wall_straight
0  -37.041649 -5.985803 1.731008  -0.695519 -0.718508 0.000000  0.456358 0.754828 0
0  -31.446690 -11.401749 1.731008  -0.695518 -0.718508 0.000000  0.456358 0.779921 0
0  -31.446690 -11.401749 6.137208  -0.695518 -0.718508 0.000000  0.438147 0.779921 0
tire_wall_straight
0  -31.446690 -11.401749 1.731008  -0.140358 -0.990101 0.000000  0.389275 0.891999 0
0  -23.736858 -12.494706 1.731008  -0.140358 -0.990101 0.000000  0.389275 0.921665 0
0  -23.736858 -12.494706 6.137208  -0.140358 -0.990101 0.000000  0.371064 0.921665 0
tire_wall_straight
0  -23.736858 -12.494706 1.731008  0.468415 -0.883509 0.000000  0.389275 0.921665 0
0  -16.857048 -8.847201 1.731008  0.468414 -0.883509 0.000000  0.389275 0.951295 0
0  -16.857048 -8.847201 6.137208  0.468415 -0.883509 0.000000  0.371064 0.951295 0
tire_wall_straight
0  -16.857048 -8.847201 1.731008  0.898269 -0.439446 0.000000  0.422723 0.698309 0
0  -13.435117 -1.852458 1.731008  0.898269 -0.439446 0.000000  0.422723 0.723655 0
0  -13.435117 -1.852458 6.137208  0.898269 -0.439446 0.000000  0.404512 0.723655 0
tire_wall_straight
0  -13.435117 -1.852458 1.731008  0.985015 0.172469 0.000000  0.422723 0.723655 0
0  -14.778122 5.817770 1.731008  0.985015 0.172469 0.000000  0.422723 0.754828 0
0  -14.778122 5.817770 6.137208  0.985015 0.172469 0.000000  0.404512 0.754828 0
tire_wall_straight
0  -14.778122 5.817770 6.137208  0.536047 0.284199 0.794912  0.393593 0.452480 0
0  -20.373081 11.233715 6.137208  0.266623 0.545003 0.794911  0.362984 0.442847 0
0  -21.369707 9.196524 7.868216  0.266622 0.545003 0.794911  0.368494 0.435502 0
tire_wall_straight
0  -20.373081 11.233715 6.137208  0.266623 0.545003 0.794911  0.362984 0.442847 0
0  -28.082912 12.326673 6.137208  -0.104641 0.597633 0.794912  0.344067 0.417627 0
0  -27.691769 10.092748 7.868216  -0.104643 0.597633 0.794912  0.352982 0.414821 0
tire_wall_straight
0  -28.082912 12.326673 6.137208  -0.104641 0.597633 0.794912  0.344067 0.417627 0
0  -34.962723 8.679168 6.137208  -0.435937 0.421989 0.794912  0.344067 0.386453 0
0  -33.333210 7.101794 7.868216  -0.435937 0.421988 0.794912  0.352982 0.389259 0
tire_wall_straight
0  -34.962723 8.679168 6.137208  -0.435937 0.421989 0.794912  0.344067 0.386453 0
0  -38.384655 1.684424 6.137208  -0.600720 0.085159 0.794911  0.362984 0.361233 0
0  -36.139198 1.366105 7.868216  -0.600720 0.085158 0.794911  0.368494 0.368578 0
tire_wall_straight
0  -38.384655 1.684424 6.137208  -0.600720 0.085159 0.794911  0.362984 0.361233 0
0  -37.041649 -5.985803 6.137208  -0.536047 -0.284199 0.794911  0.393593 0.351600 0
0  -35.037933 -4.923481 7.868216  -0.536047 -0.284200 0.794911  0.393593 0.360679 0
tire_wall_straight
0  -37.041649 -5.985803 6.137208  -0.536047 -0.284199 0.794911  0.393593 0.351600 0
0  -31.446690 -11.401749 6.137208  -0.266624 -0.545002 0.794911  0.424201 0.361233 0
0  -30.450064 -9.364557 7.868216  -0.266622 -0.545003 0.794911  0.418692 0.368578 0
tire_wall_straight
0  -31.446690 -11.401749 6.137208  -0.266624 -0.545002 0.794911  0.424201 0.361233 0
0  -23.736858 -12.494706 6.137208  0.104641 -0.597633 0.794912  0.443119 0.386453 0
0  -24.128002 -10.260781 7.868216  0.104643 -0.597633 0.794911  0.434204 0.389259 0
tire_wall_straight
0  -23.736858 -12.494706 6.137208  0.104641 -0.597633 0.794912  0.443119 0.386453 0
0  -16.857048 -8.847201 6.137208  0.435936 -0.421989 0.794912  0.443119 0.417627 0
0  -18.486561 -7.269828 7.868216  0.435937 -0.421988 0.794912  0.434204 0.414821 0
tire_wall_straight
0  -16.857048 -8.847201 6.137208  0.435936 -0.421989 0.794912  0.443119 0.417627 0
0  -13.435117 -1.852458 6.137208  0.600719 -0.085159 0.794911  0.424201 0.442847 0
0  -15.680574 -1.534139 7.868216  0.600720 -0.085158 0.794911  0.418692 0.435502 0
tire_wall_straight
0  -13.435117 -1.852458 6.137208  0.600719 -0.085159 0.794911  0.424201 0.442847 0
0  -14.778122 5.817770 6.137208  0.536047 0.284199 0.794912  0.393593 0.452480 0
0  -16.781839 4.755448 7.868216  0.536047 0.284200 0.794912  0.393593 0.443401 0
tire_wall_straight
0  -16.781839 4.755448 7.868216  -0.128476 -0.068116 0.989371  0.393593 0.443401 0
0  -21.369707 9.196524 7.868216  -0.063901 -0.130623 0.989371  0.368494 0.435502 0
0  -22.864643 6.140736 7.368216  -0.063902 -0.130623 0.989371  0.376758 0.424484 0
tire_wall_straight
0  -21.369707 9.196524 7.868216  -0.063901 -0.130623 0.989371  0.368494 0.435502 0
0  -27.691769 10.092748 7.868216  0.025081 -0.143237 0.989371  0.352982 0.414821 0
0  -27.105051 6.741862 7.368216  0.025080 -0.143237 0.989371  0.366354 0.410613 0
tire_wall_straight
0  -27.691769 10.092748 7.868216  0.025081 -0.143237 0.989371  0.352982 0.414821 0
0  -33.333210 7.101794 7.868216  0.104484 -0.101138 0.989371  0.352982 0.389259 0
0  -30.888947 4.735734 7.368216  0.104483 -0.101139 0.989371  0.366354 0.393467 0
tire_wall_straight
0  -33.333210 7.101794 7.868216  0.104484 -0.101138 0.989371  0.352982 0.389259 0
0  -36.139198 1.366105 7.868216  0.143977 -0.020409 0.989371  0.368494 0.368578 0
0  -32.771008 0.888626 7.368216  0.143977 -0.020410 0.989371  0.376758 0.379596 0
tire_wall_straight
0  -36.139198 1.366105 7.868216  0.143977 -0.020409 0.989371  0.368494 0.368578 0
0  -35.037933 -4.923481 7.868216  0.128475 0.068116 0.989371  0.393593 0.360679 0
0  -32.032356 -3.329999 7.368216  0.128476 0.068115 0.989371  0.393593 0.374298 0
tire_wall_straight
0  -35.037933 -4.923481 7.868216  0.128475 0.068116 0.989371  0.393593 0.360679 0
0  -30.450064 -9.364557 7.868216  0.063901 0.130623 0.989371  0.418692 0.368578 0
0  -28.955128 -6.308769 7.368216  0.063902 0.130623 0.989371  0.410428 0.379596 0
tire_wall_straight
0  -30.450064 -9.364557 7.868216  0.063901 0.130623 0.989371  0.418692 0.368578 0
0  -24.128002 -10.260781 7.868216  -0.025081 0.143237 0.989371  0.434204 0.389259 0
0  -24.714720 -6.909895 7.368216  -0.025080 0.143237 0.989371  0.420832 0.393467 0
tire_wall_straight
0  -24.128002 -10.260781 7.868216  -0.025081 0.143237 0.989371  0.434204 0.389259 0
0  -18.486561 -7.269828 7.868216  -0.104484 0.101138 0.989371  0.434204 0.414821 0
0  -20.930824 -4.903768 7.368216  -0.104483 0.101139 0.989371  0.420832 0.410613 0
tire_wall_straight
0  -18.486561 -7.269828 7.868216  -0.104484 0.101138 0.989371  0.434204 0.414821 0
0  -15.680574 -1.534139 7.868216  -0.143977 0.020409 0.989371  0.418692 0.435502 0
0  -19.048763 -1.056660 7.368216  -0.143977 0.020410 0.989371  0.410428 0.424484 0
tire_wall_straight
0  -15.680574 -1.534139 7.868216  -0.143977 0.020409 0.989371  0.418692 0.435502 0
0  -16.781839 4.755448 7.868216  -0.128476 -0.068116 0.989371  0.393593 0.443401 0
0  -19.787415 3.161965 7.368216  -0.128476 -0.068116 0.989371  0.393593 0.429782 0
tire_wall_straight
0  -19.787415 3.161965 7.368216  -0.695519 -0.718508 0.000000  0.838686 0.192315 0
0  -22.864643 6.140736 7.368216  -0.695519 -0.718508 0.000000  0.838686 0.178514 0
0  -22.864643 6.140736 0.500000  -0.695519 -0.718508 0.000000  0.867072 0.178514 0
tire_wall_straight
0  -22.864643 6.140736 7.368216  -0.140358 -0.990101 0.000000  0.971106 0.841382 0
0  -27.105051 6.741862 7.368216  -0.140358 -0.990101 0.000000  0.971106 0.825066 0
0  -27.105051 6.741862 0.500000  -0.140358 -0.990101 0.000000  0.999493 0.825066 0
tire_wall_straight
0  -27.105051 6.741862 7.368216  0.468414 -0.883509 0.000000  0.971106 0.825066 0
0  -30.888947 4.735734 7.368216  0.468414 -0.883509 0.000000  0.971106 0.808770 0
0  -30.888947 4.735734 0.500000  0.468415 -0.883509 0.000000  0.999493 0.808770 0
tire_wall_straight
0  -30.888947 4.735734 7.368216  0.898269 -0.439446 0.000000  0.838686 0.283227 0
0  -32.771008 0.888626 7.368216  0.898269 -0.439446 0.000000  0.838686 0.269286 0
0  -32.771008 0.888626 0.500000  0.898269 -0.439446 0.000000  0.867072 0.269286 0
tire_wall_straight
0  -32.771008 0.888626 7.368216  0.985015 0.172469 0.000000  0.838686 0.269286 0
0  -32.032356 -3.329999 7.368216  0.985015 0.172468 0.000000  0.838686 0.252141 0
0  -32.032356 -3.329999 0.500000  0.985015 0.172469 0.000000  0.867072 0.252141 0
tire_wall_straight
0  -32.032356 -3.329999 7.368216  0.695519 0.718508 0.000000  0.838686 0.252141 0
0  -28.955128 -6.308769 7.368216  0.695519 0.718508 0.000000  0.838686 0.238340 0
0  -28.955128 -6.308769 0.500000  0.695519 0.718508 0.000000  0.867072 0.238340 0
tire_wall_straight
0  -28.955128 -6.308769 7.368216  0.140358 0.990101 0.000000  0.971106 0.888935 0
0  -24.714720 -6.909895 7.368216  0.140358 0.990101 0.000000  0.971106 0.872619 0
0  -24.714720 -6.909895 0.500000  0.140358 0.990101 0.000000  0.999492 0.872619 0
tire_wall_straight
0  -24.714720 -6.909895 7.368216  -0.468414 0.883509 0.000000  0.971106 0.872619 0
0  -20.930824 -4.903768 7.368216  -0.468414 0.883509 0.000000  0.971106 0.856322 0
0  -20.930824 -4.903768 0.500000  -0.468415 0.883509 0.000000  0.999493 0.856322 0
tire_wall_straight
0  -20.930824 -4.903768 7.368216  -0.898269 0.439446 0.000000  0.838686 0.223401 0
0  -19.048763 -1.056660 7.368216  -0.898269 0.439446 0.000000  0.838686 0.209460 0
0  -19.048763 -1.056660 0.500000  -0.898269 0.439446 0.000000  0.867072 0.209460 0
tire_wall_straight
0  -19.048763 -1.056660 7.368216  -0.985015 -0.172469 0.000000  0.838686 0.209460 0
0  -19.787415 3.161965 7.368216  -0.985015 -0.172469 0.000000  0.838686 0.192315 0
0  -19.787415 3.161965 0.500000  -0.985015 -0.172469 0.000000  0.867072 0.192315 0
tire_wall_straight
0  -19.151873 3.566011 8.500000  -0.125469 -0.073680 -0.989358  0.496022 0.259549 0
0  -22.353725 6.406419 8.500000  -0.058199 -0.133358 -0.989358  0.485624 0.273411 0
0  -20.993900 9.522390 8.000000  -0.058200 -0.133357 -0.989358  0.472261 0.269206 0
tire_wall_straight
0  -22.353725 6.406419 8.500000  -0.058199 -0.133358 -0.989358  0.485624 0.273411 0
0  -26.613628 6.822356 8.500000  0.031302 -0.142097 -0.989358  0.485624 0.290546 0
0  -27.345028 10.142514 8.000000  0.031301 -0.142097 -0.989358  0.472261 0.294752 0
tire_wall_straight
0  -26.613628 6.822356 8.500000  0.031302 -0.142097 -0.989358  0.485624 0.290546 0
0  -30.304443 4.654948 8.500000  0.108847 -0.096560 -0.989358  0.496022 0.304409 0
0  -32.847698 6.911106 8.000000  0.108846 -0.096561 -0.989358  0.487763 0.315420 0
tire_wall_straight
0  -30.304443 4.654948 8.500000  0.108847 -0.096560 -0.989358  0.496022 0.304409 0
0  -32.016403 0.732071 8.500000  0.144815 -0.014140 -0.989358  0.512847 0.309704 0
0  -35.400078 1.062453 8.000000  0.144815 -0.014141 -0.989358  0.512847 0.323314 0
tire_wall_straight
0  -32.016403 0.732071 8.500000  0.144815 -0.014140 -0.989358  0.512847 0.309704 0
0  -31.095602 -3.447869 8.500000  0.125469 0.073680 -0.989358  0.529671 0.304409 0
0  -34.027245 -5.169458 8.000000  0.125470 0.073680 -0.989358  0.537930 0.315420 0
tire_wall_straight
0  -31.095602 -3.447869 8.500000  0.125469 0.073680 -0.989358  0.529671 0.304409 0
0  -27.893749 -6.288277 8.500000  0.058199 0.133358 -0.989358  0.540069 0.290546 0
0  -29.253574 -9.404249 8.000000  0.058200 0.133357 -0.989358  0.553433 0.294752 0
tire_wall_straight
0  -27.893749 -6.288277 8.500000  0.058199 0.133358 -0.989358  0.540069 0.290546 0
0  -23.633846 -6.704214 8.500000  -0.031302 0.142097 -0.989358  0.540069 0.273411 0
0  -22.902447 -10.024373 8.000000  -0.031301 0.142097 -0.989358  0.553433 0.269206 0
tire_wall_straight
0  -23.633846 -6.704214 8.500000  -0.031302 0.142097 -0.989358  0.540069 0.273411 0
0  -19.943031 -4.536806 8.500000  -0.108847 0.096560 -0.989358  0.529671 0.259549 0
0  -17.399776 -6.792964 8.000000  -0.108846 0.096561 -0.989358  0.537930 0.248538 0
tire_wall_straight
0  -19.943031 -4.536806 8.500000  -0.108847 0.096560 -0.989358  0.529671 0.259549 0
0  -18.231070 -0.613930 8.500000  -0.144815 0.014140 -0.989358  0.512847 0.254254 0
0  -14.847396 -0.944311 8.000000  -0.144815 0.014141 -0.989358  0.512847 0.240644 0
tire_wall_straight
0  -18.231070 -0.613930 8.500000  -0.144815 0.014140 -0.989358  0.512847 0.254254 0
0  -19.151873 3.566011 8.500000  -0.125469 -0.073680 -0.989358  0.496022 0.259549 0
0  -16.220230 5.287600 8.000000  -0.125470 -0.073680 -0.989358  0.487763 0.248538 0
tire_wall_straight
0  -16.220230 5.287600 8.000000  0.527195 0.309591 -0.791340  0.487763 0.248538 0
0  -20.993900 9.522390 8.000000  0.244537 0.560342 -0.791340  0.472261 0.269206 0
0  -20.087351 11.599704 9.751070  0.244536 0.560343 -0.791340  0.463352 0.266402 0
tire_wall_straight
0  -20.993900 9.522390 8.000000  0.244537 0.560342 -0.791340  0.472261 0.269206 0
0  -27.345028 10.142514 8.000000  -0.131526 0.597061 -0.791340  0.472261 0.294752 0
0  -27.832628 12.355953 9.751070  -0.131528 0.597061 -0.791340  0.463352 0.297556 0
tire_wall_straight
0  -27.345028 10.142514 8.000000  -0.131526 0.597061 -0.791340  0.472261 0.294752 0
0  -32.847698 6.911106 8.000000  -0.457351 0.405724 -0.791339  0.487763 0.315420 0
0  -34.543201 8.415211 9.751070  -0.457352 0.405723 -0.791340  0.482257 0.322760 0
tire_wall_straight
0  -32.847698 6.911106 8.000000  -0.457351 0.405724 -0.791339  0.487763 0.315420 0
0  -35.400078 1.062453 8.000000  -0.608483 0.059413 -0.791340  0.512847 0.323314 0
0  -37.655861 1.282707 9.751070  -0.608483 0.059412 -0.791340  0.512847 0.332388 0
tire_wall_straight
0  -35.400078 1.062453 8.000000  -0.608483 0.059413 -0.791340  0.512847 0.323314 0
0  -34.027245 -5.169458 8.000000  -0.527195 -0.309591 -0.791340  0.537930 0.315420 0
0  -35.981674 -6.317183 9.751070  -0.527195 -0.309592 -0.791340  0.543436 0.322760 0
tire_wall_straight
0  -34.027245 -5.169458 8.000000  -0.527195 -0.309591 -0.791340  0.537930 0.315420 0
0  -29.253574 -9.404249 8.000000  -0.244537 -0.560342 -0.791339  0.553433 0.294752 0
0  -30.160124 -11.481563 9.751070  -0.244536 -0.560342 -0.791340  0.562342 0.297556 0
tire_wall_straight
0  -29.253574 -9.404249 8.000000  -0.244537 -0.560342 -0.791339  0.553433 0.294752 0
0  -22.902447 -10.024373 8.000000  0.131526 -0.597062 -0.791340  0.553433 0.269206 0
0  -22.414846 -12.237812 9.751070  0.131528 -0.597061 -0.791340  0.562342 0.266402 0
tire_wall_straight
0  -22.902447 -10.024373 8.000000  0.131526 -0.597062 -0.791340  0.553433 0.269206 0
0  -17.399776 -6.792964 8.000000  0.457351 -0.405724 -0.791340  0.537930 0.248538 0
0  -15.704272 -8.297070 9.751070  0.457351 -0.405723 -0.791340  0.543436 0.241197 0
tire_wall_straight
0  -17.399776 -6.792964 8.000000  0.457351 -0.405724 -0.791340  0.537930 0.248538 0
0  -14.847396 -0.944311 8.000000  0.608484 -0.059413 -0.791339  0.512847 0.240644 0
0  -12.591614 -1.164566 9.751070  0.608484 -0.059412 -0.791339  0.512847 0.231570 0
tire_wall_straight
0  -14.847396 -0.944311 8.000000  0.608484 -0.059413 -0.791339  0.512847 0.240644 0
0  -16.220230 5.287600 8.000000  0.527195 0.309591 -0.791340  0.487763 0.248538 0
0  -14.265800 6.435326 9.751070  0.527195 0.309592 -0.791340  0.482257 0.241197 0
tire_wall_straight
0  -14.265800 6.435326 9.751070  0.663622 0.748068 0.000000  0.254150 0.755519 0
0  -20.087351 11.599704 9.751070  0.663622 0.748068 0.000000  0.254150 0.779769 0
0  -20.087351 11.599704 14.208338  0.663622 0.748068 0.000000  0.235728 0.779769 0
tire_wall_straight
0  -20.087351 11.599704 9.751070  0.097178 0.995267 0.000000  0.288069 0.891999 0
0  -27.832628 12.355953 9.751070  0.097178 0.995267 0.000000  0.288069 0.922035 0
0  -27.832628 12.355953 14.208338  0.097178 0.995267 0.000000  0.269647 0.922035 0
tire_wall_straight
0  -27.832628 12.355953 9.751070  -0.506385 0.862308 0.000000  0.288069 0.922035 0
0  -34.543201 8.415211 9.751070  -0.506385 0.862307 0.000000  0.288069 0.951197 0
0  -34.543201 8.415211 14.208338  -0.506385 0.862307 0.000000  0.269647 0.951197 0
tire_wall_straight
0  -34.543201 8.415211 9.751070  -0.916525 0.399977 0.000000  0.220304 0.698309 0
0  -37.655861 1.282707 9.751070  -0.916526 0.399976 0.000000  0.220304 0.724404 0
0  -37.655861 1.282707 14.208338  -0.916526 0.399976 0.000000  0.201882 0.724404 0
tire_wall_straight
0  -37.655861 1.282707 9.751070  -0.976585 -0.215133 0.000000  0.220304 0.724404 0
0  -35.981674 -6.317183 9.751070  -0.976585 -0.215132 0.000000  0.220304 0.755519 0
0  -35.981674 -6.317183 14.208338  -0.976585 -0.215133 0.000000  0.201882 0.755519 0
tire_wall_straight
0  -35.981674 -6.317183 9.751070  -0.663622 -0.748068 0.000000  0.220304 0.755519 0
0  -30.160124 -11.481563 9.751070  -0.663622 -0.748068 0.000000  0.220304 0.779769 0
0  -30.160124 -11.481563 14.208338  -0.663622 -0.748068 0.000000  0.201882 0.779769 0
tire_wall_straight
0  -30.160124 -11.481563 9.751070  -0.097178 -0.995267 0.000000  0.254224 0.891999 0
0  -22.414846 -12.237812 9.751070  -0.097178 -0.995267 0.000000  0.254224 0.922035 0
0  -22.414846 -12.237812 14.208338  -0.097178 -0.995267 0.000000  0.235801 0.922035 0
tire_wall_straight
0  -22.414846 -12.237812 9.751070  0.506385 -0.862308 0.000000  0.254224 0.922035 0
0  -15.704272 -8.297070 9.751070  0.506385 -0.862308 0.000000  0.254224 0.951197 0
0  -15.704272 -8.297070 14.208338  0.506385 -0.862308 0.000000  0.235801 0.951197 0
tire_wall_straight
0  -15.704272 -8.297070 9.751070  0.916526 -0.399976 0.000000  0.254150 0.698309 0
0  -12.591614 -1.164566 9.751070  0.916526 -0.399976 0.000000  0.254150 0.724404 0
0  -12.591614 -1.164566 14.208338  0.916526 -0.399976 0.000000  0.235728 0.724404 0
tire_wall_straight
0  -12.591614 -1.164566 9.751070  0.976585 0.215133 0.000000  0.254150 0.724404 0
0  -14.265800 6.435326 9.751070  0.976585 0.215133 0.000000  0.254150 0.755519 0
0  -14.265800 6.435326 14.208338  0.976585 0.215133 0.000000  0.235728 0.755519 0
tire_wall_straight
0  -14.265800 6.435326 14.208338  0.527194 0.309591 0.791340  0.543436 0.356955 0
0  -20.087351 11.599704 14.208338  0.244536 0.560342 0.791340  0.562342 0.382159 0
0  -20.993900 9.522390 15.959407  0.244535 0.560343 0.791340  0.553433 0.384963 0
tire_wall_straight
0  -20.087351 11.599704 14.208338  0.244536 0.560342 0.791340  0.562342 0.382159 0
0  -27.832628 12.355953 14.208338  -0.131527 0.597061 0.791340  0.562342 0.413313 0
0  -27.345028 10.142514 15.959407  -0.131528 0.597061 0.791340  0.553433 0.410510 0
tire_wall_straight
0  -27.832628 12.355953 14.208338  -0.131527 0.597061 0.791340  0.562342 0.413313 0
0  -34.543201 8.415211 14.208338  -0.457351 0.405723 0.791340  0.543436 0.438518 0
0  -32.847698 6.911106 15.959407  -0.457353 0.405722 0.791340  0.537930 0.431177 0
tire_wall_straight
0  -34.543201 8.415211 14.208338  -0.457351 0.405723 0.791340  0.543436 0.438518 0
0  -37.655861 1.282707 14.208338  -0.608482 0.059413 0.791340  0.512847 0.448145 0
0  -35.400078 1.062453 15.959407  -0.608482 0.059411 0.791340  0.512847 0.439071 0
tire_wall_straight
0  -37.655861 1.282707 14.208338  -0.608482 0.059413 0.791340  0.512847 0.448145 0
0  -35.981674 -6.317183 14.208338  -0.527195 -0.309591 0.791340  0.482257 0.438518 0
0  -34.027245 -5.169458 15.959407  -0.527194 -0.309593 0.791340  0.487763 0.431177 0
tire_wall_straight
0  -35.981674 -6.317183 14.208338  -0.527195 -0.309591 0.791340  0.482257 0.438518 0
0  -30.160124 -11.481563 14.208338  -0.244536 -0.560342 0.791340  0.463352 0.413313 0
0  -29.253574 -9.404249 15.959407  -0.244535 -0.560343 0.791340  0.472261 0.410510 0
tire_wall_straight
0  -30.160124 -11.481563 14.208338  -0.244536 -0.560342 0.791340  0.463352 0.413313 0
0  -22.414846 -12.237812 14.208338  0.131527 -0.597061 0.791340  0.463352 0.382159 0
0  -22.902447 -10.024373 15.959407  0.131528 -0.597061 0.791340  0.472261 0.384963 0
tire_wall_straight
0  -22.414846 -12.237812 14.208338  0.131527 -0.597061 0.791340  0.463352 0.382159 0
0  -15.704272 -8.297070 14.208338  0.457351 -0.405723 0.791340  0.482257 0.356955 0
0  -17.399776 -6.792964 15.959407  0.457352 -0.405722 0.791340  0.487763 0.364295 0
tire_wall_straight
0  -15.704272 -8.297070 14.208338  0.457351 -0.405723 0.791340  0.482257 0.356955 0
0  -12.591614 -1.164566 14.208338  0.608483 -0.059413 0.791340  0.512847 0.347327 0
0  -14.847396 -0.944311 15.959407  0.608483 -0.059411 0.791340  0.512847 0.356401 0
tire_wall_straight
0  -12.591614 -1.164566 14.208338  0.608483 -0.059413 0.791340  0.512847 0.347327 0
0  -14.265800 6.435326 14.208338  0.527194 0.309591 0.791340  0.543436 0.356955 0
0  -16.220230 5.287600 15.959407  0.527194 0.309592 0.791340  0.537930 0.364295 0
tire_wall_straight
0  -16.220230 5.287600 15.959407  -0.125468 -0.073682 0.989358  0.537930 0.364295 0
0  -20.993900 9.522390 15.959407  -0.058196 -0.133359 0.989358  0.553433 0.384963 0
0  -22.353725 6.406419 15.459407  -0.058197 -0.133358 0.989358  0.540069 0.389169 0
tire_wall_straight
0  -20.993900 9.522390 15.959407  -0.058196 -0.133359 0.989358  0.553433 0.384963 0
0  -27.345028 10.142514 15.959407  0.031304 -0.142096 0.989358  0.553433 0.410510 0
0  -26.613628 6.822356 15.459407  0.031303 -0.142097 0.989358  0.540069 0.406304 0
tire_wall_straight
0  -27.345028 10.142514 15.959407  0.031304 -0.142096 0.989358  0.553433 0.410510 0
0  -32.847698 6.911106 15.959407  0.108848 -0.096558 0.989358  0.537930 0.431177 0
0  -30.304443 4.654948 15.459407  0.108847 -0.096559 0.989358  0.529671 0.420166 0
tire_wall_straight
0  -32.847698 6.911106 15.959407  0.108848 -0.096558 0.989358  0.537930 0.431177 0
0  -35.400078 1.062453 15.959407  0.144816 -0.014138 0.989358  0.512847 0.439071 0
0  -32.016403 0.732071 15.459407  0.144816 -0.014139 0.989358  0.512847 0.425461 0
tire_wall_straight
0  -35.400078 1.062453 15.959407  0.144816 -0.014138 0.989358  0.512847 0.439071 0
0  -34.027245 -5.169458 15.959407  0.125468 0.073682 0.989358  0.487763 0.431177 0
0  -31.095602 -3.447869 15.459407  0.125469 0.073681 0.989358  0.496022 0.420166 0
tire_wall_straight
0  -34.027245 -5.169458 15.959407  0.125468 0.073682 0.989358  0.487763 0.431177 0
0  -29.253574 -9.404249 15.959407  0.058196 0.133359 0.989358  0.472261 0.410510 0
0  -27.893749 -6.288277 15.459407  0.058197 0.133358 0.989358  0.485624 0.406304 0
tire_wall_straight
0  -29.253574 -9.404249 15.959407  0.058196 0.133359 0.989358  0.472261 0.410510 0
0  -22.902447 -10.024373 15.959407  -0.031304 0.142096 0.989358  0.472261 0.384963 0
0  -23.633846 -6.704214 15.459407  -0.031303 0.142097 0.989358  0.485624 0.389169 0
tire_wall_straight
0  -22.902447 -10.024373 15.959407  -0.031304 0.142096 0.989358  0.472261 0.384963 0
0  -17.399776 -6.792964 15.959407  -0.108848 0.096558 0.989358  0.487763 0.364295 0
0  -19.943031 -4.536806 15.459407  -0.108848 0.096559 0.989358  0.496022 0.375306 0
tire_wall_straight
0  -17.399776 -6.792964 15.959407  -0.108848 0.096558 0.989358  0.487763 0.364295 0
0  -14.847396 -0.944311 15.959407  -0.144815 0.014138 0.989358  0.512847 0.356401 0
0  -18.231070 -0.613930 15.459407  -0.144816 0.014139 0.989358  0.512847 0.370011 0
tire_wall_straight
0  -14.847396 -0.944311 15.959407  -0.144815 0.014138 0.989358  0.512847 0.356401 0
0  -16.220230 5.287600 15.959407  -0.125468 -0.073682 0.989358  0.537930 0.364295 0
0  -19.151873 3.566011 15.459407  -0.125469 -0.073681 0.989358  0.529671 0.375306 0
tire_wall_straight
0  -19.151873 3.566011 15.459407  -0.663622 -0.748068 0.000000  0.498749 0.809483 0
0  -22.353725 6.406419 15.459407  -0.663622 -0.748068 0.000000  0.498749 0.796145 0
0  -22.353725 6.406419 8.500000  -0.663622 -0.748068 0.000000  0.527512 0.796145 0
tire_wall_straight
0  -22.353725 6.406419 15.459407  -0.097178 -0.995267 0.000000  0.971106 0.271829 0
0  -26.613628 6.822356 15.459407  -0.097178 -0.995267 0.000000  0.971106 0.255309 0
0  -26.613628 6.822356 8.500000  -0.097178 -0.995267 0.000000  0.999869 0.255309 0
tire_wall_straight
0  -26.613628 6.822356 15.459407  0.506385 -0.862308 0.000000  0.971106 0.255309 0
0  -30.304443 4.654948 15.459407  0.506385 -0.862308 0.000000  0.971106 0.239270 0
0  -30.304443 4.654948 8.500000  0.506385 -0.862308 0.000000  0.999869 0.239270 0
tire_wall_straight
0  -30.304443 4.654948 15.459407  0.916526 -0.399975 0.000000  0.542936 0.840948 0
0  -32.016403 0.732071 15.459407  0.916526 -0.399976 0.000000  0.542936 0.826596 0
0  -32.016403 0.732071 8.500000  0.916526 -0.399975 0.000000  0.571700 0.826596 0
tire_wall_straight
0  -32.016403 0.732071 15.459407  0.976585 0.215132 0.000000  0.542936 0.826596 0
0  -31.095602 -3.447869 15.459407  0.976585 0.215133 0.000000  0.542936 0.809483 0
0  -31.095602 -3.447869 8.500000  0.976585 0.215132 0.000000  0.571700 0.809483 0
tire_wall_straight
0  -31.095602 -3.447869 15.459407  0.663622 0.748068 0.000000  0.542936 0.809483 0
0  -27.893749 -6.288277 15.459407  0.663622 0.748068 0.000000  0.542936 0.796145 0
0  -27.893749 -6.288277 8.500000  0.663622 0.748068 0.000000  0.571700 0.796145 0
tire_wall_straight
0  -27.893749 -6.288277 15.459407  0.097178 0.995267 0.000000  0.971106 0.319327 0
0  -23.633846 -6.704214 15.459407  0.097178 0.995267 0.000000  0.971106 0.302808 0
0  -23.633846 -6.704214 8.500000  0.097178 0.995267 0.000000  0.999869 0.302808 0
tire_wall_straight
0  -23.633846 -6.704214 15.459407  -0.506385 0.862308 0.000000  0.971106 0.302808 0
0  -19.943031 -4.536806 15.459407  -0.506385 0.862308 0.000000  0.971106 0.286768 0
0  -19.943031 -4.536806 8.500000  -0.506385 0.862308 0.000000  0.999869 0.286768 0
tire_wall_straight
0  -19.943031 -4.536806 15.459407  -0.916526 0.399976 0.000000  0.498749 0.840948 0
0  -18.231070 -0.613930 15.459407  -0.916526 0.399976 0.000000  0.498749 0.826596 0
0  -18.231070 -0.613930 8.500000  -0.916526 0.399976 0.000000  0.527512 0.826596 0
tire_wall_straight
0  -18.231070 -0.613930 15.459407  -0.976585 -0.215133 0.000000  0.498749 0.826596 0
0  -19.151873 3.566011 15.459407  -0.976585 -0.215133 0.000000  0.498749 0.809483 0
0  -19.151873 3.566011 8.500000  -0.976585 -0.215133 0.000000  0.527512 0.809483 0
tire_wall_straight
0  -19.496302 2.926259 16.500000  -0.130871 -0.063634 -0.989355  0.032667 0.495722 0
0  -22.465466 6.008347 16.500000  -0.068473 -0.128405 -0.989355  0.022270 0.509583 0
0  -20.865953 9.007858 16.000000  -0.068474 -0.128405 -0.989355  0.008908 0.505378 0
tire_wall_straight
0  -22.465466 6.008347 16.500000  -0.068473 -0.128405 -0.989355  0.022270 0.509583 0
0  -26.679174 6.756578 16.500000  0.020078 -0.144130 -0.989355  0.022270 0.526716 0
0  -27.148211 10.123403 16.000000  0.020077 -0.144130 -0.989355  0.008908 0.530921 0
tire_wall_straight
0  -26.679174 6.756578 16.500000  0.020078 -0.144130 -0.989355  0.022270 0.526716 0
0  -30.527935 4.885153 16.500000  0.100961 -0.104802 -0.989355  0.032667 0.540576 0
0  -32.886364 7.333279 16.000000  0.100960 -0.104802 -0.989355  0.024409 0.551586 0
tire_wall_straight
0  -30.527935 4.885153 16.500000  0.100961 -0.104802 -0.989355  0.032667 0.540576 0
0  -32.541653 1.108894 16.500000  0.143280 -0.025443 -0.989355  0.049489 0.545871 0
0  -35.888634 1.703219 16.000000  0.143280 -0.025444 -0.989355  0.049489 0.559479 0
tire_wall_straight
0  -32.541653 1.108894 16.500000  0.143280 -0.025443 -0.989355  0.049489 0.545871 0
0  -31.951155 -3.129798 16.500000  0.130871 0.063634 -0.989355  0.066311 0.540576 0
0  -35.008255 -4.616284 16.000000  0.130871 0.063633 -0.989355  0.074569 0.551586 0
tire_wall_straight
0  -31.951155 -3.129798 16.500000  0.130871 0.063634 -0.989355  0.066311 0.540576 0
0  -28.981991 -6.211885 16.500000  0.068474 0.128405 -0.989355  0.076708 0.526716 0
0  -30.581503 -9.211397 16.000000  0.068475 0.128405 -0.989355  0.090070 0.530921 0
tire_wall_straight
0  -28.981991 -6.211885 16.500000  0.068474 0.128405 -0.989355  0.076708 0.526716 0
0  -24.768282 -6.960116 16.500000  -0.020078 0.144130 -0.989355  0.076708 0.509583 0
0  -24.299246 -10.326941 16.000000  -0.020077 0.144130 -0.989355  0.090070 0.505378 0
tire_wall_straight
0  -24.768282 -6.960116 16.500000  -0.020078 0.144130 -0.989355  0.076708 0.509583 0
0  -20.919521 -5.088691 16.500000  -0.100961 0.104802 -0.989355  0.066311 0.495722 0
0  -18.561092 -7.536817 16.000000  -0.100960 0.104803 -0.989355  0.074569 0.484713 0
tire_wall_straight
0  -20.919521 -5.088691 16.500000  -0.100961 0.104802 -0.989355  0.066311 0.495722 0
0  -18.905804 -1.312432 16.500000  -0.143280 0.025443 -0.989355  0.049489 0.490428 0
0  -15.558823 -1.906758 16.000000  -0.143280 0.025444 -0.989355  0.049489 0.476819 0
tire_wall_straight
0  -18.905804 -1.312432 16.500000  -0.143280 0.025443 -0.989355  0.049489 0.490428 0
0  -19.496302 2.926259 16.500000  -0.130871 -0.063634 -0.989355  0.032667 0.495722 0
0  -16.439201 4.412746 16.000000  -0.130872 -0.063633 -0.989355  0.024409 0.484713 0
tire_wall_straight
0  -16.439201 4.412746 16.000000  0.543509 0.264275 -0.796716  0.024409 0.484713 0
0  -20.865953 9.007858 16.000000  0.284371 0.533270 -0.796716  0.008908 0.505378 0
0  -19.799614 11.007533 17.719059  0.284370 0.533270 -0.796716  0.000000 0.502574 0
tire_wall_straight
0  -20.865953 9.007858 16.000000  0.284371 0.533270 -0.796716  0.008908 0.505378 0
0  -27.148211 10.123403 16.000000  -0.083387 0.598573 -0.796716  0.008908 0.530921 0
0  -27.460901 12.367952 17.719059  -0.083388 0.598573 -0.796716  0.000000 0.533725 0
tire_wall_straight
0  -27.148211 10.123403 16.000000  -0.083387 0.598573 -0.796716  0.008908 0.530921 0
0  -32.886364 7.333279 16.000000  -0.419294 0.435243 -0.796716  0.024409 0.551586 0
0  -34.458649 8.965363 17.719059  -0.419295 0.435242 -0.796716  0.018903 0.558926 0
tire_wall_straight
0  -32.886364 7.333279 16.000000  -0.419294 0.435243 -0.796716  0.024409 0.551586 0
0  -35.888634 1.703219 16.000000  -0.595045 0.105664 -0.796716  0.049489 0.559479 0
0  -38.119953 2.099437 17.719059  -0.595045 0.105662 -0.796716  0.049489 0.568552 0
tire_wall_straight
0  -35.888634 1.703219 16.000000  -0.595045 0.105664 -0.796716  0.049489 0.559479 0
0  -35.008255 -4.616284 16.000000  -0.543509 -0.264275 -0.796716  0.074569 0.551586 0
0  -37.046322 -5.607275 17.719059  -0.543508 -0.264276 -0.796716  0.080075 0.558926 0
tire_wall_straight
0  -35.008255 -4.616284 16.000000  -0.543509 -0.264275 -0.796716  0.074569 0.551586 0
0  -30.581503 -9.211397 16.000000  -0.284371 -0.533270 -0.796716  0.090070 0.530921 0
0  -31.647842 -11.211072 17.719059  -0.284370 -0.533270 -0.796716  0.098978 0.533725 0
tire_wall_straight
0  -30.581503 -9.211397 16.000000  -0.284371 -0.533270 -0.796716  0.090070 0.530921 0
0  -24.299246 -10.326941 16.000000  0.083387 -0.598573 -0.796716  0.090070 0.505378 0
0  -23.986555 -12.571491 17.719059  0.083388 -0.598573 -0.796716  0.098978 0.502574 0
tire_wall_straight
0  -24.299246 -10.326941 16.000000  0.083387 -0.598573 -0.796716  0.090070 0.505378 0
0  -18.561092 -7.536817 16.000000  0.419294 -0.435242 -0.796716  0.074569 0.484713 0
0  -16.988808 -9.168901 17.719059  0.419295 -0.435241 -0.796716  0.080075 0.477373 0
tire_wall_straight
0  -18.561092 -7.536817 16.000000  0.419294 -0.435242 -0.796716  0.074569 0.484713 0
0  -15.558823 -1.906758 16.000000  0.595045 -0.105663 -0.796716  0.049489 0.476819 0
0  -13.327502 -2.302975 17.719059  0.595045 -0.105662 -0.796716  0.049489 0.467747 0
tire_wall_straight
0  -15.558823 -1.906758 16.000000  0.595045 -0.105663 -0.796716  0.049489 0.476819 0
0  -16.439201 4.412746 16.000000  0.543509 0.264275 -0.796716  0.024409 0.484713 0
0  -14.401134 5.403738 17.719059  0.543508 0.264276 -0.796716  0.018903 0.477373 0
tire_wall_straight
0  -14.401134 5.403738 17.719059  0.720177 0.693790 0.000000  0.691313 0.754126 0
0  -19.799614 11.007533 17.719059  0.720177 0.693790 0.000000  0.691313 0.779830 0
0  -19.799614 11.007533 22.094845  0.720177 0.693790 0.000000  0.673228 0.779830 0
tire_wall_straight
0  -19.799614 11.007533 17.719059  0.174836 0.984598 0.000000  0.793045 0.891999 0
0  -27.460901 12.367952 17.719059  0.174836 0.984598 0.000000  0.793045 0.921291 0
0  -27.460901 12.367952 22.094845  0.174836 0.984598 0.000000  0.774959 0.921291 0
tire_wall_straight
0  -27.460901 12.367952 17.719059  -0.437287 0.899322 0.000000  0.793045 0.921291 0
0  -34.458649 8.965363 17.719059  -0.437287 0.899322 0.000000  0.793045 0.951218 0
0  -34.458649 8.965363 22.094845  -0.437287 0.899322 0.000000  0.774959 0.951218 0
tire_wall_straight
0  -34.458649 8.965363 17.719059  -0.882381 0.470536 0.000000  0.724822 0.698309 0
0  -38.119953 2.099437 17.719059  -0.882381 0.470536 0.000000  0.724822 0.722988 0
0  -38.119953 2.099437 22.094845  -0.882381 0.470536 0.000000  0.706737 0.722988 0
tire_wall_straight
0  -38.119953 2.099437 17.719059  -0.990435 -0.137979 0.000000  0.724822 0.722988 0
0  -37.046322 -5.607275 17.719059  -0.990435 -0.137979 0.000000  0.724822 0.754126 0
0  -37.046322 -5.607275 22.094845  -0.990435 -0.137979 0.000000  0.706737 0.754126 0
tire_wall_straight
0  -37.046322 -5.607275 17.719059  -0.720177 -0.693790 0.000000  0.724822 0.754126 0
0  -31.647842 -11.211072 17.719059  -0.720177 -0.693791 0.000000  0.724822 0.779830 0
0  -31.647842 -11.211072 22.094845  -0.720177 -0.693791 0.000000  0.706737 0.779830 0
tire_wall_straight
0  -31.647842 -11.211072 17.719059  -0.174836 -0.984598 0.000000  0.826554 0.891999 0
0  -23.986555 -12.571491 17.719059  -0.174836 -0.984598 0.000000  0.826554 0.921290 0
0  -23.986555 -12.571491 22.094845  -0.174836 -0.984598 0.000000  0.808468 0.921290 0
tire_wall_straight
0  -23.986555 -12.571491 17.719059  0.437287 -0.899322 0.000000  0.826554 0.921290 0
0  -16.988808 -9.168901 17.719059  0.437287 -0.899322 0.000000  0.826554 0.951218 0
0  -16.988808 -9.168901 22.094845  0.437287 -0.899322 0.000000  0.808468 0.951218 0
tire_wall_straight
0  -16.988808 -9.168901 17.719059  0.882381 -0.470536 0.000000  0.691313 0.698309 0
0  -13.327502 -2.302975 17.719059  0.882381 -0.470536 0.000000  0.691313 0.722988 0
0  -13.327502 -2.302975 22.094845  0.882381 -0.470536 0.000000  0.673228 0.722988 0
tire_wall_straight
0  -13.327502 -2.302975 17.719059  0.990435 0.137979 0.000000  0.691313 0.722988 0
0  -14.401134 5.403738 17.719059  0.990435 0.137979 0.000000  0.691313 0.754126 0
0  -14.401134 5.403738 22.094845  0.990435 0.137979 0.000000  0.673228 0.754126 0
tire_wall_straight
0  -14.401134 5.403738 22.094845  0.543508 0.264276 0.796717  0.194476 0.558926 0
0  -19.799614 11.007533 22.094845  0.284370 0.533270 0.796716  0.163890 0.568552 0
0  -20.865953 9.007858 23.813902  0.284369 0.533270 0.796717  0.163890 0.559479 0
tire_wall_straight
0  -19.799614 11.007533 22.094845  0.284370 0.533270 0.796716  0.163890 0.568552 0
0  -27.460901 12.367952 22.094845  -0.083388 0.598573 0.796716  0.133305 0.558926 0
0  -27.148211 10.123403 23.813902  -0.083389 0.598573 0.796716  0.138810 0.551586 0
tire_wall_straight
0  -27.460901 12.367952 22.094845  -0.083388 0.598573 0.796716  0.133305 0.558926 0
0  -34.458649 8.965363 22.094845  -0.419295 0.435242 0.796716  0.114402 0.533725 0
0  -32.886364 7.333279 23.813902  -0.419296 0.435240 0.796716  0.123310 0.530921 0
tire_wall_straight
0  -34.458649 8.965363 22.094845  -0.419295 0.435242 0.796716  0.114402 0.533725 0
0  -38.119953 2.099437 22.094845  -0.595045 0.105663 0.796716  0.114402 0.502574 0
0  -35.888634 1.703219 23.813902  -0.595045 0.105661 0.796716  0.123310 0.505378 0
tire_wall_straight
0  -38.119953 2.099437 22.094845  -0.595045 0.105663 0.796716  0.114402 0.502574 0
0  -37.046322 -5.607275 22.094845  -0.543509 -0.264275 0.796716  0.133305 0.477373 0
0  -35.008255 -4.616284 23.813902  -0.543508 -0.264277 0.796716  0.138810 0.484713 0
tire_wall_straight
0  -37.046322 -5.607275 22.094845  -0.543509 -0.264275 0.796716  0.133305 0.477373 0
0  -31.647842 -11.211072 22.094845  -0.284370 -0.533269 0.796717  0.163890 0.467747 0
0  -30.581503 -9.211397 23.813902  -0.284369 -0.533270 0.796717  0.163890 0.476819 0
tire_wall_straight
0  -31.647842 -11.211072 22.094845  -0.284370 -0.533269 0.796717  0.163890 0.467747 0
0  -23.986555 -12.571491 22.094845  0.083388 -0.598573 0.796716  0.194476 0.477373 0
0  -24.299246 -10.326941 23.813902  0.083389 -0.598573 0.796716  0.188971 0.484713 0
tire_wall_straight
0  -23.986555 -12.571491 22.094845  0.083388 -0.598573 0.796716  0.194476 0.477373 0
0  -16.988808 -9.168901 22.094845  0.419294 -0.435242 0.796717  0.213379 0.502574 0
0  -18.561092 -7.536817 23.813902  0.419295 -0.435241 0.796716  0.204471 0.505378 0
tire_wall_straight
0  -16.988808 -9.168901 22.094845  0.419294 -0.435242 0.796717  0.213379 0.502574 0
0  -13.327502 -2.302975 22.094845  0.595044 -0.105663 0.796717  0.213379 0.533725 0
0  -15.558823 -1.906758 23.813902  0.595045 -0.105662 0.796717  0.204471 0.530921 0
tire_wall_straight
0  -13.327502 -2.302975 22.094845  0.595044 -0.105663 0.796717  0.213379 0.533725 0
0  -14.401134 5.403738 22.094845  0.543508 0.264276 0.796717  0.194476 0.558926 0
0  -16.439201 4.412746 23.813902  0.543507 0.264277 0.796717  0.188971 0.551586 0
tire_wall_straight
0  -16.439201 4.412746 23.813902  -0.130869 -0.063636 0.989355  0.188971 0.551586 0
0  -20.865953 9.007858 23.813902  -0.068471 -0.128406 0.989355  0.163890 0.559479 0
0  -22.465466 6.008347 23.313902  -0.068473 -0.128406 0.989355  0.163890 0.545871 0
tire_wall_straight
0  -20.865953 9.007858 23.813902  -0.068471 -0.128406 0.989355  0.163890 0.559479 0
0  -27.148211 10.123403 23.813902  0.020081 -0.144130 0.989355  0.138810 0.551586 0
0  -26.679174 6.756578 23.313902  0.020080 -0.144130 0.989355  0.147068 0.540576 0
tire_wall_straight
0  -27.148211 10.123403 23.813902  0.020081 -0.144130 0.989355  0.138810 0.551586 0
0  -32.886364 7.333279 23.813902  0.100963 -0.104800 0.989355  0.123310 0.530921 0
0  -30.527935 4.885153 23.313902  0.100962 -0.104801 0.989355  0.136672 0.526716 0
tire_wall_straight
0  -32.886364 7.333279 23.813902  0.100963 -0.104800 0.989355  0.123310 0.530921 0
0  -35.888634 1.703219 23.813902  0.143281 -0.025441 0.989355  0.123310 0.505378 0
0  -32.541653 1.108894 23.313902  0.143281 -0.025442 0.989355  0.136672 0.509583 0
tire_wall_straight
0  -35.888634 1.703219 23.813902  0.143281 -0.025441 0.989355  0.123310 0.505378 0
0  -35.008255 -4.616284 23.813902  0.130870 0.063636 0.989355  0.138810 0.484713 0
0  -31.951155 -3.129798 23.313902  0.130871 0.063635 0.989355  0.147068 0.495722 0
tire_wall_straight
0  -35.008255 -4.616284 23.813902  0.130870 0.063636 0.989355  0.138810 0.484713 0
0  -30.581503 -9.211397 23.813902  0.068472 0.128406 0.989355  0.163890 0.476819 0
0  -28.981991 -6.211885 23.313902  0.068473 0.128406 0.989355  0.163890 0.490428 0
tire_wall_straight
0  -30.581503 -9.211397 23.813902  0.068472 0.128406 0.989355  0.163890 0.476819 0
0  -24.299246 -10.326941 23.813902  -0.020081 0.144130 0.989355  0.188971 0.484713 0
0  -24.768282 -6.960116 23.313902  -0.020080 0.144130 0.989355  0.180713 0.495722 0
tire_wall_straight
0  -24.299246 -10.326941 23.813902  -0.020081 0.144130 0.989355  0.188971 0.484713 0
0  -18.561092 -7.536817 23.813902  -0.100963 0.104800 0.989355  0.204471 0.505378 0
0  -20.919521 -5.088691 23.313902  -0.100962 0.104801 0.989355  0.191109 0.509583 0
tire_wall_straight
0  -18.561092 -7.536817 23.813902  -0.100963 0.104800 0.989355  0.204471 0.505378 0
0  -15.558823 -1.906758 23.813902  -0.143281 0.025441 0.989355  0.204471 0.530921 0
0  -18.905804 -1.312432 23.313902  -0.143281 0.025442 0.989355  0.191109 0.526716 0
tire_wall_straight
0  -15.558823 -1.906758 23.813902  -0.143281 0.025441 0.989355  0.204471 0.530921 0
0  -16.439201 4.412746 23.813902  -0.130869 -0.063636 0.989355  0.188971 0.551586 0
0  -19.496302 2.926259 23.313902  -0.130870 -0.063635 0.989355  0.180713 0.540576 0
tire_wall_straight
0  -19.496302 2.926259 23.313902  -0.720177 -0.693791 0.000000  0.882981 0.073682 0
0  -22.465466 6.008347 23.313902  -0.720177 -0.693791 0.000000  0.882981 0.059545 0
0  -22.465466 6.008347 16.500000  -0.720177 -0.693790 0.000000  0.911143 0.059545 0
tire_wall_straight
0  -22.465466 6.008347 23.313902  -0.174836 -0.984598 0.000000  0.305729 0.999734 0
0  -26.679174 6.756578 23.313902  -0.174835 -0.984598 0.000000  0.305729 0.983624 0
0  -26.679174 6.756578 16.500000  -0.174836 -0.984598 0.000000  0.333891 0.983624 0
tire_wall_straight
0  -26.679174 6.756578 23.313902  0.437287 -0.899322 0.000000  0.305729 0.983624 0
0  -30.527935 4.885153 23.313902  0.437287 -0.899322 0.000000  0.305729 0.967164 0
0  -30.527935 4.885153 16.500000  0.437287 -0.899322 0.000000  0.333891 0.967164 0
tire_wall_straight
0  -30.527935 4.885153 23.313902  0.882381 -0.470536 0.000000  0.882981 0.164157 0
0  -32.541653 1.108894 23.313902  0.882381 -0.470536 0.000000  0.882981 0.150584 0
0  -32.541653 1.108894 16.500000  0.882381 -0.470536 0.000000  0.911143 0.150584 0
tire_wall_straight
0  -32.541653 1.108894 23.313902  0.990435 0.137979 0.000000  0.882981 0.150584 0
0  -31.951155 -3.129798 23.313902  0.990435 0.137979 0.000000  0.882981 0.133458 0
0  -31.951155 -3.129798 16.500000  0.990435 0.137979 0.000000  0.911143 0.133458 0
tire_wall_straight
0  -31.951155 -3.129798 23.313902  0.720177 0.693791 0.000000  0.882981 0.133458 0
0  -28.981991 -6.211885 23.313902  0.720177 0.693791 0.000000  0.882981 0.119321 0
0  -28.981991 -6.211885 16.500000  0.720177 0.693791 0.000000  0.911143 0.119321 0
tire_wall_straight
0  -28.981991 -6.211885 23.313902  0.174836 0.984598 0.000000  0.349315 0.999734 0
0  -24.768282 -6.960116 23.313902  0.174836 0.984598 0.000000  0.349315 0.983624 0
0  -24.768282 -6.960116 16.500000  0.174836 0.984598 0.000000  0.377477 0.983624 0
tire_wall_straight
0  -24.768282 -6.960116 23.313902  -0.437287 0.899322 0.000000  0.349315 0.983624 0
0  -20.919521 -5.088691 23.313902  -0.437287 0.899322 0.000000  0.349315 0.967164 0
0  -20.919521 -5.088691 16.500000  -0.437287 0.899322 0.000000  0.377477 0.967164 0
tire_wall_straight
0  -20.919521 -5.088691 23.313902  -0.882381 0.470536 0.000000  0.882981 0.104381 0
0  -18.905804 -1.312432 23.313902  -0.882381 0.470536 0.000000  0.882981 0.090808 0
0  -18.905804 -1.312432 16.500000  -0.882381 0.470536 0.000000  0.911143 0.090808 0
tire_wall_straight
0  -18.905804 -1.312432 23.313902  -0.990435 -0.137979 0.000000  0.882981 0.090808 0
0  -19.496302 2.926259 23.313902  -0.990435 -0.137979 0.000000  0.882981 0.073682 0
0  -19.496302 2.926259 16.500000  -0.990435 -0.137979 0.000000  0.911143 0.073682 0
tire_wall_straight
0  -2.968562 5.944934 0.500000  0.071179 -0.126277 -0.989438  0.032797 0.424720 0
0  -5.876396 2.781705 0.500000  0.131808 -0.060322 -0.989438  0.049686 0.430035 0
0  -8.979739 4.201945 0.000000  0.131808 -0.060323 -0.989438  0.049686 0.443698 0
tire_wall_straight
0  -5.876396 2.781705 0.500000  0.131808 -0.060322 -0.989438  0.049686 0.430035 0
0  -6.369583 -1.486582 0.500000  0.142092 0.028673 -0.989438  0.066575 0.424720 0
0  -9.715036 -2.161684 0.000000  0.142092 0.028672 -0.989438  0.074867 0.435774 0
tire_wall_straight
0  -6.369583 -1.486582 0.500000  0.142092 0.028673 -0.989438  0.066575 0.424720 0
0  -4.259744 -5.229588 0.500000  0.098101 0.106717 -0.989438  0.077014 0.410804 0
0  -6.569458 -7.742165 0.000000  0.098102 0.106716 -0.989438  0.090429 0.415026 0
tire_wall_straight
0  -4.259744 -5.229588 0.500000  0.098101 0.106717 -0.989438  0.077014 0.410804 0
0  -0.352764 -7.017611 0.500000  0.016639 0.143998 -0.989438  0.077014 0.393603 0
0  -0.744507 -10.407944 0.000000  0.016640 0.143998 -0.989438  0.090429 0.389381 0
tire_wall_straight
0  -0.352764 -7.017611 0.500000  0.016639 0.143998 -0.989438  0.077014 0.393603 0
0  3.859022 -6.167687 0.500000  -0.071179 0.126277 -0.989438  0.066575 0.379687 0
0  5.534883 -9.140784 0.000000  -0.071178 0.126277 -0.989438  0.074867 0.368634 0
tire_wall_straight
0  3.859022 -6.167687 0.500000  -0.071179 0.126277 -0.989438  0.066575 0.379687 0
0  6.766856 -3.004457 0.500000  -0.131808 0.060322 -0.989438  0.049686 0.374372 0
0  9.870198 -4.424697 0.000000  -0.131808 0.060323 -0.989438  0.049686 0.360709 0
tire_wall_straight
0  6.766856 -3.004457 0.500000  -0.131808 0.060322 -0.989438  0.049686 0.374372 0
0  7.260043 1.263830 0.500000  -0.142092 -0.028673 -0.989438  0.032797 0.379687 0
0  10.605495 1.938931 0.000000  -0.142092 -0.028672 -0.989438  0.024506 0.368634 0
tire_wall_straight
0  7.260043 1.263830 0.500000  -0.142092 -0.028673 -0.989438  0.032797 0.379687 0
0  5.150204 5.006835 0.500000  -0.098101 -0.106717 -0.989438  0.022359 0.393603 0
0  7.459918 7.519413 0.000000  -0.098102 -0.106716 -0.989438  0.008944 0.389381 0
tire_wall_straight
0  5.150204 5.006835 0.500000  -0.098101 -0.106717 -0.989438  0.022359 0.393603 0
0  1.243224 6.794858 0.500000  -0.016639 -0.143998 -0.989438  0.022359 0.410804 0
0  1.634967 10.185192 0.000000  -0.016640 -0.143998 -0.989438  0.008944 0.415026 0
tire_wall_straight
0  1.243224 6.794858 0.500000  -0.016639 -0.143998 -0.989438  0.022359 0.410804 0
0  -2.968562 5.944934 0.500000  0.071179 -0.126277 -0.989438  0.032797 0.424720 0
0  -4.644423 8.918033 0.000000  0.071178 -0.126277 -0.989438  0.024506 0.435774 0
tire_wall_straight
0  -4.644423 8.918033 0.000000  -0.295926 0.524996 -0.798001  0.024506 0.435774 0
0  -8.979739 4.201945 0.000000  -0.547995 0.250790 -0.798001  0.049686 0.443698 0
0  -11.048635 5.148771 1.718290  -0.547995 0.250789 -0.798001  0.049686 0.452807 0
tire_wall_straight
0  -8.979739 4.201945 0.000000  -0.547995 0.250790 -0.798001  0.049686 0.443698 0
0  -9.715036 -2.161684 0.000000  -0.590747 -0.119210 -0.798002  0.074867 0.435774 0
0  -11.945339 -2.611751 1.718290  -0.590747 -0.119211 -0.798002  0.080394 0.443143 0
tire_wall_straight
0  -9.715036 -2.161684 0.000000  -0.590747 -0.119210 -0.798002  0.074867 0.435774 0
0  -6.569458 -7.742165 0.000000  -0.407855 -0.443676 -0.798002  0.090429 0.415026 0
0  -8.109268 -9.417215 1.718290  -0.407854 -0.443676 -0.798002  0.099372 0.417841 0
tire_wall_straight
0  -6.569458 -7.742165 0.000000  -0.407855 -0.443676 -0.798002  0.090429 0.415026 0
0  -0.744507 -10.407944 0.000000  -0.069176 -0.598672 -0.798001  0.090429 0.389381 0
0  -1.005669 -12.668165 1.718290  -0.069174 -0.598672 -0.798002  0.099372 0.386566 0
tire_wall_straight
0  -0.744507 -10.407944 0.000000  -0.069176 -0.598672 -0.798001  0.090429 0.389381 0
0  5.534883 -9.140784 0.000000  0.295927 -0.524997 -0.798001  0.074867 0.368634 0
0  6.652124 -11.122849 1.718290  0.295928 -0.524996 -0.798001  0.080394 0.361265 0
tire_wall_straight
0  5.534883 -9.140784 0.000000  0.295927 -0.524997 -0.798001  0.074867 0.368634 0
0  9.870198 -4.424697 0.000000  0.547995 -0.250790 -0.798002  0.049686 0.360709 0
0  11.939094 -5.371523 1.718290  0.547995 -0.250789 -0.798001  0.049686 0.351600 0
tire_wall_straight
0  9.870198 -4.424697 0.000000  0.547995 -0.250790 -0.798002  0.049686 0.360709 0
0  10.605495 1.938931 0.000000  0.590747 0.119210 -0.798002  0.024506 0.368634 0
0  12.835798 2.388999 1.718290  0.590747 0.119211 -0.798002  0.018978 0.361265 0
tire_wall_straight
0  10.605495 1.938931 0.000000  0.590747 0.119210 -0.798002  0.024506 0.368634 0
0  7.459918 7.519413 0.000000  0.407855 0.443675 -0.798002  0.008944 0.389381 0
0  8.999727 9.194464 1.718290  0.407854 0.443676 -0.798002  0.000000 0.386566 0
tire_wall_straight
0  7.459918 7.519413 0.000000  0.407855 0.443675 -0.798002  0.008944 0.389381 0
0  1.634967 10.185192 0.000000  0.069176 0.598672 -0.798001  0.008944 0.415026 0
0  1.896129 12.445414 1.718290  0.069174 0.598672 -0.798001  0.000000 0.417841 0
tire_wall_straight
0  1.634967 10.185192 0.000000  0.069176 0.598672 -0.798001  0.008944 0.415026 0
0  -4.644423 8.918033 0.000000  -0.295926 0.524996 -0.798001  0.024506 0.435774 0
0  -5.761664 10.900097 1.718290  -0.295928 0.524996 -0.798001  0.018978 0.443143 0
tire_wall_straight
0  -5.761664 10.900097 1.718290  -0.736202 0.676762 0.000000  0.590150 0.755372 0
0  -11.048635 5.148771 1.718290  -0.736202 0.676762 0.000000  0.590150 0.780156 0
0  -11.048635 5.148771 6.092119  -0.736202 0.676762 0.000000  0.572072 0.780156 0
tire_wall_straight
0  -11.048635 5.148771 1.718290  -0.993391 0.114783 0.000000  0.590568 0.891999 0
0  -11.945339 -2.611751 1.718290  -0.993391 0.114783 0.000000  0.590568 0.922043 0
0  -11.945339 -2.611751 6.092119  -0.993391 0.114783 0.000000  0.572490 0.922043 0
tire_wall_straight
0  -11.945339 -2.611751 1.718290  -0.871138 -0.491039 0.000000  0.590568 0.922043 0
0  -8.109268 -9.417215 1.718290  -0.871138 -0.491039 0.000000  0.590568 0.951455 0
0  -8.109268 -9.417215 6.092119  -0.871138 -0.491039 0.000000  0.572490 0.951455 0
tire_wall_straight
0  -8.109268 -9.417215 1.718290  -0.416140 -0.909301 0.000000  0.556649 0.698309 0
0  -1.005669 -12.668165 1.718290  -0.416140 -0.909301 0.000000  0.556649 0.724110 0
0  -1.005669 -12.668165 6.092119  -0.416140 -0.909301 0.000000  0.538571 0.724110 0
tire_wall_straight
0  -1.005669 -12.668165 1.718290  0.197809 -0.980241 0.000000  0.556649 0.724110 0
0  6.652124 -11.122849 1.718290  0.197809 -0.980241 0.000000  0.556649 0.755372 0
0  6.652124 -11.122849 6.092119  0.197809 -0.980241 0.000000  0.538571 0.755372 0
tire_wall_straight
0  6.652124 -11.122849 1.718290  0.736202 -0.676762 0.000000  0.556649 0.755372 0
0  11.939094 -5.371523 1.718290  0.736202 -0.676762 0.000000  0.556649 0.780156 0
0  11.939094 -5.371523 6.092119  0.736202 -0.676762 0.000000  0.538571 0.780156 0
tire_wall_straight
0  11.939094 -5.371523 1.718290  0.993391 -0.114783 0.000000  0.624069 0.891999 0
0  12.835798 2.388999 1.718290  0.993391 -0.114784 0.000000  0.624069 0.922043 0
0  12.835798 2.388999 6.092119  0.993391 -0.114783 0.000000  0.605991 0.922043 0
tire_wall_straight
0  12.835798 2.388999 1.718290  0.871138 0.491039 0.000000  0.624069 0.922043 0
0  8.999727 9.194464 1.718290  0.871138 0.491039 0.000000  0.624069 0.951455 0
0  8.999727 9.194464 6.092119  0.871138 0.491039 0.000000  0.605991 0.951455 0
tire_wall_straight
0  8.999727 9.194464 1.718290  0.416140 0.909301 0.000000  0.590150 0.698309 0
0  1.896129 12.445414 1.718290  0.416140 0.909301 0.000000  0.590150 0.724110 0
0  1.896129 12.445414 6.092119  0.416140 0.909301 0.000000  0.572072 0.724110 0
tire_wall_straight
0  1.896129 12.445414 1.718290  -0.197809 0.980241 0.000000  0.590150 0.724110 0
0  -5.761664 10.900097 1.718290  -0.197809 0.980240 0.000000  0.590150 0.755372 0
0  -5.761664 10.900097 6.092119  -0.197809 0.980241 0.000000  0.572072 0.755372 0
tire_wall_straight
0  -5.761664 10.900097 6.092119  -0.295927 0.524996 0.798001  0.133775 0.443143 0
0  -11.048635 5.148771 6.092119  -0.547995 0.250789 0.798001  0.114796 0.417841 0
0  -8.979739 4.201945 7.810410  -0.547995 0.250788 0.798001  0.123740 0.415026 0
tire_wall_straight
0  -11.048635 5.148771 6.092119  -0.547995 0.250789 0.798001  0.114796 0.417841 0
0  -11.945339 -2.611751 6.092119  -0.590747 -0.119211 0.798001  0.114796 0.386566 0
0  -9.715036 -2.161684 7.810410  -0.590747 -0.119212 0.798002  0.123740 0.389381 0
tire_wall_straight
0  -11.945339 -2.611751 6.092119  -0.590747 -0.119211 0.798001  0.114796 0.386566 0
0  -8.109268 -9.417215 6.092119  -0.407854 -0.443676 0.798002  0.133775 0.361265 0
0  -6.569458 -7.742165 7.810410  -0.407853 -0.443677 0.798002  0.139302 0.368634 0
tire_wall_straight
0  -8.109268 -9.417215 6.092119  -0.407854 -0.443676 0.798002  0.133775 0.361265 0
0  -1.005669 -12.668165 6.092119  -0.069175 -0.598673 0.798001  0.164482 0.351600 0
0  -0.744507 -10.407944 7.810410  -0.069174 -0.598673 0.798001  0.164482 0.360709 0
tire_wall_straight
0  -1.005669 -12.668165 6.092119  -0.069175 -0.598673 0.798001  0.164482 0.351600 0
0  6.652124 -11.122849 6.092119  0.295927 -0.524996 0.798001  0.195190 0.361265 0
0  5.534883 -9.140784 7.810410  0.295928 -0.524996 0.798002  0.189663 0.368634 0
tire_wall_straight
0  6.652124 -11.122849 6.092119  0.295927 -0.524996 0.798001  0.195190 0.361265 0
0  11.939094 -5.371523 6.092119  0.547995 -0.250789 0.798001  0.214169 0.386566 0
0  9.870198 -4.424697 7.810410  0.547996 -0.250788 0.798001  0.205225 0.389381 0
tire_wall_straight
0  11.939094 -5.371523 6.092119  0.547995 -0.250789 0.798001  0.214169 0.386566 0
0  12.835798 2.388999 6.092119  0.590747 0.119211 0.798001  0.214169 0.417841 0
0  10.605495 1.938931 7.810410  0.590747 0.119212 0.798002  0.205225 0.415026 0
tire_wall_straight
0  12.835798 2.388999 6.092119  0.590747 0.119211 0.798001  0.214169 0.417841 0
0  8.999727 9.194464 6.092119  0.407855 0.443676 0.798001  0.195190 0.443143 0
0  7.459918 7.519413 7.810410  0.407854 0.443677 0.798001  0.189663 0.435774 0
tire_wall_straight
0  8.999727 9.194464 6.092119  0.407855 0.443676 0.798001  0.195190 0.443143 0
0  1.896129 12.445414 6.092119  0.069175 0.598672 0.798001  0.164482 0.452807 0
0  1.634967 10.185192 7.810410  0.069174 0.598673 0.798001  0.164482 0.443698 0
tire_wall_straight
0  1.896129 12.445414 6.092119  0.069175 0.598672 0.798001  0.164482 0.452807 0
0  -5.761664 10.900097 6.092119  -0.295927 0.524996 0.798001  0.133775 0.443143 0
0  -4.644423 8.918033 7.810410  -0.295928 0.524996 0.798001  0.139302 0.435774 0
tire_wall_straight
0  -4.644423 8.918033 7.810410  0.071180 -0.126276 0.989438  0.139302 0.435774 0
0  -8.979739 4.201945 7.810410  0.131809 -0.060320 0.989438  0.123740 0.415026 0
0  -5.876396 2.781705 7.310410  0.131809 -0.060321 0.989438  0.137155 0.410804 0
tire_wall_straight
0  -8.979739 4.201945 7.810410  0.131809 -0.060320 0.989438  0.123740 0.415026 0
0  -9.715036 -2.161684 7.810410  0.142092 0.028675 0.989438  0.123740 0.389381 0
0  -6.369583 -1.486582 7.310410  0.142092 0.028674 0.989438  0.137155 0.393603 0
tire_wall_straight
0  -9.715036 -2.161684 7.810410  0.142092 0.028675 0.989438  0.123740 0.389381 0
0  -6.569458 -7.742165 7.810410  0.098099 0.106718 0.989438  0.139302 0.368634 0
0  -4.259744 -5.229588 7.310410  0.098100 0.106717 0.989438  0.147593 0.379687 0
tire_wall_straight
0  -6.569458 -7.742165 7.810410  0.098099 0.106718 0.989438  0.139302 0.368634 0
0  -0.744507 -10.407944 7.810410  0.016637 0.143998 0.989438  0.164482 0.360709 0
0  -0.352764 -7.017611 7.310410  0.016638 0.143998 0.989438  0.164482 0.374372 0
tire_wall_straight
0  -0.744507 -10.407944 7.810410  0.016637 0.143998 0.989438  0.164482 0.360709 0
0  5.534883 -9.140784 7.810410  -0.071180 0.126276 0.989438  0.189663 0.368634 0
0  3.859022 -6.167687 7.310410  -0.071179 0.126276 0.989438  0.181372 0.379687 0
tire_wall_straight
0  5.534883 -9.140784 7.810410  -0.071180 0.126276 0.989438  0.189663 0.368634 0
0  9.870198 -4.424697 7.810410  -0.131809 0.060321 0.989438  0.205225 0.389381 0
0  6.766856 -3.004457 7.310410  -0.131809 0.060321 0.989438  0.191810 0.393603 0
tire_wall_straight
0  9.870198 -4.424697 7.810410  -0.131809 0.060321 0.989438  0.205225 0.389381 0
0  10.605495 1.938931 7.810410  -0.142092 -0.028675 0.989438  0.205225 0.415026 0
0  7.260043 1.263830 7.310410  -0.142092 -0.028674 0.989438  0.191810 0.410804 0
tire_wall_straight
0  10.605495 1.938931 7.810410  -0.142092 -0.028675 0.989438  0.205225 0.415026 0
0  7.459918 7.519413 7.810410  -0.098100 -0.106718 0.989438  0.189663 0.435774 0
0  5.150204 5.006835 7.310410  -0.098100 -0.106717 0.989438  0.181372 0.424720 0
tire_wall_straight
0  7.459918 7.519413 7.810410  -0.098100 -0.106718 0.989438  0.189663 0.435774 0
0  1.634967 10.185192 7.810410  -0.016637 -0.143998 0.989438  0.164482 0.443698 0
0  1.243224 6.794858 7.310410  -0.016638 -0.143998 0.989438  0.164482 0.430035 0
tire_wall_straight
0  1.634967 10.185192 7.810410  -0.016637 -0.143998 0.989438  0.164482 0.443698 0
0  -4.644423 8.918033 7.810410  0.071180 -0.126276 0.989438  0.139302 0.435774 0
0  -2.968562 5.944934 7.310410  0.071180 -0.126276 0.989438  0.147593 0.424720 0
tire_wall_straight
0  -2.968562 5.944934 7.310410  0.736202 -0.676762 0.000000  0.838686 0.608250 0
0  -5.876396 2.781705 7.310410  0.736202 -0.676762 0.000000  0.838686 0.594619 0
0  -5.876396 2.781705 0.500000  0.736202 -0.676762 0.000000  0.866833 0.594619 0
tire_wall_straight
0  -5.876396 2.781705 7.310410  0.993391 -0.114783 0.000000  0.044209 0.999865 0
0  -6.369583 -1.486582 7.310410  0.993391 -0.114783 0.000000  0.044209 0.983341 0
0  -6.369583 -1.486582 0.500000  0.993391 -0.114783 0.000000  0.072357 0.983341 0
tire_wall_straight
0  -6.369583 -1.486582 7.310410  0.871138 0.491039 0.000000  0.044209 0.983341 0
0  -4.259744 -5.229588 7.310410  0.871138 0.491039 0.000000  0.044209 0.967164 0
0  -4.259744 -5.229588 0.500000  0.871138 0.491039 0.000000  0.072357 0.967164 0
tire_wall_straight
0  -4.259744 -5.229588 7.310410  0.416140 0.909301 0.000000  0.838686 0.579679 0
0  -0.352764 -7.017611 7.310410  0.416140 0.909301 0.000000  0.838686 0.565489 0
0  -0.352764 -7.017611 0.500000  0.416140 0.909301 0.000000  0.866833 0.565489 0
tire_wall_straight
0  -0.352764 -7.017611 7.310410  -0.197809 0.980241 0.000000  0.838686 0.565489 0
0  3.859022 -6.167687 7.310410  -0.197809 0.980241 0.000000  0.838686 0.548295 0
0  3.859022 -6.167687 0.500000  -0.197809 0.980241 0.000000  0.866833 0.548295 0
tire_wall_straight
0  3.859022 -6.167687 7.310410  -0.736202 0.676762 0.000000  0.838686 0.548295 0
0  6.766856 -3.004457 7.310410  -0.736202 0.676762 0.000000  0.838686 0.534664 0
0  6.766856 -3.004457 0.500000  -0.736202 0.676762 0.000000  0.866833 0.534664 0
tire_wall_straight
0  6.766856 -3.004457 7.310410  -0.993391 0.114783 0.000000  0.087780 0.999865 0
0  7.260043 1.263830 7.310410  -0.993391 0.114783 0.000000  0.087780 0.983341 0
0  7.260043 1.263830 0.500000  -0.993391 0.114783 0.000000  0.115928 0.983341 0
tire_wall_straight
0  7.260043 1.263830 7.310410  -0.871138 -0.491039 0.000000  0.087780 0.983341 0
0  5.150204 5.006835 7.310410  -0.871138 -0.491039 0.000000  0.087780 0.967164 0
0  5.150204 5.006835 0.500000  -0.871138 -0.491039 0.000000  0.115928 0.967164 0
tire_wall_straight
0  5.150204 5.006835 7.310410  -0.416140 -0.909301 0.000000  0.838686 0.639635 0
0  1.243224 6.794858 7.310410  -0.416140 -0.909301 0.000000  0.838686 0.625445 0
0  1.243224 6.794858 0.500000  -0.416140 -0.909301 0.000000  0.866833 0.625445 0
tire_wall_straight
0  1.243224 6.794858 7.310410  0.197809 -0.980241 0.000000  0.838686 0.625445 0
0  -2.968562 5.944934 7.310410  0.197809 -0.980241 0.000000  0.838686 0.608250 0
0  -2.968562 5.944934 0.500000  0.197809 -0.980241 0.000000  0.866833 0.608250 0
tire_wall_straight
0  0.574136 6.939961 8.500000  -0.002348 -0.147141 -0.989113  0.502748 0.660727 0
0  -3.470067 5.696868 8.500000  0.084588 -0.120420 -0.989113  0.519378 0.655493 0
0  -5.401806 8.446864 8.000000  0.084587 -0.120420 -0.989113  0.527543 0.666377 0
tire_wall_straight
0  -3.470067 5.696868 8.500000  0.084588 -0.120420 -0.989113  0.519378 0.655493 0
0  -6.011224 2.314063 8.500000  0.139214 -0.047702 -0.989113  0.529657 0.641789 0
0  -9.190441 3.403407 8.000000  0.139214 -0.047703 -0.989113  0.542867 0.645947 0
tire_wall_straight
0  -6.011224 2.314063 8.500000  0.139214 -0.047702 -0.989113  0.529657 0.641789 0
0  -6.078699 -1.916340 8.500000  0.140665 0.043237 -0.989113  0.529657 0.624852 0
0  -9.291040 -2.903738 8.000000  0.140666 0.043236 -0.989113  0.542867 0.620694 0
tire_wall_straight
0  -6.078699 -1.916340 8.500000  0.140665 0.043237 -0.989113  0.529657 0.624852 0
0  -3.646721 -5.378469 8.500000  0.088387 0.117660 -0.989113  0.519378 0.611149 0
0  -5.665181 -8.065457 8.000000  0.088387 0.117659 -0.989113  0.527543 0.600264 0
tire_wall_straight
0  -3.646721 -5.378469 8.500000  0.088387 0.117660 -0.989113  0.519378 0.611149 0
0  0.355780 -6.749908 8.500000  0.002348 0.147141 -0.989113  0.502748 0.605915 0
0  0.302184 -10.110149 8.000000  0.002349 0.147141 -0.989113  0.502748 0.592461 0
tire_wall_straight
0  0.355780 -6.749908 8.500000  0.002348 0.147141 -0.989113  0.502748 0.605915 0
0  4.399983 -5.506815 8.500000  -0.084588 0.120420 -0.989113  0.486117 0.611149 0
0  6.331723 -8.256810 8.000000  -0.084588 0.120420 -0.989113  0.477952 0.600264 0
tire_wall_straight
0  4.399983 -5.506815 8.500000  -0.084588 0.120420 -0.989113  0.486117 0.611149 0
0  6.941141 -2.124009 8.500000  -0.139214 0.047702 -0.989113  0.475838 0.624852 0
0  10.120358 -3.213354 8.000000  -0.139214 0.047703 -0.989113  0.462628 0.620694 0
tire_wall_straight
0  6.941141 -2.124009 8.500000  -0.139214 0.047702 -0.989113  0.475838 0.624852 0
0  7.008616 2.106393 8.500000  -0.140665 -0.043237 -0.989113  0.475838 0.641789 0
0  10.220957 3.093791 8.000000  -0.140666 -0.043236 -0.989113  0.462628 0.645947 0
tire_wall_straight
0  7.008616 2.106393 8.500000  -0.140665 -0.043237 -0.989113  0.475838 0.641789 0
0  4.576637 5.568522 8.500000  -0.088386 -0.117660 -0.989113  0.486117 0.655493 0
0  6.595098 8.255511 8.000000  -0.088387 -0.117659 -0.989113  0.477952 0.666377 0
tire_wall_straight
0  4.576637 5.568522 8.500000  -0.088386 -0.117660 -0.989113  0.486117 0.655493 0
0  0.574136 6.939961 8.500000  -0.002348 -0.147141 -0.989113  0.502748 0.660727 0
0  0.627733 10.300203 8.000000  -0.002349 -0.147141 -0.989113  0.502748 0.674181 0
tire_wall_straight
0  0.627733 10.300203 8.000000  0.009737 0.610399 -0.792034  0.502748 0.674181 0
0  -5.401806 8.446864 8.000000  -0.350906 0.499547 -0.792034  0.527543 0.666377 0
0  -6.689632 10.280194 9.726871  -0.350908 0.499546 -0.792034  0.532985 0.673633 0
tire_wall_straight
0  -5.401806 8.446864 8.000000  -0.350906 0.499547 -0.792034  0.527543 0.666377 0
0  -9.190441 3.403407 8.000000  -0.577516 0.197884 -0.792034  0.542867 0.645947 0
0  -11.309918 4.129637 9.726871  -0.577516 0.197883 -0.792034  0.551673 0.648719 0
tire_wall_straight
0  -9.190441 3.403407 8.000000  -0.577516 0.197884 -0.792034  0.542867 0.645947 0
0  -9.291040 -2.903738 8.000000  -0.583533 -0.179364 -0.792034  0.542867 0.620694 0
0  -11.432601 -3.562004 9.726871  -0.583533 -0.179365 -0.792034  0.551673 0.617923 0
tire_wall_straight
0  -9.291040 -2.903738 8.000000  -0.583533 -0.179364 -0.792034  0.542867 0.620694 0
0  -5.665181 -8.065457 8.000000  -0.366661 -0.488100 -0.792034  0.527543 0.600264 0
0  -7.010821 -9.856784 9.726871  -0.366660 -0.488101 -0.792034  0.532985 0.593008 0
tire_wall_straight
0  -5.665181 -8.065457 8.000000  -0.366661 -0.488100 -0.792034  0.527543 0.600264 0
0  0.302184 -10.110149 8.000000  -0.009737 -0.610399 -0.792034  0.502748 0.592461 0
0  0.266453 -12.350309 9.726871  -0.009736 -0.610400 -0.792034  0.502748 0.583491 0
tire_wall_straight
0  0.302184 -10.110149 8.000000  -0.009737 -0.610399 -0.792034  0.502748 0.592461 0
0  6.331723 -8.256810 8.000000  0.350907 -0.499547 -0.792034  0.477952 0.600264 0
0  7.619549 -10.090140 9.726871  0.350908 -0.499546 -0.792034  0.472510 0.593008 0
tire_wall_straight
0  6.331723 -8.256810 8.000000  0.350907 -0.499547 -0.792034  0.477952 0.600264 0
0  10.120358 -3.213354 8.000000  0.577516 -0.197884 -0.792034  0.462628 0.620694 0
0  12.239835 -3.939584 9.726871  0.577516 -0.197883 -0.792034  0.453822 0.617923 0
tire_wall_straight
0  10.120358 -3.213354 8.000000  0.577516 -0.197884 -0.792034  0.462628 0.620694 0
0  10.220957 3.093791 8.000000  0.583533 0.179364 -0.792034  0.462628 0.645947 0
0  12.362517 3.752057 9.726871  0.583533 0.179365 -0.792034  0.453822 0.648719 0
tire_wall_straight
0  10.220957 3.093791 8.000000  0.583533 0.179364 -0.792034  0.462628 0.645947 0
0  6.595098 8.255511 8.000000  0.366661 0.488100 -0.792034  0.477952 0.666377 0
0  7.940738 10.046838 9.726871  0.366660 0.488101 -0.792034  0.472510 0.673633 0
tire_wall_straight
0  6.595098 8.255511 8.000000  0.366661 0.488100 -0.792034  0.477952 0.666377 0
0  0.627733 10.300203 8.000000  0.009737 0.610399 -0.792034  0.502748 0.674181 0
0  0.663464 12.540363 9.726871  0.009736 0.610400 -0.792034  0.502748 0.683150 0
tire_wall_straight
0  0.663464 12.540363 9.726871  -0.293810 0.955864 0.000000  0.051569 0.823148 0
0  -6.689632 10.280194 9.726871  -0.293810 0.955864 0.000000  0.051569 0.853697 0
0  -6.689632 10.280194 14.122545  -0.293810 0.955864 0.000000  0.033402 0.853697 0
tire_wall_straight
0  -6.689632 10.280194 9.726871  -0.799540 0.600613 0.000000  0.051569 0.853697 0
0  -11.309918 4.129637 9.726871  -0.799540 0.600613 0.000000  0.051569 0.876124 0
0  -11.309918 4.129637 14.122545  -0.799540 0.600613 0.000000  0.033402 0.876124 0
tire_wall_straight
0  -11.309918 4.129637 9.726871  -0.999873 0.015948 0.000000  0.944955 0.513840 0
0  -11.432601 -3.562004 9.726871  -0.999873 0.015948 0.000000  0.944955 0.544125 0
0  -11.432601 -3.562004 14.122545  -0.999873 0.015948 0.000000  0.926788 0.544125 0
tire_wall_straight
0  -11.432601 -3.562004 9.726871  -0.818288 -0.574808 0.000000  0.944955 0.544125 0
0  -7.010821 -9.856784 9.726871  -0.818288 -0.574808 0.000000  0.944955 0.571910 0
0  -7.010821 -9.856784 14.122545  -0.818288 -0.574808 0.000000  0.926788 0.571910 0
tire_wall_straight
0  -7.010821 -9.856784 9.726871  -0.324145 -0.946007 0.000000  0.085161 0.796145 0
0  0.266453 -12.350309 9.726871  -0.324145 -0.946007 0.000000  0.085161 0.823148 0
0  0.266453 -12.350309 14.122545  -0.324145 -0.946007 0.000000  0.066993 0.823148 0
tire_wall_straight
0  0.266453 -12.350309 9.726871  0.293810 -0.955864 0.000000  0.085161 0.823148 0
0  7.619549 -10.090140 9.726871  0.293810 -0.955864 0.000000  0.085161 0.853697 0
0  7.619549 -10.090140 14.122545  0.293810 -0.955864 0.000000  0.066993 0.853697 0
tire_wall_straight
0  7.619549 -10.090140 9.726871  0.799540 -0.600613 0.000000  0.085161 0.853697 0
0  12.239835 -3.939584 9.726871  0.799540 -0.600613 0.000000  0.085161 0.876124 0
0  12.239835 -3.939584 14.122545  0.799540 -0.600613 0.000000  0.066993 0.876124 0
tire_wall_straight
0  12.239835 -3.939584 9.726871  0.999873 -0.015948 0.000000  0.944955 0.440830 0
0  12.362517 3.752057 9.726871  0.999873 -0.015948 0.000000  0.944955 0.471116 0
0  12.362517 3.752057 14.122545  0.999873 -0.015948 0.000000  0.926788 0.471116 0
tire_wall_straight
0  12.362517 3.752057 9.726871  0.818288 0.574808 0.000000  0.944955 0.471116 0
0  7.940738 10.046838 9.726871  0.818288 0.574808 0.000000  0.944955 0.498900 0
0  7.940738 10.046838 14.122545  0.818288 0.574808 0.000000  0.926788 0.498900 0
tire_wall_straight
0  7.940738 10.046838 9.726871  0.324145 0.946007 0.000000  0.051569 0.796145 0
0  0.663464 12.540363 9.726871  0.324145 0.946007 0.000000  0.051569 0.823148 0
0  0.663464 12.540363 14.122545  0.324145 0.946007 0.000000  0.033402 0.823148 0
tire_wall_straight
0  0.663464 12.540363 14.122545  0.009736 0.610400 0.792034  0.616023 0.683150 0
0  -6.689632 10.280194 14.122545  -0.350907 0.499547 0.792034  0.585785 0.673633 0
0  -5.401806 8.446864 15.849417  -0.350908 0.499546 0.792034  0.591228 0.666377 0
tire_wall_straight
0  -6.689632 10.280194 14.122545  -0.350907 0.499547 0.792034  0.585785 0.673633 0
0  -11.309918 4.129637 14.122545  -0.577516 0.197884 0.792034  0.567097 0.648719 0
0  -9.190441 3.403407 15.849417  -0.577516 0.197883 0.792034  0.575904 0.645947 0
tire_wall_straight
0  -11.309918 4.129637 14.122545  -0.577516 0.197884 0.792034  0.567097 0.648719 0
0  -11.432601 -3.562004 14.122545  -0.583533 -0.179364 0.792034  0.567097 0.617923 0
0  -9.291040 -2.903738 15.849417  -0.583533 -0.179365 0.792034  0.575904 0.620694 0
tire_wall_straight
0  -11.432601 -3.562004 14.122545  -0.583533 -0.179364 0.792034  0.567097 0.617923 0
0  -7.010821 -9.856784 14.122545  -0.366661 -0.488100 0.792034  0.585785 0.593008 0
0  -5.665181 -8.065457 15.849417  -0.366660 -0.488101 0.792034  0.591228 0.600264 0
tire_wall_straight
0  -7.010821 -9.856784 14.122545  -0.366661 -0.488100 0.792034  0.585785 0.593008 0
0  0.266453 -12.350309 14.122545  -0.009736 -0.610400 0.792034  0.616023 0.583491 0
0  0.302184 -10.110149 15.849417  -0.009735 -0.610400 0.792034  0.616023 0.592461 0
tire_wall_straight
0  0.266453 -12.350309 14.122545  -0.009736 -0.610400 0.792034  0.616023 0.583491 0
0  7.619549 -10.090140 14.122545  0.350907 -0.499547 0.792034  0.646261 0.593008 0
0  6.331723 -8.256810 15.849417  0.350908 -0.499546 0.792034  0.640818 0.600264 0
tire_wall_straight
0  7.619549 -10.090140 14.122545  0.350907 -0.499547 0.792034  0.646261 0.593008 0
0  12.239835 -3.939584 14.122545  0.577516 -0.197884 0.792034  0.664949 0.617923 0
0  10.120358 -3.213354 15.849417  0.577516 -0.197883 0.792034  0.656142 0.620694 0
tire_wall_straight
0  12.239835 -3.939584 14.122545  0.577516 -0.197884 0.792034  0.664949 0.617923 0
0  12.362517 3.752057 14.122545  0.583533 0.179364 0.792034  0.664949 0.648719 0
0  10.220957 3.093791 15.849417  0.583533 0.179365 0.792034  0.656142 0.645947 0
tire_wall_straight
0  12.362517 3.752057 14.122545  0.583533 0.179364 0.792034  0.664949 0.648719 0
0  7.940738 10.046838 14.122545  0.366661 0.488101 0.792034  0.646261 0.673633 0
0  6.595098 8.255511 15.849417  0.366660 0.488101 0.792034  0.640818 0.666377 0
tire_wall_straight
0  7.940738 10.046838 14.122545  0.366661 0.488101 0.792034  0.646261 0.673633 0
0  0.663464 12.540363 14.122545  0.009736 0.610400 0.792034  0.616023 0.683150 0
0  0.627733 10.300203 15.849417  0.009735 0.610400 0.792034  0.616023 0.674181 0
tire_wall_straight
0  0.627733 10.300203 15.849417  -0.002345 -0.147141 0.989113  0.616023 0.674181 0
0  -5.401806 8.446864 15.849417  0.084590 -0.120418 0.989113  0.591228 0.666377 0
0  -3.470067 5.696868 15.349417  0.084589 -0.120419 0.989113  0.599392 0.655493 0
tire_wall_straight
0  -5.401806 8.446864 15.849417  0.084590 -0.120418 0.989113  0.591228 0.666377 0
0  -9.190441 3.403407 15.849417  0.139215 -0.047700 0.989113  0.575904 0.645947 0
0  -6.011224 2.314063 15.349417  0.139214 -0.047701 0.989113  0.589114 0.641790 0
tire_wall_straight
0  -9.190441 3.403407 15.849417  0.139215 -0.047700 0.989113  0.575904 0.645947 0
0  -9.291040 -2.903738 15.849417  0.140665 0.043239 0.989113  0.575904 0.620694 0
0  -6.078699 -1.916340 15.349417  0.140665 0.043238 0.989113  0.589114 0.624852 0
tire_wall_straight
0  -9.291040 -2.903738 15.849417  0.140665 0.043239 0.989113  0.575904 0.620694 0
0  -5.665181 -8.065457 15.849417  0.088385 0.117661 0.989113  0.591228 0.600264 0
0  -3.646721 -5.378469 15.349417  0.088386 0.117661 0.989113  0.599392 0.611149 0
tire_wall_straight
0  -5.665181 -8.065457 15.849417  0.088385 0.117661 0.989113  0.591228 0.600264 0
0  0.302184 -10.110149 15.849417  0.002345 0.147141 0.989113  0.616023 0.592461 0
0  0.355780 -6.749908 15.349417  0.002346 0.147141 0.989113  0.616023 0.605915 0
tire_wall_straight
0  0.302184 -10.110149 15.849417  0.002345 0.147141 0.989113  0.616023 0.592461 0
0  6.331723 -8.256810 15.849417  -0.084590 0.120418 0.989113  0.640818 0.600264 0
0  4.399983 -5.506815 15.349417  -0.084589 0.120419 0.989113  0.632654 0.611149 0
tire_wall_straight
0  6.331723 -8.256810 15.849417  -0.084590 0.120418 0.989113  0.640818 0.600264 0
0  10.120358 -3.213354 15.849417  -0.139215 0.047700 0.989113  0.656142 0.620694 0
0  6.941141 -2.124009 15.349417  -0.139214 0.047701 0.989113  0.642932 0.624852 0
tire_wall_straight
0  10.120358 -3.213354 15.849417  -0.139215 0.047700 0.989113  0.656142 0.620694 0
0  10.220957 3.093791 15.849417  -0.140665 -0.043239 0.989113  0.656142 0.645947 0
0  7.008616 2.106393 15.349417  -0.140665 -0.043238 0.989113  0.642932 0.641790 0
tire_wall_straight
0  10.220957 3.093791 15.849417  -0.140665 -0.043239 0.989113  0.656142 0.645947 0
0  6.595098 8.255511 15.849417  -0.088385 -0.117661 0.989113  0.640818 0.666377 0
0  4.576637 5.568522 15.349417  -0.088386 -0.117661 0.989113  0.632654 0.655493 0
tire_wall_straight
0  6.595098 8.255511 15.849417  -0.088385 -0.117661 0.989113  0.640818 0.666377 0
0  0.627733 10.300203 15.849417  -0.002345 -0.147141 0.989113  0.616023 0.674181 0
0  0.574136 6.939961 15.349417  -0.002346 -0.147141 0.989113  0.616023 0.660727 0
tire_wall_straight
0  0.574136 6.939961 15.349417  0.293810 -0.955864 0.000000  0.882981 0.504399 0
0  -3.470067 5.696868 15.349417  0.293810 -0.955864 0.000000  0.882981 0.487597 0
0  -3.470067 5.696868 8.500000  0.293810 -0.955864 0.000000  0.911290 0.487597 0
tire_wall_straight
0  -3.470067 5.696868 15.349417  0.799540 -0.600613 0.000000  0.882981 0.487597 0
0  -6.011224 2.314063 15.349417  0.799540 -0.600613 0.000000  0.882981 0.475262 0
0  -6.011224 2.314063 8.500000  0.799540 -0.600613 0.000000  0.911290 0.475262 0
tire_wall_straight
0  -6.011224 2.314063 15.349417  0.999873 -0.015948 0.000000  0.567230 0.999102 0
0  -6.078699 -1.916340 15.349417  0.999873 -0.015948 0.000000  0.567230 0.982445 0
0  -6.078699 -1.916340 8.500000  0.999873 -0.015948 0.000000  0.595539 0.982445 0
tire_wall_straight
0  -6.078699 -1.916340 15.349417  0.818288 0.574808 0.000000  0.567230 0.982445 0
0  -3.646721 -5.378469 15.349417  0.818288 0.574808 0.000000  0.567230 0.967164 0
0  -3.646721 -5.378469 8.500000  0.818288 0.574808 0.000000  0.595539 0.967164 0
tire_wall_straight
0  -3.646721 -5.378469 15.349417  0.324145 0.946007 0.000000  0.882981 0.460323 0
0  0.355780 -6.749908 15.349417  0.324145 0.946007 0.000000  0.882981 0.445471 0
0  0.355780 -6.749908 8.500000  0.324145 0.946007 0.000000  0.911290 0.445471 0
tire_wall_straight
0  0.355780 -6.749908 15.349417  -0.293810 0.955864 0.000000  0.882981 0.445471 0
0  4.399983 -5.506815 15.349417  -0.293810 0.955864 0.000000  0.882981 0.428669 0
0  4.399983 -5.506815 8.500000  -0.293810 0.955864 0.000000  0.911290 0.428669 0
tire_wall_straight
0  4.399983 -5.506815 15.349417  -0.799540 0.600613 0.000000  0.882981 0.428669 0
0  6.941141 -2.124009 15.349417  -0.799540 0.600613 0.000000  0.882981 0.416334 0
0  6.941141 -2.124009 8.500000  -0.799540 0.600613 0.000000  0.911290 0.416334 0
tire_wall_straight
0  6.941141 -2.124009 15.349417  -0.999873 0.015948 0.000000  0.610963 0.999102 0
0  7.008616 2.106393 15.349417  -0.999873 0.015948 0.000000  0.610963 0.982445 0
0  7.008616 2.106393 8.500000  -0.999873 0.015948 0.000000  0.639272 0.982445 0
tire_wall_straight
0  7.008616 2.106393 15.349417  -0.818288 -0.574808 0.000000  0.610963 0.982445 0
0  4.576637 5.568522 15.349417  -0.818288 -0.574808 0.000000  0.610963 0.967164 0
0  4.576637 5.568522 8.500000  -0.818288 -0.574808 0.000000  0.639272 0.967164 0
tire_wall_straight
0  4.576637 5.568522 15.349417  -0.324145 -0.946007 0.000000  0.882981 0.519251 0
0  0.574136 6.939961 15.349417  -0.324145 -0.946007 0.000000  0.882981 0.504399 0
0  0.574136 6.939961 8.500000  -0.324145 -0.946007 0.000000  0.911290 0.504399 0
tire_wall_straight
0  -5.982710 2.819163 16.500000  0.130437 -0.068762 -0.989069  0.767383 0.058180 0
0  -6.701152 -1.341668 16.500000  0.145942 0.021039 -0.989069  0.767383 0.041277 0
0  -10.020719 -1.820229 16.000000  0.145942 0.021038 -0.989069  0.780567 0.037128 0
tire_wall_straight
0  -6.701152 -1.341668 16.500000  0.145942 0.021039 -0.989069  0.767383 0.041277 0
0  -4.836709 -5.130139 16.500000  0.105704 0.102804 -0.989069  0.757125 0.027601 0
0  -7.241004 -7.468495 16.000000  0.105704 0.102803 -0.989069  0.765273 0.016739 0
tire_wall_straight
0  -4.836709 -5.130139 16.500000  0.105704 0.102804 -0.989069  0.757125 0.027601 0
0  -1.101535 -7.099185 16.500000  0.025090 0.145301 -0.989069  0.740528 0.022378 0
0  -1.672199 -10.404164 16.000000  0.025091 0.145301 -0.989069  0.740528 0.008951 0
tire_wall_straight
0  -1.101535 -7.099185 16.500000  0.025090 0.145301 -0.989069  0.740528 0.022378 0
0  3.077660 -6.496696 16.500000  -0.065108 0.132298 -0.989069  0.723931 0.027601 0
0  4.558602 -9.505909 16.000000  -0.065107 0.132299 -0.989069  0.715783 0.016739 0
tire_wall_straight
0  3.077660 -6.496696 16.500000  -0.065108 0.132298 -0.989069  0.723931 0.027601 0
0  6.104567 -3.552804 16.500000  -0.130436 0.068762 -0.989069  0.713673 0.041277 0
0  9.071445 -5.116832 16.000000  -0.130436 0.068763 -0.989069  0.700490 0.037128 0
tire_wall_straight
0  6.104567 -3.552804 16.500000  -0.130436 0.068762 -0.989069  0.713673 0.041277 0
0  6.823009 0.608027 16.500000  -0.145942 -0.021039 -0.989069  0.713673 0.058180 0
0  10.142575 1.086588 16.000000  -0.145943 -0.021038 -0.989069  0.700490 0.062329 0
tire_wall_straight
0  6.823009 0.608027 16.500000  -0.145942 -0.021039 -0.989069  0.713673 0.058180 0
0  4.958566 4.396499 16.500000  -0.105703 -0.102804 -0.989069  0.723931 0.071856 0
0  7.362861 6.734855 16.000000  -0.105704 -0.102803 -0.989069  0.715783 0.082718 0
tire_wall_straight
0  4.958566 4.396499 16.500000  -0.105703 -0.102804 -0.989069  0.723931 0.071856 0
0  1.223391 6.365544 16.500000  -0.025090 -0.145301 -0.989069  0.740528 0.077079 0
0  1.794055 9.670524 16.000000  -0.025091 -0.145301 -0.989069  0.740528 0.090506 0
tire_wall_straight
0  1.223391 6.365544 16.500000  -0.025090 -0.145301 -0.989069  0.740528 0.077079 0
0  -2.955804 5.763056 16.500000  0.065108 -0.132298 -0.989069  0.757125 0.071856 0
0  -4.436746 8.772268 16.000000  0.065107 -0.132299 -0.989069  0.765273 0.082718 0
tire_wall_straight
0  -2.955804 5.763056 16.500000  0.065108 -0.132298 -0.989069  0.757125 0.071856 0
0  -5.982710 2.819163 16.500000  0.130437 -0.068762 -0.989069  0.767383 0.058180 0
0  -8.949588 4.383191 16.000000  0.130437 -0.068763 -0.989069  0.780567 0.062329 0
tire_wall_straight
0  -8.949588 4.383191 16.000000  -0.541110 0.285254 -0.791095  0.780567 0.062329 0
0  -10.020719 -1.820229 16.000000  -0.605435 -0.087281 -0.791095  0.780567 0.037128 0
0  -12.233763 -2.139270 17.728870  -0.605435 -0.087282 -0.791095  0.789355 0.034362 0
tire_wall_straight
0  -10.020719 -1.820229 16.000000  -0.605435 -0.087281 -0.791095  0.780567 0.037128 0
0  -7.241004 -7.468495 16.000000  -0.438505 -0.426477 -0.791095  0.765273 0.016739 0
0  -8.843866 -9.027400 17.728870  -0.438504 -0.426478 -0.791095  0.770705 0.009497 0
tire_wall_straight
0  -7.241004 -7.468495 16.000000  -0.438505 -0.426477 -0.791095  0.765273 0.016739 0
0  -1.672199 -10.404164 16.000000  -0.104080 -0.602774 -0.791095  0.740528 0.008951 0
0  -2.052641 -12.607484 17.728870  -0.104079 -0.602774 -0.791095  0.740528 0.000000 0
tire_wall_straight
0  -1.672199 -10.404164 16.000000  -0.104080 -0.602774 -0.791095  0.740528 0.008951 0
0  4.558602 -9.505909 16.000000  0.270099 -0.548831 -0.791095  0.715783 0.016739 0
0  5.545896 -11.512050 17.728870  0.270100 -0.548831 -0.791095  0.710351 0.009497 0
tire_wall_straight
0  4.558602 -9.505909 16.000000  0.270099 -0.548831 -0.791095  0.715783 0.016739 0
0  9.071445 -5.116832 16.000000  0.541110 -0.285254 -0.791094  0.700490 0.037128 0
0  11.049362 -6.159517 17.728870  0.541111 -0.285253 -0.791094  0.691701 0.034362 0
tire_wall_straight
0  9.071445 -5.116832 16.000000  0.541110 -0.285254 -0.791094  0.700490 0.037128 0
0  10.142575 1.086588 16.000000  0.605435 0.087281 -0.791095  0.700490 0.062329 0
0  12.355619 1.405628 17.728870  0.605435 0.087282 -0.791094  0.691701 0.065096 0
tire_wall_straight
0  10.142575 1.086588 16.000000  0.605435 0.087281 -0.791095  0.700490 0.062329 0
0  7.362861 6.734855 16.000000  0.438505 0.426477 -0.791095  0.715783 0.082718 0
0  8.965723 8.293759 17.728870  0.438504 0.426478 -0.791095  0.710351 0.089960 0
tire_wall_straight
0  7.362861 6.734855 16.000000  0.438505 0.426477 -0.791095  0.715783 0.082718 0
0  1.794055 9.670524 16.000000  0.104081 0.602774 -0.791095  0.740528 0.090506 0
0  2.174497 11.873843 17.728870  0.104079 0.602774 -0.791095  0.740528 0.099457 0
tire_wall_straight
0  1.794055 9.670524 16.000000  0.104081 0.602774 -0.791095  0.740528 0.090506 0
0  -4.436746 8.772268 16.000000  -0.270099 0.548831 -0.791095  0.765273 0.082718 0
0  -5.424039 10.778409 17.728870  -0.270100 0.548831 -0.791095  0.770705 0.089960 0
tire_wall_straight
0  -4.436746 8.772268 16.000000  -0.270099 0.548831 -0.791095  0.765273 0.082718 0
0  -8.949588 4.383191 16.000000  -0.541110 0.285254 -0.791095  0.780567 0.062329 0
0  -10.927505 5.425876 17.728870  -0.541110 0.285253 -0.791095  0.789355 0.065096 0
tire_wall_straight
0  -10.927505 5.425876 17.728870  -0.985418 0.170150 0.000000  0.944976 0.146610 0
0  -12.233763 -2.139270 17.728870  -0.985418 0.170150 0.000000  0.944976 0.175611 0
0  -12.233763 -2.139270 22.129635  -0.985418 0.170150 0.000000  0.926788 0.175611 0
tire_wall_straight
0  -12.233763 -2.139270 17.728870  -0.897232 -0.441560 0.000000  0.944976 0.175611 0
0  -8.843866 -9.027400 17.728870  -0.897232 -0.441560 0.000000  0.944976 0.205053 0
0  -8.843866 -9.027400 22.129635  -0.897232 -0.441560 0.000000  0.926788 0.205053 0
tire_wall_straight
0  -8.843866 -9.027400 17.728870  -0.466333 -0.884609 0.000000  0.822968 0.572511 0
0  -2.052641 -12.607484 17.728870  -0.466333 -0.884609 0.000000  0.822968 0.596854 0
0  -2.052641 -12.607484 22.129635  -0.466333 -0.884609 0.000000  0.804779 0.596854 0
tire_wall_straight
0  -2.052641 -12.607484 17.728870  0.142689 -0.989768 0.000000  0.822968 0.596854 0
0  5.545896 -11.512050 17.728870  0.142689 -0.989768 0.000000  0.822968 0.627576 0
0  5.545896 -11.512050 22.129635  0.142689 -0.989768 0.000000  0.804779 0.627576 0
tire_wall_straight
0  5.545896 -11.512050 17.728870  0.697208 -0.716869 0.000000  0.822968 0.627576 0
0  11.049362 -6.159517 17.728870  0.697208 -0.716869 0.000000  0.822968 0.652941 0
0  11.049362 -6.159517 22.129635  0.697208 -0.716869 0.000000  0.804779 0.652941 0
tire_wall_straight
0  11.049362 -6.159517 17.728870  0.985418 -0.170150 0.000000  0.944976 0.219993 0
0  12.355619 1.405628 17.728870  0.985418 -0.170150 0.000000  0.944976 0.248994 0
0  12.355619 1.405628 22.129635  0.985418 -0.170150 0.000000  0.926788 0.248994 0
tire_wall_straight
0  12.355619 1.405628 17.728870  0.897232 0.441560 0.000000  0.944976 0.248994 0
0  8.965723 8.293759 17.728870  0.897232 0.441560 0.000000  0.944976 0.278437 0
0  8.965723 8.293759 22.129635  0.897232 0.441560 0.000000  0.926788 0.278437 0
tire_wall_straight
0  8.965723 8.293759 17.728870  0.466333 0.884609 0.000000  0.822968 0.477141 0
0  2.174497 11.873843 17.728870  0.466333 0.884609 0.000000  0.822968 0.501484 0
0  2.174497 11.873843 22.129635  0.466333 0.884609 0.000000  0.804779 0.501484 0
tire_wall_straight
0  2.174497 11.873843 17.728870  -0.142689 0.989768 0.000000  0.822968 0.501484 0
0  -5.424039 10.778409 17.728870  -0.142689 0.989768 0.000000  0.822968 0.532206 0
0  -5.424039 10.778409 22.129635  -0.142689 0.989768 0.000000  0.804779 0.532206 0
tire_wall_straight
0  -5.424039 10.778409 17.728870  -0.697208 0.716869 0.000000  0.822968 0.532206 0
0  -10.927505 5.425876 17.728870  -0.697208 0.716869 0.000000  0.822968 0.557571 0
0  -10.927505 5.425876 22.129635  -0.697208 0.716869 0.000000  0.804779 0.557571 0
tire_wall_straight
0  -10.927505 5.425876 22.129635  -0.541110 0.285253 0.791094  0.710351 0.123894 0
0  -12.233763 -2.139270 22.129635  -0.605435 -0.087281 0.791095  0.740528 0.114397 0
0  -10.020719 -1.820229 23.858505  -0.605434 -0.087283 0.791095  0.740528 0.123348 0
tire_wall_straight
0  -12.233763 -2.139270 22.129635  -0.605435 -0.087281 0.791095  0.740528 0.114397 0
0  -8.843866 -9.027400 22.129635  -0.438504 -0.426478 0.791095  0.770705 0.123894 0
0  -7.241004 -7.468495 23.858505  -0.438503 -0.426479 0.791095  0.765273 0.131136 0
tire_wall_straight
0  -8.843866 -9.027400 22.129635  -0.438504 -0.426478 0.791095  0.770705 0.123894 0
0  -2.052641 -12.607484 22.129635  -0.104080 -0.602774 0.791095  0.789355 0.148758 0
0  -1.672199 -10.404164 23.858505  -0.104079 -0.602774 0.791095  0.780566 0.151524 0
tire_wall_straight
0  -2.052641 -12.607484 22.129635  -0.104080 -0.602774 0.791095  0.789355 0.148758 0
0  5.545896 -11.512050 22.129635  0.270099 -0.548831 0.791095  0.789355 0.179492 0
0  4.558602 -9.505909 23.858505  0.270100 -0.548831 0.791095  0.780566 0.176726 0
tire_wall_straight
0  5.545896 -11.512050 22.129635  0.270099 -0.548831 0.791095  0.789355 0.179492 0
0  11.049362 -6.159517 22.129635  0.541110 -0.285253 0.791095  0.770705 0.204357 0
0  9.071445 -5.116832 23.858505  0.541110 -0.285252 0.791095  0.765273 0.197115 0
tire_wall_straight
0  11.049362 -6.159517 22.129635  0.541110 -0.285253 0.791095  0.770705 0.204357 0
0  12.355619 1.405628 22.129635  0.605435 0.087281 0.791095  0.740528 0.213854 0
0  10.142575 1.086588 23.858505  0.605434 0.087283 0.791095  0.740528 0.204903 0
tire_wall_straight
0  12.355619 1.405628 22.129635  0.605435 0.087281 0.791095  0.740528 0.213854 0
0  8.965723 8.293759 22.129635  0.438504 0.426478 0.791095  0.710351 0.204357 0
0  7.362861 6.734855 23.858505  0.438503 0.426479 0.791095  0.715783 0.197115 0
tire_wall_straight
0  8.965723 8.293759 22.129635  0.438504 0.426478 0.791095  0.710351 0.204357 0
0  2.174497 11.873843 22.129635  0.104080 0.602774 0.791095  0.691701 0.179492 0
0  1.794055 9.670524 23.858505  0.104079 0.602774 0.791095  0.700490 0.176726 0
tire_wall_straight
0  2.174497 11.873843 22.129635  0.104080 0.602774 0.791095  0.691701 0.179492 0
0  -5.424039 10.778409 22.129635  -0.270099 0.548831 0.791095  0.691701 0.148758 0
0  -4.436746 8.772268 23.858505  -0.270100 0.548831 0.791095  0.700490 0.151524 0
tire_wall_straight
0  -5.424039 10.778409 22.129635  -0.270099 0.548831 0.791095  0.691701 0.148758 0
0  -10.927505 5.425876 22.129635  -0.541110 0.285253 0.791094  0.710351 0.123894 0
0  -8.949588 4.383191 23.858505  -0.541111 0.285252 0.791095  0.715783 0.131136 0
tire_wall_straight
0  -8.949588 4.383191 23.858505  0.130437 -0.068760 0.989069  0.715783 0.131136 0
0  -10.020719 -1.820229 23.858505  0.145942 0.021041 0.989069  0.740528 0.123348 0
0  -6.701152 -1.341668 23.358505  0.145943 0.021040 0.989069  0.740528 0.136775 0
tire_wall_straight
0  -10.020719 -1.820229 23.858505  0.145942 0.021041 0.989069  0.740528 0.123348 0
0  -7.241004 -7.468495 23.858505  0.105702 0.102805 0.989069  0.765273 0.131136 0
0  -4.836709 -5.130139 23.358505  0.105703 0.102805 0.989069  0.757125 0.141998 0
tire_wall_straight
0  -7.241004 -7.468495 23.858505  0.105702 0.102805 0.989069  0.765273 0.131136 0
0  -1.672199 -10.404164 23.858505  0.025087 0.145302 0.989069  0.780566 0.151524 0
0  -1.101535 -7.099185 23.358505  0.025088 0.145301 0.989069  0.767383 0.155674 0
tire_wall_straight
0  -1.672199 -10.404164 23.858505  0.025087 0.145302 0.989069  0.780566 0.151524 0
0  4.558602 -9.505909 23.858505  -0.065110 0.132297 0.989069  0.780566 0.176726 0
0  3.077660 -6.496696 23.358505  -0.065109 0.132298 0.989069  0.767383 0.172577 0
tire_wall_straight
0  4.558602 -9.505909 23.858505  -0.065110 0.132297 0.989069  0.780566 0.176726 0
0  9.071445 -5.116832 23.858505  -0.130437 0.068760 0.989069  0.765273 0.197115 0
0  6.104567 -3.552804 23.358505  -0.130437 0.068761 0.989069  0.757125 0.186253 0
tire_wall_straight
0  9.071445 -5.116832 23.858505  -0.130437 0.068760 0.989069  0.765273 0.197115 0
0  10.142575 1.086588 23.858505  -0.145942 -0.021041 0.989069  0.740528 0.204903 0
0  6.823009 0.608027 23.358505  -0.145942 -0.021040 0.989069  0.740528 0.191476 0
tire_wall_straight
0  10.142575 1.086588 23.858505  -0.145942 -0.021041 0.989069  0.740528 0.204903 0
0  7.362861 6.734855 23.858505  -0.105702 -0.102805 0.989069  0.715783 0.197115 0
0  4.958566 4.396499 23.358505  -0.105703 -0.102805 0.989069  0.723931 0.186253 0
tire_wall_straight
0  7.362861 6.734855 23.858505  -0.105702 -0.102805 0.989069  0.715783 0.197115 0
0  1.794055 9.670524 23.858505  -0.025087 -0.145301 0.989069  0.700490 0.176726 0
0  1.223391 6.365544 23.358505  -0.025088 -0.145301 0.989069  0.713673 0.172577 0
tire_wall_straight
0  1.794055 9.670524 23.858505  -0.025087 -0.145301 0.989069  0.700490 0.176726 0
0  -4.436746 8.772268 23.858505  0.065110 -0.132297 0.989069  0.700490 0.151524 0
0  -2.955804 5.763056 23.358505  0.065109 -0.132298 0.989069  0.713673 0.155674 0
tire_wall_straight
0  -4.436746 8.772268 23.858505  0.065110 -0.132297 0.989069  0.700490 0.151524 0
0  -8.949588 4.383191 23.858505  0.130437 -0.068760 0.989069  0.715783 0.131136 0
0  -5.982710 2.819163 23.358505  0.130437 -0.068761 0.989069  0.723931 0.141998 0
tire_wall_straight
0  -5.982710 2.819163 23.358505  0.985418 -0.170150 0.000000  0.436671 0.999308 0
0  -6.701152 -1.341668 23.358505  0.985418 -0.170150 0.000000  0.436671 0.983357 0
0  -6.701152 -1.341668 16.500000  0.985418 -0.170150 0.000000  0.465018 0.983357 0
tire_wall_straight
0  -6.701152 -1.341668 23.358505  0.897232 0.441560 0.000000  0.436671 0.983357 0
0  -4.836709 -5.130139 23.358505  0.897232 0.441560 0.000000  0.436671 0.967164 0
0  -4.836709 -5.130139 16.500000  0.897232 0.441560 0.000000  0.465018 0.967164 0
tire_wall_straight
0  -4.836709 -5.130139 23.358505  0.466333 0.884609 0.000000  0.882981 0.282510 0
0  -1.101535 -7.099185 23.358505  0.466333 0.884609 0.000000  0.882981 0.269121 0
0  -1.101535 -7.099185 16.500000  0.466333 0.884609 0.000000  0.911328 0.269121 0
tire_wall_straight
0  -1.101535 -7.099185 23.358505  -0.142689 0.989768 0.000000  0.882981 0.269121 0
0  3.077660 -6.496696 23.358505  -0.142689 0.989768 0.000000  0.882981 0.252224 0
0  3.077660 -6.496696 16.500000  -0.142689 0.989768 0.000000  0.911328 0.252224 0
tire_wall_straight
0  3.077660 -6.496696 23.358505  -0.697208 0.716869 0.000000  0.882981 0.252224 0
0  6.104567 -3.552804 23.358505  -0.697208 0.716869 0.000000  0.882981 0.238273 0
0  6.104567 -3.552804 16.500000  -0.697208 0.716869 0.000000  0.911328 0.238273 0
tire_wall_straight
0  6.104567 -3.552804 23.358505  -0.985418 0.170150 0.000000  0.392901 0.999308 0
0  6.823009 0.608027 23.358505  -0.985418 0.170150 0.000000  0.392901 0.983357 0
0  6.823009 0.608027 16.500000  -0.985418 0.170150 0.000000  0.421247 0.983357 0
tire_wall_straight
0  6.823009 0.608027 23.358505  -0.897232 -0.441560 0.000000  0.392901 0.983357 0
0  4.958566 4.396499 23.358505  -0.897232 -0.441560 0.000000  0.392901 0.967164 0
0  4.958566 4.396499 16.500000  -0.897232 -0.441560 0.000000  0.421247 0.967164 0
tire_wall_straight
0  4.958566 4.396499 23.358505  -0.466333 -0.884609 0.000000  0.882981 0.223334 0
0  1.223391 6.365544 23.358505  -0.466333 -0.884609 0.000000  0.882981 0.209945 0
0  1.223391 6.365544 16.500000  -0.466333 -0.884609 0.000000  0.911328 0.209945 0
tire_wall_straight
0  1.223391 6.365544 23.358505  0.142689 -0.989768 0.000000  0.882981 0.209945 0
0  -2.955804 5.763056 23.358505  0.142689 -0.989768 0.000000  0.882981 0.193048 0
0  -2.955804 5.763056 16.500000  0.142689 -0.989768 0.000000  0.911328 0.193048 0
tire_wall_straight
0  -2.955804 5.763056 23.358505  0.697208 -0.716869 0.000000  0.882981 0.193048 0
0  -5.982710 2.819163 23.358505  0.697209 -0.716868 0.000000  0.882981 0.179097 0
0  -5.982710 2.819163 16.500000  0.697208 -0.716869 0.000000  0.911328 0.179097 0
tire_wall_straight
0  24.742868 7.298315 0.500000  0.022945 -0.142603 -0.989514  0.425218 0.176214 0
0  20.905254 5.331063 0.500000  0.102382 -0.101881 -0.989514  0.425218 0.158950 0
0  18.477171 7.747246 0.000000  0.102382 -0.101882 -0.989514  0.438682 0.154712 0
tire_wall_straight
0  20.905254 5.331063 0.500000  0.102382 -0.101881 -0.989514  0.425218 0.158950 0
0  18.956882 1.483830 0.500000  0.142713 -0.022245 -0.989514  0.414741 0.144982 0
0  15.572325 2.011371 0.000000  0.142713 -0.022246 -0.989514  0.423063 0.133888 0
tire_wall_straight
0  18.956882 1.483830 0.500000  0.142713 -0.022245 -0.989514  0.414741 0.144982 0
0  19.641962 -2.773871 0.500000  0.128533 0.065888 -0.989514  0.397790 0.139648 0
0  16.593716 -4.336474 0.000000  0.128533 0.065887 -0.989514  0.397790 0.125934 0
tire_wall_straight
0  19.641962 -2.773871 0.500000  0.128533 0.065888 -0.989514  0.397790 0.139648 0
0  22.698818 -5.815744 0.500000  0.065257 0.128854 -0.989514  0.380839 0.144983 0
0  21.151211 -8.871630 0.000000  0.065258 0.128854 -0.989514  0.372517 0.133888 0
tire_wall_straight
0  22.698818 -5.815744 0.500000  0.065257 0.128854 -0.989514  0.380839 0.144983 0
0  26.959833 -6.479896 0.500000  -0.022945 0.142603 -0.989514  0.370362 0.158950 0
0  27.503998 -9.861821 0.000000  -0.022944 0.142603 -0.989514  0.356898 0.154712 0
tire_wall_straight
0  26.959833 -6.479896 0.500000  -0.022945 0.142603 -0.989514  0.370362 0.158950 0
0  30.797447 -4.512644 0.500000  -0.102382 0.101881 -0.989514  0.370362 0.176214 0
0  33.225533 -6.928827 0.000000  -0.102382 0.101882 -0.989514  0.356898 0.180451 0
tire_wall_straight
0  30.797447 -4.512644 0.500000  -0.102382 0.101881 -0.989514  0.370362 0.176214 0
0  32.745819 -0.665412 0.500000  -0.142713 0.022245 -0.989514  0.380839 0.190181 0
0  36.130379 -1.192953 0.000000  -0.142713 0.022246 -0.989514  0.372517 0.201275 0
tire_wall_straight
0  32.745819 -0.665412 0.500000  -0.142713 0.022245 -0.989514  0.380839 0.190181 0
0  32.060738 3.592289 0.500000  -0.128533 -0.065888 -0.989514  0.397790 0.195516 0
0  35.108986 5.154892 0.000000  -0.128533 -0.065887 -0.989514  0.397790 0.209229 0
tire_wall_straight
0  32.060738 3.592289 0.500000  -0.128533 -0.065888 -0.989514  0.397790 0.195516 0
0  29.003883 6.634162 0.500000  -0.065257 -0.128854 -0.989514  0.414741 0.190181 0
0  30.551491 9.690048 0.000000  -0.065258 -0.128854 -0.989514  0.423063 0.201275 0
tire_wall_straight
0  29.003883 6.634162 0.500000  -0.065257 -0.128854 -0.989514  0.414741 0.190181 0
0  24.742868 7.298315 0.500000  0.022945 -0.142603 -0.989514  0.425218 0.176214 0
0  24.198704 10.680240 0.000000  0.022944 -0.142603 -0.989514  0.438682 0.180451 0
tire_wall_straight
0  24.198704 10.680240 0.000000  -0.095154 0.591375 -0.800763  0.438682 0.180451 0
0  18.477171 7.747246 0.000000  -0.424583 0.422503 -0.800763  0.438682 0.154712 0
0  16.858448 9.358034 1.708176  -0.424583 0.422502 -0.800763  0.447659 0.151887 0
tire_wall_straight
0  18.477171 7.747246 0.000000  -0.424583 0.422503 -0.800763  0.438682 0.154712 0
0  15.572325 2.011371 0.000000  -0.591835 0.092249 -0.800763  0.423063 0.133888 0
0  13.315953 2.363066 1.708176  -0.591836 0.092247 -0.800763  0.428611 0.126492 0
tire_wall_straight
0  15.572325 2.011371 0.000000  -0.591835 0.092249 -0.800763  0.423063 0.133888 0
0  16.593716 -4.336474 0.000000  -0.533027 -0.273242 -0.800763  0.397790 0.125934 0
0  14.561553 -5.378210 1.708176  -0.533027 -0.273243 -0.800763  0.397790 0.116792 0
tire_wall_straight
0  16.593716 -4.336474 0.000000  -0.533027 -0.273242 -0.800763  0.397790 0.125934 0
0  21.151211 -8.871630 0.000000  -0.270621 -0.534363 -0.800763  0.372517 0.133888 0
0  20.119473 -10.908888 1.708176  -0.270620 -0.534363 -0.800763  0.366969 0.126492 0
tire_wall_straight
0  21.151211 -8.871630 0.000000  -0.270621 -0.534363 -0.800763  0.372517 0.133888 0
0  27.503998 -9.861821 0.000000  0.095154 -0.591375 -0.800763  0.356898 0.154712 0
0  27.866774 -12.116438 1.708176  0.095155 -0.591375 -0.800763  0.347921 0.151887 0
tire_wall_straight
0  27.503998 -9.861821 0.000000  0.095154 -0.591375 -0.800763  0.356898 0.154712 0
0  33.225533 -6.928827 0.000000  0.424583 -0.422503 -0.800763  0.356898 0.180451 0
0  34.844254 -8.539616 1.708176  0.424584 -0.422502 -0.800763  0.347921 0.183276 0
tire_wall_straight
0  33.225533 -6.928827 0.000000  0.424583 -0.422503 -0.800763  0.356898 0.180451 0
0  36.130379 -1.192953 0.000000  0.591836 -0.092249 -0.800763  0.372517 0.201275 0
0  38.386749 -1.544648 1.708176  0.591836 -0.092248 -0.800763  0.366969 0.208671 0
tire_wall_straight
0  36.130379 -1.192953 0.000000  0.591836 -0.092249 -0.800763  0.372517 0.201275 0
0  35.108986 5.154892 0.000000  0.533027 0.273242 -0.800763  0.397790 0.209229 0
0  37.141148 6.196628 1.708176  0.533027 0.273243 -0.800763  0.397790 0.218371 0
tire_wall_straight
0  35.108986 5.154892 0.000000  0.533027 0.273242 -0.800763  0.397790 0.209229 0
0  30.551491 9.690048 0.000000  0.270621 0.534362 -0.800763  0.423063 0.201275 0
0  31.583229 11.727306 1.708176  0.270620 0.534363 -0.800763  0.428611 0.208671 0
tire_wall_straight
0  30.551491 9.690048 0.000000  0.270621 0.534362 -0.800763  0.423063 0.201275 0
0  24.198704 10.680240 0.000000  -0.095154 0.591375 -0.800763  0.438682 0.180451 0
0  23.835928 12.934856 1.708176  -0.095155 0.591375 -0.800763  0.447659 0.183276 0
tire_wall_straight
0  23.835928 12.934856 1.708176  -0.456178 0.889889 0.000000  0.523672 0.921734 0
0  16.858448 9.358034 1.708176  -0.456178 0.889888 0.000000  0.523672 0.951701 0
0  16.858448 9.358034 6.056261  -0.456178 0.889889 0.000000  0.505701 0.951701 0
tire_wall_straight
0  16.858448 9.358034 1.708176  -0.892119 0.451800 0.000000  0.489753 0.698309 0
0  13.315953 2.363066 1.708176  -0.892119 0.451800 0.000000  0.489753 0.723576 0
0  13.315953 2.363066 6.056261  -0.892119 0.451800 0.000000  0.471782 0.723576 0
tire_wall_straight
0  13.315953 2.363066 1.708176  -0.987301 -0.158860 0.000000  0.489753 0.723576 0
0  14.561553 -5.378210 1.708176  -0.987301 -0.158860 0.000000  0.489753 0.754965 0
0  14.561553 -5.378210 6.056261  -0.987301 -0.158860 0.000000  0.471782 0.754965 0
tire_wall_straight
0  14.561553 -5.378210 1.708176  -0.705367 -0.708842 0.000000  0.489753 0.754965 0
0  20.119473 -10.908888 1.708176  -0.705368 -0.708842 0.000000  0.489753 0.780486 0
0  20.119473 -10.908888 6.056261  -0.705368 -0.708842 0.000000  0.471782 0.780486 0
tire_wall_straight
0  20.119473 -10.908888 1.708176  -0.154008 -0.988070 0.000000  0.557067 0.891999 0
0  27.866774 -12.116438 1.708176  -0.154008 -0.988070 0.000000  0.557067 0.921734 0
0  27.866774 -12.116438 6.056261  -0.154008 -0.988070 0.000000  0.539096 0.921734 0
tire_wall_straight
0  27.866774 -12.116438 1.708176  0.456178 -0.889889 0.000000  0.557067 0.921734 0
0  34.844254 -8.539616 1.708176  0.456178 -0.889888 0.000000  0.557067 0.951701 0
0  34.844254 -8.539616 6.056261  0.456178 -0.889889 0.000000  0.539096 0.951701 0
tire_wall_straight
0  34.844254 -8.539616 1.708176  0.892119 -0.451800 0.000000  0.523148 0.698309 0
0  38.386749 -1.544648 1.708176  0.892119 -0.451800 0.000000  0.523148 0.723576 0
0  38.386749 -1.544648 6.056261  0.892119 -0.451800 0.000000  0.505177 0.723576 0
tire_wall_straight
0  38.386749 -1.544648 1.708176  0.987301 0.158861 0.000000  0.523148 0.723576 0
0  37.141148 6.196628 1.708176  0.987301 0.158861 0.000000  0.523148 0.754965 0
0  37.141148 6.196628 6.056261  0.987301 0.158861 0.000000  0.505177 0.754965 0
tire_wall_straight
0  37.141148 6.196628 1.708176  0.705368 0.708842 0.000000  0.523148 0.754965 0
0  31.583229 11.727306 1.708176  0.705368 0.708842 0.000000  0.523148 0.780486 0
0  31.583229 11.727306 6.056261  0.705368 0.708842 0.000000  0.505177 0.780486 0
tire_wall_straight
0  31.583229 11.727306 1.708176  0.154008 0.988070 0.000000  0.523672 0.891999 0
0  23.835928 12.934856 1.708176  0.154008 0.988070 0.000000  0.523672 0.921734 0
0  23.835928 12.934856 6.056261  0.154008 0.988070 0.000000  0.505701 0.921734 0
tire_wall_straight
0  23.835928 12.934856 6.056261  -0.095154 0.591375 0.800763  0.347921 0.299795 0
0  16.858448 9.358034 6.056261  -0.424583 0.422502 0.800763  0.347921 0.268405 0
0  18.477171 7.747246 7.764437  -0.424584 0.422502 0.800763  0.356898 0.271230 0
tire_wall_straight
0  16.858448 9.358034 6.056261  -0.424583 0.422502 0.800763  0.347921 0.268405 0
0  13.315953 2.363066 6.056261  -0.591836 0.092248 0.800763  0.366969 0.243011 0
0  15.572325 2.011371 7.764437  -0.591836 0.092247 0.800763  0.372517 0.250407 0
tire_wall_straight
0  13.315953 2.363066 6.056261  -0.591836 0.092248 0.800763  0.366969 0.243011 0
0  14.561553 -5.378210 6.056261  -0.533027 -0.273242 0.800763  0.397790 0.233311 0
0  16.593716 -4.336474 7.764437  -0.533026 -0.273243 0.800763  0.397790 0.242453 0
tire_wall_straight
0  14.561553 -5.378210 6.056261  -0.533027 -0.273242 0.800763  0.397790 0.233311 0
0  20.119473 -10.908888 6.056261  -0.270620 -0.534363 0.800763  0.428611 0.243011 0
0  21.151211 -8.871630 7.764437  -0.270619 -0.534363 0.800763  0.423063 0.250407 0
tire_wall_straight
0  20.119473 -10.908888 6.056261  -0.270620 -0.534363 0.800763  0.428611 0.243011 0
0  27.866774 -12.116438 6.056261  0.095154 -0.591375 0.800763  0.447659 0.268405 0
0  27.503998 -9.861821 7.764437  0.095155 -0.591375 0.800763  0.438682 0.271230 0
tire_wall_straight
0  27.866774 -12.116438 6.056261  0.095154 -0.591375 0.800763  0.447659 0.268405 0
0  34.844254 -8.539616 6.056261  0.424583 -0.422502 0.800763  0.447659 0.299795 0
0  33.225533 -6.928827 7.764437  0.424584 -0.422502 0.800763  0.438682 0.296970 0
tire_wall_straight
0  34.844254 -8.539616 6.056261  0.424583 -0.422502 0.800763  0.447659 0.299795 0
0  38.386749 -1.544648 6.056261  0.591836 -0.092248 0.800763  0.428611 0.325189 0
0  36.130379 -1.192953 7.764437  0.591836 -0.092247 0.800763  0.423063 0.317793 0
tire_wall_straight
0  38.386749 -1.544648 6.056261  0.591836 -0.092248 0.800763  0.428611 0.325189 0
0  37.141148 6.196628 6.056261  0.533027 0.273242 0.800763  0.397790 0.334889 0
0  35.108986 5.154892 7.764437  0.533026 0.273243 0.800763  0.397790 0.325747 0
tire_wall_straight
0  37.141148 6.196628 6.056261  0.533027 0.273242 0.800763  0.397790 0.334889 0
0  31.583229 11.727306 6.056261  0.270620 0.534363 0.800763  0.366969 0.325189 0
0  30.551491 9.690048 7.764437  0.270619 0.534363 0.800763  0.372517 0.317793 0
tire_wall_straight
0  31.583229 11.727306 6.056261  0.270620 0.534363 0.800763  0.366969 0.325189 0
0  23.835928 12.934856 6.056261  -0.095154 0.591375 0.800763  0.347921 0.299795 0
0  24.198704 10.680240 7.764437  -0.095155 0.591375 0.800763  0.356898 0.296970 0
tire_wall_straight
0  24.198704 10.680240 7.764437  0.022947 -0.142602 0.989514  0.356898 0.296970 0
0  18.477171 7.747246 7.764437  0.102384 -0.101880 0.989514  0.356898 0.271230 0
0  20.905254 5.331063 7.264437  0.102383 -0.101881 0.989514  0.370362 0.275468 0
tire_wall_straight
0  18.477171 7.747246 7.764437  0.102384 -0.101880 0.989514  0.356898 0.271230 0
0  15.572325 2.011371 7.764437  0.142714 -0.022243 0.989514  0.372517 0.250407 0
0  18.956882 1.483830 7.264437  0.142713 -0.022244 0.989514  0.380839 0.261501 0
tire_wall_straight
0  15.572325 2.011371 7.764437  0.142714 -0.022243 0.989514  0.372517 0.250407 0
0  16.593716 -4.336474 7.764437  0.128532 0.065890 0.989514  0.397790 0.242453 0
0  19.641962 -2.773871 7.264437  0.128532 0.065889 0.989514  0.397790 0.256166 0
tire_wall_straight
0  16.593716 -4.336474 7.764437  0.128532 0.065890 0.989514  0.397790 0.242453 0
0  21.151211 -8.871630 7.764437  0.065255 0.128856 0.989514  0.423063 0.250407 0
0  22.698818 -5.815744 7.264437  0.065256 0.128855 0.989514  0.414741 0.261501 0
tire_wall_straight
0  21.151211 -8.871630 7.764437  0.065255 0.128856 0.989514  0.423063 0.250407 0
0  27.503998 -9.861821 7.764437  -0.022947 0.142602 0.989514  0.438682 0.271230 0
0  26.959833 -6.479896 7.264437  -0.022946 0.142602 0.989514  0.425218 0.275468 0
tire_wall_straight
0  27.503998 -9.861821 7.764437  -0.022947 0.142602 0.989514  0.438682 0.271230 0
0  33.225533 -6.928827 7.764437  -0.102384 0.101880 0.989514  0.438682 0.296970 0
0  30.797447 -4.512644 7.264437  -0.102383 0.101881 0.989514  0.425218 0.292732 0
tire_wall_straight
0  33.225533 -6.928827 7.764437  -0.102384 0.101880 0.989514  0.438682 0.296970 0
0  36.130379 -1.192953 7.764437  -0.142714 0.022243 0.989514  0.423063 0.317793 0
0  32.745819 -0.665412 7.264437  -0.142713 0.022244 0.989514  0.414741 0.306699 0
tire_wall_straight
0  36.130379 -1.192953 7.764437  -0.142714 0.022243 0.989514  0.423063 0.317793 0
0  35.108986 5.154892 7.764437  -0.128532 -0.065890 0.989514  0.397790 0.325747 0
0  32.060738 3.592289 7.264437  -0.128532 -0.065889 0.989514  0.397790 0.312034 0
tire_wall_straight
0  35.108986 5.154892 7.764437  -0.128532 -0.065890 0.989514  0.397790 0.325747 0
0  30.551491 9.690048 7.764437  -0.065255 -0.128856 0.989514  0.372517 0.317793 0
0  29.003883 6.634162 7.264437  -0.065256 -0.128855 0.989514  0.380839 0.306699 0
tire_wall_straight
0  30.551491 9.690048 7.764437  -0.065255 -0.128856 0.989514  0.372517 0.317793 0
0  24.198704 10.680240 7.764437  0.022947 -0.142602 0.989514  0.356898 0.296970 0
0  24.742868 7.298315 7.264437  0.022946 -0.142602 0.989514  0.370362 0.292732 0
tire_wall_straight
0  24.742868 7.298315 7.264437  0.456178 -0.889889 0.000000  0.262347 0.983646 0
0  20.905254 5.331063 7.264437  0.456178 -0.889889 0.000000  0.262347 0.967164 0
0  20.905254 5.331063 0.500000  0.456178 -0.889889 0.000000  0.290305 0.967164 0
tire_wall_straight
0  20.905254 5.331063 7.264437  0.892119 -0.451800 0.000000  0.838686 0.699772 0
0  18.956882 1.483830 7.264437  0.892119 -0.451800 0.000000  0.838686 0.685875 0
0  18.956882 1.483830 0.500000  0.892119 -0.451800 0.000000  0.866643 0.685875 0
tire_wall_straight
0  18.956882 1.483830 7.264437  0.987301 0.158860 0.000000  0.838686 0.685875 0
0  19.641962 -2.773871 7.264437  0.987301 0.158860 0.000000  0.838686 0.668611 0
0  19.641962 -2.773871 0.500000  0.987301 0.158860 0.000000  0.866643 0.668611 0
tire_wall_straight
0  19.641962 -2.773871 7.264437  0.705367 0.708842 0.000000  0.838686 0.668611 0
0  22.698818 -5.815744 7.264437  0.705367 0.708842 0.000000  0.838686 0.654574 0
0  22.698818 -5.815744 0.500000  0.705367 0.708842 0.000000  0.866643 0.654574 0
tire_wall_straight
0  22.698818 -5.815744 7.264437  0.154008 0.988070 0.000000  0.218966 1.000000 0
0  26.959833 -6.479896 7.264437  0.154008 0.988070 0.000000  0.218966 0.983646 0
0  26.959833 -6.479896 0.500000  0.154008 0.988070 0.000000  0.246923 0.983646 0
tire_wall_straight
0  26.959833 -6.479896 7.264437  -0.456178 0.889889 0.000000  0.218966 0.983646 0
0  30.797447 -4.512644 7.264437  -0.456178 0.889889 0.000000  0.218966 0.967164 0
0  30.797447 -4.512644 0.500000  -0.456178 0.889889 0.000000  0.246923 0.967164 0
tire_wall_straight
0  30.797447 -4.512644 7.264437  -0.892119 0.451800 0.000000  0.838686 0.759909 0
0  32.745819 -0.665412 7.264437  -0.892119 0.451800 0.000000  0.838686 0.746012 0
0  32.745819 -0.665412 0.500000  -0.892119 0.451800 0.000000  0.866643 0.746012 0
tire_wall_straight
0  32.745819 -0.665412 7.264437  -0.987301 -0.158861 0.000000  0.838686 0.746012 0
0  32.060738 3.592289 7.264437  -0.987301 -0.158861 0.000000  0.838686 0.728748 0
0  32.060738 3.592289 0.500000  -0.987301 -0.158861 0.000000  0.866643 0.728748 0
tire_wall_straight
0  32.060738 3.592289 7.264437  -0.705368 -0.708842 0.000000  0.838686 0.728748 0
0  29.003883 6.634162 7.264437  -0.705367 -0.708842 0.000000  0.838686 0.714711 0
0  29.003883 6.634162 0.500000  -0.705368 -0.708842 0.000000  0.866643 0.714711 0
tire_wall_straight
0  29.003883 6.634162 7.264437  -0.154008 -0.988070 0.000000  0.262347 1.000000 0
0  24.742868 7.298315 7.264437  -0.154008 -0.988070 0.000000  0.262347 0.983646 0
0  24.742868 7.298315 0.500000  -0.154008 -0.988070 0.000000  0.290305 0.983646 0
tire_wall_straight
0  24.243608 6.770081 8.500000  0.024684 -0.144554 -0.989189  0.643584 0.302457 0
0  20.483818 4.796924 8.500000  0.104937 -0.102437 -0.989189  0.653899 0.288705 0
0  18.070377 7.152866 8.000000  0.104936 -0.102438 -0.989189  0.667157 0.292877 0
tire_wall_straight
0  20.483818 4.796924 8.500000  0.104937 -0.102437 -0.989189  0.653899 0.288705 0
0  18.601877 0.990656 8.500000  0.145106 -0.021193 -0.989189  0.653899 0.271706 0
0  15.264573 1.478068 8.000000  0.145106 -0.021194 -0.989189  0.667157 0.267534 0
tire_wall_straight
0  18.601877 0.990656 8.500000  0.145106 -0.021193 -0.989189  0.653899 0.271706 0
0  19.316624 -3.194856 8.500000  0.129851 0.068146 -0.989189  0.643584 0.257954 0
0  16.330193 -4.762150 8.000000  0.129851 0.068145 -0.989189  0.651778 0.247030 0
tire_wall_straight
0  19.316624 -3.194856 8.500000  0.129851 0.068146 -0.989189  0.643584 0.257954 0
0  22.355045 -6.160890 8.500000  0.064996 0.131455 -0.989189  0.626894 0.252701 0
0  20.860207 -9.184237 8.000000  0.064997 0.131455 -0.989189  0.626894 0.239199 0
tire_wall_straight
0  22.355045 -6.160890 8.500000  0.064996 0.131455 -0.989189  0.626894 0.252701 0
0  26.556574 -6.774521 8.500000  -0.024684 0.144554 -0.989189  0.610203 0.257954 0
0  27.124300 -10.099105 8.000000  -0.024683 0.144554 -0.989189  0.602010 0.247030 0
tire_wall_straight
0  26.556574 -6.774521 8.500000  -0.024684 0.144554 -0.989189  0.610203 0.257954 0
0  30.316364 -4.801364 8.500000  -0.104937 0.102437 -0.989189  0.599888 0.271706 0
0  32.729805 -7.157307 8.000000  -0.104936 0.102438 -0.989189  0.586631 0.267534 0
tire_wall_straight
0  30.316364 -4.801364 8.500000  -0.104937 0.102437 -0.989189  0.599888 0.271706 0
0  32.198303 -0.995097 8.500000  -0.145107 0.021193 -0.989189  0.599888 0.288705 0
0  35.535610 -1.482509 8.000000  -0.145106 0.021194 -0.989189  0.586631 0.292877 0
tire_wall_straight
0  32.198303 -0.995097 8.500000  -0.145107 0.021193 -0.989189  0.599888 0.288705 0
0  31.483559 3.190415 8.500000  -0.129851 -0.068146 -0.989189  0.610203 0.302457 0
0  34.469990 4.757710 8.000000  -0.129851 -0.068145 -0.989189  0.602010 0.313380 0
tire_wall_straight
0  31.483559 3.190415 8.500000  -0.129851 -0.068146 -0.989189  0.610203 0.302457 0
0  28.445137 6.156449 8.500000  -0.064996 -0.131455 -0.989189  0.626894 0.307710 0
0  29.939976 9.179796 8.000000  -0.064997 -0.131455 -0.989189  0.626894 0.321212 0
tire_wall_straight
0  28.445137 6.156449 8.500000  -0.064996 -0.131455 -0.989189  0.626894 0.307710 0
0  24.243608 6.770081 8.500000  0.024684 -0.144554 -0.989189  0.643584 0.302457 0
0  23.675882 10.094665 8.000000  0.024683 -0.144554 -0.989189  0.651778 0.313380 0
tire_wall_straight
0  23.675882 10.094665 8.000000  -0.101853 0.596452 -0.796160  0.651778 0.313380 0
0  18.070377 7.152866 8.000000  -0.432987 0.422672 -0.796160  0.667157 0.292877 0
0  16.461414 8.723495 9.708852  -0.432988 0.422671 -0.796160  0.675995 0.295659 0
tire_wall_straight
0  18.070377 7.152866 8.000000  -0.432987 0.422672 -0.796160  0.667157 0.292877 0
0  15.264573 1.478068 8.000000  -0.598734 0.087446 -0.796160  0.667157 0.267534 0
0  13.039703 1.803009 9.708852  -0.598734 0.087444 -0.796160  0.675995 0.264752 0
tire_wall_straight
0  15.264573 1.478068 8.000000  -0.598734 0.087446 -0.796160  0.667157 0.267534 0
0  16.330193 -4.762150 8.000000  -0.535785 -0.281182 -0.796160  0.651778 0.247030 0
0  14.339239 -5.807013 9.708852  -0.535785 -0.281183 -0.796160  0.657240 0.239748 0
tire_wall_straight
0  16.330193 -4.762150 8.000000  -0.535785 -0.281182 -0.796160  0.651778 0.247030 0
0  20.860207 -9.184237 8.000000  -0.268185 -0.542407 -0.796160  0.626894 0.239199 0
0  19.863646 -11.199800 9.708852  -0.268184 -0.542408 -0.796160  0.626894 0.230198 0
tire_wall_straight
0  20.860207 -9.184237 8.000000  -0.268185 -0.542407 -0.796160  0.626894 0.239199 0
0  27.124300 -10.099105 8.000000  0.101853 -0.596452 -0.796160  0.602010 0.247030 0
0  27.502785 -12.315494 9.708852  0.101854 -0.596452 -0.796160  0.596548 0.239748 0
tire_wall_straight
0  27.124300 -10.099105 8.000000  0.101853 -0.596452 -0.796160  0.602010 0.247030 0
0  32.729805 -7.157307 8.000000  0.432987 -0.422672 -0.796160  0.586631 0.267534 0
0  34.338768 -8.727936 9.708852  0.432988 -0.422671 -0.796160  0.577793 0.264752 0
tire_wall_straight
0  32.729805 -7.157307 8.000000  0.432987 -0.422672 -0.796160  0.586631 0.267534 0
0  35.535610 -1.482509 8.000000  0.598734 -0.087446 -0.796160  0.586631 0.292877 0
0  37.760479 -1.807450 9.708852  0.598734 -0.087445 -0.796160  0.577793 0.295658 0
tire_wall_straight
0  35.535610 -1.482509 8.000000  0.598734 -0.087446 -0.796160  0.586631 0.292877 0
0  34.469990 4.757710 8.000000  0.535785 0.281182 -0.796161  0.602010 0.313380 0
0  36.460945 5.802572 9.708852  0.535784 0.281183 -0.796160  0.596548 0.320662 0
tire_wall_straight
0  34.469990 4.757710 8.000000  0.535785 0.281182 -0.796161  0.602010 0.313380 0
0  29.939976 9.179796 8.000000  0.268185 0.542407 -0.796160  0.626894 0.321212 0
0  30.936537 11.195360 9.708852  0.268184 0.542408 -0.796160  0.626894 0.330213 0
tire_wall_straight
0  29.939976 9.179796 8.000000  0.268185 0.542407 -0.796160  0.626894 0.321212 0
0  23.675882 10.094665 8.000000  -0.101853 0.596452 -0.796160  0.651778 0.313380 0
0  23.297398 12.311053 9.708852  -0.101854 0.596452 -0.796160  0.657240 0.320662 0
tire_wall_straight
0  23.297398 12.311053 9.708852  -0.464699 0.885469 0.000000  0.944766 0.322748 0
0  16.461414 8.723495 9.708852  -0.464698 0.885469 0.000000  0.944766 0.352164 0
0  16.461414 8.723495 14.058656  -0.464699 0.885469 0.000000  0.926788 0.352164 0
tire_wall_straight
0  16.461414 8.723495 9.708852  -0.896415 0.443216 0.000000  0.822757 0.667881 0
0  13.039703 1.803009 9.708852  -0.896415 0.443216 0.000000  0.822757 0.692934 0
0  13.039703 1.803009 14.058656  -0.896415 0.443216 0.000000  0.804779 0.692934 0
tire_wall_straight
0  13.039703 1.803009 9.708852  -0.985731 -0.168330 0.000000  0.822757 0.692934 0
0  14.339239 -5.807013 9.708852  -0.985731 -0.168330 0.000000  0.822757 0.723840 0
0  14.339239 -5.807013 14.058656  -0.985731 -0.168330 0.000000  0.804779 0.723840 0
tire_wall_straight
0  14.339239 -5.807013 9.708852  -0.698531 -0.715580 0.000000  0.822757 0.723840 0
0  19.863646 -11.199800 9.708852  -0.698531 -0.715580 0.000000  0.822757 0.748795 0
0  19.863646 -11.199800 14.058656  -0.698531 -0.715580 0.000000  0.804779 0.748795 0
tire_wall_straight
0  19.863646 -11.199800 9.708852  -0.144516 -0.989502 0.000000  0.944766 0.367103 0
0  27.502785 -12.315494 9.708852  -0.144516 -0.989502 0.000000  0.944766 0.396475 0
0  27.502785 -12.315494 14.058656  -0.144516 -0.989502 0.000000  0.926788 0.396475 0
tire_wall_straight
0  27.502785 -12.315494 9.708852  0.464699 -0.885469 0.000000  0.944766 0.396475 0
0  34.338768 -8.727936 9.708852  0.464698 -0.885469 0.000000  0.944766 0.425891 0
0  34.338768 -8.727936 14.058656  0.464698 -0.885469 0.000000  0.926788 0.425891 0
tire_wall_straight
0  34.338768 -8.727936 9.708852  0.896415 -0.443216 0.000000  0.017978 0.796145 0
0  37.760479 -1.807450 9.708852  0.896415 -0.443217 0.000000  0.017978 0.821198 0
0  37.760479 -1.807450 14.058656  0.896415 -0.443216 0.000000  0.000000 0.821198 0
tire_wall_straight
0  37.760479 -1.807450 9.708852  0.985731 0.168330 0.000000  0.017978 0.821198 0
0  36.460945 5.802572 9.708852  0.985731 0.168329 0.000000  0.017978 0.852105 0
0  36.460945 5.802572 14.058656  0.985731 0.168329 0.000000  0.000000 0.852105 0
tire_wall_straight
0  36.460945 5.802572 9.708852  0.698531 0.715580 0.000000  0.017978 0.852105 0
0  30.936537 11.195360 9.708852  0.698531 0.715580 0.000000  0.017978 0.877059 0
0  30.936537 11.195360 14.058656  0.698531 0.715580 0.000000  0.000000 0.877059 0
tire_wall_straight
0  30.936537 11.195360 9.708852  0.144516 0.989502 0.000000  0.944766 0.293376 0
0  23.297398 12.311053 9.708852  0.144516 0.989502 0.000000  0.944766 0.322748 0
0  23.297398 12.311053 14.058656  0.144516 0.989502 0.000000  0.926788 0.322748 0
tire_wall_straight
0  23.297398 12.311053 14.058656  -0.101854 0.596452 0.796160  0.596548 0.205707 0
0  16.461414 8.723495 14.058656  -0.432986 0.422672 0.796160  0.577793 0.180703 0
0  18.070377 7.152866 15.767508  -0.432987 0.422671 0.796160  0.586631 0.177922 0
tire_wall_straight
0  16.461414 8.723495 14.058656  -0.432986 0.422672 0.796160  0.577793 0.180703 0
0  13.039703 1.803009 14.058656  -0.598734 0.087445 0.796160  0.577793 0.149797 0
0  15.264573 1.478068 15.767508  -0.598734 0.087444 0.796160  0.586631 0.152579 0
tire_wall_straight
0  13.039703 1.803009 14.058656  -0.598734 0.087445 0.796160  0.577793 0.149797 0
0  14.339239 -5.807013 14.058656  -0.535785 -0.281182 0.796160  0.596548 0.124793 0
0  16.330193 -4.762150 15.767508  -0.535784 -0.281183 0.796160  0.602010 0.132075 0
tire_wall_straight
0  14.339239 -5.807013 14.058656  -0.535785 -0.281182 0.796160  0.596548 0.124793 0
0  19.863646 -11.199800 14.058656  -0.268185 -0.542408 0.796160  0.626894 0.115243 0
0  20.860207 -9.184237 15.767508  -0.268183 -0.542408 0.796160  0.626894 0.124244 0
tire_wall_straight
0  19.863646 -11.199800 14.058656  -0.268185 -0.542408 0.796160  0.626894 0.115243 0
0  27.502785 -12.315494 14.058656  0.101854 -0.596452 0.796160  0.657240 0.124793 0
0  27.124300 -10.099105 15.767508  0.101855 -0.596452 0.796160  0.651778 0.132075 0
tire_wall_straight
0  27.502785 -12.315494 14.058656  0.101854 -0.596452 0.796160  0.657240 0.124793 0
0  34.338768 -8.727936 14.058656  0.432986 -0.422671 0.796160  0.675995 0.149797 0
0  32.729805 -7.157307 15.767508  0.432987 -0.422671 0.796161  0.667157 0.152579 0
tire_wall_straight
0  34.338768 -8.727936 14.058656  0.432986 -0.422671 0.796160  0.675995 0.149797 0
0  37.760479 -1.807450 14.058656  0.598734 -0.087445 0.796160  0.675995 0.180703 0
0  35.535610 -1.482509 15.767508  0.598734 -0.087444 0.796160  0.667157 0.177922 0
tire_wall_straight
0  37.760479 -1.807450 14.058656  0.598734 -0.087445 0.796160  0.675995 0.180703 0
0  36.460945 5.802572 14.058656  0.535785 0.281182 0.796160  0.657240 0.205707 0
0  34.469990 4.757710 15.767508  0.535784 0.281183 0.796160  0.651778 0.198425 0
tire_wall_straight
0  36.460945 5.802572 14.058656  0.535785 0.281182 0.796160  0.657240 0.205707 0
0  30.936537 11.195360 14.058656  0.268185 0.542408 0.796160  0.626894 0.215258 0
0  29.939976 9.179796 15.767508  0.268183 0.542408 0.796160  0.626894 0.206257 0
tire_wall_straight
0  30.936537 11.195360 14.058656  0.268185 0.542408 0.796160  0.626894 0.215258 0
0  23.297398 12.311053 14.058656  -0.101854 0.596452 0.796160  0.596548 0.205707 0
0  23.675882 10.094665 15.767508  -0.101855 0.596452 0.796160  0.602010 0.198425 0
tire_wall_straight
0  23.675882 10.094665 15.767508  0.024686 -0.144553 0.989189  0.602010 0.198425 0
0  18.070377 7.152866 15.767508  0.104938 -0.102436 0.989189  0.586631 0.177922 0
0  20.483818 4.796924 15.267508  0.104937 -0.102436 0.989189  0.599888 0.173750 0
tire_wall_straight
0  18.070377 7.152866 15.767508  0.104938 -0.102436 0.989189  0.586631 0.177922 0
0  15.264573 1.478068 15.767508  0.145106 -0.021191 0.989189  0.586631 0.152579 0
0  18.601877 0.990656 15.267508  0.145106 -0.021192 0.989189  0.599888 0.156751 0
tire_wall_straight
0  15.264573 1.478068 15.767508  0.145106 -0.021191 0.989189  0.586631 0.152579 0
0  16.330193 -4.762150 15.767508  0.129850 0.068148 0.989189  0.602010 0.132075 0
0  19.316624 -3.194856 15.267508  0.129850 0.068147 0.989189  0.610203 0.142999 0
tire_wall_straight
0  16.330193 -4.762150 15.767508  0.129850 0.068148 0.989189  0.602010 0.132075 0
0  20.860207 -9.184237 15.767508  0.064995 0.131456 0.989189  0.626894 0.124244 0
0  22.355045 -6.160890 15.267508  0.064996 0.131456 0.989189  0.626894 0.137746 0
tire_wall_straight
0  20.860207 -9.184237 15.767508  0.064995 0.131456 0.989189  0.626894 0.124244 0
0  27.124300 -10.099105 15.767508  -0.024686 0.144553 0.989189  0.651778 0.132075 0
0  26.556574 -6.774521 15.267508  -0.024685 0.144553 0.989189  0.643584 0.142999 0
tire_wall_straight
0  27.124300 -10.099105 15.767508  -0.024686 0.144553 0.989189  0.651778 0.132075 0
0  32.729805 -7.157307 15.767508  -0.104938 0.102436 0.989189  0.667157 0.152579 0
0  30.316364 -4.801364 15.267508  -0.104938 0.102436 0.989189  0.653900 0.156751 0
tire_wall_straight
0  32.729805 -7.157307 15.767508  -0.104938 0.102436 0.989189  0.667157 0.152579 0
0  35.535610 -1.482509 15.767508  -0.145107 0.021191 0.989189  0.667157 0.177922 0
0  32.198303 -0.995097 15.267508  -0.145106 0.021192 0.989189  0.653900 0.173749 0
tire_wall_straight
0  35.535610 -1.482509 15.767508  -0.145107 0.021191 0.989189  0.667157 0.177922 0
0  34.469990 4.757710 15.767508  -0.129850 -0.068148 0.989189  0.651778 0.198425 0
0  31.483559 3.190415 15.267508  -0.129850 -0.068147 0.989189  0.643584 0.187502 0
tire_wall_straight
0  34.469990 4.757710 15.767508  -0.129850 -0.068148 0.989189  0.651778 0.198425 0
0  29.939976 9.179796 15.767508  -0.064995 -0.131456 0.989189  0.626894 0.206257 0
0  28.445137 6.156449 15.267508  -0.064996 -0.131456 0.989189  0.626894 0.192754 0
tire_wall_straight
0  29.939976 9.179796 15.767508  -0.064995 -0.131456 0.989189  0.626894 0.206257 0
0  23.675882 10.094665 15.767508  0.024686 -0.144553 0.989189  0.602010 0.198425 0
0  24.243608 6.770081 15.267508  0.024685 -0.144553 0.989189  0.610203 0.187502 0
tire_wall_straight
0  24.243608 6.770081 15.267508  0.464699 -0.885469 0.000000  0.480441 0.983343 0
0  20.483818 4.796924 15.267508  0.464699 -0.885469 0.000000  0.480441 0.967164 0
0  20.483818 4.796924 8.500000  0.464698 -0.885469 0.000000  0.508412 0.967164 0
tire_wall_straight
0  20.483818 4.796924 15.267508  0.896415 -0.443216 0.000000  0.882981 0.341952 0
0  18.601877 0.990656 15.267508  0.896415 -0.443216 0.000000  0.882981 0.328173 0
0  18.601877 0.990656 8.500000  0.896415 -0.443216 0.000000  0.910951 0.328173 0
tire_wall_straight
0  18.601877 0.990656 15.267508  0.985731 0.168330 0.000000  0.882981 0.328173 0
0  19.316624 -3.194856 15.267508  0.985731 0.168331 0.000000  0.882981 0.311175 0
0  19.316624 -3.194856 8.500000  0.985731 0.168330 0.000000  0.910951 0.311175 0
tire_wall_straight
0  19.316624 -3.194856 15.267508  0.698532 0.715579 0.000000  0.882981 0.311175 0
0  22.355045 -6.160890 15.267508  0.698532 0.715579 0.000000  0.882981 0.297450 0
0  22.355045 -6.160890 8.500000  0.698532 0.715579 0.000000  0.910951 0.297450 0
tire_wall_straight
0  22.355045 -6.160890 15.267508  0.144516 0.989502 0.000000  0.523836 0.999497 0
0  26.556574 -6.774521 15.267508  0.144516 0.989502 0.000000  0.523836 0.983343 0
0  26.556574 -6.774521 8.500000  0.144516 0.989502 0.000000  0.551806 0.983343 0
tire_wall_straight
0  26.556574 -6.774521 15.267508  -0.464699 0.885469 0.000000  0.523836 0.983343 0
0  30.316364 -4.801364 15.267508  -0.464699 0.885469 0.000000  0.523836 0.967164 0
0  30.316364 -4.801364 8.500000  -0.464698 0.885469 0.000000  0.551806 0.967164 0
tire_wall_straight
0  30.316364 -4.801364 15.267508  -0.896415 0.443216 0.000000  0.882981 0.401395 0
0  32.198303 -0.995097 15.267508  -0.896415 0.443216 0.000000  0.882981 0.387616 0
0  32.198303 -0.995097 8.500000  -0.896415 0.443216 0.000000  0.910951 0.387616 0
tire_wall_straight
0  32.198303 -0.995097 15.267508  -0.985731 -0.168330 0.000000  0.882981 0.387616 0
0  31.483559 3.190415 15.267508  -0.985731 -0.168330 0.000000  0.882981 0.370617 0
0  31.483559 3.190415 8.500000  -0.985731 -0.168330 0.000000  0.910951 0.370617 0
tire_wall_straight
0  31.483559 3.190415 15.267508  -0.698532 -0.715579 0.000000  0.882981 0.370617 0
0  28.445137 6.156449 15.267508  -0.698532 -0.715579 0.000000  0.882981 0.356892 0
0  28.445137 6.156449 8.500000  -0.698532 -0.715579 0.000000  0.910951 0.356892 0
tire_wall_straight
0  28.445137 6.156449 15.267508  -0.144516 -0.989502 0.000000  0.480441 0.999497 0
0  24.243608 6.770081 15.267508  -0.144516 -0.989502 0.000000  0.480441 0.983343 0
0  24.243608 6.770081 8.500000  -0.144516 -0.989502 0.000000  0.508412 0.983343 0
tire_wall_straight
0  28.814487 5.618621 16.500000  -0.071686 -0.127980 -0.989183  0.643565 0.417390 0
0  24.651289 6.447078 16.500000  0.017229 -0.145674 -0.989183  0.653877 0.403642 0
0  24.255255 9.795438 16.000000  0.017228 -0.145674 -0.989183  0.667130 0.407813 0
tire_wall_straight
0  24.651289 6.447078 16.500000  0.017229 -0.145674 -0.989183  0.653877 0.403642 0
0  20.796234 4.670248 16.500000  0.099564 -0.107725 -0.989183  0.653877 0.386649 0
0  18.507721 7.146346 16.000000  0.099563 -0.107726 -0.989183  0.667130 0.382478 0
tire_wall_straight
0  20.796234 4.670248 16.500000  0.099564 -0.107725 -0.989183  0.653877 0.386649 0
0  18.721825 0.966818 16.500000  0.143868 -0.028630 -0.989183  0.643565 0.372901 0
0  15.414965 1.624868 16.000000  0.143868 -0.028631 -0.989183  0.651756 0.361981 0
tire_wall_straight
0  18.721825 0.966818 16.500000  0.143868 -0.028630 -0.989183  0.643565 0.372901 0
0  19.220415 -3.248627 16.500000  0.133219 0.061402 -0.989183  0.626879 0.367649 0
0  16.158316 -4.659976 16.000000  0.133220 0.061401 -0.989183  0.626879 0.354151 0
tire_wall_straight
0  19.220415 -3.248627 16.500000  0.133219 0.061402 -0.989183  0.626879 0.367649 0
0  22.101559 -6.365931 16.500000  0.071686 0.127980 -0.989183  0.610194 0.372901 0
0  20.453838 -9.307593 16.000000  0.071687 0.127979 -0.989183  0.602003 0.361981 0
tire_wall_straight
0  22.101559 -6.365931 16.500000  0.071686 0.127980 -0.989183  0.610194 0.372901 0
0  26.264757 -7.194388 16.500000  -0.017229 0.145674 -0.989183  0.599882 0.386649 0
0  26.660791 -10.542748 16.000000  -0.017228 0.145674 -0.989183  0.586628 0.382478 0
tire_wall_straight
0  26.264757 -7.194388 16.500000  -0.017229 0.145674 -0.989183  0.599882 0.386649 0
0  30.119812 -5.417558 16.500000  -0.099564 0.107725 -0.989183  0.599882 0.403642 0
0  32.408325 -7.893655 16.000000  -0.099563 0.107726 -0.989183  0.586628 0.407813 0
tire_wall_straight
0  30.119812 -5.417558 16.500000  -0.099564 0.107725 -0.989183  0.599882 0.403642 0
0  32.194221 -1.714128 16.500000  -0.143868 0.028630 -0.989183  0.610194 0.417390 0
0  35.501083 -2.372178 16.000000  -0.143868 0.028631 -0.989183  0.602003 0.428310 0
tire_wall_straight
0  32.194221 -1.714128 16.500000  -0.143868 0.028630 -0.989183  0.610194 0.417390 0
0  31.695631 2.501317 16.500000  -0.133219 -0.061402 -0.989183  0.626879 0.422641 0
0  34.757729 3.912667 16.000000  -0.133220 -0.061401 -0.989183  0.626879 0.436139 0
tire_wall_straight
0  31.695631 2.501317 16.500000  -0.133219 -0.061402 -0.989183  0.626879 0.422641 0
0  28.814487 5.618621 16.500000  -0.071686 -0.127980 -0.989183  0.643565 0.417390 0
0  30.462208 8.560283 16.000000  -0.071687 -0.127979 -0.989183  0.651756 0.428310 0
tire_wall_straight
0  30.462208 8.560283 16.000000  0.300134 0.535824 -0.789184  0.651756 0.428310 0
0  24.255255 9.795438 16.000000  -0.072137 0.609905 -0.789184  0.667130 0.407813 0
0  23.991234 12.027678 17.749275  -0.072138 0.609905 -0.789184  0.675966 0.410594 0
tire_wall_straight
0  24.255255 9.795438 16.000000  -0.072137 0.609905 -0.789184  0.667130 0.407813 0
0  18.507721 7.146346 16.000000  -0.416853 0.451023 -0.789184  0.667130 0.382478 0
0  16.982044 8.797077 17.749275  -0.416854 0.451022 -0.789184  0.675966 0.379697 0
tire_wall_straight
0  18.507721 7.146346 16.000000  -0.416853 0.451023 -0.789184  0.667130 0.382478 0
0  15.414965 1.624868 16.000000  -0.602346 0.119865 -0.789184  0.651756 0.361981 0
0  13.210392 2.063568 17.749275  -0.602346 0.119864 -0.789184  0.657216 0.354700 0
tire_wall_straight
0  15.414965 1.624868 16.000000  -0.602346 0.119865 -0.789184  0.651756 0.361981 0
0  16.158316 -4.659976 16.000000  -0.557763 -0.257077 -0.789184  0.626879 0.354151 0
0  14.116917 -5.600877 17.749275  -0.557762 -0.257078 -0.789184  0.626879 0.345153 0
tire_wall_straight
0  16.158316 -4.659976 16.000000  -0.557763 -0.257077 -0.789184  0.626879 0.354151 0
0  20.453838 -9.307593 16.000000  -0.300134 -0.535824 -0.789184  0.602003 0.361981 0
0  19.355360 -11.268703 17.749275  -0.300132 -0.535825 -0.789184  0.596542 0.354700 0
tire_wall_straight
0  20.453838 -9.307593 16.000000  -0.300134 -0.535824 -0.789184  0.602003 0.361981 0
0  26.660791 -10.542748 16.000000  0.072137 -0.609905 -0.789184  0.586628 0.382478 0
0  26.924812 -12.774988 17.749275  0.072138 -0.609905 -0.789184  0.577793 0.379697 0
tire_wall_straight
0  26.660791 -10.542748 16.000000  0.072137 -0.609905 -0.789184  0.586628 0.382478 0
0  32.408325 -7.893655 16.000000  0.416853 -0.451023 -0.789184  0.586628 0.407813 0
0  33.934002 -9.544388 17.749275  0.416854 -0.451022 -0.789184  0.577793 0.410594 0
tire_wall_straight
0  32.408325 -7.893655 16.000000  0.416853 -0.451023 -0.789184  0.586628 0.407813 0
0  35.501083 -2.372178 16.000000  0.602346 -0.119865 -0.789184  0.602003 0.428310 0
0  37.705654 -2.810878 17.749275  0.602347 -0.119864 -0.789184  0.596542 0.435590 0
tire_wall_straight
0  35.501083 -2.372178 16.000000  0.602346 -0.119865 -0.789184  0.602003 0.428310 0
0  34.757729 3.912667 16.000000  0.557762 0.257078 -0.789185  0.626879 0.436139 0
0  36.799129 4.853568 17.749275  0.557762 0.257078 -0.789185  0.626879 0.445138 0
tire_wall_straight
0  34.757729 3.912667 16.000000  0.557762 0.257078 -0.789185  0.626879 0.436139 0
0  30.462208 8.560283 16.000000  0.300134 0.535824 -0.789184  0.651756 0.428310 0
0  31.560686 10.521392 17.749275  0.300132 0.535825 -0.789185  0.657216 0.435590 0
tire_wall_straight
0  31.560686 10.521392 17.749275  0.195169 0.980770 0.000000  0.657896 0.891999 0
0  23.991234 12.027678 17.749275  0.195169 0.980770 0.000000  0.657896 0.920829 0
0  23.991234 12.027678 22.201979  0.195169 0.980770 0.000000  0.639492 0.920829 0
tire_wall_straight
0  23.991234 12.027678 17.749275  -0.418587 0.908177 0.000000  0.657896 0.920829 0
0  16.982044 8.797077 17.749275  -0.418587 0.908177 0.000000  0.657896 0.950684 0
0  16.982044 8.797077 22.201979  -0.418587 0.908177 0.000000  0.639492 0.950684 0
tire_wall_straight
0  16.982044 8.797077 17.749275  -0.872457 0.488691 0.000000  0.623977 0.698309 0
0  13.210392 2.063568 17.749275  -0.872457 0.488691 0.000000  0.623977 0.722392 0
0  13.210392 2.063568 22.201979  -0.872457 0.488691 0.000000  0.605573 0.722392 0
tire_wall_straight
0  13.210392 2.063568 17.749275  -0.993078 -0.117458 0.000000  0.623977 0.722392 0
0  14.116917 -5.600877 17.749275  -0.993078 -0.117458 0.000000  0.623977 0.753253 0
0  14.116917 -5.600877 22.201979  -0.993078 -0.117458 0.000000  0.605573 0.753253 0
tire_wall_straight
0  14.116917 -5.600877 17.749275  -0.734377 -0.678742 0.000000  0.623977 0.753253 0
0  19.355360 -11.268703 17.749275  -0.734377 -0.678742 0.000000  0.623977 0.779103 0
0  19.355360 -11.268703 22.201979  -0.734377 -0.678742 0.000000  0.605573 0.779103 0
tire_wall_straight
0  19.355360 -11.268703 17.749275  -0.195169 -0.980770 0.000000  0.691723 0.891999 0
0  26.924812 -12.774988 17.749275  -0.195169 -0.980770 0.000000  0.691723 0.920829 0
0  26.924812 -12.774988 22.201979  -0.195169 -0.980770 0.000000  0.673319 0.920829 0
tire_wall_straight
0  26.924812 -12.774988 17.749275  0.418587 -0.908177 0.000000  0.691723 0.920829 0
0  33.934002 -9.544388 17.749275  0.418587 -0.908177 0.000000  0.691723 0.950684 0
0  33.934002 -9.544388 22.201979  0.418587 -0.908177 0.000000  0.673319 0.950684 0
tire_wall_straight
0  33.934002 -9.544388 17.749275  0.872457 -0.488690 0.000000  0.657804 0.698309 0
0  37.705654 -2.810878 17.749275  0.872457 -0.488690 0.000000  0.657804 0.722392 0
0  37.705654 -2.810878 22.201979  0.872457 -0.488690 0.000000  0.639401 0.722392 0
tire_wall_straight
0  37.705654 -2.810878 17.749275  0.993078 0.117458 0.000000  0.657804 0.722392 0
0  36.799129 4.853568 17.749275  0.993078 0.117458 0.000000  0.657804 0.753253 0
0  36.799129 4.853568 22.201979  0.993078 0.117458 0.000000  0.639401 0.753253 0
tire_wall_straight
0  36.799129 4.853568 17.749275  0.734377 0.678742 0.000000  0.657804 0.753253 0
0  31.560686 10.521392 17.749275  0.734377 0.678742 0.000000  0.657804 0.779103 0
0  31.560686 10.521392 22.201979  0.734377 0.678742 0.000000  0.639401 0.779103 0
tire_wall_straight
0  31.560686 10.521392 22.201979  0.300133 0.535825 0.789184  0.596542 0.550515 0
0  23.991234 12.027678 22.201979  -0.072137 0.609905 0.789184  0.577793 0.525519 0
0  24.255255 9.795438 23.951254  -0.072139 0.609905 0.789184  0.586628 0.522738 0
tire_wall_straight
0  23.991234 12.027678 22.201979  -0.072137 0.609905 0.789184  0.577793 0.525519 0
0  16.982044 8.797077 22.201979  -0.416853 0.451022 0.789185  0.577793 0.494622 0
0  18.507721 7.146346 23.951254  -0.416854 0.451022 0.789185  0.586628 0.497403 0
tire_wall_straight
0  16.982044 8.797077 22.201979  -0.416853 0.451022 0.789185  0.577793 0.494622 0
0  13.210392 2.063568 22.201979  -0.602347 0.119864 0.789184  0.596542 0.469626 0
0  15.414965 1.624868 23.951254  -0.602347 0.119863 0.789184  0.602003 0.476906 0
tire_wall_straight
0  13.210392 2.063568 22.201979  -0.602347 0.119864 0.789184  0.596542 0.469626 0
0  14.116917 -5.600877 22.201979  -0.557762 -0.257078 0.789184  0.626879 0.460078 0
0  16.158316 -4.659976 23.951254  -0.557762 -0.257079 0.789184  0.626879 0.469076 0
tire_wall_straight
0  14.116917 -5.600877 22.201979  -0.557762 -0.257078 0.789184  0.626879 0.460078 0
0  19.355360 -11.268703 22.201979  -0.300133 -0.535825 0.789184  0.657216 0.469626 0
0  20.453838 -9.307593 23.951254  -0.300132 -0.535825 0.789184  0.651756 0.476906 0
tire_wall_straight
0  19.355360 -11.268703 22.201979  -0.300133 -0.535825 0.789184  0.657216 0.469626 0
0  26.924812 -12.774988 22.201979  0.072137 -0.609905 0.789184  0.675966 0.494622 0
0  26.660791 -10.542748 23.951254  0.072139 -0.609905 0.789184  0.667130 0.497403 0
tire_wall_straight
0  26.924812 -12.774988 22.201979  0.072137 -0.609905 0.789184  0.675966 0.494622 0
0  33.934002 -9.544388 22.201979  0.416853 -0.451023 0.789184  0.675966 0.525519 0
0  32.408325 -7.893655 23.951254  0.416854 -0.451022 0.789184  0.667130 0.522738 0
tire_wall_straight
0  33.934002 -9.544388 22.201979  0.416853 -0.451023 0.789184  0.675966 0.525519 0
0  37.705654 -2.810878 22.201979  0.602346 -0.119864 0.789185  0.657216 0.550515 0
0  35.501083 -2.372178 23.951254  0.602346 -0.119863 0.789184  0.651756 0.543235 0
tire_wall_straight
0  37.705654 -2.810878 22.201979  0.602346 -0.119864 0.789185  0.657216 0.550515 0
0  36.799129 4.853568 22.201979  0.557762 0.257077 0.789185  0.626879 0.560063 0
0  34.757729 3.912667 23.951254  0.557762 0.257078 0.789185  0.626879 0.551065 0
tire_wall_straight
0  36.799129 4.853568 22.201979  0.557762 0.257077 0.789185  0.626879 0.560063 0
0  31.560686 10.521392 22.201979  0.300133 0.535825 0.789184  0.596542 0.550515 0
0  30.462208 8.560283 23.951254  0.300132 0.535825 0.789184  0.602003 0.543235 0
tire_wall_straight
0  30.462208 8.560283 23.951254  -0.071684 -0.127981 0.989183  0.602003 0.543235 0
0  24.255255 9.795438 23.951254  0.017232 -0.145673 0.989183  0.586628 0.522738 0
0  24.651289 6.447078 23.451254  0.017231 -0.145674 0.989183  0.599882 0.518567 0
tire_wall_straight
0  24.255255 9.795438 23.951254  0.017232 -0.145673 0.989183  0.586628 0.522738 0
0  18.507721 7.146346 23.951254  0.099565 -0.107724 0.989183  0.586628 0.497403 0
0  20.796234 4.670248 23.451254  0.099565 -0.107725 0.989183  0.599882 0.501574 0
tire_wall_straight
0  18.507721 7.146346 23.951254  0.099565 -0.107724 0.989183  0.586628 0.497403 0
0  15.414965 1.624868 23.951254  0.143868 -0.028627 0.989183  0.602003 0.476906 0
0  18.721825 0.966818 23.451254  0.143868 -0.028629 0.989183  0.610194 0.487826 0
tire_wall_straight
0  15.414965 1.624868 23.951254  0.143868 -0.028627 0.989183  0.602003 0.476906 0
0  16.158316 -4.659976 23.951254  0.133219 0.061404 0.989183  0.626879 0.469076 0
0  19.220415 -3.248627 23.451254  0.133219 0.061403 0.989183  0.626879 0.482575 0
tire_wall_straight
0  16.158316 -4.659976 23.951254  0.133219 0.061404 0.989183  0.626879 0.469076 0
0  20.453838 -9.307593 23.951254  0.071684 0.127981 0.989183  0.651756 0.476906 0
0  22.101559 -6.365931 23.451254  0.071685 0.127980 0.989183  0.643565 0.487826 0
tire_wall_straight
0  20.453838 -9.307593 23.951254  0.071684 0.127981 0.989183  0.651756 0.476906 0
0  26.660791 -10.542748 23.951254  -0.017232 0.145673 0.989183  0.667130 0.497403 0
0  26.264757 -7.194388 23.451254  -0.017231 0.145674 0.989183  0.653877 0.501574 0
tire_wall_straight
0  26.660791 -10.542748 23.951254  -0.017232 0.145673 0.989183  0.667130 0.497403 0
0  32.408325 -7.893655 23.951254  -0.099565 0.107724 0.989183  0.667130 0.522738 0
0  30.119812 -5.417558 23.451254  -0.099565 0.107725 0.989183  0.653877 0.518567 0
tire_wall_straight
0  32.408325 -7.893655 23.951254  -0.099565 0.107724 0.989183  0.667130 0.522738 0
0  35.501083 -2.372178 23.951254  -0.143869 0.028627 0.989183  0.651756 0.543235 0
0  32.194221 -1.714128 23.451254  -0.143868 0.028629 0.989183  0.643565 0.532315 0
tire_wall_straight
0  35.501083 -2.372178 23.951254  -0.143869 0.028627 0.989183  0.651756 0.543235 0
0  34.757729 3.912667 23.951254  -0.133219 -0.061404 0.989183  0.626879 0.551065 0
0  31.695631 2.501317 23.451254  -0.133220 -0.061403 0.989183  0.626879 0.537567 0
tire_wall_straight
0  34.757729 3.912667 23.951254  -0.133219 -0.061404 0.989183  0.626879 0.551065 0
0  30.462208 8.560283 23.951254  -0.071684 -0.127981 0.989183  0.602003 0.543235 0
0  28.814487 5.618621 23.451254  -0.071685 -0.127980 0.989183  0.610194 0.532315 0
tire_wall_straight
0  28.814487 5.618621 23.451254  -0.195169 -0.980770 0.000000  0.971106 0.604769 0
0  24.651289 6.447078 23.451254  -0.195169 -0.980770 0.000000  0.971106 0.588912 0
0  24.651289 6.447078 16.500000  -0.195169 -0.980770 0.000000  0.999836 0.588912 0
tire_wall_straight
0  24.651289 6.447078 23.451254  0.418587 -0.908177 0.000000  0.971106 0.588912 0
0  20.796234 4.670248 23.451254  0.418587 -0.908177 0.000000  0.971106 0.572492 0
0  20.796234 4.670248 16.500000  0.418587 -0.908177 0.000000  0.999836 0.572492 0
tire_wall_straight
0  20.796234 4.670248 23.451254  0.872457 -0.488691 0.000000  0.838686 0.104198 0
0  18.721825 0.966818 23.451254  0.872457 -0.488692 0.000000  0.838686 0.090953 0
0  18.721825 0.966818 16.500000  0.872457 -0.488691 0.000000  0.867415 0.090953 0
tire_wall_straight
0  18.721825 0.966818 23.451254  0.993078 0.117459 0.000000  0.838686 0.090953 0
0  19.220415 -3.248627 23.451254  0.993078 0.117459 0.000000  0.838686 0.073979 0
0  19.220415 -3.248627 16.500000  0.993078 0.117458 0.000000  0.867415 0.073979 0
tire_wall_straight
0  19.220415 -3.248627 23.451254  0.734377 0.678742 0.000000  0.838686 0.073979 0
0  22.101559 -6.365931 23.451254  0.734377 0.678742 0.000000  0.838686 0.059761 0
0  22.101559 -6.365931 16.500000  0.734377 0.678742 0.000000  0.867415 0.059761 0
tire_wall_straight
0  22.101559 -6.365931 23.451254  0.195169 0.980770 0.000000  0.971106 0.557552 0
0  26.264757 -7.194388 23.451254  0.195169 0.980770 0.000000  0.971106 0.541696 0
0  26.264757 -7.194388 16.500000  0.195169 0.980770 0.000000  0.999836 0.541696 0
tire_wall_straight
0  26.264757 -7.194388 23.451254  -0.418587 0.908177 0.000000  0.971106 0.541696 0
0  30.119812 -5.417558 23.451254  -0.418587 0.908177 0.000000  0.971106 0.525275 0
0  30.119812 -5.417558 16.500000  -0.418587 0.908177 0.000000  0.999836 0.525275 0
tire_wall_straight
0  30.119812 -5.417558 23.451254  -0.872457 0.488691 0.000000  0.838686 0.163575 0
0  32.194221 -1.714128 23.451254  -0.872457 0.488691 0.000000  0.838686 0.150329 0
0  32.194221 -1.714128 16.500000  -0.872457 0.488691 0.000000  0.867415 0.150329 0
tire_wall_straight
0  32.194221 -1.714128 23.451254  -0.993078 -0.117459 0.000000  0.838686 0.150329 0
0  31.695631 2.501317 23.451254  -0.993078 -0.117459 0.000000  0.838686 0.133356 0
0  31.695631 2.501317 16.500000  -0.993078 -0.117458 0.000000  0.867415 0.133356 0
tire_wall_straight
0  31.695631 2.501317 23.451254  -0.734377 -0.678742 0.000000  0.838686 0.133356 0
0  28.814487 5.618621 23.451254  -0.734377 -0.678742 0.000000  0.838686 0.119138 0
0  28.814487 5.618621 16.500000  -0.734377 -0.678742 0.000000  0.867415 0.119138 0
tire_wall_straight
0  45.110443 2.982583 0.500000  0.128875 -0.062453 -0.989692  0.183438 0.074030 0
0  44.515949 -1.326790 0.500000  0.140971 0.025225 -0.989692  0.194006 0.059941 0
0  41.114594 -1.935447 0.000000  0.140971 0.025224 -0.989692  0.207588 0.064216 0
tire_wall_straight
0  44.515949 -1.326790 0.500000  0.140971 0.025225 -0.989692  0.194006 0.059941 0
0  46.567982 -5.162581 0.500000  0.099221 0.103269 -0.989692  0.194006 0.042526 0
0  44.173985 -7.654262 0.000000  0.099221 0.103268 -0.989692  0.207588 0.038251 0
tire_wall_straight
0  46.567982 -5.162581 0.500000  0.099221 0.103269 -0.989692  0.194006 0.042526 0
0  50.482731 -7.059648 0.500000  0.019572 0.141866 -0.989692  0.183438 0.028437 0
0  50.010521 -10.482615 0.000000  0.019573 0.141866 -0.989692  0.191832 0.017246 0
tire_wall_straight
0  50.482731 -7.059648 0.500000  0.019572 0.141866 -0.989692  0.183438 0.028437 0
0  54.764896 -6.293375 0.500000  -0.067553 0.126276 -0.989692  0.166338 0.023055 0
0  56.394840 -9.340173 0.000000  -0.067552 0.126277 -0.989692  0.166338 0.009222 0
tire_wall_straight
0  54.764896 -6.293375 0.500000  -0.067553 0.126276 -0.989692  0.166338 0.023055 0
0  57.778839 -3.156453 0.500000  -0.128875 0.062453 -0.989692  0.149239 0.028437 0
0  60.888351 -4.663308 0.000000  -0.128875 0.062454 -0.989692  0.140844 0.017246 0
tire_wall_straight
0  57.778839 -3.156453 0.500000  -0.128875 0.062453 -0.989692  0.149239 0.028437 0
0  58.373333 1.152920 0.500000  -0.140971 -0.025225 -0.989692  0.138671 0.042526 0
0  61.774689 1.761576 0.000000  -0.140971 -0.025224 -0.989692  0.125088 0.038251 0
tire_wall_straight
0  58.373333 1.152920 0.500000  -0.140971 -0.025225 -0.989692  0.138671 0.042526 0
0  56.321301 4.988711 0.500000  -0.099221 -0.103269 -0.989692  0.138671 0.059941 0
0  58.715298 7.480392 0.000000  -0.099221 -0.103268 -0.989692  0.125088 0.064216 0
tire_wall_straight
0  56.321301 4.988711 0.500000  -0.099221 -0.103269 -0.989692  0.138671 0.059941 0
0  52.406551 6.885777 0.500000  -0.019572 -0.141866 -0.989692  0.149239 0.074030 0
0  52.878761 10.308745 0.000000  -0.019573 -0.141866 -0.989692  0.140844 0.085222 0
tire_wall_straight
0  52.406551 6.885777 0.500000  -0.019572 -0.141866 -0.989692  0.149239 0.074030 0
0  48.124386 6.119505 0.500000  0.067553 -0.126276 -0.989692  0.166338 0.079412 0
0  46.494442 9.166303 0.000000  0.067552 -0.126277 -0.989692  0.166338 0.093245 0
tire_wall_straight
0  48.124386 6.119505 0.500000  0.067553 -0.126276 -0.989692  0.166338 0.079412 0
0  45.110443 2.982583 0.500000  0.128875 -0.062453 -0.989692  0.183438 0.074030 0
0  42.000931 4.489438 0.000000  0.128875 -0.062454 -0.989692  0.191832 0.085222 0
tire_wall_straight
0  42.000931 4.489438 0.000000  -0.537226 0.260338 -0.802255  0.191832 0.085222 0
0  41.114594 -1.935447 0.000000  -0.587648 -0.105156 -0.802255  0.207588 0.064216 0
0  38.847023 -2.341217 1.714172  -0.587647 -0.105157 -0.802255  0.216643 0.067066 0
tire_wall_straight
0  41.114594 -1.935447 0.000000  -0.587648 -0.105156 -0.802255  0.207588 0.064216 0
0  44.173985 -7.654262 0.000000  -0.413608 -0.430483 -0.802254  0.207588 0.038251 0
0  42.577988 -9.315381 1.714172  -0.413607 -0.430484 -0.802254  0.216643 0.035402 0
tire_wall_straight
0  44.173985 -7.654262 0.000000  -0.413608 -0.430483 -0.802254  0.207588 0.038251 0
0  50.010521 -10.482615 0.000000  -0.081584 -0.591381 -0.802255  0.191832 0.017246 0
0  49.695713 -12.764594 1.714172  -0.081583 -0.591381 -0.802255  0.197428 0.009785 0
tire_wall_straight
0  50.010521 -10.482615 0.000000  -0.081584 -0.591381 -0.802255  0.191832 0.017246 0
0  56.394840 -9.340173 0.000000  0.281602 -0.526391 -0.802255  0.166338 0.009222 0
0  57.481468 -11.371372 1.714172  0.281603 -0.526390 -0.802255  0.166338 0.000000 0
tire_wall_straight
0  56.394840 -9.340173 0.000000  0.281602 -0.526391 -0.802255  0.166338 0.009222 0
0  60.888351 -4.663308 0.000000  0.537225 -0.260338 -0.802255  0.140844 0.017246 0
0  62.961365 -5.667878 1.714172  0.537226 -0.260336 -0.802255  0.135248 0.009785 0
tire_wall_straight
0  60.888351 -4.663308 0.000000  0.537225 -0.260338 -0.802255  0.140844 0.017246 0
0  61.774689 1.761576 0.000000  0.587648 0.105156 -0.802255  0.125088 0.038251 0
0  64.042259 2.167346 1.714172  0.587647 0.105157 -0.802255  0.116033 0.035402 0
tire_wall_straight
0  61.774689 1.761576 0.000000  0.587648 0.105156 -0.802255  0.125088 0.038251 0
0  58.715298 7.480392 0.000000  0.413608 0.430484 -0.802254  0.125088 0.064216 0
0  60.311295 9.141511 1.714172  0.413607 0.430484 -0.802255  0.116033 0.067066 0
tire_wall_straight
0  58.715298 7.480392 0.000000  0.413608 0.430484 -0.802254  0.125088 0.064216 0
0  52.878761 10.308745 0.000000  0.081584 0.591381 -0.802255  0.140844 0.085222 0
0  53.193569 12.590724 1.714172  0.081583 0.591381 -0.802255  0.135248 0.092682 0
tire_wall_straight
0  52.878761 10.308745 0.000000  0.081584 0.591381 -0.802255  0.140844 0.085222 0
0  46.494442 9.166303 0.000000  -0.281602 0.526391 -0.802255  0.166338 0.093245 0
0  45.407814 11.197502 1.714172  -0.281603 0.526390 -0.802255  0.166338 0.102467 0
tire_wall_straight
0  46.494442 9.166303 0.000000  -0.281602 0.526391 -0.802255  0.166338 0.093245 0
0  42.000931 4.489438 0.000000  -0.537226 0.260338 -0.802255  0.191832 0.085222 0
0  39.927917 5.494008 1.714172  -0.537226 0.260336 -0.802255  0.197428 0.092682 0
tire_wall_straight
0  39.927917 5.494008 1.714172  -0.990618 0.136659 0.000000  0.186920 0.891999 0
0  38.847023 -2.341217 1.714172  -0.990618 0.136659 0.000000  0.186920 0.922216 0
0  38.847023 -2.341217 6.077517  -0.990618 0.136659 0.000000  0.168886 0.922216 0
tire_wall_straight
0  38.847023 -2.341217 1.714172  -0.881753 -0.471711 0.000000  0.186920 0.922216 0
0  42.577988 -9.315381 1.714172  -0.881753 -0.471711 0.000000  0.186920 0.952224 0
0  42.577988 -9.315381 6.077517  -0.881753 -0.471711 0.000000  0.168886 0.952224 0
tire_wall_straight
0  42.577988 -9.315381 1.714172  -0.436089 -0.899904 0.000000  0.153001 0.698309 0
0  49.695713 -12.764594 1.714172  -0.436089 -0.899904 0.000000  0.153001 0.724030 0
0  49.695713 -12.764594 6.077517  -0.436089 -0.899904 0.000000  0.134967 0.724030 0
tire_wall_straight
0  49.695713 -12.764594 1.714172  0.176147 -0.984364 0.000000  0.153001 0.724030 0
0  57.481468 -11.371372 1.714172  0.176147 -0.984364 0.000000  0.153001 0.755694 0
0  57.481468 -11.371372 6.077517  0.176147 -0.984364 0.000000  0.134967 0.755694 0
tire_wall_straight
0  57.481468 -11.371372 1.714172  0.721100 -0.692831 0.000000  0.153001 0.755694 0
0  62.961365 -5.667878 1.714172  0.721100 -0.692831 0.000000  0.153001 0.781206 0
0  62.961365 -5.667878 6.077517  0.721100 -0.692831 0.000000  0.134967 0.781206 0
tire_wall_straight
0  62.961365 -5.667878 1.714172  0.990618 -0.136659 0.000000  0.220378 0.891999 0
0  64.042259 2.167346 1.714172  0.990618 -0.136659 0.000000  0.220378 0.922216 0
0  64.042259 2.167346 6.077517  0.990618 -0.136659 0.000000  0.202344 0.922216 0
tire_wall_straight
0  64.042259 2.167346 1.714172  0.881753 0.471711 0.000000  0.220378 0.922216 0
0  60.311295 9.141511 1.714172  0.881753 0.471711 0.000000  0.220378 0.952224 0
0  60.311295 9.141511 6.077517  0.881753 0.471711 0.000000  0.202344 0.952224 0
tire_wall_straight
0  60.311295 9.141511 1.714172  0.436089 0.899904 0.000000  0.186459 0.698309 0
0  53.193569 12.590724 1.714172  0.436089 0.899904 0.000000  0.186459 0.724030 0
0  53.193569 12.590724 6.077517  0.436089 0.899904 0.000000  0.168425 0.724030 0
tire_wall_straight
0  53.193569 12.590724 1.714172  -0.176147 0.984364 0.000000  0.186459 0.724030 0
0  45.407814 11.197502 1.714172  -0.176147 0.984364 0.000000  0.186459 0.755694 0
0  45.407814 11.197502 6.077517  -0.176147 0.984364 0.000000  0.168425 0.755694 0
tire_wall_straight
0  45.407814 11.197502 1.714172  -0.721100 0.692831 0.000000  0.186459 0.755694 0
0  39.927917 5.494008 1.714172  -0.721100 0.692831 0.000000  0.186459 0.781206 0
0  39.927917 5.494008 6.077517  -0.721100 0.692831 0.000000  0.168425 0.781206 0
tire_wall_straight
0  39.927917 5.494008 6.077517  -0.537226 0.260337 0.802255  0.000000 0.067066 0
0  38.847023 -2.341217 6.077517  -0.587647 -0.105156 0.802255  0.000000 0.035402 0
0  41.114594 -1.935447 7.791688  -0.587647 -0.105158 0.802255  0.009055 0.038251 0
tire_wall_straight
0  38.847023 -2.341217 6.077517  -0.587647 -0.105156 0.802255  0.000000 0.035402 0
0  42.577988 -9.315381 6.077517  -0.413608 -0.430484 0.802254  0.019215 0.009785 0
0  44.173985 -7.654262 7.791688  -0.413607 -0.430485 0.802254  0.024811 0.017246 0
tire_wall_straight
0  42.577988 -9.315381 6.077517  -0.413608 -0.430484 0.802254  0.019215 0.009785 0
0  49.695713 -12.764594 6.077517  -0.081583 -0.591381 0.802255  0.050305 0.000000 0
0  50.010521 -10.482615 7.791688  -0.081582 -0.591381 0.802255  0.050305 0.009222 0
tire_wall_straight
0  49.695713 -12.764594 6.077517  -0.081583 -0.591381 0.802255  0.050305 0.000000 0
0  57.481468 -11.371372 6.077517  0.281603 -0.526391 0.802255  0.081395 0.009785 0
0  56.394840 -9.340173 7.791688  0.281604 -0.526390 0.802255  0.075799 0.017246 0
tire_wall_straight
0  57.481468 -11.371372 6.077517  0.281603 -0.526391 0.802255  0.081395 0.009785 0
0  62.961365 -5.667878 6.077517  0.537226 -0.260337 0.802255  0.100610 0.035402 0
0  60.888351 -4.663308 7.791688  0.537226 -0.260336 0.802255  0.091555 0.038251 0
tire_wall_straight
0  62.961365 -5.667878 6.077517  0.537226 -0.260337 0.802255  0.100610 0.035402 0
0  64.042259 2.167346 6.077517  0.587647 0.105156 0.802255  0.100610 0.067066 0
0  61.774689 1.761576 7.791688  0.587647 0.105158 0.802255  0.091555 0.064216 0
tire_wall_straight
0  64.042259 2.167346 6.077517  0.587647 0.105156 0.802255  0.100610 0.067066 0
0  60.311295 9.141511 6.077517  0.413608 0.430484 0.802255  0.081395 0.092682 0
0  58.715298 7.480392 7.791688  0.413607 0.430485 0.802255  0.075799 0.085222 0
tire_wall_straight
0  60.311295 9.141511 6.077517  0.413608 0.430484 0.802255  0.081395 0.092682 0
0  53.193569 12.590724 6.077517  0.081584 0.591381 0.802255  0.050305 0.102467 0
0  52.878761 10.308745 7.791688  0.081582 0.591381 0.802255  0.050305 0.093245 0
tire_wall_straight
0  53.193569 12.590724 6.077517  0.081584 0.591381 0.802255  0.050305 0.102467 0
0  45.407814 11.197502 6.077517  -0.281603 0.526391 0.802255  0.019215 0.092682 0
0  46.494442 9.166303 7.791688  -0.281604 0.526390 0.802255  0.024811 0.085222 0
tire_wall_straight
0  45.407814 11.197502 6.077517  -0.281603 0.526391 0.802255  0.019215 0.092682 0
0  39.927917 5.494008 6.077517  -0.537226 0.260337 0.802255  0.000000 0.067066 0
0  42.000931 4.489438 7.791688  -0.537226 0.260336 0.802255  0.009055 0.064216 0
tire_wall_straight
0  42.000931 4.489438 7.791688  0.128876 -0.062451 0.989692  0.009055 0.064216 0
0  41.114594 -1.935447 7.791688  0.140971 0.025228 0.989692  0.009055 0.038251 0
0  44.515949 -1.326790 7.291688  0.140971 0.025227 0.989692  0.022637 0.042526 0
tire_wall_straight
0  41.114594 -1.935447 7.791688  0.140971 0.025228 0.989692  0.009055 0.038251 0
0  44.173985 -7.654262 7.791688  0.099219 0.103270 0.989692  0.024811 0.017246 0
0  46.567982 -5.162581 7.291688  0.099220 0.103269 0.989692  0.033205 0.028437 0
tire_wall_straight
0  44.173985 -7.654262 7.791688  0.099219 0.103270 0.989692  0.024811 0.017246 0
0  50.010521 -10.482615 7.791688  0.019569 0.141867 0.989692  0.050305 0.009222 0
0  50.482731 -7.059648 7.291688  0.019570 0.141867 0.989692  0.050305 0.023055 0
tire_wall_straight
0  50.010521 -10.482615 7.791688  0.019569 0.141867 0.989692  0.050305 0.009222 0
0  56.394840 -9.340173 7.791688  -0.067555 0.126275 0.989692  0.075799 0.017246 0
0  54.764896 -6.293375 7.291688  -0.067555 0.126276 0.989692  0.067404 0.028437 0
tire_wall_straight
0  56.394840 -9.340173 7.791688  -0.067555 0.126275 0.989692  0.075799 0.017246 0
0  60.888351 -4.663308 7.791688  -0.128876 0.062451 0.989692  0.091555 0.038251 0
0  57.778839 -3.156453 7.291688  -0.128875 0.062452 0.989692  0.077973 0.042526 0
tire_wall_straight
0  60.888351 -4.663308 7.791688  -0.128876 0.062451 0.989692  0.091555 0.038251 0
0  61.774689 1.761576 7.791688  -0.140971 -0.025228 0.989692  0.091555 0.064216 0
0  58.373333 1.152920 7.291688  -0.140971 -0.025227 0.989692  0.077973 0.059941 0
tire_wall_straight
0  61.774689 1.761576 7.791688  -0.140971 -0.025228 0.989692  0.091555 0.064216 0
0  58.715298 7.480392 7.791688  -0.099219 -0.103270 0.989692  0.075799 0.085222 0
0  56.321301 4.988711 7.291688  -0.099220 -0.103269 0.989692  0.067404 0.074030 0
tire_wall_straight
0  58.715298 7.480392 7.791688  -0.099219 -0.103270 0.989692  0.075799 0.085222 0
0  52.878761 10.308745 7.791688  -0.019569 -0.141867 0.989692  0.050305 0.093245 0
0  52.406551 6.885777 7.291688  -0.019570 -0.141867 0.989692  0.050305 0.079412 0
tire_wall_straight
0  52.878761 10.308745 7.791688  -0.019569 -0.141867 0.989692  0.050305 0.093245 0
0  46.494442 9.166303 7.791688  0.067555 -0.126275 0.989692  0.024811 0.085222 0
0  48.124386 6.119505 7.291688  0.067555 -0.126276 0.989692  0.033205 0.074030 0
tire_wall_straight
0  46.494442 9.166303 7.791688  0.067555 -0.126275 0.989692  0.024811 0.085222 0
0  42.000931 4.489438 7.791688  0.128876 -0.062451 0.989692  0.009055 0.064216 0
0  45.110443 2.982583 7.291688  0.128875 -0.062452 0.989692  0.022637 0.059941 0
tire_wall_straight
0  45.110443 2.982583 7.291688  0.990618 -0.136658 0.000000  0.971106 0.462272 0
0  44.515949 -1.326790 7.291688  0.990618 -0.136657 0.000000  0.971106 0.445653 0
0  44.515949 -1.326790 0.500000  0.990618 -0.136659 0.000000  0.999176 0.445653 0
tire_wall_straight
0  44.515949 -1.326790 7.291688  0.881753 0.471711 0.000000  0.971106 0.445653 0
0  46.567982 -5.162581 7.291688  0.881753 0.471711 0.000000  0.971106 0.429148 0
0  46.567982 -5.162581 0.500000  0.881753 0.471711 0.000000  0.999176 0.429148 0
tire_wall_straight
0  46.567982 -5.162581 7.291688  0.436089 0.899904 0.000000  0.587123 0.841738 0
0  50.482731 -7.059648 7.291688  0.436088 0.899904 0.000000  0.587123 0.827592 0
0  50.482731 -7.059648 0.500000  0.436089 0.899904 0.000000  0.615194 0.827592 0
tire_wall_straight
0  50.482731 -7.059648 7.291688  -0.176147 0.984364 0.000000  0.587123 0.827592 0
0  54.764896 -6.293375 7.291688  -0.176147 0.984364 0.000000  0.587123 0.810177 0
0  54.764896 -6.293375 0.500000  -0.176147 0.984364 0.000000  0.615194 0.810177 0
tire_wall_straight
0  54.764896 -6.293375 7.291688  -0.721100 0.692831 0.000000  0.587123 0.810177 0
0  57.778839 -3.156453 7.291688  -0.721100 0.692831 0.000000  0.587123 0.796145 0
0  57.778839 -3.156453 0.500000  -0.721101 0.692830 0.000000  0.615194 0.796145 0
tire_wall_straight
0  57.778839 -3.156453 7.291688  -0.990618 0.136660 0.000000  0.971106 0.510336 0
0  58.373333 1.152920 7.291688  -0.990618 0.136659 0.000000  0.971106 0.493716 0
0  58.373333 1.152920 0.500000  -0.990618 0.136660 0.000000  0.999176 0.493716 0
tire_wall_straight
0  58.373333 1.152920 7.291688  -0.881753 -0.471711 0.000000  0.971106 0.493716 0
0  56.321301 4.988711 7.291688  -0.881753 -0.471711 0.000000  0.971106 0.477212 0
0  56.321301 4.988711 0.500000  -0.881753 -0.471711 0.000000  0.999176 0.477212 0
tire_wall_straight
0  56.321301 4.988711 7.291688  -0.436088 -0.899904 0.000000  0.630618 0.841738 0
0  52.406551 6.885777 7.291688  -0.436088 -0.899904 0.000000  0.630618 0.827592 0
0  52.406551 6.885777 0.500000  -0.436088 -0.899904 0.000000  0.658688 0.827592 0
tire_wall_straight
0  52.406551 6.885777 7.291688  0.176147 -0.984364 0.000000  0.630618 0.827592 0
0  48.124386 6.119505 7.291688  0.176147 -0.984364 0.000000  0.630618 0.810177 0
0  48.124386 6.119505 0.500000  0.176147 -0.984364 0.000000  0.658688 0.810177 0
tire_wall_straight
0  48.124386 6.119505 7.291688  0.721100 -0.692831 0.000000  0.630618 0.810177 0
0  45.110443 2.982583 7.291688  0.721100 -0.692831 0.000000  0.630618 0.796145 0
0  45.110443 2.982583 0.500000  0.721101 -0.692830 0.000000  0.658688 0.796145 0
tire_wall_straight
0  44.021442 0.460191 8.500000  0.146973 -0.013323 -0.989051  0.767318 0.270035 0
0  44.957577 -3.653404 8.500000  0.126735 0.075610 -0.989051  0.757069 0.256371 0
0  42.079819 -5.370291 8.000000  0.126735 0.075609 -0.989051  0.765210 0.245518 0
tire_wall_straight
0  44.957577 -3.653404 8.500000  0.126735 0.075610 -0.989051  0.757069 0.256371 0
0  48.132839 -6.431127 8.500000  0.058088 0.135662 -0.989051  0.740486 0.251152 0
0  46.813839 -9.511622 8.000000  0.058089 0.135662 -0.989051  0.740486 0.237737 0
tire_wall_straight
0  48.132839 -6.431127 8.500000  0.058088 0.135662 -0.989051  0.740486 0.251152 0
0  52.334381 -6.811981 8.500000  -0.032746 0.143896 -0.989051  0.723903 0.256371 0
0  53.077957 -10.079442 8.000000  -0.032745 0.143897 -0.989051  0.715763 0.245518 0
tire_wall_straight
0  52.334381 -6.811981 8.500000  -0.032746 0.143896 -0.989051  0.723903 0.256371 0
0  55.957359 -4.650494 8.500000  -0.111072 0.097167 -0.989051  0.713654 0.270035 0
0  58.479492 -6.856859 8.000000  -0.111072 0.097168 -0.989051  0.700482 0.265889 0
tire_wall_straight
0  55.957359 -4.650494 8.500000  -0.111072 0.097167 -0.989051  0.713654 0.270035 0
0  57.617924 -0.772279 8.500000  -0.146973 0.013323 -0.989051  0.713654 0.286924 0
0  60.955238 -1.074794 8.000000  -0.146973 0.013324 -0.989051  0.700482 0.291070 0
tire_wall_straight
0  57.617924 -0.772279 8.500000  -0.146973 0.013323 -0.989051  0.713654 0.286924 0
0  56.681789 3.341317 8.500000  -0.126735 -0.075610 -0.989051  0.723903 0.300588 0
0  59.559547 5.058203 8.000000  -0.126735 -0.075609 -0.989051  0.715763 0.311441 0
tire_wall_straight
0  56.681789 3.341317 8.500000  -0.126735 -0.075610 -0.989051  0.723903 0.300588 0
0  53.506527 6.119039 8.500000  -0.058088 -0.135662 -0.989051  0.740486 0.305807 0
0  54.825527 9.199534 8.000000  -0.058089 -0.135662 -0.989051  0.740486 0.319222 0
tire_wall_straight
0  53.506527 6.119039 8.500000  -0.058088 -0.135662 -0.989051  0.740486 0.305807 0
0  49.304985 6.499893 8.500000  0.032746 -0.143896 -0.989051  0.757069 0.300588 0
0  48.561409 9.767354 8.000000  0.032745 -0.143897 -0.989051  0.765210 0.311441 0
tire_wall_straight
0  49.304985 6.499893 8.500000  0.032746 -0.143896 -0.989051  0.757069 0.300588 0
0  45.682007 4.338406 8.500000  0.111072 -0.097167 -0.989051  0.767318 0.286924 0
0  43.159874 6.544771 8.000000  0.111072 -0.097168 -0.989051  0.780490 0.291070 0
tire_wall_straight
0  45.682007 4.338406 8.500000  0.111072 -0.097167 -0.989051  0.767318 0.286924 0
0  44.021442 0.460191 8.500000  0.146973 -0.013323 -0.989051  0.767318 0.270035 0
0  40.684128 0.762706 8.000000  0.146973 -0.013324 -0.989051  0.780490 0.265889 0
tire_wall_straight
0  40.684128 0.762706 8.000000  -0.606485 0.054977 -0.793192  0.780490 0.265889 0
0  42.079819 -5.370291 8.000000  -0.522971 -0.312006 -0.793192  0.765210 0.245518 0
0  40.161308 -6.514881 9.715151  -0.522970 -0.312007 -0.793192  0.770637 0.238283 0
tire_wall_straight
0  42.079819 -5.370291 8.000000  -0.522971 -0.312006 -0.793192  0.765210 0.245518 0
0  46.813839 -9.511622 8.000000  -0.239700 -0.559813 -0.793192  0.740486 0.237737 0
0  45.934509 -11.565287 9.715151  -0.239699 -0.559813 -0.793192  0.740486 0.228794 0
tire_wall_straight
0  46.813839 -9.511622 8.000000  -0.239700 -0.559813 -0.793192  0.740486 0.237737 0
0  53.077957 -10.079442 8.000000  0.135128 -0.593791 -0.793192  0.715763 0.245518 0
0  53.573677 -12.257748 9.715151  0.135130 -0.593790 -0.793192  0.710335 0.238283 0
tire_wall_straight
0  53.077957 -10.079442 8.000000  0.135128 -0.593791 -0.793192  0.715763 0.245518 0
0  58.479492 -6.856859 8.000000  0.458343 -0.400960 -0.793192  0.700482 0.265889 0
0  60.160915 -8.327770 9.715151  0.458344 -0.400959 -0.793192  0.691701 0.263126 0
tire_wall_straight
0  58.479492 -6.856859 8.000000  0.458343 -0.400960 -0.793192  0.700482 0.265889 0
0  60.955238 -1.074794 8.000000  0.606485 -0.054977 -0.793192  0.700482 0.291070 0
0  63.180119 -1.276471 9.715151  0.606485 -0.054975 -0.793192  0.691701 0.293833 0
tire_wall_straight
0  60.955238 -1.074794 8.000000  0.606485 -0.054977 -0.793192  0.700482 0.291070 0
0  59.559547 5.058203 8.000000  0.522971 0.312006 -0.793192  0.715763 0.311441 0
0  61.478058 6.202793 9.715151  0.522970 0.312007 -0.793192  0.710335 0.318676 0
tire_wall_straight
0  59.559547 5.058203 8.000000  0.522971 0.312006 -0.793192  0.715763 0.311441 0
0  54.825527 9.199534 8.000000  0.239700 0.559813 -0.793192  0.740486 0.319222 0
0  55.704857 11.253199 9.715151  0.239699 0.559814 -0.793192  0.740486 0.328165 0
tire_wall_straight
0  54.825527 9.199534 8.000000  0.239700 0.559813 -0.793192  0.740486 0.319222 0
0  48.561409 9.767354 8.000000  -0.135129 0.593791 -0.793191  0.765210 0.311441 0
0  48.065689 11.945660 9.715151  -0.135130 0.593790 -0.793191  0.770637 0.318676 0
tire_wall_straight
0  48.561409 9.767354 8.000000  -0.135129 0.593791 -0.793191  0.765210 0.311441 0
0  43.159874 6.544771 8.000000  -0.458342 0.400960 -0.793192  0.780490 0.291070 0
0  41.478451 8.015682 9.715151  -0.458343 0.400959 -0.793192  0.789271 0.293833 0
tire_wall_straight
0  43.159874 6.544771 8.000000  -0.458342 0.400960 -0.793192  0.780490 0.291070 0
0  40.684128 0.762706 8.000000  -0.606485 0.054977 -0.793192  0.780490 0.265889 0
0  38.459248 0.964383 9.715151  -0.606485 0.054975 -0.793192  0.789271 0.263126 0
tire_wall_straight
0  38.459248 0.964383 9.715151  -0.975070 -0.221898 0.000000  0.118629 0.821982 0
0  40.161308 -6.514881 9.715151  -0.975070 -0.221896 0.000000  0.118629 0.852639 0
0  40.161308 -6.514881 14.080990  -0.975070 -0.221897 0.000000  0.100584 0.852639 0
tire_wall_straight
0  40.161308 -6.514881 9.715151  -0.658420 -0.752651 0.000000  0.118629 0.852639 0
0  45.934509 -11.565287 9.715151  -0.658420 -0.752651 0.000000  0.118629 0.876407 0
0  45.934509 -11.565287 14.080990  -0.658420 -0.752651 0.000000  0.100584 0.876407 0
tire_wall_straight
0  45.934509 -11.565287 9.715151  -0.090276 -0.995917 0.000000  0.944832 0.660118 0
0  53.573677 -12.257748 9.715151  -0.090276 -0.995917 0.000000  0.944832 0.689779 0
0  53.573677 -12.257748 14.080990  -0.090276 -0.995917 0.000000  0.926788 0.689779 0
tire_wall_straight
0  53.573677 -12.257748 9.715151  0.512350 -0.858777 0.000000  0.944832 0.689779 0
0  60.160915 -8.327770 9.715151  0.512350 -0.858777 0.000000  0.944832 0.718448 0
0  60.160915 -8.327770 14.080990  0.512350 -0.858777 0.000000  0.926788 0.718448 0
tire_wall_straight
0  60.160915 -8.327770 9.715151  0.919276 -0.393613 0.000000  0.152097 0.796145 0
0  63.180119 -1.276471 9.715151  0.919277 -0.393612 0.000000  0.152097 0.821982 0
0  63.180119 -1.276471 14.080990  0.919276 -0.393613 0.000000  0.134052 0.821982 0
tire_wall_straight
0  63.180119 -1.276471 9.715151  0.975070 0.221898 0.000000  0.152097 0.821982 0
0  61.478058 6.202793 9.715151  0.975070 0.221897 0.000000  0.152097 0.852639 0
0  61.478058 6.202793 14.080990  0.975070 0.221897 0.000000  0.134052 0.852639 0
tire_wall_straight
0  61.478058 6.202793 9.715151  0.658420 0.752650 0.000000  0.152097 0.852639 0
0  55.704857 11.253199 9.715151  0.658420 0.752651 0.000000  0.152097 0.876407 0
0  55.704857 11.253199 14.080990  0.658420 0.752651 0.000000  0.134052 0.876407 0
tire_wall_straight
0  55.704857 11.253199 9.715151  0.090276 0.995917 0.000000  0.944832 0.586849 0
0  48.065689 11.945660 9.715151  0.090276 0.995917 0.000000  0.944832 0.616510 0
0  48.065689 11.945660 14.080990  0.090276 0.995917 0.000000  0.926788 0.616510 0
tire_wall_straight
0  48.065689 11.945660 9.715151  -0.512350 0.858777 0.000000  0.944832 0.616510 0
0  41.478451 8.015682 9.715151  -0.512350 0.858777 0.000000  0.944832 0.645179 0
0  41.478451 8.015682 14.080990  -0.512350 0.858777 0.000000  0.926788 0.645179 0
tire_wall_straight
0  41.478451 8.015682 9.715151  -0.919276 0.393613 0.000000  0.118629 0.796145 0
0  38.459248 0.964383 9.715151  -0.919276 0.393613 0.000000  0.118629 0.821982 0
0  38.459248 0.964383 14.080990  -0.919276 0.393613 0.000000  0.100584 0.821982 0
tire_wall_straight
0  38.459248 0.964383 14.080990  -0.606485 0.054976 0.793192  0.691701 0.377437 0
0  40.161308 -6.514881 14.080990  -0.522971 -0.312006 0.793192  0.710335 0.352594 0
0  42.079819 -5.370291 15.796141  -0.522970 -0.312007 0.793192  0.715763 0.359829 0
tire_wall_straight
0  40.161308 -6.514881 14.080990  -0.522971 -0.312006 0.793192  0.710335 0.352594 0
0  45.934509 -11.565287 14.080990  -0.239699 -0.559814 0.793192  0.740486 0.343105 0
0  46.813839 -9.511622 15.796141  -0.239699 -0.559814 0.793192  0.740486 0.352048 0
tire_wall_straight
0  45.934509 -11.565287 14.080990  -0.239699 -0.559814 0.793192  0.740486 0.343105 0
0  53.573677 -12.257748 14.080990  0.135129 -0.593790 0.793192  0.770637 0.352594 0
0  53.077957 -10.079442 15.796141  0.135130 -0.593790 0.793192  0.765210 0.359829 0
tire_wall_straight
0  53.573677 -12.257748 14.080990  0.135129 -0.593790 0.793192  0.770637 0.352594 0
0  60.160915 -8.327770 14.080990  0.458343 -0.400960 0.793192  0.789271 0.377437 0
0  58.479492 -6.856859 15.796141  0.458344 -0.400958 0.793192  0.780490 0.380201 0
tire_wall_straight
0  60.160915 -8.327770 14.080990  0.458343 -0.400960 0.793192  0.789271 0.377437 0
0  63.180119 -1.276471 14.080990  0.606485 -0.054976 0.793192  0.789271 0.408144 0
0  60.955238 -1.074794 15.796141  0.606485 -0.054975 0.793192  0.780490 0.405381 0
tire_wall_straight
0  63.180119 -1.276471 14.080990  0.606485 -0.054976 0.793192  0.789271 0.408144 0
0  61.478058 6.202793 14.080990  0.522971 0.312006 0.793192  0.770637 0.432987 0
0  59.559547 5.058203 15.796141  0.522970 0.312007 0.793192  0.765210 0.425752 0
tire_wall_straight
0  61.478058 6.202793 14.080990  0.522971 0.312006 0.793192  0.770637 0.432987 0
0  55.704857 11.253199 14.080990  0.239699 0.559814 0.793192  0.740486 0.442477 0
0  54.825527 9.199534 15.796141  0.239698 0.559814 0.793192  0.740486 0.433533 0
tire_wall_straight
0  55.704857 11.253199 14.080990  0.239699 0.559814 0.793192  0.740486 0.442477 0
0  48.065689 11.945660 14.080990  -0.135129 0.593790 0.793192  0.710335 0.432987 0
0  48.561409 9.767354 15.796141  -0.135130 0.593790 0.793192  0.715763 0.425752 0
tire_wall_straight
0  48.065689 11.945660 14.080990  -0.135129 0.593790 0.793192  0.710335 0.432987 0
0  41.478451 8.015682 14.080990  -0.458343 0.400960 0.793192  0.691701 0.408144 0
0  43.159874 6.544771 15.796141  -0.458344 0.400958 0.793192  0.700482 0.405381 0
tire_wall_straight
0  41.478451 8.015682 14.080990  -0.458343 0.400960 0.793192  0.691701 0.408144 0
0  38.459248 0.964383 14.080990  -0.606485 0.054976 0.793192  0.691701 0.377437 0
0  40.684128 0.762706 15.796141  -0.606485 0.054975 0.793192  0.700482 0.380201 0
tire_wall_straight
0  40.684128 0.762706 15.796141  0.146973 -0.013321 0.989051  0.700482 0.380201 0
0  42.079819 -5.370291 15.796141  0.126734 0.075612 0.989051  0.715763 0.359829 0
0  44.957577 -3.653404 15.296141  0.126734 0.075611 0.989051  0.723903 0.370683 0
tire_wall_straight
0  42.079819 -5.370291 15.796141  0.126734 0.075612 0.989051  0.715763 0.359829 0
0  46.813839 -9.511622 15.796141  0.058086 0.135663 0.989051  0.740486 0.352048 0
0  48.132839 -6.431127 15.296141  0.058087 0.135663 0.989051  0.740486 0.365464 0
tire_wall_straight
0  46.813839 -9.511622 15.796141  0.058086 0.135663 0.989051  0.740486 0.352048 0
0  53.077957 -10.079442 15.796141  -0.032748 0.143896 0.989051  0.765210 0.359829 0
0  52.334381 -6.811981 15.296141  -0.032747 0.143896 0.989051  0.757069 0.370683 0
tire_wall_straight
0  53.077957 -10.079442 15.796141  -0.032748 0.143896 0.989051  0.765210 0.359829 0
0  58.479492 -6.856859 15.796141  -0.111074 0.097165 0.989051  0.780490 0.380201 0
0  55.957359 -4.650494 15.296141  -0.111073 0.097166 0.989051  0.767318 0.384346 0
tire_wall_straight
0  58.479492 -6.856859 15.796141  -0.111074 0.097165 0.989051  0.780490 0.380201 0
0  60.955238 -1.074794 15.796141  -0.146974 0.013321 0.989051  0.780490 0.405381 0
0  57.617924 -0.772279 15.296141  -0.146973 0.013322 0.989051  0.767318 0.401235 0
tire_wall_straight
0  60.955238 -1.074794 15.796141  -0.146974 0.013321 0.989051  0.780490 0.405381 0
0  59.559547 5.058203 15.796141  -0.126734 -0.075612 0.989051  0.765210 0.425752 0
0  56.681789 3.341317 15.296141  -0.126734 -0.075611 0.989051  0.757069 0.414899 0
tire_wall_straight
0  59.559547 5.058203 15.796141  -0.126734 -0.075612 0.989051  0.765210 0.425752 0
0  54.825527 9.199534 15.796141  -0.058086 -0.135663 0.989051  0.740486 0.433533 0
0  53.506527 6.119039 15.296141  -0.058087 -0.135663 0.989051  0.740486 0.420118 0
tire_wall_straight
0  54.825527 9.199534 15.796141  -0.058086 -0.135663 0.989051  0.740486 0.433533 0
0  48.561409 9.767354 15.796141  0.032748 -0.143896 0.989051  0.715763 0.425752 0
0  49.304985 6.499893 15.296141  0.032747 -0.143896 0.989051  0.723903 0.414899 0
tire_wall_straight
0  48.561409 9.767354 15.796141  0.032748 -0.143896 0.989051  0.715763 0.425752 0
0  43.159874 6.544771 15.796141  0.111074 -0.097165 0.989051  0.700482 0.405381 0
0  45.682007 4.338406 15.296141  0.111073 -0.097166 0.989051  0.713654 0.401235 0
tire_wall_straight
0  43.159874 6.544771 15.796141  0.111074 -0.097165 0.989051  0.700482 0.405381 0
0  40.684128 0.762706 15.796141  0.146973 -0.013321 0.989051  0.700482 0.380201 0
0  44.021442 0.460191 15.296141  0.146973 -0.013322 0.989051  0.713654 0.384346 0
tire_wall_straight
0  44.021442 0.460191 15.296141  0.975070 0.221898 0.000000  0.882981 0.564124 0
0  44.957577 -3.653404 15.296141  0.975070 0.221898 0.000000  0.882981 0.547263 0
0  44.957577 -3.653404 8.500000  0.975070 0.221898 0.000000  0.911070 0.547263 0
tire_wall_straight
0  44.957577 -3.653404 15.296141  0.658420 0.752651 0.000000  0.882981 0.547263 0
0  48.132839 -6.431127 15.296141  0.658420 0.752651 0.000000  0.882981 0.534190 0
0  48.132839 -6.431127 8.500000  0.658420 0.752651 0.000000  0.911070 0.534190 0
tire_wall_straight
0  48.132839 -6.431127 15.296141  0.090276 0.995917 0.000000  0.654695 0.999245 0
0  52.334381 -6.811981 15.296141  0.090276 0.995917 0.000000  0.654695 0.982932 0
0  52.334381 -6.811981 8.500000  0.090276 0.995917 0.000000  0.682784 0.982932 0
tire_wall_straight
0  52.334381 -6.811981 15.296141  -0.512350 0.858777 0.000000  0.654695 0.982932 0
0  55.957359 -4.650494 15.296141  -0.512350 0.858777 0.000000  0.654695 0.967164 0
0  55.957359 -4.650494 8.500000  -0.512350 0.858777 0.000000  0.682784 0.967164 0
tire_wall_straight
0  55.957359 -4.650494 15.296141  -0.919276 0.393614 0.000000  0.882981 0.637417 0
0  57.617924 -0.772279 15.296141  -0.919276 0.393614 0.000000  0.882981 0.623207 0
0  57.617924 -0.772279 8.500000  -0.919276 0.393613 0.000000  0.911070 0.623207 0
tire_wall_straight
0  57.617924 -0.772279 15.296141  -0.975070 -0.221898 0.000000  0.882981 0.623207 0
0  56.681789 3.341317 15.296141  -0.975070 -0.221898 0.000000  0.882981 0.606346 0
0  56.681789 3.341317 8.500000  -0.975070 -0.221898 0.000000  0.911070 0.606346 0
tire_wall_straight
0  56.681789 3.341317 15.296141  -0.658420 -0.752651 0.000000  0.882981 0.606346 0
0  53.506527 6.119039 15.296141  -0.658420 -0.752651 0.000000  0.882981 0.593274 0
0  53.506527 6.119039 8.500000  -0.658420 -0.752651 0.000000  0.911070 0.593274 0
tire_wall_straight
0  53.506527 6.119039 15.296141  -0.090276 -0.995917 0.000000  0.698208 0.999245 0
0  49.304985 6.499893 15.296141  -0.090276 -0.995917 0.000000  0.698208 0.982932 0
0  49.304985 6.499893 8.500000  -0.090276 -0.995917 0.000000  0.726297 0.982932 0
tire_wall_straight
0  49.304985 6.499893 15.296141  0.512350 -0.858777 0.000000  0.698208 0.982932 0
0  45.682007 4.338406 15.296141  0.512350 -0.858777 0.000000  0.698208 0.967164 0
0  45.682007 4.338406 8.500000  0.512350 -0.858777 0.000000  0.726297 0.967164 0
tire_wall_straight
0  45.682007 4.338406 15.296141  0.919276 -0.393613 0.000000  0.882981 0.578334 0
0  44.021442 0.460191 15.296141  0.919276 -0.393613 0.000000  0.882981 0.564124 0
0  44.021442 0.460191 8.500000  0.919276 -0.393614 0.000000  0.911070 0.564124 0
tire_wall_straight
0  54.059490 6.125808 16.500000  -0.056883 -0.131477 -0.989686  0.022630 0.159919 0
0  49.729954 6.534721 16.500000  0.031261 -0.139802 -0.989686  0.022630 0.177329 0
0  48.976154 9.905758 16.000000  0.031260 -0.139803 -0.989686  0.009052 0.181602 0
tire_wall_straight
0  49.729954 6.534721 16.500000  0.031261 -0.139802 -0.989686  0.022630 0.177329 0
0  45.986931 4.320701 16.500000  0.107464 -0.094728 -0.989686  0.033195 0.191414 0
0  43.395649 6.604856 16.000000  0.107463 -0.094729 -0.989686  0.024803 0.202601 0
tire_wall_straight
0  45.986931 4.320701 16.500000  0.107464 -0.094728 -0.989686  0.033195 0.191414 0
0  44.260132 0.329428 16.500000  0.142620 -0.013470 -0.989686  0.050289 0.196793 0
0  40.821148 0.654230 16.000000  0.142620 -0.013472 -0.989686  0.050289 0.210622 0
tire_wall_straight
0  44.260132 0.329428 16.500000  0.142620 -0.013470 -0.989686  0.050289 0.196793 0
0  45.209133 -3.914567 16.500000  0.123300 0.072932 -0.989686  0.067383 0.191414 0
0  42.236023 -5.673180 16.000000  0.123300 0.072931 -0.989686  0.075775 0.202601 0
tire_wall_straight
0  45.209133 -3.914567 16.500000  0.123300 0.072932 -0.989686  0.067383 0.191414 0
0  48.471447 -6.790222 16.500000  0.056883 0.131477 -0.989686  0.077948 0.177329 0
0  47.099838 -9.960520 16.000000  0.056884 0.131477 -0.989686  0.091526 0.181602 0
tire_wall_straight
0  48.471447 -6.790222 16.500000  0.056883 0.131477 -0.989686  0.077948 0.177329 0
0  52.800983 -7.199134 16.500000  -0.031261 0.139802 -0.989686  0.077948 0.159919 0
0  53.554783 -10.570171 16.000000  -0.031260 0.139803 -0.989686  0.091526 0.155646 0
tire_wall_straight
0  52.800983 -7.199134 16.500000  -0.031261 0.139802 -0.989686  0.077948 0.159919 0
0  56.544006 -4.985114 16.500000  -0.107464 0.094728 -0.989686  0.067383 0.145834 0
0  59.135288 -7.269269 16.000000  -0.107463 0.094729 -0.989686  0.075775 0.134647 0
tire_wall_straight
0  56.544006 -4.985114 16.500000  -0.107464 0.094728 -0.989686  0.067383 0.145834 0
0  58.270805 -0.993842 16.500000  -0.142620 0.013470 -0.989686  0.050289 0.140455 0
0  61.709789 -1.318644 16.000000  -0.142620 0.013472 -0.989686  0.050289 0.126626 0
tire_wall_straight
0  58.270805 -0.993842 16.500000  -0.142620 0.013470 -0.989686  0.050289 0.140455 0
0  57.321804 3.250153 16.500000  -0.123300 -0.072932 -0.989686  0.033195 0.145834 0
0  60.294914 5.008767 16.000000  -0.123300 -0.072931 -0.989686  0.024803 0.134647 0
tire_wall_straight
0  57.321804 3.250153 16.500000  -0.123300 -0.072932 -0.989686  0.033195 0.145834 0
0  54.059490 6.125808 16.500000  -0.056883 -0.131477 -0.989686  0.022630 0.159919 0
0  55.431099 9.296106 16.000000  -0.056884 -0.131477 -0.989686  0.009052 0.155646 0
tire_wall_straight
0  55.431099 9.296106 16.000000  0.238181 0.550521 -0.800122  0.009052 0.155646 0
0  48.976154 9.905758 16.000000  -0.130896 0.585380 -0.800123  0.009052 0.181602 0
0  48.473621 12.153116 17.726410  -0.130897 0.585380 -0.800123  0.000000 0.184451 0
tire_wall_straight
0  48.976154 9.905758 16.000000  -0.130896 0.585380 -0.800123  0.009052 0.181602 0
0  43.395649 6.604856 16.000000  -0.449975 0.396644 -0.800122  0.024803 0.202601 0
0  41.668129 8.127625 17.726410  -0.449976 0.396643 -0.800122  0.019209 0.210060 0
tire_wall_straight
0  43.395649 6.604856 16.000000  -0.449975 0.396644 -0.800122  0.024803 0.202601 0
0  40.821148 0.654230 16.000000  -0.597179 0.056403 -0.800122  0.050289 0.210622 0
0  38.528492 0.870766 17.726410  -0.597180 0.056402 -0.800122  0.050289 0.219841 0
tire_wall_straight
0  40.821148 0.654230 16.000000  -0.597179 0.056403 -0.800122  0.050289 0.210622 0
0  42.236023 -5.673180 16.000000  -0.516280 -0.305382 -0.800123  0.075775 0.202601 0
0  40.253948 -6.845589 17.726410  -0.516280 -0.305383 -0.800123  0.081369 0.210060 0
tire_wall_straight
0  42.236023 -5.673180 16.000000  -0.516280 -0.305382 -0.800123  0.075775 0.202601 0
0  47.099838 -9.960520 16.000000  -0.238181 -0.550522 -0.800122  0.091526 0.181602 0
0  46.185432 -12.074053 17.726410  -0.238180 -0.550522 -0.800122  0.100578 0.184451 0
tire_wall_straight
0  47.099838 -9.960520 16.000000  -0.238181 -0.550522 -0.800122  0.091526 0.181602 0
0  53.554783 -10.570171 16.000000  0.130896 -0.585380 -0.800122  0.091526 0.155646 0
0  54.057316 -12.817530 17.726410  0.130897 -0.585380 -0.800123  0.100578 0.152797 0
tire_wall_straight
0  53.554783 -10.570171 16.000000  0.130896 -0.585380 -0.800122  0.091526 0.155646 0
0  59.135288 -7.269269 16.000000  0.449976 -0.396644 -0.800122  0.075775 0.134647 0
0  60.862808 -8.792039 17.726410  0.449977 -0.396643 -0.800122  0.081369 0.127188 0
tire_wall_straight
0  59.135288 -7.269269 16.000000  0.449976 -0.396644 -0.800122  0.075775 0.134647 0
0  61.709789 -1.318644 16.000000  0.597180 -0.056403 -0.800122  0.050289 0.126626 0
0  64.002441 -1.535179 17.726410  0.597180 -0.056402 -0.800122  0.050289 0.117407 0
tire_wall_straight
0  61.709789 -1.318644 16.000000  0.597180 -0.056403 -0.800122  0.050289 0.126626 0
0  60.294914 5.008767 16.000000  0.516281 0.305382 -0.800122  0.024803 0.134647 0
0  62.276989 6.181175 17.726410  0.516280 0.305383 -0.800122  0.019209 0.127188 0
tire_wall_straight
0  60.294914 5.008767 16.000000  0.516281 0.305382 -0.800122  0.024803 0.134647 0
0  55.431099 9.296106 16.000000  0.238181 0.550521 -0.800122  0.009052 0.155646 0
0  56.345505 11.409639 17.726410  0.238180 0.550522 -0.800122  0.000000 0.152797 0
tire_wall_straight
0  56.345505 11.409639 17.726410  0.094029 0.995569 0.000000  0.052082 0.891999 0
0  48.473621 12.153116 17.726410  0.094029 0.995570 0.000000  0.052082 0.922543 0
0  48.473621 12.153116 22.120909  0.094029 0.995569 0.000000  0.033919 0.922543 0
tire_wall_straight
0  48.473621 12.153116 17.726410  -0.509110 0.860701 0.000000  0.052082 0.922543 0
0  41.668129 8.127625 17.726410  -0.509110 0.860701 0.000000  0.052082 0.952138 0
0  41.668129 8.127625 22.120909  -0.509110 0.860701 0.000000  0.033919 0.952138 0
tire_wall_straight
0  41.668129 8.127625 17.726410  -0.917786 0.397075 0.000000  0.018163 0.698309 0
0  38.528492 0.870766 17.726410  -0.917786 0.397075 0.000000  0.018163 0.724877 0
0  38.528492 0.870766 22.120909  -0.917786 0.397075 0.000000  0.000000 0.724877 0
tire_wall_straight
0  38.528492 0.870766 17.726410  -0.975899 -0.218221 0.000000  0.018163 0.724877 0
0  40.253948 -6.845589 17.726410  -0.975899 -0.218221 0.000000  0.018163 0.756486 0
0  40.253948 -6.845589 22.120909  -0.975899 -0.218221 0.000000  0.000000 0.756486 0
tire_wall_straight
0  40.253948 -6.845589 17.726410  -0.661252 -0.750164 0.000000  0.018163 0.756486 0
0  46.185432 -12.074053 17.726410  -0.661252 -0.750164 0.000000  0.018163 0.781062 0
0  46.185432 -12.074053 22.120909  -0.661252 -0.750164 0.000000  0.000000 0.781062 0
tire_wall_straight
0  46.185432 -12.074053 17.726410  -0.094029 -0.995569 0.000000  0.085668 0.891999 0
0  54.057316 -12.817530 17.726410  -0.094029 -0.995570 0.000000  0.085668 0.922543 0
0  54.057316 -12.817530 22.120909  -0.094029 -0.995569 0.000000  0.067506 0.922543 0
tire_wall_straight
0  54.057316 -12.817530 17.726410  0.509110 -0.860701 0.000000  0.085668 0.922543 0
0  60.862808 -8.792039 17.726410  0.509110 -0.860702 0.000000  0.085668 0.952138 0
0  60.862808 -8.792039 22.120909  0.509110 -0.860702 0.000000  0.067506 0.952138 0
tire_wall_straight
0  60.862808 -8.792039 17.726410  0.917786 -0.397074 0.000000  0.051749 0.698309 0
0  64.002441 -1.535179 17.726410  0.917786 -0.397074 0.000000  0.051749 0.724877 0
0  64.002441 -1.535179 22.120909  0.917786 -0.397074 0.000000  0.033587 0.724877 0
tire_wall_straight
0  64.002441 -1.535179 17.726410  0.975899 0.218221 0.000000  0.051749 0.724877 0
0  62.276989 6.181175 17.726410  0.975899 0.218221 0.000000  0.051749 0.756486 0
0  62.276989 6.181175 22.120909  0.975899 0.218221 0.000000  0.033587 0.756486 0
tire_wall_straight
0  62.276989 6.181175 17.726410  0.661252 0.750164 0.000000  0.051749 0.756486 0
0  56.345505 11.409639 17.726410  0.661252 0.750164 0.000000  0.051749 0.781062 0
0  56.345505 11.409639 22.120909  0.661252 0.750164 0.000000  0.033587 0.781062 0
tire_wall_straight
0  56.345505 11.409639 22.120909  0.238180 0.550522 0.800122  0.216579 0.152797 0
0  48.473621 12.153116 22.120909  -0.130897 0.585380 0.800123  0.216579 0.184451 0
0  48.976154 9.905758 23.847319  -0.130898 0.585380 0.800123  0.207527 0.181602 0
tire_wall_straight
0  48.473621 12.153116 22.120909  -0.130897 0.585380 0.800123  0.216579 0.184451 0
0  41.668129 8.127625 22.120909  -0.449976 0.396644 0.800122  0.197371 0.210060 0
0  43.395649 6.604856 23.847319  -0.449977 0.396643 0.800122  0.191776 0.202601 0
tire_wall_straight
0  41.668129 8.127625 22.120909  -0.449976 0.396644 0.800122  0.197371 0.210060 0
0  38.528492 0.870766 22.120909  -0.597179 0.056402 0.800123  0.166290 0.219841 0
0  40.821148 0.654230 23.847319  -0.597179 0.056401 0.800123  0.166290 0.210622 0
tire_wall_straight
0  38.528492 0.870766 22.120909  -0.597179 0.056402 0.800123  0.166290 0.219841 0
0  40.253948 -6.845589 22.120909  -0.516281 -0.305383 0.800122  0.135210 0.210060 0
0  42.236023 -5.673180 23.847319  -0.516280 -0.305384 0.800122  0.140805 0.202601 0
tire_wall_straight
0  40.253948 -6.845589 22.120909  -0.516281 -0.305383 0.800122  0.135210 0.210060 0
0  46.185432 -12.074053 22.120909  -0.238180 -0.550522 0.800122  0.116002 0.184451 0
0  47.099838 -9.960520 23.847319  -0.238179 -0.550522 0.800122  0.125054 0.181602 0
tire_wall_straight
0  46.185432 -12.074053 22.120909  -0.238180 -0.550522 0.800122  0.116002 0.184451 0
0  54.057316 -12.817530 22.120909  0.130897 -0.585380 0.800122  0.116002 0.152797 0
0  53.554783 -10.570171 23.847319  0.130898 -0.585380 0.800122  0.125053 0.155646 0
tire_wall_straight
0  54.057316 -12.817530 22.120909  0.130897 -0.585380 0.800122  0.116002 0.152797 0
0  60.862808 -8.792039 22.120909  0.449975 -0.396643 0.800122  0.135210 0.127188 0
0  59.135288 -7.269269 23.847319  0.449976 -0.396643 0.800122  0.140805 0.134647 0
tire_wall_straight
0  60.862808 -8.792039 22.120909  0.449975 -0.396643 0.800122  0.135210 0.127188 0
0  64.002441 -1.535179 22.120909  0.597180 -0.056402 0.800122  0.166290 0.117407 0
0  61.709789 -1.318644 23.847319  0.597180 -0.056401 0.800122  0.166290 0.126626 0
tire_wall_straight
0  64.002441 -1.535179 22.120909  0.597180 -0.056402 0.800122  0.166290 0.117407 0
0  62.276989 6.181175 22.120909  0.516281 0.305382 0.800122  0.197371 0.127188 0
0  60.294914 5.008767 23.847319  0.516280 0.305384 0.800122  0.191776 0.134647 0
tire_wall_straight
0  62.276989 6.181175 22.120909  0.516281 0.305382 0.800122  0.197371 0.127188 0
0  56.345505 11.409639 22.120909  0.238180 0.550522 0.800122  0.216579 0.152797 0
0  55.431099 9.296106 23.847319  0.238179 0.550522 0.800122  0.207527 0.155646 0
tire_wall_straight
0  55.431099 9.296106 23.847319  -0.056881 -0.131478 0.989686  0.207527 0.155646 0
0  48.976154 9.905758 23.847319  0.031263 -0.139802 0.989686  0.207527 0.181602 0
0  49.729954 6.534721 23.347319  0.031262 -0.139802 0.989686  0.193949 0.177329 0
tire_wall_straight
0  48.976154 9.905758 23.847319  0.031263 -0.139802 0.989686  0.207527 0.181602 0
0  43.395649 6.604856 23.847319  0.107466 -0.094726 0.989686  0.191776 0.202601 0
0  45.986931 4.320701 23.347319  0.107464 -0.094727 0.989686  0.183384 0.191414 0
tire_wall_straight
0  43.395649 6.604856 23.847319  0.107466 -0.094726 0.989686  0.191776 0.202601 0
0  40.821148 0.654230 23.847319  0.142620 -0.013468 0.989686  0.166290 0.210622 0
0  44.260132 0.329428 23.347319  0.142620 -0.013470 0.989686  0.166290 0.196793 0
tire_wall_straight
0  40.821148 0.654230 23.847319  0.142620 -0.013468 0.989686  0.166290 0.210622 0
0  42.236023 -5.673180 23.847319  0.123299 0.072934 0.989686  0.140805 0.202601 0
0  45.209133 -3.914567 23.347319  0.123299 0.072933 0.989686  0.149196 0.191414 0
tire_wall_straight
0  42.236023 -5.673180 23.847319  0.123299 0.072934 0.989686  0.140805 0.202601 0
0  47.099838 -9.960520 23.847319  0.056881 0.131478 0.989686  0.125054 0.181602 0
0  48.471447 -6.790222 23.347319  0.056882 0.131477 0.989686  0.138631 0.177329 0
tire_wall_straight
0  47.099838 -9.960520 23.847319  0.056881 0.131478 0.989686  0.125054 0.181602 0
0  53.554783 -10.570171 23.847319  -0.031263 0.139802 0.989686  0.125053 0.155646 0
0  52.800983 -7.199134 23.347319  -0.031262 0.139802 0.989686  0.138631 0.159919 0
tire_wall_straight
0  53.554783 -10.570171 23.847319  -0.031263 0.139802 0.989686  0.125053 0.155646 0
0  59.135288 -7.269269 23.847319  -0.107466 0.094726 0.989686  0.140805 0.134647 0
0  56.544006 -4.985114 23.347319  -0.107464 0.094727 0.989686  0.149196 0.145834 0
tire_wall_straight
0  59.135288 -7.269269 23.847319  -0.107466 0.094726 0.989686  0.140805 0.134647 0
0  61.709789 -1.318644 23.847319  -0.142620 0.013468 0.989686  0.166290 0.126626 0
0  58.270805 -0.993842 23.347319  -0.142620 0.013470 0.989686  0.166290 0.140455 0
tire_wall_straight
0  61.709789 -1.318644 23.847319  -0.142620 0.013468 0.989686  0.166290 0.126626 0
0  60.294914 5.008767 23.847319  -0.123299 -0.072934 0.989686  0.191776 0.134647 0
0  57.321804 3.250153 23.347319  -0.123299 -0.072933 0.989686  0.183384 0.145834 0
tire_wall_straight
0  60.294914 5.008767 23.847319  -0.123299 -0.072934 0.989686  0.191776 0.134647 0
0  55.431099 9.296106 23.847319  -0.056881 -0.131478 0.989686  0.207527 0.155646 0
0  54.059490 6.125808 23.347319  -0.056882 -0.131477 0.989686  0.193949 0.159919 0
tire_wall_straight
0  54.059490 6.125808 23.347319  -0.094029 -0.995569 0.000000  0.971106 0.224330 0
0  49.729954 6.534721 23.347319  -0.094029 -0.995569 0.000000  0.971106 0.207531 0
0  49.729954 6.534721 16.500000  -0.094029 -0.995570 0.000000  0.999406 0.207531 0
tire_wall_straight
0  49.729954 6.534721 23.347319  0.509110 -0.860702 0.000000  0.971106 0.207531 0
0  45.986931 4.320701 23.347319  0.509109 -0.860702 0.000000  0.971106 0.191254 0
0  45.986931 4.320701 16.500000  0.509110 -0.860701 0.000000  0.999406 0.191254 0
tire_wall_straight
0  45.986931 4.320701 23.347319  0.917787 -0.397074 0.000000  0.411301 0.841659 0
0  44.260132 0.329428 23.347319  0.917787 -0.397074 0.000000  0.411301 0.827047 0
0  44.260132 0.329428 16.500000  0.917786 -0.397075 0.000000  0.439601 0.827047 0
tire_wall_straight
0  44.260132 0.329428 23.347319  0.975899 0.218221 0.000000  0.411301 0.827047 0
0  45.209133 -3.914567 23.347319  0.975899 0.218221 0.000000  0.411301 0.809662 0
0  45.209133 -3.914567 16.500000  0.975899 0.218221 0.000000  0.439601 0.809662 0
tire_wall_straight
0  45.209133 -3.914567 23.347319  0.661252 0.750164 0.000000  0.411301 0.809662 0
0  48.471447 -6.790222 23.347319  0.661252 0.750164 0.000000  0.411301 0.796145 0
0  48.471447 -6.790222 16.500000  0.661252 0.750164 0.000000  0.439601 0.796145 0
tire_wall_straight
0  48.471447 -6.790222 23.347319  0.094029 0.995570 0.000000  0.971106 0.176314 0
0  52.800983 -7.199134 23.347319  0.094029 0.995570 0.000000  0.971106 0.159515 0
0  52.800983 -7.199134 16.500000  0.094029 0.995569 0.000000  0.999406 0.159515 0
tire_wall_straight
0  52.800983 -7.199134 23.347319  -0.509110 0.860702 0.000000  0.971106 0.159515 0
0  56.544006 -4.985114 23.347319  -0.509109 0.860702 0.000000  0.971106 0.143238 0
0  56.544006 -4.985114 16.500000  -0.509110 0.860701 0.000000  0.999406 0.143238 0
tire_wall_straight
0  56.544006 -4.985114 23.347319  -0.917786 0.397075 0.000000  0.455025 0.841659 0
0  58.270805 -0.993842 23.347319  -0.917786 0.397076 0.000000  0.455025 0.827047 0
0  58.270805 -0.993842 16.500000  -0.917786 0.397074 0.000000  0.483325 0.827047 0
tire_wall_straight
0  58.270805 -0.993842 23.347319  -0.975900 -0.218220 0.000000  0.455025 0.827047 0
0  57.321804 3.250153 23.347319  -0.975900 -0.218219 0.000000  0.455025 0.809662 0
0  57.321804 3.250153 16.500000  -0.975899 -0.218222 0.000000  0.483325 0.809662 0
tire_wall_straight
0  57.321804 3.250153 23.347319  -0.661252 -0.750164 0.000000  0.455025 0.809662 0
0  54.059490 6.125808 23.347319  -0.661253 -0.750163 0.000000  0.455025 0.796145 0
0  54.059490 6.125808 16.500000  -0.661252 -0.750164 0.000000  0.483325 0.796145 0
tire_wall_straight
0  -51.704285 7.026244 24.500000  0.010355 -0.146584 -0.989144  0.292636 0.655598 0
0  -55.631767 5.436168 24.500000  0.094537 -0.112502 -0.989144  0.302930 0.641875 0
0  -57.796978 8.012819 24.000000  0.094537 -0.112503 -0.989144  0.316159 0.646039 0
tire_wall_straight
0  -55.631767 5.436168 24.500000  0.094537 -0.112502 -0.989144  0.302930 0.641875 0
0  -57.874542 1.841254 24.500000  0.142609 -0.035449 -0.989144  0.302930 0.624912 0
0  -61.140755 2.653129 24.000000  0.142609 -0.035450 -0.989144  0.316159 0.620749 0
tire_wall_straight
0  -57.874542 1.841254 24.500000  0.142609 -0.035449 -0.989144  0.302930 0.624912 0
0  -57.575947 -2.385364 24.500000  0.136210 0.055145 -0.989144  0.292636 0.611189 0
0  -60.695576 -3.648374 24.000000  0.136210 0.055144 -0.989144  0.300812 0.600289 0
tire_wall_straight
0  -57.575947 -2.385364 24.500000  0.136210 0.055145 -0.989144  0.292636 0.611189 0
0  -54.850037 -5.629261 24.500000  0.077782 0.124675 -0.989144  0.275981 0.605948 0
0  -56.631493 -8.484728 24.000000  0.077783 0.124675 -0.989144  0.275981 0.592474 0
tire_wall_straight
0  -54.850037 -5.629261 24.500000  0.077782 0.124675 -0.989144  0.275981 0.605948 0
0  -50.738014 -6.651377 24.500000  -0.010355 0.146584 -0.989144  0.259326 0.611189 0
0  -50.500839 -10.008612 24.000000  -0.010354 0.146584 -0.989144  0.251149 0.600289 0
tire_wall_straight
0  -50.738014 -6.651377 24.500000  -0.010355 0.146584 -0.989144  0.259326 0.611189 0
0  -46.810532 -5.061301 24.500000  -0.094537 0.112502 -0.989144  0.249032 0.624912 0
0  -44.645321 -7.637952 24.000000  -0.094536 0.112503 -0.989144  0.235803 0.620749 0
tire_wall_straight
0  -46.810532 -5.061301 24.500000  -0.094537 0.112502 -0.989144  0.249032 0.624912 0
0  -44.567757 -1.466386 24.500000  -0.142609 0.035449 -0.989144  0.249032 0.641875 0
0  -41.301544 -2.278262 24.000000  -0.142608 0.035450 -0.989144  0.235803 0.646039 0
tire_wall_straight
0  -44.567757 -1.466386 24.500000  -0.142609 0.035449 -0.989144  0.249032 0.641875 0
0  -44.866352 2.760231 24.500000  -0.136210 -0.055145 -0.989144  0.259326 0.655598 0
0  -41.746723 4.023241 24.000000  -0.136210 -0.055144 -0.989144  0.251149 0.666499 0
tire_wall_straight
0  -44.866352 2.760231 24.500000  -0.136210 -0.055145 -0.989144  0.259326 0.655598 0
0  -47.592262 6.004128 24.500000  -0.077783 -0.124675 -0.989144  0.275981 0.660840 0
0  -45.810806 8.859594 24.000000  -0.077783 -0.124675 -0.989144  0.275981 0.674314 0
tire_wall_straight
0  -47.592262 6.004128 24.500000  -0.077783 -0.124675 -0.989144  0.275981 0.660840 0
0  -51.704285 7.026244 24.500000  0.010355 -0.146584 -0.989144  0.292636 0.655598 0
0  -51.941460 10.383478 24.000000  0.010354 -0.146584 -0.989144  0.300812 0.666499 0
tire_wall_straight
0  -51.941460 10.383478 24.000000  -0.043373 0.613961 -0.788144  0.300812 0.666499 0
0  -57.796978 8.012819 24.000000  -0.395967 0.471210 -0.788144  0.316159 0.646039 0
0  -59.240452 9.730587 25.752214  -0.395968 0.471209 -0.788144  0.324979 0.648814 0
tire_wall_straight
0  -57.796978 8.012819 24.000000  -0.395967 0.471210 -0.788144  0.316159 0.646039 0
0  -61.140755 2.653129 24.000000  -0.597315 0.148474 -0.788144  0.316159 0.620749 0
0  -63.318226 3.194379 25.752214  -0.597315 0.148473 -0.788144  0.324979 0.617973 0
tire_wall_straight
0  -61.140755 2.653129 24.000000  -0.597315 0.148474 -0.788144  0.316159 0.620749 0
0  -60.695576 -3.648374 24.000000  -0.570508 -0.230974 -0.788145  0.300812 0.600289 0
0  -62.775330 -4.490380 25.752214  -0.570508 -0.230975 -0.788144  0.306263 0.593022 0
tire_wall_straight
0  -60.695576 -3.648374 24.000000  -0.570508 -0.230974 -0.788145  0.300812 0.600289 0
0  -56.631493 -8.484728 24.000000  -0.325787 -0.522198 -0.788144  0.275981 0.592474 0
0  -57.819126 -10.388374 25.752214  -0.325786 -0.522199 -0.788144  0.275981 0.583492 0
tire_wall_straight
0  -56.631493 -8.484728 24.000000  -0.325787 -0.522198 -0.788144  0.275981 0.592474 0
0  -50.500839 -10.008612 24.000000  0.043373 -0.613960 -0.788144  0.251149 0.600289 0
0  -50.342720 -12.246768 25.752214  0.043375 -0.613960 -0.788144  0.245699 0.593022 0
tire_wall_straight
0  -50.500839 -10.008612 24.000000  0.043373 -0.613960 -0.788144  0.251149 0.600289 0
0  -44.645321 -7.637952 24.000000  0.395967 -0.471211 -0.788144  0.235803 0.620749 0
0  -43.201847 -9.355721 25.752214  0.395968 -0.471210 -0.788144  0.226983 0.617973 0
tire_wall_straight
0  -44.645321 -7.637952 24.000000  0.395967 -0.471211 -0.788144  0.235803 0.620749 0
0  -41.301544 -2.278262 24.000000  0.597314 -0.148474 -0.788144  0.235803 0.646039 0
0  -39.124073 -2.819511 25.752214  0.597315 -0.148473 -0.788144  0.226983 0.648814 0
tire_wall_straight
0  -41.301544 -2.278262 24.000000  0.597314 -0.148474 -0.788144  0.235803 0.646039 0
0  -41.746723 4.023241 24.000000  0.570508 0.230975 -0.788145  0.251149 0.666499 0
0  -39.666969 4.865248 25.752214  0.570508 0.230976 -0.788144  0.245699 0.673766 0
tire_wall_straight
0  -41.746723 4.023241 24.000000  0.570508 0.230975 -0.788145  0.251149 0.666499 0
0  -45.810806 8.859594 24.000000  0.325787 0.522198 -0.788144  0.275981 0.674314 0
0  -44.623173 10.763241 25.752214  0.325786 0.522199 -0.788144  0.275981 0.683296 0
tire_wall_straight
0  -45.810806 8.859594 24.000000  0.325787 0.522198 -0.788144  0.275981 0.674314 0
0  -51.941460 10.383478 24.000000  -0.043373 0.613961 -0.788144  0.300812 0.666499 0
0  -52.099579 12.621634 25.752214  -0.043375 0.613961 -0.788144  0.306263 0.673766 0
tire_wall_straight
0  -52.099579 12.621634 25.752214  -0.375270 0.926915 0.000000  0.945222 0.028222 0
0  -59.240452 9.730587 25.752214  -0.375270 0.926916 0.000000  0.945222 0.058365 0
0  -59.240452 9.730587 30.212399  -0.375270 0.926916 0.000000  0.926788 0.058365 0
tire_wall_straight
0  -59.240452 9.730587 25.752214  -0.848427 0.529312 0.000000  0.823213 0.286516 0
0  -63.318226 3.194379 25.752214  -0.848427 0.529312 0.000000  0.823213 0.309617 0
0  -63.318226 3.194379 30.212399  -0.848427 0.529312 0.000000  0.804779 0.309617 0
tire_wall_straight
0  -63.318226 3.194379 25.752214  -0.997514 -0.070471 0.000000  0.823213 0.309617 0
0  -62.775330 -4.490380 25.752214  -0.997514 -0.070469 0.000000  0.823213 0.340316 0
0  -62.775330 -4.490380 30.212399  -0.997514 -0.070470 0.000000  0.804779 0.340316 0
tire_wall_straight
0  -62.775330 -4.490380 25.752214  -0.765584 -0.643336 0.000000  0.823213 0.340316 0
0  -57.819126 -10.388374 25.752214  -0.765584 -0.643336 0.000000  0.823213 0.366889 0
0  -57.819126 -10.388374 30.212399  -0.765584 -0.643336 0.000000  0.804779 0.366889 0
tire_wall_straight
0  -57.819126 -10.388374 25.752214  -0.241227 -0.970469 0.000000  0.945222 0.073305 0
0  -50.342720 -12.246768 25.752214  -0.241227 -0.970469 0.000000  0.945222 0.101527 0
0  -50.342720 -12.246768 30.212399  -0.241227 -0.970469 0.000000  0.926788 0.101527 0
tire_wall_straight
0  -50.342720 -12.246768 25.752214  0.375270 -0.926915 0.000000  0.945222 0.101527 0
0  -43.201847 -9.355721 25.752214  0.375270 -0.926916 0.000000  0.945222 0.131670 0
0  -43.201847 -9.355721 30.212399  0.375270 -0.926916 0.000000  0.926788 0.131670 0
tire_wall_straight
0  -43.201847 -9.355721 25.752214  0.848427 -0.529312 0.000000  0.823213 0.381828 0
0  -39.124073 -2.819511 25.752214  0.848427 -0.529312 0.000000  0.823213 0.404929 0
0  -39.124073 -2.819511 30.212399  0.848427 -0.529312 0.000000  0.804779 0.404929 0
tire_wall_straight
0  -39.124073 -2.819511 25.752214  0.997514 0.070471 0.000000  0.823213 0.404929 0
0  -39.666969 4.865248 25.752214  0.997514 0.070469 0.000000  0.823213 0.435629 0
0  -39.666969 4.865248 30.212399  0.997514 0.070470 0.000000  0.804779 0.435629 0
tire_wall_straight
0  -39.666969 4.865248 25.752214  0.765584 0.643336 0.000000  0.823213 0.435629 0
0  -44.623173 10.763241 25.752214  0.765584 0.643336 0.000000  0.823213 0.462201 0
0  -44.623173 10.763241 30.212399  0.765584 0.643336 0.000000  0.804779 0.462201 0
tire_wall_straight
0  -44.623173 10.763241 25.752214  0.241227 0.970469 0.000000  0.945222 0.000000 0
0  -52.099579 12.621634 25.752214  0.241227 0.970469 0.000000  0.945222 0.028222 0
0  -52.099579 12.621634 30.212399  0.241227 0.970469 0.000000  0.926788 0.028222 0
tire_wall_straight
0  -52.099579 12.621634 30.212399  -0.043374 0.613960 0.788144  0.419682 0.673766 0
0  -59.240452 9.730587 30.212399  -0.395967 0.471210 0.788144  0.389400 0.683296 0
0  -57.796978 8.012819 31.964613  -0.395968 0.471210 0.788144  0.389400 0.674314 0
tire_wall_straight
0  -59.240452 9.730587 30.212399  -0.395967 0.471210 0.788144  0.389400 0.683296 0
0  -63.318226 3.194379 30.212399  -0.597315 0.148473 0.788144  0.359118 0.673766 0
0  -61.140755 2.653129 31.964613  -0.597315 0.148472 0.788144  0.364569 0.666499 0
tire_wall_straight
0  -63.318226 3.194379 30.212399  -0.597315 0.148473 0.788144  0.359118 0.673766 0
0  -62.775330 -4.490380 30.212399  -0.570508 -0.230975 0.788145  0.340402 0.648814 0
0  -60.695576 -3.648374 31.964613  -0.570507 -0.230976 0.788144  0.349222 0.646039 0
tire_wall_straight
0  -62.775330 -4.490380 30.212399  -0.570508 -0.230975 0.788145  0.340402 0.648814 0
0  -57.819126 -10.388374 30.212399  -0.325787 -0.522199 0.788144  0.340402 0.617973 0
0  -56.631493 -8.484728 31.964613  -0.325786 -0.522200 0.788144  0.349222 0.620749 0
tire_wall_straight
0  -57.819126 -10.388374 30.212399  -0.325787 -0.522199 0.788144  0.340402 0.617973 0
0  -50.342720 -12.246768 30.212399  0.043374 -0.613960 0.788144  0.359118 0.593022 0
0  -50.500839 -10.008612 31.964613  0.043375 -0.613961 0.788144  0.364569 0.600289 0
tire_wall_straight
0  -50.342720 -12.246768 30.212399  0.043374 -0.613960 0.788144  0.359118 0.593022 0
0  -43.201847 -9.355721 30.212399  0.395967 -0.471210 0.788144  0.389400 0.583491 0
0  -44.645321 -7.637952 31.964613  0.395968 -0.471209 0.788144  0.389400 0.592474 0
tire_wall_straight
0  -43.201847 -9.355721 30.212399  0.395967 -0.471210 0.788144  0.389400 0.583491 0
0  -39.124073 -2.819511 30.212399  0.597315 -0.148473 0.788144  0.419682 0.593022 0
0  -41.301544 -2.278262 31.964613  0.597315 -0.148472 0.788144  0.414231 0.600289 0
tire_wall_straight
0  -39.124073 -2.819511 30.212399  0.597315 -0.148473 0.788144  0.419682 0.593022 0
0  -39.666969 4.865248 30.212399  0.570508 0.230975 0.788144  0.438398 0.617973 0
0  -41.746723 4.023241 31.964613  0.570507 0.230976 0.788144  0.429578 0.620749 0
tire_wall_straight
0  -39.666969 4.865248 30.212399  0.570508 0.230975 0.788144  0.438398 0.617973 0
0  -44.623173 10.763241 30.212399  0.325786 0.522199 0.788144  0.438398 0.648814 0
0  -45.810806 8.859594 31.964613  0.325786 0.522200 0.788144  0.429578 0.646039 0
tire_wall_straight
0  -44.623173 10.763241 30.212399  0.325786 0.522199 0.788144  0.438398 0.648814 0
0  -52.099579 12.621634 30.212399  -0.043374 0.613960 0.788144  0.419682 0.673766 0
0  -51.941460 10.383478 31.964613  -0.043375 0.613960 0.788144  0.414232 0.666499 0
tire_wall_straight
0  -51.941460 10.383478 31.964613  0.010357 -0.146584 0.989144  0.414232 0.666499 0
0  -57.796978 8.012819 31.964613  0.094538 -0.112501 0.989144  0.389400 0.674314 0
0  -55.631767 5.436168 31.464613  0.094537 -0.112502 0.989144  0.389400 0.660840 0
tire_wall_straight
0  -57.796978 8.012819 31.964613  0.094538 -0.112501 0.989144  0.389400 0.674314 0
0  -61.140755 2.653129 31.964613  0.142610 -0.035446 0.989144  0.364569 0.666499 0
0  -57.874542 1.841254 31.464613  0.142609 -0.035448 0.989144  0.372745 0.655598 0
tire_wall_straight
0  -61.140755 2.653129 31.964613  0.142610 -0.035446 0.989144  0.364569 0.666499 0
0  -60.695576 -3.648374 31.964613  0.136209 0.055147 0.989144  0.349222 0.646039 0
0  -57.575947 -2.385364 31.464613  0.136209 0.055146 0.989144  0.362451 0.641875 0
tire_wall_straight
0  -60.695576 -3.648374 31.964613  0.136209 0.055147 0.989144  0.349222 0.646039 0
0  -56.631493 -8.484728 31.964613  0.077781 0.124676 0.989144  0.349222 0.620749 0
0  -54.850037 -5.629261 31.464613  0.077782 0.124676 0.989144  0.362451 0.624912 0
tire_wall_straight
0  -56.631493 -8.484728 31.964613  0.077781 0.124676 0.989144  0.349222 0.620749 0
0  -50.500839 -10.008612 31.964613  -0.010357 0.146584 0.989144  0.364569 0.600289 0
0  -50.738014 -6.651377 31.464613  -0.010356 0.146584 0.989144  0.372745 0.611189 0
tire_wall_straight
0  -50.500839 -10.008612 31.964613  -0.010357 0.146584 0.989144  0.364569 0.600289 0
0  -44.645321 -7.637952 31.964613  -0.094538 0.112501 0.989144  0.389400 0.592474 0
0  -46.810532 -5.061301 31.464613  -0.094537 0.112502 0.989144  0.389400 0.605947 0
tire_wall_straight
0  -44.645321 -7.637952 31.964613  -0.094538 0.112501 0.989144  0.389400 0.592474 0
0  -41.301544 -2.278262 31.964613  -0.142610 0.035446 0.989144  0.414231 0.600289 0
0  -44.567757 -1.466386 31.464613  -0.142609 0.035448 0.989144  0.406055 0.611189 0
tire_wall_straight
0  -41.301544 -2.278262 31.964613  -0.142610 0.035446 0.989144  0.414231 0.600289 0
0  -41.746723 4.023241 31.964613  -0.136209 -0.055147 0.989144  0.429578 0.620749 0
0  -44.866352 2.760231 31.464613  -0.136209 -0.055146 0.989144  0.416349 0.624912 0
tire_wall_straight
0  -41.746723 4.023241 31.964613  -0.136209 -0.055147 0.989144  0.429578 0.620749 0
0  -45.810806 8.859594 31.964613  -0.077781 -0.124676 0.989144  0.429578 0.646039 0
0  -47.592262 6.004128 31.464613  -0.077782 -0.124676 0.989144  0.416349 0.641875 0
tire_wall_straight
0  -45.810806 8.859594 31.964613  -0.077781 -0.124676 0.989144  0.429578 0.646039 0
0  -51.941460 10.383478 31.964613  0.010357 -0.146584 0.989144  0.414232 0.666499 0
0  -51.704285 7.026244 31.464613  0.010356 -0.146584 0.989144  0.406055 0.655598 0
tire_wall_straight
0  -51.704285 7.026244 31.464613  0.375270 -0.926916 0.000000  0.971106 0.920453 0
0  -55.631767 5.436168 31.464613  0.375270 -0.926916 0.000000  0.971106 0.903874 0
0  -55.631767 5.436168 24.500000  0.375270 -0.926915 0.000000  0.999891 0.903874 0
tire_wall_straight
0  -55.631767 5.436168 31.464613  0.848427 -0.529312 0.000000  0.838686 0.519724 0
0  -57.874542 1.841254 31.464613  0.848427 -0.529312 0.000000  0.838686 0.507019 0
0  -57.874542 1.841254 24.500000  0.848427 -0.529312 0.000000  0.867471 0.507019 0
tire_wall_straight
0  -57.874542 1.841254 31.464613  0.997514 0.070471 0.000000  0.838686 0.507019 0
0  -57.575947 -2.385364 31.464613  0.997514 0.070470 0.000000  0.838686 0.490134 0
0  -57.575947 -2.385364 24.500000  0.997514 0.070472 0.000000  0.867471 0.490134 0
tire_wall_straight
0  -57.575947 -2.385364 31.464613  0.765585 0.643335 0.000000  0.838686 0.490134 0
0  -54.850037 -5.629261 31.464613  0.765585 0.643335 0.000000  0.838686 0.475519 0
0  -54.850037 -5.629261 24.500000  0.765584 0.643335 0.000000  0.867471 0.475519 0
tire_wall_straight
0  -54.850037 -5.629261 31.464613  0.241227 0.970469 0.000000  0.000000 0.999265 0
0  -50.738014 -6.651377 31.464613  0.241228 0.970469 0.000000  0.000000 0.983742 0
0  -50.738014 -6.651377 24.500000  0.241227 0.970469 0.000000  0.028785 0.983742 0
tire_wall_straight
0  -50.738014 -6.651377 31.464613  -0.375270 0.926916 0.000000  0.000000 0.983742 0
0  -46.810532 -5.061301 31.464613  -0.375270 0.926916 0.000000  0.000000 0.967164 0
0  -46.810532 -5.061301 24.500000  -0.375270 0.926915 0.000000  0.028785 0.967164 0
tire_wall_straight
0  -46.810532 -5.061301 31.464613  -0.848427 0.529312 0.000000  0.838686 0.460579 0
0  -44.567757 -1.466386 31.464613  -0.848427 0.529312 0.000000  0.838686 0.447874 0
0  -44.567757 -1.466386 24.500000  -0.848427 0.529312 0.000000  0.867471 0.447874 0
tire_wall_straight
0  -44.567757 -1.466386 31.464613  -0.997514 -0.070470 0.000000  0.838686 0.447874 0
0  -44.866352 2.760231 31.464613  -0.997514 -0.070470 0.000000  0.838686 0.430989 0
0  -44.866352 2.760231 24.500000  -0.997514 -0.070470 0.000000  0.867471 0.430989 0
tire_wall_straight
0  -44.866352 2.760231 31.464613  -0.765584 -0.643336 0.000000  0.838686 0.430989 0
0  -47.592262 6.004128 31.464613  -0.765584 -0.643336 0.000000  0.838686 0.416374 0
0  -47.592262 6.004128 24.500000  -0.765584 -0.643336 0.000000  0.867471 0.416374 0
tire_wall_straight
0  -47.592262 6.004128 31.464613  -0.241227 -0.970469 0.000000  0.971106 0.935975 0
0  -51.704285 7.026244 31.464613  -0.241227 -0.970469 0.000000  0.971106 0.920453 0
0  -51.704285 7.026244 24.500000  -0.241227 -0.970469 0.000000  0.999891 0.920453 0
tire_wall_straight
0  5.517976 3.763467 24.500000  -0.117912 -0.086266 -0.989270  0.261338 0.540282 0
0  2.061401 6.257366 24.500000  -0.044687 -0.139098 -0.989270  0.278092 0.545555 0
0  3.096938 9.480710 24.000000  -0.044688 -0.139097 -0.989270  0.278092 0.559109 0
tire_wall_straight
0  2.061401 6.257366 24.500000  -0.044687 -0.139098 -0.989270  0.278092 0.545555 0
0  -2.200904 6.243249 24.500000  0.045607 -0.138799 -0.989270  0.294846 0.540282 0
0  -3.257771 9.459662 24.000000  0.045606 -0.138799 -0.989270  0.303071 0.551247 0
tire_wall_straight
0  -2.200904 6.243249 24.500000  0.045607 -0.138799 -0.989270  0.294846 0.540282 0
0  -5.640883 3.726507 24.500000  0.118481 -0.085484 -0.989270  0.305201 0.526477 0
0  -8.386467 5.707430 24.000000  0.118480 -0.085485 -0.989270  0.318509 0.530666 0
tire_wall_straight
0  -5.640883 3.726507 24.500000  0.118481 -0.085484 -0.989270  0.305201 0.526477 0
0  -6.944582 -0.331548 24.500000  0.146099 0.000483 -0.989270  0.305201 0.509414 0
0  -10.330163 -0.342762 24.000000  0.146099 0.000482 -0.989270  0.318509 0.505225 0
tire_wall_straight
0  -6.944582 -0.331548 24.500000  0.146099 0.000483 -0.989270  0.305201 0.509414 0
0  -5.614030 -4.380879 24.500000  0.117912 0.086266 -0.989270  0.294846 0.495609 0
0  -8.346432 -6.379946 24.000000  0.117913 0.086265 -0.989270  0.303071 0.484644 0
tire_wall_straight
0  -5.614030 -4.380879 24.500000  0.117912 0.086266 -0.989270  0.294846 0.495609 0
0  -2.157455 -6.874777 24.500000  0.044687 0.139098 -0.989270  0.278092 0.490336 0
0  -3.192992 -10.098121 24.000000  0.044688 0.139097 -0.989270  0.278092 0.476783 0
tire_wall_straight
0  -2.157455 -6.874777 24.500000  0.044687 0.139098 -0.989270  0.278092 0.490336 0
0  2.104850 -6.860661 24.500000  -0.045607 0.138799 -0.989270  0.261338 0.495609 0
0  3.161717 -10.077073 24.000000  -0.045606 0.138799 -0.989270  0.253113 0.484644 0
tire_wall_straight
0  2.104850 -6.860661 24.500000  -0.045607 0.138799 -0.989270  0.261338 0.495609 0
0  5.544829 -4.343919 24.500000  -0.118481 0.085484 -0.989270  0.250983 0.509414 0
0  8.290413 -6.324841 24.000000  -0.118480 0.085485 -0.989270  0.237675 0.505225 0
tire_wall_straight
0  5.544829 -4.343919 24.500000  -0.118481 0.085484 -0.989270  0.250983 0.509414 0
0  6.848527 -0.285863 24.500000  -0.146099 -0.000483 -0.989270  0.250983 0.526477 0
0  10.234109 -0.274650 24.000000  -0.146099 -0.000482 -0.989270  0.237675 0.530666 0
tire_wall_straight
0  6.848527 -0.285863 24.500000  -0.146099 -0.000483 -0.989270  0.250983 0.526477 0
0  5.517976 3.763467 24.500000  -0.117912 -0.086266 -0.989270  0.261338 0.540282 0
0  8.250378 5.762534 24.000000  -0.117913 -0.086265 -0.989270  0.253113 0.551247 0
tire_wall_straight
0  8.250378 5.762534 24.000000  0.495723 0.362677 -0.789129  0.253113 0.551247 0
0  3.096938 9.480710 24.000000  0.187872 0.584791 -0.789129  0.278092 0.559109 0
0  3.787297 11.629607 25.756817  0.187871 0.584791 -0.789129  0.278092 0.568144 0
tire_wall_straight
0  3.096938 9.480710 24.000000  0.187872 0.584791 -0.789129  0.278092 0.559109 0
0  -3.257771 9.459662 24.000000  -0.191740 0.583534 -0.789128  0.303071 0.551247 0
0  -3.962349 11.603939 25.756817  -0.191741 0.583534 -0.789129  0.308554 0.558557 0
tire_wall_straight
0  -3.257771 9.459662 24.000000  -0.191740 0.583534 -0.789128  0.303071 0.551247 0
0  -8.386467 5.707430 24.000000  -0.498113 0.359387 -0.789129  0.318509 0.530666 0
0  -10.216857 7.028045 25.756817  -0.498114 0.359386 -0.789129  0.327381 0.533458 0
tire_wall_straight
0  -8.386467 5.707430 24.000000  -0.498113 0.359387 -0.789129  0.318509 0.530666 0
0  -10.330163 -0.342762 24.000000  -0.614225 -0.002034 -0.789128  0.318509 0.505225 0
0  -12.587217 -0.350237 25.756817  -0.614225 -0.002035 -0.789128  0.327381 0.502433 0
tire_wall_straight
0  -10.330163 -0.342762 24.000000  -0.614225 -0.002034 -0.789128  0.318509 0.505225 0
0  -8.346432 -6.379946 24.000000  -0.495723 -0.362678 -0.789128  0.303071 0.484644 0
0  -10.168034 -7.712657 25.756817  -0.495722 -0.362678 -0.789128  0.308554 0.477334 0
tire_wall_straight
0  -8.346432 -6.379946 24.000000  -0.495723 -0.362678 -0.789128  0.303071 0.484644 0
0  -3.192992 -10.098121 24.000000  -0.187871 -0.584791 -0.789129  0.278092 0.476783 0
0  -3.883351 -12.247018 25.756817  -0.187870 -0.584791 -0.789129  0.278092 0.467747 0
tire_wall_straight
0  -3.192992 -10.098121 24.000000  -0.187871 -0.584791 -0.789129  0.278092 0.476783 0
0  3.161717 -10.077073 24.000000  0.191740 -0.583534 -0.789128  0.253113 0.484644 0
0  3.866295 -12.221350 25.756817  0.191741 -0.583534 -0.789128  0.247630 0.477334 0
tire_wall_straight
0  3.161717 -10.077073 24.000000  0.191740 -0.583534 -0.789128  0.253113 0.484644 0
0  8.290413 -6.324841 24.000000  0.498113 -0.359387 -0.789129  0.237675 0.505225 0
0  10.120803 -7.645457 25.756817  0.498114 -0.359386 -0.789129  0.228803 0.502433 0
tire_wall_straight
0  8.290413 -6.324841 24.000000  0.498113 -0.359387 -0.789129  0.237675 0.505225 0
0  10.234109 -0.274650 24.000000  0.614225 0.002033 -0.789128  0.237675 0.530666 0
0  12.491163 -0.267174 25.756817  0.614225 0.002035 -0.789128  0.228803 0.533458 0
tire_wall_straight
0  10.234109 -0.274650 24.000000  0.614225 0.002033 -0.789128  0.237675 0.530666 0
0  8.250378 5.762534 24.000000  0.495723 0.362677 -0.789129  0.253113 0.551247 0
0  10.071980 7.095245 25.756817  0.495722 0.362678 -0.789129  0.247630 0.558557 0
tire_wall_straight
0  10.071980 7.095245 25.756817  0.585103 0.810959 0.000000  0.823262 0.154268 0
0  3.787297 11.629607 25.756817  0.585103 0.810959 0.000000  0.823262 0.176338 0
0  3.787297 11.629607 30.228714  0.585103 0.810959 0.000000  0.804779 0.176338 0
tire_wall_straight
0  3.787297 11.629607 25.756817  -0.003312 0.999995 0.000000  0.725629 0.891999 0
0  -3.962349 11.603939 25.756817  -0.003312 0.999995 0.000000  0.725629 0.922586 0
0  -3.962349 11.603939 30.228714  -0.003312 0.999995 0.000000  0.707146 0.922586 0
tire_wall_straight
0  -3.962349 11.603939 25.756817  -0.590462 0.807065 0.000000  0.725629 0.922586 0
0  -10.216857 7.028045 25.756817  -0.590462 0.807066 0.000000  0.725629 0.950383 0
0  -10.216857 7.028045 30.228714  -0.590462 0.807066 0.000000  0.707146 0.950383 0
tire_wall_straight
0  -10.216857 7.028045 25.756817  -0.952075 0.305865 0.000000  0.823262 0.191278 0
0  -12.587217 -0.350237 25.756817  -0.952075 0.305866 0.000000  0.823262 0.218835 0
0  -12.587217 -0.350237 30.228714  -0.952075 0.305865 0.000000  0.804779 0.218835 0
tire_wall_straight
0  -12.587217 -0.350237 25.756817  -0.950028 -0.312165 0.000000  0.823262 0.218835 0
0  -10.168034 -7.712657 25.756817  -0.950028 -0.312165 0.000000  0.823262 0.249507 0
0  -10.168034 -7.712657 30.228714  -0.950028 -0.312165 0.000000  0.804779 0.249507 0
tire_wall_straight
0  -10.168034 -7.712657 25.756817  -0.585102 -0.810959 0.000000  0.823262 0.249507 0
0  -3.883351 -12.247018 25.756817  -0.585102 -0.810959 0.000000  0.823262 0.271576 0
0  -3.883351 -12.247018 30.228714  -0.585102 -0.810959 0.000000  0.804779 0.271576 0
tire_wall_straight
0  -3.883351 -12.247018 25.756817  0.003312 -0.999995 0.000000  0.759535 0.891999 0
0  3.866295 -12.221350 25.756817  0.003312 -0.999995 0.000000  0.759535 0.922586 0
0  3.866295 -12.221350 30.228714  0.003312 -0.999995 0.000000  0.741053 0.922586 0
tire_wall_straight
0  3.866295 -12.221350 25.756817  0.590462 -0.807066 0.000000  0.759535 0.922586 0
0  10.120803 -7.645457 25.756817  0.590462 -0.807066 0.000000  0.759535 0.950383 0
0  10.120803 -7.645457 30.228714  0.590462 -0.807066 0.000000  0.741053 0.950383 0
tire_wall_straight
0  10.120803 -7.645457 25.756817  0.952075 -0.305865 0.000000  0.823262 0.096039 0
0  12.491163 -0.267174 25.756817  0.952075 -0.305865 0.000000  0.823262 0.123597 0
0  12.491163 -0.267174 30.228714  0.952075 -0.305865 0.000000  0.804779 0.123597 0
tire_wall_straight
0  12.491163 -0.267174 25.756817  0.950028 0.312165 0.000000  0.823262 0.123597 0
0  10.071980 7.095245 25.756817  0.950028 0.312165 0.000000  0.823262 0.154268 0
0  10.071980 7.095245 30.228714  0.950028 0.312165 0.000000  0.804779 0.154268 0
tire_wall_straight
0  10.071980 7.095245 30.228714  0.495723 0.362678 0.789128  0.422556 0.558557 0
0  3.787297 11.629607 30.228714  0.187871 0.584791 0.789129  0.392094 0.568144 0
0  3.096938 9.480710 31.985531  0.187870 0.584791 0.789129  0.392094 0.559109 0
tire_wall_straight
0  3.787297 11.629607 30.228714  0.187871 0.584791 0.789129  0.392094 0.568144 0
0  -3.962349 11.603939 30.228714  -0.191740 0.583534 0.789129  0.361631 0.558557 0
0  -3.257771 9.459662 31.985531  -0.191742 0.583533 0.789129  0.367115 0.551247 0
tire_wall_straight
0  -3.962349 11.603939 30.228714  -0.191740 0.583534 0.789129  0.361631 0.558557 0
0  -10.216857 7.028045 30.228714  -0.498113 0.359387 0.789129  0.342805 0.533458 0
0  -8.386467 5.707430 31.985531  -0.498114 0.359386 0.789129  0.351677 0.530666 0
tire_wall_straight
0  -10.216857 7.028045 30.228714  -0.498113 0.359387 0.789129  0.342805 0.533458 0
0  -12.587217 -0.350237 30.228714  -0.614225 -0.002034 0.789129  0.342805 0.502433 0
0  -10.330163 -0.342762 31.985531  -0.614224 -0.002035 0.789129  0.351677 0.505225 0
tire_wall_straight
0  -12.587217 -0.350237 30.228714  -0.614225 -0.002034 0.789129  0.342805 0.502433 0
0  -10.168034 -7.712657 30.228714  -0.495723 -0.362678 0.789128  0.361631 0.477334 0
0  -8.346432 -6.379946 31.985531  -0.495722 -0.362679 0.789129  0.367115 0.484644 0
tire_wall_straight
0  -10.168034 -7.712657 30.228714  -0.495723 -0.362678 0.789128  0.361631 0.477334 0
0  -3.883351 -12.247018 30.228714  -0.187871 -0.584791 0.789128  0.392094 0.467747 0
0  -3.192992 -10.098121 31.985531  -0.187870 -0.584791 0.789129  0.392094 0.476783 0
tire_wall_straight
0  -3.883351 -12.247018 30.228714  -0.187871 -0.584791 0.789128  0.392094 0.467747 0
0  3.866295 -12.221350 30.228714  0.191740 -0.583534 0.789129  0.422556 0.477334 0
0  3.161717 -10.077073 31.985531  0.191742 -0.583533 0.789129  0.417073 0.484644 0
tire_wall_straight
0  3.866295 -12.221350 30.228714  0.191740 -0.583534 0.789129  0.422556 0.477334 0
0  10.120803 -7.645457 30.228714  0.498114 -0.359387 0.789129  0.441382 0.502433 0
0  8.290413 -6.324841 31.985531  0.498114 -0.359386 0.789129  0.432510 0.505225 0
tire_wall_straight
0  10.120803 -7.645457 30.228714  0.498114 -0.359387 0.789129  0.441382 0.502433 0
0  12.491163 -0.267174 30.228714  0.614225 0.002034 0.789129  0.441382 0.533458 0
0  10.234109 -0.274650 31.985531  0.614224 0.002035 0.789129  0.432510 0.530666 0
tire_wall_straight
0  12.491163 -0.267174 30.228714  0.614225 0.002034 0.789129  0.441382 0.533458 0
0  10.071980 7.095245 30.228714  0.495723 0.362678 0.789128  0.422556 0.558557 0
0  8.250378 5.762534 31.985531  0.495722 0.362679 0.789128  0.417073 0.551247 0
tire_wall_straight
0  8.250378 5.762534 31.985531  -0.117911 -0.086268 0.989270  0.417073 0.551247 0
0  3.096938 9.480710 31.985531  -0.044685 -0.139098 0.989270  0.392094 0.559109 0
0  2.061401 6.257366 31.485531  -0.044686 -0.139098 0.989270  0.392094 0.545555 0
tire_wall_straight
0  3.096938 9.480710 31.985531  -0.044685 -0.139098 0.989270  0.392094 0.559109 0
0  -3.257771 9.459662 31.985531  0.045609 -0.138798 0.989270  0.367115 0.551247 0
0  -2.200904 6.243249 31.485531  0.045608 -0.138799 0.989270  0.375339 0.540282 0
tire_wall_straight
0  -3.257771 9.459662 31.985531  0.045609 -0.138798 0.989270  0.367115 0.551247 0
0  -8.386467 5.707430 31.985531  0.118482 -0.085482 0.989270  0.351677 0.530666 0
0  -5.640883 3.726507 31.485531  0.118481 -0.085483 0.989270  0.364985 0.526477 0
tire_wall_straight
0  -8.386467 5.707430 31.985531  0.118482 -0.085482 0.989270  0.351677 0.530666 0
0  -10.330163 -0.342762 31.985531  0.146099 0.000486 0.989270  0.351677 0.505225 0
0  -6.944582 -0.331548 31.485531  0.146099 0.000484 0.989270  0.364985 0.509414 0
tire_wall_straight
0  -10.330163 -0.342762 31.985531  0.146099 0.000486 0.989270  0.351677 0.505225 0
0  -8.346432 -6.379946 31.985531  0.117911 0.086268 0.989270  0.367115 0.484644 0
0  -5.614030 -4.380879 31.485531  0.117912 0.086267 0.989270  0.375339 0.495609 0
tire_wall_straight
0  -8.346432 -6.379946 31.985531  0.117911 0.086268 0.989270  0.367115 0.484644 0
0  -3.192992 -10.098121 31.985531  0.044685 0.139098 0.989270  0.392094 0.476783 0
0  -2.157455 -6.874777 31.485531  0.044686 0.139098 0.989270  0.392094 0.490336 0
tire_wall_straight
0  -3.192992 -10.098121 31.985531  0.044685 0.139098 0.989270  0.392094 0.476783 0
0  3.161717 -10.077073 31.985531  -0.045609 0.138798 0.989270  0.417073 0.484644 0
0  2.104850 -6.860661 31.485531  -0.045608 0.138799 0.989270  0.408848 0.495609 0
tire_wall_straight
0  3.161717 -10.077073 31.985531  -0.045609 0.138798 0.989270  0.417073 0.484644 0
0  8.290413 -6.324841 31.985531  -0.118482 0.085482 0.989270  0.432510 0.505225 0
0  5.544829 -4.343919 31.485531  -0.118481 0.085483 0.989270  0.419202 0.509414 0
tire_wall_straight
0  8.290413 -6.324841 31.985531  -0.118482 0.085482 0.989270  0.432510 0.505225 0
0  10.234109 -0.274650 31.985531  -0.146099 -0.000486 0.989270  0.432510 0.530666 0
0  6.848527 -0.285863 31.485531  -0.146099 -0.000484 0.989270  0.419202 0.526477 0
tire_wall_straight
0  10.234109 -0.274650 31.985531  -0.146099 -0.000486 0.989270  0.432510 0.530666 0
0  8.250378 5.762534 31.985531  -0.117911 -0.086268 0.989270  0.417073 0.551247 0
0  5.517976 3.763467 31.485531  -0.117912 -0.086267 0.989270  0.408848 0.540282 0
tire_wall_straight
0  5.517976 3.763467 31.485531  -0.585102 -0.810959 0.000000  0.838686 0.310305 0
0  2.061401 6.257366 31.485531  -0.585102 -0.810959 0.000000  0.838686 0.298166 0
0  2.061401 6.257366 24.500000  -0.585102 -0.810959 0.000000  0.867557 0.298166 0
tire_wall_straight
0  2.061401 6.257366 31.485531  0.003312 -0.999995 0.000000  0.971106 0.746779 0
0  -2.200904 6.243249 31.485531  0.003312 -0.999995 0.000000  0.971106 0.729956 0
0  -2.200904 6.243249 24.500000  0.003312 -0.999995 0.000000  0.999977 0.729956 0
tire_wall_straight
0  -2.200904 6.243249 31.485531  0.590462 -0.807066 0.000000  0.971106 0.729956 0
0  -5.640883 3.726507 31.485531  0.590462 -0.807066 0.000000  0.971106 0.714668 0
0  -5.640883 3.726507 24.500000  0.590462 -0.807066 0.000000  0.999977 0.714668 0
tire_wall_straight
0  -5.640883 3.726507 31.485531  0.952075 -0.305865 0.000000  0.838686 0.401435 0
0  -6.944582 -0.331548 31.485531  0.952075 -0.305865 0.000000  0.838686 0.386278 0
0  -6.944582 -0.331548 24.500000  0.952075 -0.305865 0.000000  0.867557 0.386278 0
tire_wall_straight
0  -6.944582 -0.331548 31.485531  0.950028 0.312165 0.000000  0.838686 0.386278 0
0  -5.614030 -4.380879 31.485531  0.950028 0.312165 0.000000  0.838686 0.369409 0
0  -5.614030 -4.380879 24.500000  0.950028 0.312165 0.000000  0.867557 0.369409 0
tire_wall_straight
0  -5.614030 -4.380879 31.485531  0.585102 0.810959 0.000000  0.838686 0.369409 0
0  -2.157455 -6.874777 31.485531  0.585102 0.810960 0.000000  0.838686 0.357270 0
0  -2.157455 -6.874777 24.500000  0.585102 0.810959 0.000000  0.867557 0.357270 0
tire_wall_straight
0  -2.157455 -6.874777 31.485531  -0.003312 0.999995 0.000000  0.971106 0.793830 0
0  2.104850 -6.860661 31.485531  -0.003312 0.999995 0.000000  0.971106 0.777007 0
0  2.104850 -6.860661 24.500000  -0.003312 0.999995 0.000000  0.999977 0.777007 0
tire_wall_straight
0  2.104850 -6.860661 31.485531  -0.590462 0.807066 0.000000  0.971106 0.777007 0
0  5.544829 -4.343919 31.485531  -0.590462 0.807066 0.000000  0.971106 0.761719 0
0  5.544829 -4.343919 24.500000  -0.590462 0.807066 0.000000  0.999977 0.761719 0
tire_wall_straight
0  5.544829 -4.343919 31.485531  -0.952075 0.305865 0.000000  0.838686 0.342331 0
0  6.848527 -0.285863 31.485531  -0.952075 0.305865 0.000000  0.838686 0.327174 0
0  6.848527 -0.285863 24.500000  -0.952075 0.305865 0.000000  0.867557 0.327174 0
tire_wall_straight
0  6.848527 -0.285863 31.485531  -0.950028 -0.312165 0.000000  0.838686 0.327174 0
0  5.517976 3.763467 31.485531  -0.950028 -0.312165 0.000000  0.838686 0.310305 0
0  5.517976 3.763467 24.500000  -0.950028 -0.312165 0.000000  0.867557 0.310305 0
tire_wall_straight
0  56.617401 4.512612 24.500000  -0.102770 -0.100095 -0.989656  0.299351 0.073899 0
0  52.774578 6.534873 24.500000  -0.024308 -0.141386 -0.989656  0.309901 0.059835 0
0  53.359020 9.934236 24.000000  -0.024309 -0.141385 -0.989656  0.323459 0.064102 0
tire_wall_straight
0  52.774578 6.534873 24.500000  -0.024308 -0.141386 -0.989656  0.309901 0.059835 0
0  48.477013 5.912162 24.500000  0.063438 -0.128672 -0.989656  0.309901 0.042450 0
0  46.951740 9.005830 24.000000  0.063437 -0.128672 -0.989656  0.323459 0.038183 0
tire_wall_straight
0  48.477013 5.912162 24.500000  0.063438 -0.128672 -0.989656  0.309901 0.042450 0
0  45.366230 2.882333 24.500000  0.126954 -0.066809 -0.989656  0.299351 0.028386 0
0  42.313847 4.488630 24.000000  0.126954 -0.066810 -0.989656  0.307731 0.017215 0
tire_wall_straight
0  45.366230 2.882333 24.500000  0.126954 -0.066809 -0.989656  0.299351 0.028386 0
0  44.630444 -1.397322 24.500000  0.141978 0.020572 -0.989656  0.282282 0.023014 0
0  41.216858 -1.891946 24.000000  0.141978 0.020571 -0.989656  0.282282 0.009206 0
tire_wall_straight
0  44.630444 -1.397322 24.500000  0.141978 0.020572 -0.989656  0.282282 0.023014 0
0  46.550697 -5.292120 24.500000  0.102771 0.100095 -0.989656  0.265213 0.028386 0
0  44.079781 -7.698737 24.000000  0.102772 0.100094 -0.989656  0.256834 0.017215 0
tire_wall_straight
0  46.550697 -5.292120 24.500000  0.102771 0.100095 -0.989656  0.265213 0.028386 0
0  50.393520 -7.314382 24.500000  0.024308 0.141386 -0.989656  0.254664 0.042450 0
0  49.809078 -10.713744 24.000000  0.024309 0.141385 -0.989656  0.241106 0.038183 0
tire_wall_straight
0  50.393520 -7.314382 24.500000  0.024308 0.141386 -0.989656  0.254664 0.042450 0
0  54.691086 -6.691670 24.500000  -0.063438 0.128672 -0.989656  0.254664 0.059835 0
0  56.216358 -9.785338 24.000000  -0.063437 0.128672 -0.989656  0.241106 0.064102 0
tire_wall_straight
0  54.691086 -6.691670 24.500000  -0.063438 0.128672 -0.989656  0.254664 0.059835 0
0  57.801868 -3.661841 24.500000  -0.126954 0.066809 -0.989656  0.265213 0.073899 0
0  60.854252 -5.268139 24.000000  -0.126954 0.066810 -0.989656  0.256834 0.085070 0
tire_wall_straight
0  57.801868 -3.661841 24.500000  -0.126954 0.066809 -0.989656  0.265213 0.073899 0
0  58.537655 0.617813 24.500000  -0.141977 -0.020572 -0.989656  0.282282 0.079271 0
0  61.951241 1.112437 24.000000  -0.141978 -0.020571 -0.989656  0.282282 0.093079 0
tire_wall_straight
0  58.537655 0.617813 24.500000  -0.141977 -0.020572 -0.989656  0.282282 0.079271 0
0  56.617401 4.512612 24.500000  -0.102770 -0.100095 -0.989656  0.299351 0.073899 0
0  59.088318 6.919228 24.000000  -0.102772 -0.100094 -0.989656  0.307731 0.085070 0
tire_wall_straight
0  59.088318 6.919228 24.000000  0.435094 0.423770 -0.794426  0.307731 0.085070 0
0  53.359020 9.934236 24.000000  0.102913 0.598579 -0.794426  0.323459 0.064102 0
0  53.748646 12.200477 25.758026  0.102911 0.598579 -0.794426  0.332498 0.066946 0
tire_wall_straight
0  53.359020 9.934236 24.000000  0.102913 0.598579 -0.794426  0.323459 0.064102 0
0  46.951740 9.005830 24.000000  -0.268578 0.544751 -0.794426  0.323459 0.038183 0
0  45.934891 11.068274 25.758026  -0.268579 0.544750 -0.794426  0.332498 0.035339 0
tire_wall_straight
0  46.951740 9.005830 24.000000  -0.268578 0.544751 -0.794426  0.323459 0.038183 0
0  42.313847 4.488630 24.000000  -0.537480 0.282847 -0.794426  0.307731 0.017215 0
0  40.278923 5.559495 25.758026  -0.537481 0.282845 -0.794426  0.313317 0.009767 0
tire_wall_straight
0  42.313847 4.488630 24.000000  -0.537480 0.282847 -0.794426  0.307731 0.017215 0
0  41.216858 -1.891946 24.000000  -0.601084 -0.087095 -0.794426  0.282282 0.009206 0
0  38.941132 -2.221696 25.758026  -0.601084 -0.087096 -0.794426  0.282282 0.000000 0
tire_wall_straight
0  41.216858 -1.891946 24.000000  -0.601084 -0.087095 -0.794426  0.282282 0.009206 0
0  44.079781 -7.698737 24.000000  -0.435094 -0.423770 -0.794426  0.256834 0.017215 0
0  42.432503 -9.303147 25.758026  -0.435093 -0.423771 -0.794426  0.251247 0.009767 0
tire_wall_straight
0  44.079781 -7.698737 24.000000  -0.435094 -0.423770 -0.794426  0.256834 0.017215 0
0  49.809078 -10.713744 24.000000  -0.102913 -0.598579 -0.794426  0.241106 0.038183 0
0  49.419453 -12.979985 25.758026  -0.102911 -0.598579 -0.794426  0.232067 0.035339 0
tire_wall_straight
0  49.809078 -10.713744 24.000000  -0.102913 -0.598579 -0.794426  0.241106 0.038183 0
0  56.216358 -9.785338 24.000000  0.268578 -0.544751 -0.794425  0.241106 0.064102 0
0  57.233208 -11.847783 25.758026  0.268579 -0.544750 -0.794426  0.232067 0.066946 0
tire_wall_straight
0  56.216358 -9.785338 24.000000  0.268578 -0.544751 -0.794425  0.241106 0.064102 0
0  60.854252 -5.268139 24.000000  0.537480 -0.282847 -0.794426  0.256834 0.085070 0
0  62.889175 -6.339004 25.758026  0.537481 -0.282845 -0.794426  0.251247 0.092517 0
tire_wall_straight
0  60.854252 -5.268139 24.000000  0.537480 -0.282847 -0.794426  0.256834 0.085070 0
0  61.951241 1.112437 24.000000  0.601084 0.087096 -0.794426  0.282282 0.093079 0
0  64.226967 1.442187 25.758026  0.601084 0.087097 -0.794426  0.282282 0.102285 0
tire_wall_straight
0  61.951241 1.112437 24.000000  0.601084 0.087096 -0.794426  0.282282 0.093079 0
0  59.088318 6.919228 24.000000  0.435094 0.423770 -0.794426  0.307731 0.085070 0
0  60.735596 8.523639 25.758026  0.435093 0.423771 -0.794426  0.313317 0.092517 0
tire_wall_straight
0  60.735596 8.523639 25.758026  0.465697 0.884944 0.000000  0.710196 0.457416 0
0  53.748646 12.200477 25.758026  0.465697 0.884944 0.000000  0.710196 0.482466 0
0  53.748646 12.200477 30.233004  0.465697 0.884944 0.000000  0.691701 0.482466 0
tire_wall_straight
0  53.748646 12.200477 25.758026  -0.143401 0.989665 0.000000  0.710196 0.482466 0
0  45.934891 11.068274 25.758026  -0.143401 0.989665 0.000000  0.710196 0.514061 0
0  45.934891 11.068274 30.233004  -0.143401 0.989665 0.000000  0.691701 0.514061 0
tire_wall_straight
0  45.934891 11.068274 25.758026  -0.697724 0.716367 0.000000  0.710196 0.514061 0
0  40.278923 5.559495 25.758026  -0.697724 0.716367 0.000000  0.710196 0.540135 0
0  40.278923 5.559495 30.233004  -0.697724 0.716367 0.000000  0.691701 0.540135 0
tire_wall_straight
0  40.278923 5.559495 25.758026  -0.985541 0.169440 0.000000  0.901476 0.770943 0
0  38.941132 -2.221696 25.758026  -0.985540 0.169441 0.000000  0.901476 0.800776 0
0  38.941132 -2.221696 30.233004  -0.985540 0.169440 0.000000  0.882981 0.800776 0
tire_wall_straight
0  38.941132 -2.221696 25.758026  -0.896914 -0.442206 0.000000  0.901476 0.800776 0
0  42.432503 -9.303147 25.758026  -0.896914 -0.442206 0.000000  0.901476 0.831050 0
0  42.432503 -9.303147 30.233004  -0.896914 -0.442206 0.000000  0.882981 0.831050 0
tire_wall_straight
0  42.432503 -9.303147 25.758026  -0.465697 -0.884944 0.000000  0.710196 0.555075 0
0  49.419453 -12.979985 25.758026  -0.465697 -0.884944 0.000000  0.710196 0.580124 0
0  49.419453 -12.979985 30.233004  -0.465697 -0.884944 0.000000  0.691701 0.580124 0
tire_wall_straight
0  49.419453 -12.979985 25.758026  0.143401 -0.989665 0.000000  0.710196 0.580124 0
0  57.233208 -11.847783 25.758026  0.143401 -0.989665 0.000000  0.710196 0.611720 0
0  57.233208 -11.847783 30.233004  0.143401 -0.989665 0.000000  0.691701 0.611720 0
tire_wall_straight
0  57.233208 -11.847783 25.758026  0.697724 -0.716367 0.000000  0.710196 0.611720 0
0  62.889175 -6.339004 25.758026  0.697724 -0.716366 0.000000  0.710196 0.637793 0
0  62.889175 -6.339004 30.233004  0.697724 -0.716367 0.000000  0.691701 0.637793 0
tire_wall_straight
0  62.889175 -6.339004 25.758026  0.985540 -0.169440 0.000000  0.018495 0.891999 0
0  64.226967 1.442187 25.758026  0.985540 -0.169442 0.000000  0.018495 0.921832 0
0  64.226967 1.442187 30.233004  0.985540 -0.169441 0.000000  0.000000 0.921832 0
tire_wall_straight
0  64.226967 1.442187 25.758026  0.896914 0.442206 0.000000  0.018495 0.921832 0
0  60.735596 8.523639 25.758026  0.896914 0.442205 0.000000  0.018495 0.952105 0
0  60.735596 8.523639 30.233004  0.896914 0.442205 0.000000  0.000000 0.952105 0
tire_wall_straight
0  60.735596 8.523639 30.233004  0.435093 0.423770 0.794426  0.251247 0.209742 0
0  53.748646 12.200477 30.233004  0.102912 0.598579 0.794426  0.232067 0.184171 0
0  53.359020 9.934236 31.991030  0.102911 0.598579 0.794426  0.241106 0.181326 0
tire_wall_straight
0  53.748646 12.200477 30.233004  0.102912 0.598579 0.794426  0.232067 0.184171 0
0  45.934891 11.068274 30.233004  -0.268578 0.544751 0.794426  0.232067 0.152563 0
0  46.951740 9.005830 31.991030  -0.268579 0.544750 0.794426  0.241106 0.155408 0
tire_wall_straight
0  45.934891 11.068274 30.233004  -0.268578 0.544751 0.794426  0.232067 0.152563 0
0  40.278923 5.559495 30.233004  -0.537480 0.282846 0.794426  0.251247 0.126992 0
0  42.313847 4.488630 31.991030  -0.537481 0.282845 0.794426  0.256834 0.134439 0
tire_wall_straight
0  40.278923 5.559495 30.233004  -0.537480 0.282846 0.794426  0.251247 0.126992 0
0  38.941132 -2.221696 30.233004  -0.601083 -0.087096 0.794426  0.282282 0.117224 0
0  41.216858 -1.891946 31.991030  -0.601083 -0.087097 0.794426  0.282282 0.126430 0
tire_wall_straight
0  38.941132 -2.221696 30.233004  -0.601083 -0.087096 0.794426  0.282282 0.117224 0
0  42.432503 -9.303147 30.233004  -0.435093 -0.423770 0.794426  0.313317 0.126992 0
0  44.079781 -7.698737 31.991030  -0.435092 -0.423771 0.794426  0.307731 0.134439 0
tire_wall_straight
0  42.432503 -9.303147 30.233004  -0.435093 -0.423770 0.794426  0.313317 0.126992 0
0  49.419453 -12.979985 30.233004  -0.102912 -0.598579 0.794426  0.332498 0.152563 0
0  49.809078 -10.713744 31.991030  -0.102911 -0.598579 0.794426  0.323459 0.155408 0
tire_wall_straight
0  49.419453 -12.979985 30.233004  -0.102912 -0.598579 0.794426  0.332498 0.152563 0
0  57.233208 -11.847783 30.233004  0.268578 -0.544751 0.794426  0.332498 0.184171 0
0  56.216358 -9.785338 31.991030  0.268579 -0.544750 0.794426  0.323459 0.181326 0
tire_wall_straight
0  57.233208 -11.847783 30.233004  0.268578 -0.544751 0.794426  0.332498 0.184171 0
0  62.889175 -6.339004 30.233004  0.537480 -0.282846 0.794426  0.313317 0.209742 0
0  60.854252 -5.268139 31.991030  0.537481 -0.282845 0.794426  0.307731 0.202294 0
tire_wall_straight
0  62.889175 -6.339004 30.233004  0.537480 -0.282846 0.794426  0.313317 0.209742 0
0  64.226967 1.442187 30.233004  0.601083 0.087096 0.794426  0.282282 0.219509 0
0  61.951241 1.112437 31.991030  0.601083 0.087097 0.794426  0.282282 0.210304 0
tire_wall_straight
0  64.226967 1.442187 30.233004  0.601083 0.087096 0.794426  0.282282 0.219509 0
0  60.735596 8.523639 30.233004  0.435093 0.423770 0.794426  0.251247 0.209742 0
0  59.088318 6.919228 31.991030  0.435092 0.423771 0.794426  0.256834 0.202294 0
tire_wall_straight
0  59.088318 6.919228 31.991030  -0.102769 -0.100097 0.989656  0.256834 0.202294 0
0  53.359020 9.934236 31.991030  -0.024306 -0.141386 0.989656  0.241106 0.181326 0
0  52.774578 6.534873 31.491030  -0.024307 -0.141386 0.989656  0.254664 0.177059 0
tire_wall_straight
0  53.359020 9.934236 31.991030  -0.024306 -0.141386 0.989656  0.241106 0.181326 0
0  46.951740 9.005830 31.991030  0.063440 -0.128671 0.989656  0.241106 0.155408 0
0  48.477013 5.912162 31.491030  0.063439 -0.128671 0.989656  0.254664 0.159675 0
tire_wall_straight
0  46.951740 9.005830 31.991030  0.063440 -0.128671 0.989656  0.241106 0.155408 0
0  42.313847 4.488630 31.991030  0.126955 -0.066807 0.989656  0.256834 0.134439 0
0  45.366230 2.882333 31.491030  0.126954 -0.066808 0.989656  0.265213 0.145610 0
tire_wall_straight
0  42.313847 4.488630 31.991030  0.126955 -0.066807 0.989656  0.256834 0.134439 0
0  41.216858 -1.891946 31.991030  0.141978 0.020574 0.989656  0.282282 0.126430 0
0  44.630444 -1.397322 31.491030  0.141978 0.020573 0.989656  0.282282 0.140238 0
tire_wall_straight
0  41.216858 -1.891946 31.991030  0.141978 0.020574 0.989656  0.282282 0.126430 0
0  44.079781 -7.698737 31.991030  0.102769 0.100097 0.989656  0.307731 0.134439 0
0  46.550697 -5.292120 31.491030  0.102769 0.100096 0.989656  0.299351 0.145611 0
tire_wall_straight
0  44.079781 -7.698737 31.991030  0.102769 0.100097 0.989656  0.307731 0.134439 0
0  49.809078 -10.713744 31.991030  0.024306 0.141386 0.989656  0.323459 0.155408 0
0  50.393520 -7.314382 31.491030  0.024307 0.141386 0.989656  0.309901 0.159675 0
tire_wall_straight
0  49.809078 -10.713744 31.991030  0.024306 0.141386 0.989656  0.323459 0.155408 0
0  56.216358 -9.785338 31.991030  -0.063440 0.128671 0.989656  0.323459 0.181326 0
0  54.691086 -6.691670 31.491030  -0.063439 0.128671 0.989656  0.309901 0.177059 0
tire_wall_straight
0  56.216358 -9.785338 31.991030  -0.063440 0.128671 0.989656  0.323459 0.181326 0
0  60.854252 -5.268139 31.991030  -0.126955 0.066807 0.989656  0.307731 0.202294 0
0  57.801868 -3.661841 31.491030  -0.126954 0.066808 0.989656  0.299351 0.191123 0
tire_wall_straight
0  60.854252 -5.268139 31.991030  -0.126955 0.066807 0.989656  0.307731 0.202294 0
0  61.951241 1.112437 31.991030  -0.141978 -0.020574 0.989656  0.282282 0.210304 0
0  58.537655 0.617813 31.491030  -0.141977 -0.020573 0.989656  0.282282 0.196495 0
tire_wall_straight
0  61.951241 1.112437 31.991030  -0.141978 -0.020574 0.989656  0.282282 0.210304 0
0  59.088318 6.919228 31.991030  -0.102769 -0.100097 0.989656  0.256834 0.202294 0
0  56.617401 4.512612 31.491030  -0.102769 -0.100096 0.989656  0.265213 0.191123 0
tire_wall_straight
0  56.617401 4.512612 31.491030  -0.465696 -0.884945 0.000000  0.234107 0.841641 0
0  52.774578 6.534873 31.491030  -0.465696 -0.884945 0.000000  0.234107 0.827863 0
0  52.774578 6.534873 24.500000  -0.465697 -0.884944 0.000000  0.263002 0.827863 0
tire_wall_straight
0  52.774578 6.534873 31.491030  0.143401 -0.989665 0.000000  0.234107 0.827863 0
0  48.477013 5.912162 31.491030  0.143401 -0.989665 0.000000  0.234107 0.810486 0
0  48.477013 5.912162 24.500000  0.143401 -0.989665 0.000000  0.263002 0.810486 0
tire_wall_straight
0  48.477013 5.912162 31.491030  0.697725 -0.716366 0.000000  0.234107 0.810486 0
0  45.366230 2.882333 31.491030  0.697725 -0.716366 0.000000  0.234107 0.796145 0
0  45.366230 2.882333 24.500000  0.697724 -0.716366 0.000000  0.263002 0.796145 0
tire_wall_straight
0  45.366230 2.882333 31.491030  0.985540 -0.169441 0.000000  0.926788 0.913542 0
0  44.630444 -1.397322 31.491030  0.985540 -0.169441 0.000000  0.926788 0.897133 0
0  44.630444 -1.397322 24.500000  0.985540 -0.169441 0.000000  0.955682 0.897133 0
tire_wall_straight
0  44.630444 -1.397322 31.491030  0.896913 0.442206 0.000000  0.926788 0.897133 0
0  46.550697 -5.292120 31.491030  0.896913 0.442207 0.000000  0.926788 0.880483 0
0  46.550697 -5.292120 24.500000  0.896914 0.442206 0.000000  0.955682 0.880483 0
tire_wall_straight
0  46.550697 -5.292120 31.491030  0.465696 0.884945 0.000000  0.278425 0.841641 0
0  50.393520 -7.314382 31.491030  0.465696 0.884945 0.000000  0.278425 0.827864 0
0  50.393520 -7.314382 24.500000  0.465697 0.884944 0.000000  0.307320 0.827864 0
tire_wall_straight
0  50.393520 -7.314382 31.491030  -0.143401 0.989665 0.000000  0.278425 0.827864 0
0  54.691086 -6.691670 31.491030  -0.143401 0.989665 0.000000  0.278425 0.810486 0
0  54.691086 -6.691670 24.500000  -0.143401 0.989665 0.000000  0.307320 0.810486 0
tire_wall_straight
0  54.691086 -6.691670 31.491030  -0.697725 0.716366 0.000000  0.278425 0.810486 0
0  57.801868 -3.661841 31.491030  -0.697725 0.716366 0.000000  0.278425 0.796145 0
0  57.801868 -3.661841 24.500000  -0.697724 0.716366 0.000000  0.307320 0.796145 0
tire_wall_straight
0  57.801868 -3.661841 31.491030  -0.985540 0.169441 0.000000  0.971106 0.033058 0
0  58.537655 0.617813 31.491030  -0.985540 0.169441 0.000000  0.971106 0.016650 0
0  58.537655 0.617813 24.500000  -0.985540 0.169441 0.000000  1.000000 0.016650 0
tire_wall_straight
0  58.537655 0.617813 31.491030  -0.896914 -0.442206 0.000000  0.971106 0.016650 0
0  56.617401 4.512612 31.491030  -0.896914 -0.442206 0.000000  0.971106 0.000000 0
0  56.617401 4.512612 24.500000  -0.896914 -0.442206 0.000000  1.000000 0.000000 0
tire_wall_straight
0  -32.806923 1.066970 24.500000  0.141918 -0.031930 -0.989363  0.540090 0.174778 0
0  -32.409943 -3.195922 24.500000  0.133581 0.057585 -0.989363  0.540090 0.157638 0
0  -35.532822 -4.542159 24.000000  0.133582 0.057584 -0.989363  0.553457 0.153431 0
tire_wall_straight
0  -32.409943 -3.195922 24.500000  0.133581 0.057585 -0.989363  0.540090 0.157638 0
0  -29.583113 -6.411334 24.500000  0.074222 0.125104 -0.989363  0.529689 0.143772 0
0  -31.318277 -9.336048 24.000000  0.074223 0.125104 -0.989363  0.537951 0.132758 0
tire_wall_straight
0  -29.583113 -6.411334 24.500000  0.074222 0.125104 -0.989363  0.529689 0.143772 0
0  -25.406187 -7.351089 24.500000  -0.013487 0.144838 -0.989363  0.512860 0.138475 0
0  -25.090862 -10.737137 24.000000  -0.013486 0.144838 -0.989363  0.512860 0.124861 0
tire_wall_straight
0  -25.406187 -7.351089 24.500000  -0.013487 0.144838 -0.989363  0.512860 0.138475 0
0  -21.474609 -5.656233 24.500000  -0.096045 0.109249 -0.989363  0.496031 0.143772 0
0  -19.229240 -8.210259 24.000000  -0.096044 0.109250 -0.989364  0.487770 0.132758 0
tire_wall_straight
0  -21.474609 -5.656233 24.500000  -0.096045 0.109249 -0.989363  0.496031 0.143772 0
0  -19.290110 -1.974142 24.500000  -0.141917 0.031930 -0.989363  0.485630 0.157638 0
0  -15.972346 -2.720597 24.000000  -0.141916 0.031931 -0.989364  0.472263 0.153431 0
tire_wall_straight
0  -19.290110 -1.974142 24.500000  -0.141917 0.031930 -0.989363  0.485630 0.157638 0
0  -19.687090 2.288750 24.500000  -0.133581 -0.057585 -0.989363  0.485630 0.174778 0
0  -16.564209 3.634987 24.000000  -0.133582 -0.057584 -0.989363  0.472263 0.178985 0
tire_wall_straight
0  -19.687090 2.288750 24.500000  -0.133581 -0.057585 -0.989363  0.485630 0.174778 0
0  -22.513918 5.504162 24.500000  -0.074222 -0.125104 -0.989363  0.496031 0.188644 0
0  -20.778753 8.428875 24.000000  -0.074223 -0.125104 -0.989363  0.487770 0.199658 0
tire_wall_straight
0  -22.513918 5.504162 24.500000  -0.074222 -0.125104 -0.989363  0.496031 0.188644 0
0  -26.690844 6.443917 24.500000  0.013487 -0.144838 -0.989363  0.512860 0.193940 0
0  -27.006168 9.829964 24.000000  0.013486 -0.144838 -0.989363  0.512860 0.207554 0
tire_wall_straight
0  -26.690844 6.443917 24.500000  0.013487 -0.144838 -0.989363  0.512860 0.193940 0
0  -30.622421 4.749061 24.500000  0.096045 -0.109249 -0.989363  0.529689 0.188644 0
0  -32.867790 7.303087 24.000000  0.096044 -0.109250 -0.989364  0.537951 0.199658 0
tire_wall_straight
0  -30.622421 4.749061 24.500000  0.096045 -0.109249 -0.989363  0.529689 0.188644 0
0  -32.806923 1.066970 24.500000  0.141918 -0.031930 -0.989363  0.540090 0.174778 0
0  -36.124683 1.813424 24.000000  0.141917 -0.031931 -0.989363  0.553457 0.178985 0
tire_wall_straight
0  -36.124683 1.813424 24.000000  -0.595131 0.133898 -0.792395  0.553457 0.178985 0
0  -35.532822 -4.542159 24.000000  -0.560174 -0.241484 -0.792395  0.553457 0.153431 0
0  -37.614742 -5.439651 25.745302  -0.560173 -0.241485 -0.792395  0.562369 0.150626 0
tire_wall_straight
0  -35.532822 -4.542159 24.000000  -0.560174 -0.241484 -0.792395  0.553457 0.153431 0
0  -31.318277 -9.336048 24.000000  -0.311250 -0.524626 -0.792395  0.537951 0.132758 0
0  -32.475056 -11.285856 25.745302  -0.311249 -0.524627 -0.792395  0.543458 0.125415 0
tire_wall_straight
0  -31.318277 -9.336048 24.000000  -0.311250 -0.524626 -0.792395  0.537951 0.132758 0
0  -25.090862 -10.737137 24.000000  0.056561 -0.607380 -0.792395  0.512860 0.124861 0
0  -24.880648 -12.994501 25.745302  0.056562 -0.607380 -0.792395  0.512860 0.115785 0
tire_wall_straight
0  -25.090862 -10.737137 24.000000  0.056561 -0.607380 -0.792395  0.512860 0.124861 0
0  -19.229240 -8.210259 24.000000  0.402768 -0.458135 -0.792395  0.487770 0.132758 0
0  -17.732327 -9.912944 25.745302  0.402770 -0.458134 -0.792395  0.482262 0.125415 0
tire_wall_straight
0  -19.229240 -8.210259 24.000000  0.402768 -0.458135 -0.792395  0.487770 0.132758 0
0  -15.972346 -2.720597 24.000000  0.595131 -0.133898 -0.792395  0.472263 0.153431 0
0  -13.760505 -3.218234 25.745302  0.595132 -0.133897 -0.792395  0.463352 0.150626 0
tire_wall_straight
0  -15.972346 -2.720597 24.000000  0.595131 -0.133898 -0.792395  0.472263 0.153431 0
0  -16.564209 3.634987 24.000000  0.560174 0.241484 -0.792395  0.472263 0.178985 0
0  -14.482287 4.532479 25.745302  0.560174 0.241485 -0.792395  0.463352 0.181789 0
tire_wall_straight
0  -16.564209 3.634987 24.000000  0.560174 0.241484 -0.792395  0.472263 0.178985 0
0  -20.778753 8.428875 24.000000  0.311250 0.524627 -0.792395  0.487770 0.199658 0
0  -19.621975 10.378683 25.745302  0.311249 0.524627 -0.792395  0.482262 0.207000 0
tire_wall_straight
0  -20.778753 8.428875 24.000000  0.311250 0.524627 -0.792395  0.487770 0.199658 0
0  -27.006168 9.829964 24.000000  -0.056561 0.607381 -0.792395  0.512860 0.207554 0
0  -27.216383 12.087328 25.745302  -0.056563 0.607381 -0.792395  0.512860 0.216630 0
tire_wall_straight
0  -27.006168 9.829964 24.000000  -0.056561 0.607381 -0.792395  0.512860 0.207554 0
0  -32.867790 7.303087 24.000000  -0.402768 0.458135 -0.792395  0.537951 0.199658 0
0  -34.364704 9.005771 25.745302  -0.402770 0.458134 -0.792395  0.543458 0.207000 0
tire_wall_straight
0  -32.867790 7.303087 24.000000  -0.402768 0.458135 -0.792395  0.537951 0.199658 0
0  -36.124683 1.813424 24.000000  -0.595131 0.133898 -0.792395  0.553457 0.178985 0
0  -38.336525 2.311061 25.745302  -0.595132 0.133897 -0.792395  0.562369 0.181789 0
tire_wall_straight
0  -38.336525 2.311061 25.745302  -0.995692 -0.092724 0.000000  0.321721 0.722106 0
0  -37.614742 -5.439651 25.745302  -0.995692 -0.092722 0.000000  0.321721 0.753185 0
0  -37.614742 -5.439651 30.187889  -0.995692 -0.092723 0.000000  0.303359 0.753185 0
tire_wall_straight
0  -37.614742 -5.439651 25.745302  -0.751030 -0.660268 0.000000  0.321721 0.753185 0
0  -32.475056 -11.285856 25.745302  -0.751031 -0.660267 0.000000  0.321721 0.779674 0
0  -32.475056 -11.285856 30.187889  -0.751030 -0.660268 0.000000  0.303359 0.779674 0
tire_wall_straight
0  -32.475056 -11.285856 25.745302  -0.219501 -0.975612 0.000000  0.321855 0.891999 0
0  -24.880648 -12.994501 25.745302  -0.219500 -0.975612 0.000000  0.321855 0.920789 0
0  -24.880648 -12.994501 30.187889  -0.219500 -0.975612 0.000000  0.303493 0.920789 0
tire_wall_straight
0  -24.880648 -12.994501 25.745302  0.395871 -0.918306 0.000000  0.321855 0.920789 0
0  -17.732327 -9.912944 25.745302  0.395871 -0.918306 0.000000  0.321855 0.951091 0
0  -17.732327 -9.912944 30.187889  0.395871 -0.918306 0.000000  0.303493 0.951091 0
tire_wall_straight
0  -17.732327 -9.912944 25.745302  0.860033 -0.510238 0.000000  0.287936 0.698309 0
0  -13.760505 -3.218234 25.745302  0.860033 -0.510239 0.000000  0.287936 0.722106 0
0  -13.760505 -3.218234 30.187889  0.860033 -0.510239 0.000000  0.269574 0.722106 0
tire_wall_straight
0  -13.760505 -3.218234 25.745302  0.995692 0.092724 0.000000  0.287936 0.722106 0
0  -14.482287 4.532479 25.745302  0.995692 0.092724 0.000000  0.287936 0.753185 0
0  -14.482287 4.532479 30.187889  0.995692 0.092724 0.000000  0.269574 0.753185 0
tire_wall_straight
0  -14.482287 4.532479 25.745302  0.751030 0.660268 0.000000  0.287936 0.753185 0
0  -19.621975 10.378683 25.745302  0.751030 0.660268 0.000000  0.287936 0.779674 0
0  -19.621975 10.378683 30.187889  0.751030 0.660268 0.000000  0.269574 0.779674 0
tire_wall_straight
0  -19.621975 10.378683 25.745302  0.219500 0.975612 0.000000  0.355640 0.891999 0
0  -27.216383 12.087328 25.745302  0.219500 0.975612 0.000000  0.355640 0.920789 0
0  -27.216383 12.087328 30.187889  0.219500 0.975612 0.000000  0.337278 0.920789 0
tire_wall_straight
0  -27.216383 12.087328 25.745302  -0.395871 0.918306 0.000000  0.355640 0.920789 0
0  -34.364704 9.005771 25.745302  -0.395871 0.918306 0.000000  0.355640 0.951091 0
0  -34.364704 9.005771 30.187889  -0.395871 0.918306 0.000000  0.337278 0.951091 0
tire_wall_straight
0  -34.364704 9.005771 25.745302  -0.860033 0.510238 0.000000  0.321721 0.698309 0
0  -38.336525 2.311061 25.745302  -0.860033 0.510238 0.000000  0.321721 0.722106 0
0  -38.336525 2.311061 30.187889  -0.860033 0.510238 0.000000  0.303359 0.722106 0
tire_wall_straight
0  -38.336525 2.311061 30.187889  -0.595131 0.133898 0.792395  0.482262 0.009630 0
0  -37.614742 -5.439651 30.187889  -0.560175 -0.241484 0.792395  0.512860 0.000000 0
0  -35.532822 -4.542159 31.933191  -0.560175 -0.241485 0.792395  0.512860 0.009076 0
tire_wall_straight
0  -37.614742 -5.439651 30.187889  -0.560175 -0.241484 0.792395  0.512860 0.000000 0
0  -32.475056 -11.285856 30.187889  -0.311250 -0.524627 0.792395  0.543458 0.009630 0
0  -31.318277 -9.336048 31.933191  -0.311249 -0.524628 0.792395  0.537951 0.016973 0
tire_wall_straight
0  -32.475056 -11.285856 30.187889  -0.311250 -0.524627 0.792395  0.543458 0.009630 0
0  -24.880648 -12.994501 30.187889  0.056562 -0.607380 0.792395  0.562369 0.034841 0
0  -25.090862 -10.737137 31.933191  0.056564 -0.607380 0.792395  0.553457 0.037646 0
tire_wall_straight
0  -24.880648 -12.994501 30.187889  0.056562 -0.607380 0.792395  0.562369 0.034841 0
0  -17.732327 -9.912944 30.187889  0.402768 -0.458135 0.792395  0.562369 0.066004 0
0  -19.229240 -8.210259 31.933191  0.402769 -0.458134 0.792395  0.553457 0.063199 0
tire_wall_straight
0  -17.732327 -9.912944 30.187889  0.402768 -0.458135 0.792395  0.562369 0.066004 0
0  -13.760505 -3.218234 30.187889  0.595132 -0.133897 0.792395  0.543458 0.091215 0
0  -15.972346 -2.720597 31.933191  0.595132 -0.133896 0.792395  0.537951 0.083873 0
tire_wall_straight
0  -13.760505 -3.218234 30.187889  0.595132 -0.133897 0.792395  0.543458 0.091215 0
0  -14.482287 4.532479 30.187889  0.560174 0.241484 0.792395  0.512860 0.100845 0
0  -16.564209 3.634987 31.933191  0.560174 0.241485 0.792395  0.512860 0.091769 0
tire_wall_straight
0  -14.482287 4.532479 30.187889  0.560174 0.241484 0.792395  0.512860 0.100845 0
0  -19.621975 10.378683 30.187889  0.311249 0.524627 0.792395  0.482262 0.091215 0
0  -20.778753 8.428875 31.933191  0.311248 0.524628 0.792395  0.487770 0.083873 0
tire_wall_straight
0  -19.621975 10.378683 30.187889  0.311249 0.524627 0.792395  0.482262 0.091215 0
0  -27.216383 12.087328 30.187889  -0.056562 0.607380 0.792395  0.463352 0.066004 0
0  -27.006168 9.829964 31.933191  -0.056564 0.607380 0.792395  0.472263 0.063199 0
tire_wall_straight
0  -27.216383 12.087328 30.187889  -0.056562 0.607380 0.792395  0.463352 0.066004 0
0  -34.364704 9.005771 30.187889  -0.402768 0.458135 0.792395  0.463352 0.034841 0
0  -32.867790 7.303087 31.933191  -0.402769 0.458134 0.792395  0.472263 0.037646 0
tire_wall_straight
0  -34.364704 9.005771 30.187889  -0.402768 0.458135 0.792395  0.463352 0.034841 0
0  -38.336525 2.311061 30.187889  -0.595131 0.133898 0.792395  0.482262 0.009630 0
0  -36.124683 1.813424 31.933191  -0.595132 0.133896 0.792395  0.487770 0.016973 0
tire_wall_straight
0  -36.124683 1.813424 31.933191  0.141918 -0.031928 0.989363  0.487770 0.016973 0
0  -35.532822 -4.542159 31.933191  0.133581 0.057587 0.989363  0.512860 0.009076 0
0  -32.409943 -3.195922 31.433191  0.133581 0.057586 0.989363  0.512860 0.022690 0
tire_wall_straight
0  -35.532822 -4.542159 31.933191  0.133581 0.057587 0.989363  0.512860 0.009076 0
0  -31.318277 -9.336048 31.933191  0.074221 0.125105 0.989363  0.537951 0.016973 0
0  -29.583113 -6.411334 31.433191  0.074222 0.125105 0.989363  0.529689 0.027987 0
tire_wall_straight
0  -31.318277 -9.336048 31.933191  0.074221 0.125105 0.989363  0.537951 0.016973 0
0  -25.090862 -10.737137 31.933191  -0.013490 0.144838 0.989363  0.553457 0.037646 0
0  -25.406187 -7.351089 31.433191  -0.013488 0.144838 0.989363  0.540090 0.041853 0
tire_wall_straight
0  -25.090862 -10.737137 31.933191  -0.013490 0.144838 0.989363  0.553457 0.037646 0
0  -19.229240 -8.210259 31.933191  -0.096047 0.109247 0.989363  0.553457 0.063199 0
0  -21.474609 -5.656233 31.433191  -0.096046 0.109248 0.989363  0.540090 0.058993 0
tire_wall_straight
0  -19.229240 -8.210259 31.933191  -0.096047 0.109247 0.989363  0.553457 0.063199 0
0  -15.972346 -2.720597 31.933191  -0.141917 0.031928 0.989363  0.537951 0.083873 0
0  -19.290110 -1.974142 31.433191  -0.141917 0.031929 0.989363  0.529689 0.072859 0
tire_wall_straight
0  -15.972346 -2.720597 31.933191  -0.141917 0.031928 0.989363  0.537951 0.083873 0
0  -16.564209 3.634987 31.933191  -0.133581 -0.057587 0.989363  0.512860 0.091769 0
0  -19.687090 2.288750 31.433191  -0.133581 -0.057586 0.989363  0.512860 0.078155 0
tire_wall_straight
0  -16.564209 3.634987 31.933191  -0.133581 -0.057587 0.989363  0.512860 0.091769 0
0  -20.778753 8.428875 31.933191  -0.074221 -0.125105 0.989363  0.487770 0.083873 0
0  -22.513918 5.504162 31.433191  -0.074222 -0.125105 0.989363  0.496031 0.072859 0
tire_wall_straight
0  -20.778753 8.428875 31.933191  -0.074221 -0.125105 0.989363  0.487770 0.083873 0
0  -27.006168 9.829964 31.933191  0.013490 -0.144838 0.989363  0.472263 0.063199 0
0  -26.690844 6.443917 31.433191  0.013488 -0.144838 0.989363  0.485631 0.058992 0
tire_wall_straight
0  -27.006168 9.829964 31.933191  0.013490 -0.144838 0.989363  0.472263 0.063199 0
0  -32.867790 7.303087 31.933191  0.096047 -0.109247 0.989363  0.472263 0.037646 0
0  -30.622421 4.749061 31.433191  0.096046 -0.109248 0.989363  0.485631 0.041853 0
tire_wall_straight
0  -32.867790 7.303087 31.933191  0.096047 -0.109247 0.989363  0.472263 0.037646 0
0  -36.124683 1.813424 31.933191  0.141918 -0.031928 0.989363  0.487770 0.016973 0
0  -32.806923 1.066970 31.433191  0.141917 -0.031929 0.989363  0.496031 0.027987 0
tire_wall_straight
0  -32.806923 1.066970 31.433191  0.995692 0.092723 0.000000  0.674112 0.827808 0
0  -32.409943 -3.195922 31.433191  0.995692 0.092724 0.000000  0.674112 0.810715 0
0  -32.409943 -3.195922 24.500000  0.995692 0.092723 0.000000  0.702767 0.810715 0
tire_wall_straight
0  -32.409943 -3.195922 31.433191  0.751030 0.660268 0.000000  0.674112 0.810715 0
0  -29.583113 -6.411334 31.433191  0.751030 0.660268 0.000000  0.674112 0.796145 0
0  -29.583113 -6.411334 24.500000  0.751030 0.660268 0.000000  0.702767 0.796145 0
tire_wall_straight
0  -29.583113 -6.411334 31.433191  0.219500 0.975612 0.000000  0.971106 0.366768 0
0  -25.406187 -7.351089 31.433191  0.219500 0.975612 0.000000  0.971106 0.350933 0
0  -25.406187 -7.351089 24.500000  0.219500 0.975612 0.000000  0.999761 0.350933 0
tire_wall_straight
0  -25.406187 -7.351089 31.433191  -0.395871 0.918306 0.000000  0.971106 0.350933 0
0  -21.474609 -5.656233 31.433191  -0.395871 0.918306 0.000000  0.971106 0.334267 0
0  -21.474609 -5.656233 24.500000  -0.395871 0.918306 0.000000  0.999761 0.334267 0
tire_wall_straight
0  -21.474609 -5.656233 31.433191  -0.860033 0.510238 0.000000  0.718191 0.840896 0
0  -19.290110 -1.974142 31.433191  -0.860034 0.510238 0.000000  0.718191 0.827808 0
0  -19.290110 -1.974142 24.500000  -0.860033 0.510238 0.000000  0.746846 0.827808 0
tire_wall_straight
0  -19.290110 -1.974142 31.433191  -0.995692 -0.092723 0.000000  0.718191 0.827808 0
0  -19.687090 2.288750 31.433191  -0.995692 -0.092723 0.000000  0.718191 0.810715 0
0  -19.687090 2.288750 24.500000  -0.995692 -0.092723 0.000000  0.746846 0.810715 0
tire_wall_straight
0  -19.687090 2.288750 31.433191  -0.751030 -0.660268 0.000000  0.718191 0.810715 0
0  -22.513918 5.504162 31.433191  -0.751030 -0.660268 0.000000  0.718191 0.796145 0
0  -22.513918 5.504162 24.500000  -0.751030 -0.660268 0.000000  0.746846 0.796145 0
tire_wall_straight
0  -22.513918 5.504162 31.433191  -0.219500 -0.975612 0.000000  0.971106 0.414208 0
0  -26.690844 6.443917 31.433191  -0.219501 -0.975612 0.000000  0.971106 0.398374 0
0  -26.690844 6.443917 24.500000  -0.219500 -0.975612 0.000000  0.999761 0.398374 0
tire_wall_straight
0  -26.690844 6.443917 31.433191  0.395871 -0.918306 0.000000  0.971106 0.398374 0
0  -30.622421 4.749061 31.433191  0.395871 -0.918306 0.000000  0.971106 0.381708 0
0  -30.622421 4.749061 24.500000  0.395871 -0.918306 0.000000  0.999761 0.381708 0
tire_wall_straight
0  -30.622421 4.749061 31.433191  0.860033 -0.510238 0.000000  0.674112 0.840896 0
0  -32.806923 1.066970 31.433191  0.860034 -0.510238 0.000000  0.674112 0.827808 0
0  -32.806923 1.066970 24.500000  0.860033 -0.510238 0.000000  0.702767 0.827808 0
tire_wall_straight
0  31.700420 3.334617 24.500000  -0.131898 -0.063151 -0.989250  0.489310 0.495583 0
0  28.764629 6.419141 24.500000  -0.069587 -0.128616 -0.989250  0.478965 0.509374 0
0  30.374172 9.394040 24.000000  -0.069588 -0.128616 -0.989250  0.465670 0.505190 0
tire_wall_straight
0  28.764629 6.419141 24.500000  -0.069587 -0.128616 -0.989250  0.478965 0.509374 0
0  24.576487 7.188959 24.500000  0.019301 -0.144955 -0.989250  0.478965 0.526422 0
0  24.130032 10.541769 24.000000  0.019300 -0.144955 -0.989250  0.465670 0.530606 0
tire_wall_straight
0  24.576487 7.188959 24.500000  0.019301 -0.144955 -0.989250  0.478965 0.526422 0
0  20.735720 5.350026 24.500000  0.100818 -0.105926 -0.989250  0.489310 0.540213 0
0  18.403799 7.800087 24.000000  0.100817 -0.105927 -0.989250  0.481093 0.551168 0
tire_wall_straight
0  20.735720 5.350026 24.500000  0.100818 -0.105926 -0.989250  0.489310 0.540213 0
0  18.709373 1.604753 24.500000  0.143825 -0.026437 -0.989250  0.506048 0.545481 0
0  15.382699 2.216226 24.000000  0.143824 -0.026438 -0.989250  0.506048 0.559022 0
tire_wall_straight
0  18.709373 1.604753 24.500000  0.143825 -0.026437 -0.989250  0.506048 0.545481 0
0  19.271439 -2.616294 24.500000  0.131897 0.063150 -0.989250  0.522787 0.540213 0
0  16.220690 -4.076972 24.000000  0.131898 0.063149 -0.989250  0.531004 0.551168 0
tire_wall_straight
0  19.271439 -2.616294 24.500000  0.131897 0.063150 -0.989250  0.522787 0.540213 0
0  22.207230 -5.700818 24.500000  0.069587 0.128616 -0.989250  0.533132 0.526422 0
0  20.597687 -8.675717 24.000000  0.069588 0.128616 -0.989250  0.546427 0.530606 0
tire_wall_straight
0  22.207230 -5.700818 24.500000  0.069587 0.128616 -0.989250  0.533132 0.526422 0
0  26.395372 -6.470636 24.500000  -0.019301 0.144955 -0.989250  0.533132 0.509374 0
0  26.841827 -9.823446 24.000000  -0.019300 0.144955 -0.989250  0.546427 0.505190 0
tire_wall_straight
0  26.395372 -6.470636 24.500000  -0.019301 0.144955 -0.989250  0.533132 0.509374 0
0  30.236139 -4.631703 24.500000  -0.100818 0.105926 -0.989250  0.522787 0.495583 0
0  32.568062 -7.081765 24.000000  -0.100817 0.105927 -0.989250  0.531004 0.484628 0
tire_wall_straight
0  30.236139 -4.631703 24.500000  -0.100818 0.105926 -0.989250  0.522787 0.495583 0
0  32.262486 -0.886430 24.500000  -0.143825 0.026437 -0.989250  0.506048 0.490315 0
0  35.589161 -1.497903 24.000000  -0.143824 0.026438 -0.989250  0.506048 0.476774 0
tire_wall_straight
0  32.262486 -0.886430 24.500000  -0.143825 0.026437 -0.989250  0.506048 0.490315 0
0  31.700420 3.334617 24.500000  -0.131898 -0.063151 -0.989250  0.489310 0.495583 0
0  34.751167 4.795295 24.000000  -0.131898 -0.063149 -0.989250  0.481093 0.484628 0
tire_wall_straight
0  34.751167 4.795295 24.000000  0.549178 0.262943 -0.793262  0.481093 0.484628 0
0  30.374172 9.394040 24.000000  0.289742 0.535524 -0.793261  0.465670 0.505190 0
0  31.447201 11.377306 25.730816  0.289741 0.535525 -0.793261  0.456806 0.502401 0
tire_wall_straight
0  30.374172 9.394040 24.000000  0.289742 0.535524 -0.793261  0.465670 0.505190 0
0  24.130032 10.541769 24.000000  -0.080367 0.603555 -0.793261  0.465670 0.530606 0
0  23.832396 12.776975 25.730816  -0.080368 0.603554 -0.793261  0.456806 0.533396 0
tire_wall_straight
0  24.130032 10.541769 24.000000  -0.080367 0.603555 -0.793261  0.465670 0.530606 0
0  18.403799 7.800087 24.000000  -0.419779 0.441047 -0.793261  0.481093 0.551168 0
0  16.849186 9.433461 25.730816  -0.419780 0.441046 -0.793261  0.475615 0.558472 0
tire_wall_straight
0  18.403799 7.800087 24.000000  -0.419779 0.441047 -0.793261  0.481093 0.551168 0
0  15.382699 2.216226 24.000000  -0.598850 0.110075 -0.793261  0.506048 0.559022 0
0  13.164917 2.623873 25.730816  -0.598850 0.110074 -0.793261  0.506048 0.568050 0
tire_wall_straight
0  15.382699 2.216226 24.000000  -0.598850 0.110075 -0.793261  0.506048 0.559022 0
0  16.220690 -4.076972 24.000000  -0.549179 -0.262942 -0.793262  0.531004 0.551168 0
0  14.186856 -5.050758 25.730816  -0.549178 -0.262944 -0.793261  0.536482 0.558472 0
tire_wall_straight
0  16.220690 -4.076972 24.000000  -0.549179 -0.262942 -0.793262  0.531004 0.551168 0
0  20.597687 -8.675717 24.000000  -0.289742 -0.535525 -0.793261  0.546427 0.530606 0
0  19.524658 -10.658983 25.730816  -0.289741 -0.535525 -0.793261  0.555291 0.533396 0
tire_wall_straight
0  20.597687 -8.675717 24.000000  -0.289742 -0.535525 -0.793261  0.546427 0.530606 0
0  26.841827 -9.823446 24.000000  0.080367 -0.603555 -0.793261  0.546427 0.505190 0
0  27.139463 -12.058652 25.730816  0.080368 -0.603554 -0.793261  0.555291 0.502401 0
tire_wall_straight
0  26.841827 -9.823446 24.000000  0.080367 -0.603555 -0.793261  0.546427 0.505190 0
0  32.568062 -7.081765 24.000000  0.419779 -0.441047 -0.793261  0.531004 0.484628 0
0  34.122673 -8.715138 25.730816  0.419780 -0.441046 -0.793261  0.536482 0.477325 0
tire_wall_straight
0  32.568062 -7.081765 24.000000  0.419779 -0.441047 -0.793261  0.531004 0.484628 0
0  35.589161 -1.497903 24.000000  0.598850 -0.110075 -0.793261  0.506048 0.476774 0
0  37.806942 -1.905550 25.730816  0.598850 -0.110074 -0.793261  0.506048 0.467747 0
tire_wall_straight
0  35.589161 -1.497903 24.000000  0.598850 -0.110075 -0.793261  0.506048 0.476774 0
0  34.751167 4.795295 24.000000  0.549178 0.262943 -0.793262  0.481093 0.484628 0
0  36.785004 5.769081 25.730816  0.549178 0.262944 -0.793262  0.475615 0.477325 0
tire_wall_straight
0  36.785004 5.769081 25.730816  0.724355 0.689427 0.000000  0.822988 0.055418 0
0  31.447201 11.377306 25.730816  0.724355 0.689428 0.000000  0.822988 0.081100 0
0  31.447201 11.377306 30.136528  0.724355 0.689427 0.000000  0.804779 0.081100 0
tire_wall_straight
0  31.447201 11.377306 25.730816  0.180780 0.983524 0.000000  0.860186 0.891999 0
0  23.832396 12.776975 25.730816  0.180780 0.983524 0.000000  0.860186 0.921080 0
0  23.832396 12.776975 30.136528  0.180780 0.983524 0.000000  0.841977 0.921080 0
tire_wall_straight
0  23.832396 12.776975 25.730816  -0.431846 0.901947 0.000000  0.860186 0.921080 0
0  16.849186 9.433461 25.730816  -0.431847 0.901947 0.000000  0.860186 0.950910 0
0  16.849186 9.433461 30.136528  -0.431846 0.901947 0.000000  0.841977 0.950910 0
tire_wall_straight
0  16.849186 9.433461 25.730816  -0.879522 0.475858 0.000000  0.758455 0.698309 0
0  13.164917 2.623873 25.730816  -0.879522 0.475857 0.000000  0.758455 0.722750 0
0  13.164917 2.623873 30.136528  -0.879522 0.475858 0.000000  0.740246 0.722750 0
tire_wall_straight
0  13.164917 2.623873 25.730816  -0.991251 -0.131993 0.000000  0.758455 0.722750 0
0  14.186856 -5.050758 25.730816  -0.991251 -0.131993 0.000000  0.758455 0.753728 0
0  14.186856 -5.050758 30.136528  -0.991251 -0.131993 0.000000  0.740246 0.753728 0
tire_wall_straight
0  14.186856 -5.050758 25.730816  -0.724355 -0.689427 0.000000  0.758455 0.753728 0
0  19.524658 -10.658983 25.730816  -0.724355 -0.689427 0.000000  0.758455 0.779409 0
0  19.524658 -10.658983 30.136528  -0.724355 -0.689427 0.000000  0.740246 0.779409 0
tire_wall_straight
0  19.524658 -10.658983 25.730816  -0.180780 -0.983523 0.000000  0.893819 0.891999 0
0  27.139463 -12.058652 25.730816  -0.180780 -0.983524 0.000000  0.893819 0.921080 0
0  27.139463 -12.058652 30.136528  -0.180780 -0.983524 0.000000  0.875610 0.921080 0
tire_wall_straight
0  27.139463 -12.058652 25.730816  0.431846 -0.901947 0.000000  0.893819 0.921080 0
0  34.122673 -8.715138 25.730816  0.431847 -0.901947 0.000000  0.893819 0.950911 0
0  34.122673 -8.715138 30.136528  0.431846 -0.901947 0.000000  0.875610 0.950911 0
tire_wall_straight
0  34.122673 -8.715138 25.730816  0.879522 -0.475858 0.000000  0.822988 0.000000 0
0  37.806942 -1.905550 25.730816  0.879522 -0.475858 0.000000  0.822988 0.024441 0
0  37.806942 -1.905550 30.136528  0.879522 -0.475858 0.000000  0.804779 0.024441 0
tire_wall_straight
0  37.806942 -1.905550 25.730816  0.991251 0.131993 0.000000  0.822988 0.024441 0
0  36.785004 5.769081 25.730816  0.991251 0.131993 0.000000  0.822988 0.055418 0
0  36.785004 5.769081 30.136528  0.991251 0.131993 0.000000  0.804779 0.055418 0
tire_wall_straight
0  36.785004 5.769081 30.136528  0.549179 0.262942 0.793261  0.676277 0.034654 0
0  31.447201 11.377306 30.136528  0.289741 0.535525 0.793261  0.676277 0.065649 0
0  30.374172 9.394040 31.867344  0.289741 0.535526 0.793261  0.667414 0.062859 0
tire_wall_straight
0  31.447201 11.377306 30.136528  0.289741 0.535525 0.793261  0.676277 0.065649 0
0  23.832396 12.776975 30.136528  -0.080368 0.603554 0.793261  0.657468 0.090725 0
0  24.130032 10.541769 31.867344  -0.080369 0.603554 0.793261  0.651990 0.083422 0
tire_wall_straight
0  23.832396 12.776975 30.136528  -0.080368 0.603554 0.793261  0.657468 0.090725 0
0  16.849186 9.433461 30.136528  -0.419779 0.441047 0.793261  0.627035 0.100303 0
0  18.403799 7.800087 31.867344  -0.419780 0.441046 0.793261  0.627035 0.091276 0
tire_wall_straight
0  16.849186 9.433461 30.136528  -0.419779 0.441047 0.793261  0.627035 0.100303 0
0  13.164917 2.623873 30.136528  -0.598850 0.110074 0.793261  0.596602 0.090725 0
0  15.382699 2.216226 31.867344  -0.598850 0.110073 0.793261  0.602080 0.083422 0
tire_wall_straight
0  13.164917 2.623873 30.136528  -0.598850 0.110074 0.793261  0.596602 0.090725 0
0  14.186856 -5.050758 30.136528  -0.549179 -0.262943 0.793261  0.577793 0.065649 0
0  16.220690 -4.076972 31.867344  -0.549179 -0.262944 0.793261  0.586656 0.062859 0
tire_wall_straight
0  14.186856 -5.050758 30.136528  -0.549179 -0.262943 0.793261  0.577793 0.065649 0
0  19.524658 -10.658983 30.136528  -0.289741 -0.535525 0.793261  0.577793 0.034654 0
0  20.597687 -8.675717 31.867344  -0.289741 -0.535525 0.793261  0.586656 0.037443 0
tire_wall_straight
0  19.524658 -10.658983 30.136528  -0.289741 -0.535525 0.793261  0.577793 0.034654 0
0  27.139463 -12.058652 30.136528  0.080368 -0.603554 0.793261  0.596602 0.009578 0
0  26.841827 -9.823446 31.867344  0.080369 -0.603554 0.793261  0.602080 0.016881 0
tire_wall_straight
0  27.139463 -12.058652 30.136528  0.080368 -0.603554 0.793261  0.596602 0.009578 0
0  34.122673 -8.715138 30.136528  0.419779 -0.441047 0.793261  0.627035 0.000000 0
0  32.568062 -7.081765 31.867344  0.419780 -0.441046 0.793261  0.627035 0.009027 0
tire_wall_straight
0  34.122673 -8.715138 30.136528  0.419779 -0.441047 0.793261  0.627035 0.000000 0
0  37.806942 -1.905550 30.136528  0.598850 -0.110074 0.793261  0.657468 0.009578 0
0  35.589161 -1.497903 31.867344  0.598850 -0.110073 0.793261  0.651990 0.016881 0
tire_wall_straight
0  37.806942 -1.905550 30.136528  0.598850 -0.110074 0.793261  0.657468 0.009578 0
0  36.785004 5.769081 30.136528  0.549179 0.262942 0.793261  0.676277 0.034654 0
0  34.751167 4.795295 31.867344  0.549179 0.262944 0.793261  0.667414 0.037443 0
tire_wall_straight
0  34.751167 4.795295 31.867344  -0.131897 -0.063152 0.989250  0.667414 0.037443 0
0  30.374172 9.394040 31.867344  -0.069586 -0.128617 0.989250  0.667414 0.062859 0
0  28.764629 6.419141 31.367344  -0.069587 -0.128617 0.989250  0.654118 0.058675 0
tire_wall_straight
0  30.374172 9.394040 31.867344  -0.069586 -0.128617 0.989250  0.667414 0.062859 0
0  24.130032 10.541769 31.867344  0.019304 -0.144955 0.989250  0.651990 0.083422 0
0  24.576487 7.188959 31.367344  0.019303 -0.144955 0.989250  0.643773 0.072467 0
tire_wall_straight
0  24.130032 10.541769 31.867344  0.019304 -0.144955 0.989250  0.651990 0.083422 0
0  18.403799 7.800087 31.867344  0.100819 -0.105925 0.989250  0.627035 0.091276 0
0  20.735720 5.350026 31.367344  0.100818 -0.105925 0.989250  0.627035 0.077735 0
tire_wall_straight
0  18.403799 7.800087 31.867344  0.100819 -0.105925 0.989250  0.627035 0.091276 0
0  15.382699 2.216226 31.867344  0.143826 -0.026435 0.989250  0.602080 0.083422 0
0  18.709373 1.604753 31.367344  0.143825 -0.026436 0.989250  0.610297 0.072467 0
tire_wall_straight
0  15.382699 2.216226 31.867344  0.143826 -0.026435 0.989250  0.602080 0.083422 0
0  16.220690 -4.076972 31.867344  0.131897 0.063152 0.989250  0.586656 0.062859 0
0  19.271439 -2.616294 31.367344  0.131896 0.063151 0.989250  0.599952 0.058675 0
tire_wall_straight
0  16.220690 -4.076972 31.867344  0.131897 0.063152 0.989250  0.586656 0.062859 0
0  20.597687 -8.675717 31.867344  0.069586 0.128617 0.989250  0.586656 0.037443 0
0  22.207230 -5.700818 31.367344  0.069587 0.128617 0.989250  0.599952 0.041628 0
tire_wall_straight
0  20.597687 -8.675717 31.867344  0.069586 0.128617 0.989250  0.586656 0.037443 0
0  26.841827 -9.823446 31.867344  -0.019304 0.144955 0.989250  0.602080 0.016881 0
0  26.395372 -6.470636 31.367344  -0.019303 0.144955 0.989250  0.610297 0.027836 0
tire_wall_straight
0  26.841827 -9.823446 31.867344  -0.019304 0.144955 0.989250  0.602080 0.016881 0
0  32.568062 -7.081765 31.867344  -0.100819 0.105925 0.989250  0.627035 0.009027 0
0  30.236139 -4.631703 31.367344  -0.100818 0.105926 0.989250  0.627035 0.022568 0
tire_wall_straight
0  32.568062 -7.081765 31.867344  -0.100819 0.105925 0.989250  0.627035 0.009027 0
0  35.589161 -1.497903 31.867344  -0.143826 0.026435 0.989250  0.651990 0.016881 0
0  32.262486 -0.886430 31.367344  -0.143825 0.026436 0.989250  0.643773 0.027836 0
tire_wall_straight
0  35.589161 -1.497903 31.867344  -0.143826 0.026435 0.989250  0.651990 0.016881 0
0  34.751167 4.795295 31.867344  -0.131897 -0.063152 0.989250  0.667414 0.037443 0
0  31.700420 3.334617 31.367344  -0.131896 -0.063151 0.989250  0.654118 0.041628 0
tire_wall_straight
0  31.700420 3.334617 31.367344  -0.724355 -0.689427 0.000000  0.882981 0.014125 0
0  28.764629 6.419141 31.367344  -0.724355 -0.689427 0.000000  0.882981 0.000000 0
0  28.764629 6.419141 24.500000  -0.724355 -0.689427 0.000000  0.911364 0.000000 0
tire_wall_straight
0  28.764629 6.419141 31.367344  -0.180780 -0.983523 0.000000  0.131352 0.999565 0
0  24.576487 7.188959 31.367344  -0.180780 -0.983523 0.000000  0.131352 0.983570 0
0  24.576487 7.188959 24.500000  -0.180781 -0.983523 0.000000  0.159735 0.983570 0
tire_wall_straight
0  24.576487 7.188959 31.367344  0.431846 -0.901947 0.000000  0.131352 0.983570 0
0  20.735720 5.350026 31.367344  0.431846 -0.901947 0.000000  0.131352 0.967164 0
0  20.735720 5.350026 24.500000  0.431846 -0.901947 0.000000  0.159735 0.967164 0
tire_wall_straight
0  20.735720 5.350026 31.367344  0.879522 -0.475857 0.000000  0.838686 0.819453 0
0  18.709373 1.604753 31.367344  0.879523 -0.475857 0.000000  0.838686 0.806011 0
0  18.709373 1.604753 24.500000  0.879522 -0.475858 0.000000  0.867069 0.806011 0
tire_wall_straight
0  18.709373 1.604753 31.367344  0.991251 0.131993 0.000000  0.838686 0.806011 0
0  19.271439 -2.616294 31.367344  0.991251 0.131993 0.000000  0.838686 0.788973 0
0  19.271439 -2.616294 24.500000  0.991251 0.131993 0.000000  0.867069 0.788973 0
tire_wall_straight
0  19.271439 -2.616294 31.367344  0.724355 0.689427 0.000000  0.838686 0.788973 0
0  22.207230 -5.700818 31.367344  0.724355 0.689428 0.000000  0.838686 0.774848 0
0  22.207230 -5.700818 24.500000  0.724355 0.689427 0.000000  0.867069 0.774848 0
tire_wall_straight
0  22.207230 -5.700818 31.367344  0.180780 0.983523 0.000000  0.175159 0.999565 0
0  26.395372 -6.470636 31.367344  0.180780 0.983523 0.000000  0.175159 0.983570 0
0  26.395372 -6.470636 24.500000  0.180781 0.983523 0.000000  0.203542 0.983570 0
tire_wall_straight
0  26.395372 -6.470636 31.367344  -0.431846 0.901947 0.000000  0.175159 0.983570 0
0  30.236139 -4.631703 31.367344  -0.431846 0.901947 0.000000  0.175159 0.967164 0
0  30.236139 -4.631703 24.500000  -0.431846 0.901947 0.000000  0.203542 0.967164 0
tire_wall_straight
0  30.236139 -4.631703 31.367344  -0.879522 0.475858 0.000000  0.882981 0.044605 0
0  32.262486 -0.886430 31.367344  -0.879522 0.475858 0.000000  0.882981 0.031162 0
0  32.262486 -0.886430 24.500000  -0.879522 0.475858 0.000000  0.911364 0.031162 0
tire_wall_straight
0  32.262486 -0.886430 31.367344  -0.991251 -0.131993 0.000000  0.882981 0.031162 0
0  31.700420 3.334617 31.367344  -0.991251 -0.131993 0.000000  0.882981 0.014125 0
0  31.700420 3.334617 24.500000  -0.991251 -0.131993 0.000000  0.911364 0.014125 0
end
