version 1
nodes
0 "root" -1
end
skeleton
time 0
0 0 0 0 0 0 0
end
triangles
nitro_can
0  0.000000 0.000000 13.600000  0.000000 0.000000 1.000000  0.383503 0.137880 0
0  1.200000 0.000000 13.600000  0.179558 -0.000000 0.983747  0.409430 0.098917 0
0  1.108655 0.459220 13.600000  0.165890 0.068713 0.983747  0.422306 0.111846 0
nitro_can
0  0.000000 0.000000 13.600000  0.000000 0.000000 1.000000  0.383503 0.137880 0
0  1.108655 0.459220 13.600000  0.165890 0.068713 0.983747  0.422306 0.111846 0
0  0.848528 0.848528 13.600000  0.126967 0.126966 0.983747  0.429274 0.128738 0
nitro_can
0  0.000000 0.000000 13.600000  0.000000 0.000000 1.000000  0.383503 0.137880 0
0  0.848528 0.848528 13.600000  0.126967 0.126966 0.983747  0.429274 0.128738 0
0  0.459220 1.108655 13.600000  0.068715 0.165889 0.983747  0.429274 0.147022 0
nitro_can
0  0.000000 0.000000 13.600000  0.000000 0.000000 1.000000  0.383503 0.137880 0
0  0.459220 1.108655 13.600000  0.068715 0.165889 0.983747  0.429274 0.147022 0
0  0.000000 1.200000 13.600000  0.000002 0.179557 0.983748  0.422306 0.163915 0
nitro_can
0  0.000000 0.000000 13.600000  0.000000 0.000000 1.000000  0.383503 0.137880 0
0  0.000000 1.200000 13.600000  0.000002 0.179557 0.983748  0.422306 0.163915 0
0  -0.459220 1.108655 13.600000  -0.068714 0.165889 0.983747  0.409430 0.176843 0
nitro_can
0  0.000000 0.000000 13.600000  0.000000 0.000000 1.000000  0.383503 0.137880 0
0  -0.459220 1.108655 13.600000  -0.068714 0.165889 0.983747  0.409430 0.176843 0
0  -0.848528 0.848528 13.600000  -0.126966 0.126966 0.983748  0.392608 0.183840 0
nitro_can
0  0.000000 0.000000 13.600000  0.000000 0.000000 1.000000  0.383503 0.137880 0
0  -0.848528 0.848528 13.600000  -0.126966 0.126966 0.983748  0.392608 0.183840 0
0  -1.108655 0.459220 13.600000  -0.165889 0.068714 0.983748  0.374399 0.183840 0
nitro_can
0  0.000000 0.000000 13.600000  0.000000 0.000000 1.000000  0.383503 0.137880 0
0  -1.108655 0.459220 13.600000  -0.165889 0.068714 0.983748  0.374399 0.183840 0
0  -1.200000 0.000000 13.600000  -0.179558 0.000000 0.983747  0.357577 0.176843 0
nitro_can
0  0.000000 0.000000 13.600000  0.000000 0.000000 1.000000  0.383503 0.137880 0
0  -1.200000 0.000000 13.600000  -0.179558 0.000000 0.983747  0.357577 0.176843 0
0  -1.108655 -0.459220 13.600000  -0.165890 -0.068713 0.983747  0.344701 0.163915 0
nitro_can
0  0.000000 0.000000 13.600000  0.000000 0.000000 1.000000  0.383503 0.137880 0
0  -1.108655 -0.459220 13.600000  -0.165890 -0.068713 0.983747  0.344701 0.163915 0
0  -0.848528 -0.848528 13.600000  -0.126967 -0.126966 0.983747  0.337733 0.147022 0
nitro_can
0  0.000000 0.000000 13.600000  0.000000 0.000000 1.000000  0.383503 0.137880 0
0  -0.848528 -0.848528 13.600000  -0.126967 -0.126966 0.983747  0.337733 0.147022 0
0  -0.459220 -1.108655 13.600000  -0.068715 -0.165889 0.983747  0.337733 0.128738 0
nitro_can
0  0.000000 0.000000 13.600000  0.000000 0.000000 1.000000  0.383503 0.137880 0
0  -0.459220 -1.108655 13.600000  -0.068715 -0.165889 0.983747  0.337733 0.128738 0
0  -0.000000 -1.200000 13.600000  -0.000002 -0.179557 0.983748  0.344701 0.111846 0
nitro_can
0  0.000000 0.000000 13.600000  0.000000 0.000000 1.000000  0.383503 0.137880 0
0  -0.000000 -1.200000 13.600000  -0.000002 -0.179557 0.983748  0.344701 0.111846 0
0  0.459220 -1.108655 13.600000  0.068714 -0.165889 0.983747  0.357577 0.098917 0
nitro_can
0  0.000000 0.000000 13.600000  0.000000 0.000000 1.000000  0.383503 0.137880 0
0  0.459220 -1.108655 13.600000  0.068714 -0.165889 0.983747  0.357577 0.098917 0
0  0.848528 -0.848528 13.600000  0.126966 -0.126966 0.983748  0.374399 0.091920 0
nitro_can
0  0.000000 0.000000 13.600000  0.000000 0.000000 1.000000  0.383503 0.137880 0
0  0.848528 -0.848528 13.600000  0.126966 -0.126966 0.983748  0.374399 0.091920 0
0  1.108655 -0.459220 13.600000  0.165889 -0.068714 0.983748  0.392608 0.091920 0
nitro_can
0  0.000000 0.000000 13.600000  0.000000 0.000000 1.000000  0.383503 0.137880 0
0  1.108655 -0.459220 13.600000  0.165889 -0.068714 0.983748  0.392608 0.091920 0
0  1.200000 0.000000 13.600000  0.179558 -0.000000 0.983747  0.409430 0.098917 0
nitro_can
0  1.200000 0.000000 13.600000  0.179558 -0.000000 0.983747  0.409430 0.098917 0
0  1.385819 0.574025 13.500000  0.342910 0.142038 0.928568  0.432006 0.105337 0
0  1.108655 0.459220 13.600000  0.165890 0.068713 0.983747  0.422306 0.111846 0
nitro_can
0  1.108655 0.459220 13.600000  0.165890 0.068713 0.983747  0.422306 0.111846 0
0  1.060660 1.060660 13.500000  0.262451 0.262452 0.928568  0.440716 0.126453 0
0  0.848528 0.848528 13.600000  0.126967 0.126966 0.983747  0.429274 0.128738 0
nitro_can
0  0.848528 0.848528 13.600000  0.126967 0.126966 0.983747  0.429274 0.128738 0
0  0.574025 1.385819 13.500000  0.142037 0.342910 0.928568  0.440716 0.149308 0
0  0.459220 1.108655 13.600000  0.068715 0.165889 0.983747  0.429274 0.147022 0
nitro_can
0  0.459220 1.108655 13.600000  0.068715 0.165889 0.983747  0.429274 0.147022 0
0  0.000000 1.500000 13.500000  0.000000 0.371163 0.928568  0.432006 0.170423 0
0  0.000000 1.200000 13.600000  0.000002 0.179557 0.983748  0.422306 0.163915 0
nitro_can
0  0.000000 1.200000 13.600000  0.000002 0.179557 0.983748  0.422306 0.163915 0
0  -0.574025 1.385819 13.500000  -0.142038 0.342909 0.928568  0.415912 0.186584 0
0  -0.459220 1.108655 13.600000  -0.068714 0.165889 0.983747  0.409430 0.176843 0
nitro_can
0  -0.459220 1.108655 13.600000  -0.068714 0.165889 0.983747  0.409430 0.176843 0
0  -1.060660 1.060660 13.500000  -0.262451 0.262451 0.928568  0.394884 0.195330 0
0  -0.848528 0.848528 13.600000  -0.126966 0.126966 0.983748  0.392608 0.183840 0
nitro_can
0  -0.848528 0.848528 13.600000  -0.126966 0.126966 0.983748  0.392608 0.183840 0
0  -1.385819 0.574025 13.500000  -0.342910 0.142037 0.928568  0.372123 0.195330 0
0  -1.108655 0.459220 13.600000  -0.165889 0.068714 0.983748  0.374399 0.183840 0
nitro_can
0  -1.108655 0.459220 13.600000  -0.165889 0.068714 0.983748  0.374399 0.183840 0
0  -1.500000 0.000000 13.500000  -0.371163 -0.000001 0.928568  0.351095 0.186584 0
0  -1.200000 0.000000 13.600000  -0.179558 0.000000 0.983747  0.357577 0.176843 0
nitro_can
0  -1.200000 0.000000 13.600000  -0.179558 0.000000 0.983747  0.357577 0.176843 0
0  -1.385819 -0.574025 13.500000  -0.342910 -0.142038 0.928568  0.335001 0.170423 0
0  -1.108655 -0.459220 13.600000  -0.165890 -0.068713 0.983747  0.344701 0.163915 0
nitro_can
0  -1.108655 -0.459220 13.600000  -0.165890 -0.068713 0.983747  0.344701 0.163915 0
0  -1.060660 -1.060660 13.500000  -0.262451 -0.262452 0.928568  0.326291 0.149308 0
0  -0.848528 -0.848528 13.600000  -0.126967 -0.126966 0.983747  0.337733 0.147022 0
nitro_can
0  -0.848528 -0.848528 13.600000  -0.126967 -0.126966 0.983747  0.337733 0.147022 0
0  -0.574025 -1.385819 13.500000  -0.142037 -0.342910 0.928568  0.326291 0.126453 0
0  -0.459220 -1.108655 13.600000  -0.068715 -0.165889 0.983747  0.337733 0.128738 0
nitro_can
0  -0.459220 -1.108655 13.600000  -0.068715 -0.165889 0.983747  0.337733 0.128738 0
0  -0.000000 -1.500000 13.500000  -0.000000 -0.371163 0.928568  0.335001 0.105337 0
0  -0.000000 -1.200000 13.600000  -0.000002 -0.179557 0.983748  0.344701 0.111846 0
nitro_can
0  -0.000000 -1.200000 13.600000  -0.000002 -0.179557 0.983748  0.344701 0.111846 0
0  0.574025 -1.385819 13.500000  0.142038 -0.342909 0.928568  0.351095 0.089176 0
0  0.459220 -1.108655 13.600000  0.068714 -0.165889 0.983747  0.357577 0.098917 0
nitro_can
0  0.459220 -1.108655 13.600000  0.068714 -0.165889 0.983747  0.357577 0.098917 0
0  1.060660 -1.060660 13.500000  0.262451 -0.262451 0.928568  0.372123 0.080430 0
0  0.848528 -0.848528 13.600000  0.126966 -0.126966 0.983748  0.374399 0.091920 0
nitro_can
0  0.848528 -0.848528 13.600000  0.126966 -0.126966 0.983748  0.374399 0.091920 0
0  1.385819 -0.574025 13.500000  0.342910 -0.142037 0.928568  0.394884 0.080430 0
0  1.108655 -0.459220 13.600000  0.165889 -0.068714 0.983748  0.392608 0.091920 0
nitro_can
0  1.108655 -0.459220 13.600000  0.165889 -0.068714 0.983748  0.392608 0.091920 0
0  1.500000 0.000000 13.500000  0.371163 0.000001 0.928568  0.415912 0.089176 0
0  1.200000 0.000000 13.600000  0.179558 -0.000000 0.983747  0.409430 0.098917 0
nitro_can
0  1.500000 0.000000 13.500000  0.371163 0.000001 0.928568  0.415912 0.089176 0
0  2.402087 0.994977 13.000000  0.539785 0.223589 0.811567  0.467575 0.081473 0
0  1.385819 0.574025 13.500000  0.342910 0.142038 0.928568  0.432006 0.105337 0
nitro_can
0  1.385819 0.574025 13.500000  0.342910 0.142038 0.928568  0.432006 0.105337 0
0  1.838478 1.838478 13.000000  0.413132 0.413136 0.811567  0.482672 0.118073 0
0  1.060660 1.060660 13.500000  0.262451 0.262452 0.928568  0.440716 0.126453 0
nitro_can
0  1.060660 1.060660 13.500000  0.262451 0.262452 0.928568  0.440716 0.126453 0
0  0.994977 2.402087 13.000000  0.223583 0.539786 0.811567  0.482672 0.157688 0
0  0.574025 1.385819 13.500000  0.142037 0.342910 0.928568  0.440716 0.149308 0
nitro_can
0  0.574025 1.385819 13.500000  0.142037 0.342910 0.928568  0.440716 0.149308 0
0  0.000000 2.600000 13.000000  -0.000003 0.584259 0.811567  0.467575 0.194288 0
0  0.000000 1.500000 13.500000  0.000000 0.371163 0.928568  0.432006 0.170423 0
nitro_can
0  0.000000 1.500000 13.500000  0.000000 0.371163 0.928568  0.432006 0.170423 0
0  -0.994977 2.402087 13.000000  -0.223589 0.539784 0.811567  0.439678 0.222300 0
0  -0.574025 1.385819 13.500000  -0.142038 0.342909 0.928568  0.415912 0.186584 0
nitro_can
0  -0.574025 1.385819 13.500000  -0.142038 0.342909 0.928568  0.415912 0.186584 0
0  -1.838478 1.838478 13.000000  -0.413136 0.413132 0.811567  0.403229 0.237461 0
0  -1.060660 1.060660 13.500000  -0.262451 0.262451 0.928568  0.394884 0.195330 0
nitro_can
0  -1.060660 1.060660 13.500000  -0.262451 0.262451 0.928568  0.394884 0.195330 0
0  -2.402087 0.994977 13.000000  -0.539786 0.223584 0.811567  0.363778 0.237461 0
0  -1.385819 0.574025 13.500000  -0.342910 0.142037 0.928568  0.372123 0.195330 0
nitro_can
0  -1.385819 0.574025 13.500000  -0.342910 0.142037 0.928568  0.372123 0.195330 0
0  -2.600000 0.000000 13.000000  -0.584259 -0.000003 0.811567  0.327329 0.222300 0
0  -1.500000 0.000000 13.500000  -0.371163 -0.000001 0.928568  0.351095 0.186584 0
nitro_can
0  -1.500000 0.000000 13.500000  -0.371163 -0.000001 0.928568  0.351095 0.186584 0
0  -2.402087 -0.994977 13.000000  -0.539785 -0.223589 0.811567  0.299432 0.194288 0
0  -1.385819 -0.574025 13.500000  -0.342910 -0.142038 0.928568  0.335001 0.170423 0
nitro_can
0  -1.385819 -0.574025 13.500000  -0.342910 -0.142038 0.928568  0.335001 0.170423 0
0  -1.838478 -1.838478 13.000000  -0.413132 -0.413136 0.811567  0.284335 0.157688 0
0  -1.060660 -1.060660 13.500000  -0.262451 -0.262452 0.928568  0.326291 0.149308 0
nitro_can
0  -1.060660 -1.060660 13.500000  -0.262451 -0.262452 0.928568  0.326291 0.149308 0
0  -0.994977 -2.402087 13.000000  -0.223583 -0.539786 0.811567  0.284335 0.118073 0
0  -0.574025 -1.385819 13.500000  -0.142037 -0.342910 0.928568  0.326291 0.126453 0
nitro_can
0  -0.574025 -1.385819 13.500000  -0.142037 -0.342910 0.928568  0.326291 0.126453 0
0  -0.000000 -2.600000 13.000000  0.000003 -0.584259 0.811567  0.299432 0.081473 0
0  -0.000000 -1.500000 13.500000  -0.000000 -0.371163 0.928568  0.335001 0.105337 0
nitro_can
0  -0.000000 -1.500000 13.500000  -0.000000 -0.371163 0.928568  0.335001 0.105337 0
0  0.994977 -2.402087 13.000000  0.223589 -0.539784 0.811567  0.327329 0.053460 0
0  0.574025 -1.385819 13.500000  0.142038 -0.342909 0.928568  0.351095 0.089176 0
nitro_can
0  0.574025 -1.385819 13.500000  0.142038 -0.342909 0.928568  0.351095 0.089176 0
0  1.838478 -1.838478 13.000000  0.413136 -0.413132 0.811567  0.363778 0.038300 0
0  1.060660 -1.060660 13.500000  0.262451 -0.262451 0.928568  0.372123 0.080430 0
nitro_can
0  1.060660 -1.060660 13.500000  0.262451 -0.262451 0.928568  0.372123 0.080430 0
0  2.402087 -0.994977 13.000000  0.539786 -0.223584 0.811567  0.403229 0.038300 0
0  1.385819 -0.574025 13.500000  0.342910 -0.142037 0.928568  0.394884 0.080430 0
nitro_can
0  1.385819 -0.574025 13.500000  0.342910 -0.142037 0.928568  0.394884 0.080430 0
0  2.600000 0.000000 13.000000  0.584259 0.000003 0.811567  0.439678 0.053460 0
0  1.500000 0.000000 13.500000  0.371163 0.000001 0.928568  0.415912 0.089176 0
nitro_can
0  2.600000 0.000000 13.000000  0.584259 0.000003 0.811567  0.103774 0.300834 0
0  3.325966 1.377660 12.000000  0.836304 0.347117 0.424387  0.055888 0.339887 0
0  2.402087 0.994977 13.000000  0.539785 0.223589 0.811567  0.064332 0.300834 0
nitro_can
0  2.402087 0.994977 13.000000  0.539785 0.223589 0.811567  0.467575 0.081473 0
0  2.545584 2.545584 12.000000  0.647332 0.625585 0.435437  0.520814 0.110454 0
0  1.838478 1.838478 13.000000  0.413132 0.413136 0.811567  0.482672 0.118073 0
nitro_can
0  1.838478 1.838478 13.000000  0.413132 0.413136 0.811567  0.482672 0.118073 0
0  1.377660 3.325966 12.000000  0.339209 0.812837 0.473534  0.520814 0.165306 0
0  0.994977 2.402087 13.000000  0.223583 0.539786 0.811567  0.482672 0.157688 0
nitro_can
0  0.994977 2.402087 13.000000  0.223583 0.539786 0.811567  0.482672 0.157688 0
0  0.000000 3.600000 12.000000  -0.000003 0.877823 0.478986  0.499910 0.215983 0
0  0.000000 2.600000 13.000000  -0.000003 0.584259 0.811567  0.467575 0.194288 0
nitro_can
0  0.000000 2.600000 13.000000  -0.000003 0.584259 0.811567  0.433931 0.285525 0
0  -1.377660 3.325966 12.000000  -0.335931 0.811001 0.478986  0.389033 0.324509 0
0  -0.994977 2.402087 13.000000  -0.223589 0.539784 0.811567  0.394538 0.285514 0
nitro_can
0  -0.994977 2.402087 13.000000  -0.223589 0.539784 0.811567  0.439678 0.222300 0
0  -2.545584 2.545584 12.000000  -0.620717 0.620712 0.478986  0.410816 0.275761 0
0  -1.838478 1.838478 13.000000  -0.413136 0.413132 0.811567  0.403229 0.237461 0
nitro_can
0  -1.838478 1.838478 13.000000  -0.413136 0.413132 0.811567  0.403229 0.237461 0
0  -3.325966 1.377660 12.000000  -0.811003 0.335925 0.478986  0.356191 0.275761 0
0  -2.402087 0.994977 13.000000  -0.539786 0.223584 0.811567  0.363778 0.237461 0
nitro_can
0  -2.402087 0.994977 13.000000  -0.539786 0.223584 0.811567  0.363778 0.237461 0
0  -3.600000 0.000000 12.000000  -0.877822 -0.000004 0.478986  0.305723 0.254770 0
0  -2.600000 0.000000 13.000000  -0.584259 -0.000003 0.811567  0.327329 0.222300 0
nitro_can
0  -2.600000 0.000000 13.000000  -0.584259 -0.000003 0.811567  0.284335 0.612792 0
0  -3.325966 -1.377660 12.000000  -0.811001 -0.335931 0.478986  0.344617 0.619109 0
0  -2.402087 -0.994977 13.000000  -0.539785 -0.223589 0.811567  0.295849 0.640804 0
nitro_can
0  -2.402087 -0.994977 13.000000  -0.539785 -0.223589 0.811567  0.295849 0.640804 0
0  -2.545584 -2.545584 12.000000  -0.620712 -0.620717 0.478986  0.353246 0.669786 0
0  -1.838478 -1.838478 13.000000  -0.413132 -0.413136 0.811567  0.302081 0.677404 0
nitro_can
0  -1.838478 -1.838478 13.000000  -0.413132 -0.413136 0.811567  0.302081 0.677404 0
0  -1.377660 -3.325966 12.000000  -0.335925 -0.811004 0.478986  0.353246 0.724638 0
0  -0.994977 -2.402087 13.000000  -0.223583 -0.539786 0.811567  0.302081 0.717020 0
nitro_can
0  -0.994977 -2.402087 13.000000  -0.223583 -0.539786 0.811567  0.302081 0.717020 0
0  -0.000000 -3.600000 12.000000  0.000003 -0.877823 0.478986  0.344617 0.775315 0
0  -0.000000 -2.600000 13.000000  0.000003 -0.584259 0.811567  0.295849 0.753620 0
nitro_can
0  -0.000000 -2.600000 13.000000  0.000003 -0.584259 0.811567  0.295849 0.753620 0
0  1.377660 -3.325966 12.000000  0.335931 -0.811001 0.478986  0.328674 0.814101 0
0  0.994977 -2.402087 13.000000  0.223589 -0.539784 0.811567  0.284335 0.781632 0
nitro_can
0  0.994977 -2.402087 13.000000  0.223589 -0.539784 0.811567  0.327329 0.053460 0
0  2.545584 -2.545584 12.000000  0.620717 -0.620712 0.478986  0.356191 0.000000 0
0  1.838478 -1.838478 13.000000  0.413136 -0.413132 0.811567  0.363778 0.038300 0
nitro_can
0  1.838478 -1.838478 13.000000  0.413136 -0.413132 0.811567  0.363778 0.038300 0
0  3.325966 -1.377660 12.000000  0.812324 -0.334645 0.477643  0.410816 0.000000 0
0  2.402087 -0.994977 13.000000  0.539786 -0.223584 0.811567  0.403229 0.038300 0
nitro_can
0  2.402087 -0.994977 13.000000  0.539786 -0.223584 0.811567  0.403229 0.038300 0
0  3.600000 0.000000 12.000000  0.887093 0.015422 0.461333  0.461284 0.020991 0
0  2.600000 0.000000 13.000000  0.584259 0.000003 0.811567  0.439678 0.053460 0
nitro_can
0  3.600000 0.000000 12.000000  0.887093 0.015422 0.461333  0.110500 0.339887 0
0  3.513205 1.455217 10.400000  0.904941 0.424849 -0.024211  0.054177 0.402368 0
0  3.325966 1.377660 12.000000  0.836304 0.347117 0.424387  0.055888 0.339887 0
nitro_can
0  3.325966 1.377660 12.000000  0.836304 0.347117 0.424387  0.055888 0.339887 0
0  2.683676 2.683676 10.400000  0.752742 0.657743 -0.027453  0.001544 0.402367 0
0  2.545584 2.545584 12.000000  0.647332 0.625585 0.435437  0.005904 0.339885 0
nitro_can
0  2.545584 2.545584 12.000000  0.647332 0.625585 0.435437  0.623943 0.541678 0
0  1.520223 3.670143 10.400000  0.440703 0.895632 0.060192  0.567200 0.597147 0
0  1.377660 3.325966 12.000000  0.339209 0.812837 0.473534  0.569355 0.543220 0
nitro_can
0  1.377660 3.325966 12.000000  0.339209 0.812837 0.473534  0.492831 0.324567 0
0  0.000000 4.000000 10.400000  0.006685 0.992945 0.118386  0.447426 0.386984 0
0  0.000000 3.600000 12.000000  -0.000003 0.877823 0.478986  0.443577 0.324524 0
nitro_can
0  0.000000 3.600000 12.000000  -0.000003 0.877823 0.478986  0.443577 0.324524 0
0  -1.530734 3.695518 10.400000  -0.379902 0.917160 0.120383  0.386821 0.386967 0
0  -1.377660 3.325966 12.000000  -0.335931 0.811001 0.478986  0.389033 0.324509 0
nitro_can
0  -1.377660 3.325966 12.000000  -0.335931 0.811001 0.478986  0.389033 0.324509 0
0  -2.828427 2.828427 10.400000  -0.701965 0.701963 0.120383  0.329564 0.386984 0
0  -2.545584 2.545584 12.000000  -0.620717 0.620712 0.478986  0.337501 0.324524 0
nitro_can
0  -2.545584 2.545584 12.000000  -0.620717 0.620712 0.478986  0.717008 0.285514 0
0  -3.695518 1.530734 10.400000  -0.917161 0.379899 0.120383  0.684263 0.348276 0
0  -3.325966 1.377660 12.000000  -0.811003 0.335925 0.478986  0.676337 0.285721 0
nitro_can
0  -3.325966 1.377660 12.000000  -0.811003 0.335925 0.478986  0.676337 0.285721 0
0  -4.000000 0.000000 10.400000  -0.992727 -0.000002 0.120383  0.627007 0.348390 0
0  -3.600000 0.000000 12.000000  -0.877822 -0.000004 0.478986  0.624807 0.285823 0
nitro_can
0  -3.600000 0.000000 12.000000  -0.877822 -0.000004 0.478986  0.624807 0.285823 0
0  -3.695518 -1.530734 10.400000  -0.917160 -0.379902 0.120383  0.566402 0.348371 0
0  -3.325966 -1.377660 12.000000  -0.811001 -0.335931 0.478986  0.570262 0.285806 0
nitro_can
0  -3.325966 -1.377660 12.000000  -0.811001 -0.335931 0.478986  0.344617 0.619109 0
0  -2.828427 -2.828427 10.400000  -0.701963 -0.701965 0.120383  0.416218 0.666739 0
0  -2.545584 -2.545584 12.000000  -0.620712 -0.620717 0.478986  0.353246 0.669786 0
nitro_can
0  -2.545584 -2.545584 12.000000  -0.620712 -0.620717 0.478986  0.353246 0.669786 0
0  -1.530734 -3.695518 10.400000  -0.379899 -0.917161 0.120383  0.416218 0.727686 0
0  -1.377660 -3.325966 12.000000  -0.335925 -0.811004 0.478986  0.353246 0.724638 0
nitro_can
0  -1.377660 -3.325966 12.000000  -0.335925 -0.811004 0.478986  0.353246 0.724638 0
0  -0.000000 -4.000000 10.400000  0.000001 -0.992727 0.120383  0.406631 0.783993 0
0  -0.000000 -3.600000 12.000000  0.000003 -0.877823 0.478986  0.344617 0.775315 0
nitro_can
0  -0.000000 -3.600000 12.000000  0.000003 -0.877823 0.478986  0.644286 0.000000 0
0  1.530734 -3.695518 10.400000  0.379902 -0.917160 0.120383  0.586671 0.062462 0
0  1.377660 -3.325966 12.000000  0.335931 -0.811001 0.478986  0.589661 0.000000 0
nitro_can
0  1.377660 -3.325966 12.000000  0.335931 -0.811001 0.478986  0.589661 0.000000 0
0  2.828427 -2.828427 10.400000  0.701965 -0.701963 0.120383  0.530527 0.062490 0
0  2.545584 -2.545584 12.000000  0.620717 -0.620712 0.478986  0.539131 0.000026 0
nitro_can
0  2.545584 -2.545584 12.000000  0.620717 -0.620712 0.478986  0.200911 0.339883 0
0  3.695518 -1.530734 10.400000  0.924981 -0.363980 0.109216  0.169774 0.402367 0
0  3.325966 -1.377660 12.000000  0.812324 -0.334645 0.477643  0.161426 0.339886 0
nitro_can
0  3.325966 -1.377660 12.000000  0.812324 -0.334645 0.477643  0.161426 0.339886 0
0  3.980104 0.000000 10.400000  0.995741 0.073865 0.055163  0.113057 0.402368 0
0  3.600000 0.000000 12.000000  0.887093 0.015422 0.461333  0.110500 0.339887 0
nitro_can
0  3.980104 0.000000 10.400000  0.995741 0.073865 0.055163  0.113057 0.402368 0
0  3.248940 1.345755 9.000000  0.876715 0.472252 -0.091371  0.056593 0.457038 0
0  3.513205 1.455217 10.400000  0.904941 0.424849 -0.024211  0.054177 0.402368 0
nitro_can
0  3.513205 1.455217 10.400000  0.904941 0.424849 -0.024211  0.680346 0.603754 0
0  2.478496 2.478496 9.000000  0.773472 0.625028 -0.105266  0.625459 0.653021 0
0  2.683676 2.683676 10.400000  0.752742 0.657743 -0.027453  0.626312 0.597798 0
nitro_can
0  2.683676 2.683676 10.400000  0.752742 0.657743 -0.027453  0.626312 0.597798 0
0  1.464267 3.535054 9.000000  0.516826 0.853417 -0.067603  0.569478 0.650398 0
0  1.520223 3.670143 10.400000  0.440703 0.895632 0.060192  0.567200 0.597147 0
nitro_can
0  1.520223 3.670143 10.400000  0.440703 0.895632 0.060192  0.567200 0.597147 0
0  0.000000 4.000000 9.000000  0.042969 0.998998 -0.012512  0.512662 0.657702 0
0  0.000000 4.000000 10.400000  0.006685 0.992945 0.118386  0.511674 0.606329 0
nitro_can
0  0.000000 4.000000 10.400000  0.006685 0.992945 0.118386  0.447426 0.386984 0
0  -1.530734 3.695518 9.000000  -0.382684 0.923880 0.000000  0.386810 0.441637 0
0  -1.530734 3.695518 10.400000  -0.379902 0.917160 0.120383  0.386821 0.386967 0
nitro_can
0  -1.530734 3.695518 10.400000  -0.379902 0.917160 0.120383  0.386821 0.386967 0
0  -2.828427 2.828427 9.000000  -0.707107 0.707107 0.000000  0.329553 0.441655 0
0  -2.828427 2.828427 10.400000  -0.701965 0.701963 0.120383  0.329564 0.386984 0
nitro_can
0  -2.828427 2.828427 10.400000  -0.701965 0.701963 0.120383  0.329564 0.386984 0
0  -3.695518 1.530734 9.000000  -0.923880 0.382683 0.000000  0.284360 0.441703 0
0  -3.695518 1.530734 10.400000  -0.917161 0.379899 0.120383  0.284371 0.387033 0
nitro_can
0  -3.695518 1.530734 10.400000  -0.917161 0.379899 0.120383  0.684263 0.348276 0
0  -4.000000 0.000000 9.000000  -1.000000 -0.000000 0.000000  0.627007 0.403060 0
0  -4.000000 0.000000 10.400000  -0.992727 -0.000002 0.120383  0.627007 0.348390 0
nitro_can
0  -4.000000 0.000000 10.400000  -0.992727 -0.000002 0.120383  0.627007 0.348390 0
0  -3.695518 -1.530734 9.000000  -0.923879 -0.382684 0.000000  0.566402 0.403041 0
0  -3.695518 -1.530734 10.400000  -0.917160 -0.379902 0.120383  0.566402 0.348371 0
nitro_can
0  -3.695518 -1.530734 10.400000  -0.917160 -0.379902 0.120383  0.566402 0.348371 0
0  -2.828427 -2.828427 9.000000  -0.707107 -0.707107 0.000000  0.511674 0.402893 0
0  -2.828427 -2.828427 10.400000  -0.701963 -0.701965 0.120383  0.511674 0.348223 0
nitro_can
0  -2.828427 -2.828427 10.400000  -0.701963 -0.701965 0.120383  0.486506 0.580323 0
0  -1.530734 -3.695518 9.000000  -0.382683 -0.923880 0.000000  0.425931 0.632027 0
0  -1.530734 -3.695518 10.400000  -0.379899 -0.917161 0.120383  0.425931 0.581844 0
nitro_can
0  -1.530734 -3.695518 10.400000  -0.379899 -0.917161 0.120383  0.703372 0.062491 0
0  -0.000000 -4.000000 9.000000  0.000000 -1.000000 0.000000  0.647366 0.117133 0
0  -0.000000 -4.000000 10.400000  0.000001 -0.992727 0.120383  0.647366 0.062462 0
nitro_can
0  -0.000000 -4.000000 10.400000  0.000001 -0.992727 0.120383  0.647366 0.062462 0
0  1.530734 -3.695518 9.000000  0.382684 -0.923880 0.000000  0.586671 0.117132 0
0  1.530734 -3.695518 10.400000  0.379902 -0.917160 0.120383  0.586671 0.062462 0
nitro_can
0  1.530734 -3.695518 10.400000  0.379902 -0.917160 0.120383  0.586671 0.062462 0
0  2.828427 -2.828427 9.000000  0.707107 -0.707107 0.000000  0.530527 0.117161 0
0  2.828427 -2.828427 10.400000  0.701965 -0.701963 0.120383  0.530527 0.062490 0
nitro_can
0  2.828427 -2.828427 10.400000  0.701965 -0.701963 0.120383  0.213648 0.402365 0
0  3.695518 -1.530734 9.000000  0.941742 -0.336337 -0.000598  0.169775 0.457038 0
0  3.695518 -1.530734 10.400000  0.924981 -0.363980 0.109216  0.169774 0.402367 0
nitro_can
0  3.695518 -1.530734 10.400000  0.924981 -0.363980 0.109216  0.169774 0.402367 0
0  3.846273 0.000000 9.000000  0.988044 0.149207 -0.038813  0.112157 0.457038 0
0  3.980104 0.000000 10.400000  0.995741 0.073865 0.055163  0.113057 0.402368 0
nitro_can
0  3.846273 0.000000 9.000000  0.988044 0.149207 -0.038813  0.112157 0.457038 0
0  3.237349 1.340954 7.500000  0.868965 0.485272 0.097012  0.056699 0.515613 0
0  3.248940 1.345755 9.000000  0.876715 0.472252 -0.091371  0.056593 0.457038 0
nitro_can
0  3.248940 1.345755 9.000000  0.876715 0.472252 -0.091371  0.056593 0.457038 0
0  2.469520 2.469520 7.500000  0.766070 0.637524 0.081850  0.008306 0.515612 0
0  2.478496 2.478496 9.000000  0.773472 0.625028 -0.105266  0.008023 0.457037 0
nitro_can
0  2.478496 2.478496 9.000000  0.773472 0.625028 -0.105266  0.625459 0.653021 0
0  1.461377 3.528076 7.500000  0.521643 0.852585 0.031437  0.570604 0.705537 0
0  1.464267 3.535054 9.000000  0.516826 0.853417 -0.067603  0.569478 0.650398 0
nitro_can
0  1.464267 3.535054 9.000000  0.516826 0.853417 -0.067603  0.569478 0.650398 0
0  0.000000 4.000000 7.500000  0.057352 0.998354 -0.000638  0.513722 0.712744 0
0  0.000000 4.000000 9.000000  0.042969 0.998998 -0.012512  0.512662 0.657702 0
nitro_can
0  0.000000 4.000000 9.000000  0.042969 0.998998 -0.012512  0.447415 0.441654 0
0  -1.530734 3.695518 7.500000  -0.382683 0.923880 0.000000  0.386799 0.500213 0
0  -1.530734 3.695518 9.000000  -0.382684 0.923880 0.000000  0.386810 0.441637 0
nitro_can
0  -1.530734 3.695518 9.000000  -0.382684 0.923880 0.000000  0.386810 0.441637 0
0  -2.828427 2.828427 7.500000  -0.707107 0.707107 0.000000  0.329541 0.500230 0
0  -2.828427 2.828427 9.000000  -0.707107 0.707107 0.000000  0.329553 0.441655 0
nitro_can
0  -2.828427 2.828427 9.000000  -0.707107 0.707107 0.000000  0.329553 0.441655 0
0  -3.695518 1.530734 7.500000  -0.923879 0.382684 0.000000  0.284349 0.500279 0
0  -3.695518 1.530734 9.000000  -0.923880 0.382683 0.000000  0.284360 0.441703 0
nitro_can
0  -3.695518 1.530734 9.000000  -0.923880 0.382683 0.000000  0.684263 0.402946 0
0  -4.000000 0.000000 7.500000  -1.000000 0.000000 0.000000  0.627007 0.461635 0
0  -4.000000 0.000000 9.000000  -1.000000 -0.000000 0.000000  0.627007 0.403060 0
nitro_can
0  -4.000000 0.000000 9.000000  -1.000000 -0.000000 0.000000  0.627007 0.403060 0
0  -3.695518 -1.530734 7.500000  -0.923880 -0.382683 0.000000  0.566402 0.461616 0
0  -3.695518 -1.530734 9.000000  -0.923879 -0.382684 0.000000  0.566402 0.403041 0
nitro_can
0  -3.695518 -1.530734 9.000000  -0.923879 -0.382684 0.000000  0.566402 0.403041 0
0  -2.828427 -2.828427 7.500000  -0.707107 -0.707107 0.000000  0.511674 0.461467 0
0  -2.828427 -2.828427 9.000000  -0.707107 -0.707107 0.000000  0.511674 0.402893 0
nitro_can
0  -2.828427 -2.828427 9.000000  -0.707107 -0.707107 0.000000  0.486506 0.630506 0
0  -1.530734 -3.695518 7.500000  -0.382684 -0.923879 0.000000  0.425931 0.685795 0
0  -1.530734 -3.695518 9.000000  -0.382683 -0.923880 0.000000  0.425931 0.632027 0
nitro_can
0  -1.530734 -3.695518 9.000000  -0.382683 -0.923880 0.000000  0.703372 0.117162 0
0  -0.000000 -4.000000 7.500000  -0.000000 -1.000000 0.000000  0.647366 0.175708 0
0  -0.000000 -4.000000 9.000000  0.000000 -1.000000 0.000000  0.647366 0.117133 0
nitro_can
0  -0.000000 -4.000000 9.000000  0.000000 -1.000000 0.000000  0.647366 0.117133 0
0  1.530734 -3.695518 7.500000  0.382683 -0.923880 0.000000  0.586671 0.175708 0
0  1.530734 -3.695518 9.000000  0.382684 -0.923880 0.000000  0.586671 0.117132 0
nitro_can
0  1.530734 -3.695518 9.000000  0.382684 -0.923880 0.000000  0.586671 0.117132 0
0  2.828427 -2.828427 7.500000  0.707107 -0.707107 0.000000  0.530527 0.175736 0
0  2.828427 -2.828427 9.000000  0.707107 -0.707107 0.000000  0.530527 0.117161 0
nitro_can
0  2.828427 -2.828427 9.000000  0.707107 -0.707107 0.000000  0.213648 0.457035 0
0  3.695518 -1.530734 7.500000  0.938335 -0.345512 0.012245  0.169775 0.515613 0
0  3.695518 -1.530734 9.000000  0.941742 -0.336337 -0.000598  0.169775 0.457038 0
nitro_can
0  3.695518 -1.530734 9.000000  0.941742 -0.336337 -0.000598  0.169775 0.457038 0
0  3.839163 0.000000 7.500000  0.987314 0.147142 0.059671  0.112109 0.515614 0
0  3.846273 0.000000 9.000000  0.988044 0.149207 -0.038813  0.112157 0.457038 0
nitro_can
0  3.839163 0.000000 7.500000  0.987314 0.147142 0.059671  0.112109 0.515614 0
0  3.575817 1.481152 5.700000  0.881482 0.441941 0.166364  0.053605 0.585905 0
0  3.237349 1.340954 7.500000  0.868965 0.485272 0.097012  0.056699 0.515613 0
nitro_can
0  3.237349 1.340954 7.500000  0.868965 0.485272 0.097012  0.056699 0.515613 0
0  2.732577 2.732577 5.700000  0.718159 0.666124 0.201311  0.000000 0.585904 0
0  2.469520 2.469520 7.500000  0.766070 0.637524 0.081850  0.008306 0.515612 0
nitro_can
0  2.469520 2.469520 7.500000  0.766070 0.637524 0.081850  0.626438 0.708232 0
0  1.528195 3.689388 5.700000  0.444049 0.886735 0.128538  0.570335 0.769345 0
0  1.461377 3.528076 7.500000  0.521643 0.852585 0.031437  0.570604 0.705537 0
nitro_can
0  1.461377 3.528076 7.500000  0.521643 0.852585 0.031437  0.497900 0.500286 0
0  0.000000 4.000000 5.700000  0.027123 0.999270 0.026912  0.447389 0.570521 0
0  0.000000 4.000000 7.500000  0.057352 0.998354 -0.000638  0.447403 0.500230 0
nitro_can
0  0.000000 4.000000 7.500000  0.057352 0.998354 -0.000638  0.447403 0.500230 0
0  -1.530734 3.695518 5.700000  -0.382679 0.923881 0.000000  0.386784 0.570504 0
0  -1.530734 3.695518 7.500000  -0.382683 0.923880 0.000000  0.386799 0.500213 0
nitro_can
0  -1.530734 3.695518 7.500000  -0.382683 0.923880 0.000000  0.386799 0.500213 0
0  -2.828427 2.828427 5.700000  -0.707103 0.707110 0.000000  0.329527 0.570521 0
0  -2.828427 2.828427 7.500000  -0.707107 0.707107 0.000000  0.329541 0.500230 0
nitro_can
0  -2.828427 2.828427 7.500000  -0.707107 0.707107 0.000000  0.329541 0.500230 0
0  -3.695518 1.530734 5.700000  -0.923878 0.382688 0.000000  0.284335 0.570569 0
0  -3.695518 1.530734 7.500000  -0.923879 0.382684 0.000000  0.284349 0.500279 0
nitro_can
0  -3.695518 1.530734 7.500000  -0.923879 0.382684 0.000000  0.684263 0.461520 0
0  -4.000000 0.000000 5.700000  -1.000000 0.000005 0.000000  0.627007 0.531924 0
0  -4.000000 0.000000 7.500000  -1.000000 0.000000 0.000000  0.627007 0.461635 0
nitro_can
0  -4.000000 0.000000 7.500000  -1.000000 0.000000 0.000000  0.627007 0.461635 0
0  -3.695518 -1.530734 5.700000  -0.923881 -0.382679 0.000000  0.566402 0.531905 0
0  -3.695518 -1.530734 7.500000  -0.923880 -0.382683 0.000000  0.566402 0.461616 0
nitro_can
0  -3.695518 -1.530734 7.500000  -0.923880 -0.382683 0.000000  0.566402 0.461616 0
0  -2.828427 -2.828427 5.700000  -0.707110 -0.707103 0.000000  0.511674 0.531757 0
0  -2.828427 -2.828427 7.500000  -0.707107 -0.707107 0.000000  0.511674 0.461467 0
nitro_can
0  -2.828427 -2.828427 7.500000  -0.707107 -0.707107 0.000000  0.486506 0.684273 0
0  -1.530734 -3.695518 5.700000  -0.382688 -0.923878 0.000000  0.425931 0.750315 0
0  -1.530734 -3.695518 7.500000  -0.382684 -0.923879 0.000000  0.425931 0.685795 0
nitro_can
0  -1.530734 -3.695518 7.500000  -0.382684 -0.923879 0.000000  0.703372 0.175737 0
0  -0.000000 -4.000000 5.700000  -0.000005 -1.000000 0.000000  0.647366 0.245999 0
0  -0.000000 -4.000000 7.500000  -0.000000 -1.000000 0.000000  0.647366 0.175708 0
nitro_can
0  -0.000000 -4.000000 7.500000  -0.000000 -1.000000 0.000000  0.647366 0.175708 0
0  1.530734 -3.695518 5.700000  0.382679 -0.923881 0.000000  0.586671 0.245999 0
0  1.530734 -3.695518 7.500000  0.382683 -0.923880 0.000000  0.586671 0.175708 0
nitro_can
0  1.530734 -3.695518 7.500000  0.382683 -0.923880 0.000000  0.586671 0.175708 0
0  2.828427 -2.828427 5.700000  0.707103 -0.707110 0.000000  0.530527 0.246027 0
0  2.828427 -2.828427 7.500000  0.707107 -0.707107 0.000000  0.530527 0.175736 0
nitro_can
0  2.828427 -2.828427 7.500000  0.707107 -0.707107 0.000000  0.213648 0.515611 0
0  3.695518 -1.530734 5.700000  0.924265 -0.381752 0.000000  0.169775 0.585904 0
0  3.695518 -1.530734 7.500000  0.938335 -0.345512 0.012245  0.169775 0.515613 0
nitro_can
0  3.695518 -1.530734 7.500000  0.938335 -0.345512 0.012245  0.169775 0.515613 0
0  3.996776 0.000000 5.700000  0.996033 0.062906 0.062934  0.113169 0.585905 0
0  3.839163 0.000000 7.500000  0.987314 0.147142 0.059671  0.112109 0.515614 0
nitro_can
0  4.000000 0.000000 3.600000  1.000000 0.000005 0.000000  0.138263 0.696532 0
0  3.695518 1.530734 2.200000  0.923880 0.382683 0.000000  0.192707 0.757464 0
0  3.695518 1.530734 3.600000  0.923877 0.382688 0.000000  0.138262 0.757464 0
nitro_can
0  3.695518 1.530734 3.600000  0.923877 0.382688 0.000000  0.138262 0.757464 0
0  2.828427 2.828427 2.200000  0.707107 0.707106 0.000000  0.192705 0.813233 0
0  2.828427 2.828427 3.600000  0.707103 0.707110 0.000000  0.138260 0.813232 0
nitro_can
0  2.828427 2.828427 3.600000  0.707103 0.707110 0.000000  0.882075 0.395794 0
0  1.530734 3.695518 2.200000  0.382684 0.923879 0.000000  0.826896 0.338022 0
0  1.530734 3.695518 3.600000  0.382679 0.923882 0.000000  0.877978 0.335004 0
nitro_can
0  1.530734 3.695518 3.600000  0.382679 0.923882 0.000000  0.973513 0.714950 0
0  0.000000 4.000000 2.200000  0.000001 1.000000 0.000000  0.919106 0.659997 0
0  0.000000 4.000000 3.600000  -0.000005 1.000000 0.000000  0.973550 0.659997 0
nitro_can
0  0.000000 4.000000 3.600000  -0.000005 1.000000 0.000000  0.973550 0.659997 0
0  -1.530734 3.695518 2.200000  -0.388979 0.921243 0.002670  0.919110 0.599141 0
0  -1.530734 3.695518 3.600000  -0.388681 0.921365 -0.003559  0.973555 0.599141 0
nitro_can
0  -1.530734 3.695518 3.600000  -0.388681 0.921365 -0.003559  0.973555 0.599141 0
0  -2.806820 2.806820 2.200000  -0.768462 0.639452 0.023821  0.919080 0.542254 0
0  -2.821881 2.821881 3.600000  -0.769487 0.638106 -0.026682  0.973526 0.541830 0
nitro_can
0  -2.821881 2.821881 3.600000  -0.769487 0.638106 -0.026682  0.000000 0.595866 0
0  -3.381171 1.400527 2.200000  -0.949106 0.309189 0.060004  0.054567 0.647767 0
0  -3.460169 1.433249 3.600000  -0.943600 0.325747 -0.059230  0.000141 0.646022 0
nitro_can
0  -3.460169 1.433249 3.600000  -0.943600 0.325747 -0.059230  0.000141 0.646022 0
0  -3.718979 0.000000 2.200000  -0.995138 0.092824 0.032935  0.054642 0.700043 0
0  -3.796125 0.000000 3.600000  -0.994617 0.094853 -0.041712  0.000215 0.699573 0
nitro_can
0  -3.796125 0.000000 3.600000  -0.994617 0.094853 -0.041712  0.000215 0.699573 0
0  -3.695304 -1.530645 2.200000  -0.952659 -0.303965 -0.006741  0.054636 0.759345 0
0  -3.695518 -1.530734 3.600000  -0.946911 -0.321496 -0.000126  0.000192 0.759303 0
nitro_can
0  -3.695518 -1.530734 3.600000  -0.946911 -0.321496 -0.000126  0.000192 0.759303 0
0  -2.828427 -2.828427 2.200000  -0.707145 -0.707068 -0.000019  0.054444 0.814303 0
0  -2.828427 -2.828427 3.600000  -0.707103 -0.707110 0.000000  0.000000 0.814258 0
nitro_can
0  -2.828427 -2.828427 3.600000  -0.707103 -0.707110 0.000000  0.690059 0.596797 0
0  -1.530734 -3.695518 2.200000  -0.382684 -0.923879 0.000000  0.740019 0.658897 0
0  -1.530734 -3.695518 3.600000  -0.382679 -0.923882 0.000000  0.690059 0.657642 0
nitro_can
0  -1.530734 -3.695518 3.600000  -0.382679 -0.923882 0.000000  0.640015 0.952660 0
0  -0.000000 -4.000000 2.200000  -0.000001 -1.000000 0.000000  0.585599 0.896422 0
0  -0.000000 -4.000000 3.600000  0.000005 -1.000000 0.000000  0.640044 0.896422 0
nitro_can
0  -0.000000 -4.000000 3.600000  0.000005 -1.000000 0.000000  0.640044 0.896422 0
0  1.530734 -3.695518 2.200000  0.382683 -0.923880 0.000000  0.585600 0.835476 0
0  1.530734 -3.695518 3.600000  0.382688 -0.923878 0.000000  0.640044 0.835476 0
nitro_can
0  1.530734 -3.695518 3.600000  0.382688 -0.923878 0.000000  0.640044 0.835476 0
0  2.828427 -2.828427 2.200000  0.707106 -0.707107 0.000000  0.585571 0.779099 0
0  2.828427 -2.828427 3.600000  0.707111 -0.707103 0.000000  0.640016 0.779099 0
nitro_can
0  2.828427 -2.828427 3.600000  0.707111 -0.707103 0.000000  0.138260 0.595659 0
0  3.695518 -1.530734 2.200000  0.923879 -0.382684 0.000000  0.192707 0.639715 0
0  3.695518 -1.530734 3.600000  0.923882 -0.382679 0.000000  0.138262 0.639714 0
nitro_can
0  3.695518 -1.530734 3.600000  0.923882 -0.382679 0.000000  0.138262 0.639714 0
0  4.000000 0.000000 2.200000  1.000000 -0.000001 0.000000  0.192708 0.696533 0
0  4.000000 0.000000 3.600000  1.000000 0.000005 0.000000  0.138263 0.696532 0
nitro_can
0  4.000000 0.000000 2.200000  1.000000 -0.000001 0.000000  0.192708 0.696533 0
0  3.695518 1.530734 1.000000  0.915248 0.379103 -0.136391  0.239374 0.757465 0
0  3.695518 1.530734 2.200000  0.923880 0.382683 0.000000  0.192707 0.757464 0
nitro_can
0  3.695518 1.530734 2.200000  0.923880 0.382683 0.000000  0.192707 0.757464 0
0  2.828427 2.828427 1.000000  0.700502 0.700496 -0.136391  0.239372 0.813233 0
0  2.828427 2.828427 2.200000  0.707107 0.707106 0.000000  0.192705 0.813233 0
nitro_can
0  2.828427 2.828427 2.200000  0.707107 0.707106 0.000000  0.830993 0.398812 0
0  1.530734 3.695518 1.000000  0.379112 0.915244 -0.136390  0.783112 0.340609 0
0  1.530734 3.695518 2.200000  0.382684 0.923879 0.000000  0.826896 0.338022 0
nitro_can
0  1.530734 3.695518 2.200000  0.382684 0.923879 0.000000  0.919068 0.714950 0
0  0.000000 4.000000 1.000000  0.000005 0.990655 -0.136391  0.872439 0.659997 0
0  0.000000 4.000000 2.200000  0.000001 1.000000 0.000000  0.919106 0.659997 0
nitro_can
0  0.000000 4.000000 2.200000  0.000001 1.000000 0.000000  0.919106 0.659997 0
0  -1.530734 3.695518 1.000000  -0.379103 0.915248 -0.136391  0.872443 0.599141 0
0  -1.530734 3.695518 2.200000  -0.388979 0.921243 0.002670  0.919110 0.599141 0
nitro_can
0  -1.530734 3.695518 2.200000  -0.388979 0.921243 0.002670  0.919110 0.599141 0
0  -2.828427 2.828427 1.000000  -0.723766 0.680287 -0.115641  0.872415 0.541646 0
0  -2.806820 2.806820 2.200000  -0.768462 0.639452 0.023821  0.919080 0.542254 0
nitro_can
0  -2.806820 2.806820 2.200000  -0.768462 0.639452 0.023821  0.054441 0.596575 0
0  -3.576603 1.481477 1.000000  -0.941493 0.336893 0.009686  0.101277 0.643597 0
0  -3.381171 1.400527 2.200000  -0.949106 0.309189 0.060004  0.054567 0.647767 0
nitro_can
0  -3.381171 1.400527 2.200000  -0.949106 0.309189 0.060004  0.054567 0.647767 0
0  -3.906625 0.000000 1.000000  -0.999441 0.032792 -0.006503  0.101350 0.699045 0
0  -3.718979 0.000000 2.200000  -0.995138 0.092824 0.032935  0.054642 0.700043 0
nitro_can
0  -3.718979 0.000000 2.200000  -0.995138 0.092824 0.032935  0.054642 0.700043 0
0  -3.695518 -1.530734 1.000000  -0.934165 -0.336264 -0.119427  0.101302 0.759386 0
0  -3.695304 -1.530645 2.200000  -0.952659 -0.303965 -0.006741  0.054636 0.759345 0
nitro_can
0  -3.695304 -1.530645 2.200000  -0.952659 -0.303965 -0.006741  0.054636 0.759345 0
0  -2.828427 -2.828427 1.000000  -0.700520 -0.700482 -0.136371  0.101110 0.814341 0
0  -2.828427 -2.828427 2.200000  -0.707145 -0.707068 -0.000019  0.054444 0.814303 0
nitro_can
0  -2.828427 -2.828427 2.200000  -0.707145 -0.707068 -0.000019  0.740019 0.598052 0
0  -1.530734 -3.695518 1.000000  -0.379112 -0.915244 -0.136390  0.782842 0.659972 0
0  -1.530734 -3.695518 2.200000  -0.382684 -0.923879 0.000000  0.740019 0.658897 0
nitro_can
0  -1.530734 -3.695518 2.200000  -0.382684 -0.923879 0.000000  0.585571 0.952660 0
0  -0.000000 -4.000000 1.000000  -0.000005 -0.990655 -0.136391  0.538932 0.896422 0
0  -0.000000 -4.000000 2.200000  -0.000001 -1.000000 0.000000  0.585599 0.896422 0
nitro_can
0  -0.000000 -4.000000 2.200000  -0.000001 -1.000000 0.000000  0.585599 0.896422 0
0  1.530734 -3.695518 1.000000  0.379103 -0.915248 -0.136391  0.538933 0.835476 0
0  1.530734 -3.695518 2.200000  0.382683 -0.923880 0.000000  0.585600 0.835476 0
nitro_can
0  1.530734 -3.695518 2.200000  0.382683 -0.923880 0.000000  0.585600 0.835476 0
0  2.828427 -2.828427 1.000000  0.700496 -0.700502 -0.136391  0.538904 0.779099 0
0  2.828427 -2.828427 2.200000  0.707106 -0.707107 0.000000  0.585571 0.779099 0
nitro_can
0  2.828427 -2.828427 2.200000  0.707106 -0.707107 0.000000  0.192705 0.595659 0
0  3.695518 -1.530734 1.000000  0.915244 -0.379112 -0.136391  0.239374 0.639715 0
0  3.695518 -1.530734 2.200000  0.923879 -0.382684 0.000000  0.192707 0.639715 0
nitro_can
0  3.695518 -1.530734 2.200000  0.923879 -0.382684 0.000000  0.192707 0.639715 0
0  4.000000 0.000000 1.000000  0.990655 -0.000005 -0.136391  0.239375 0.696533 0
0  4.000000 0.000000 2.200000  1.000000 -0.000001 0.000000  0.192708 0.696533 0
nitro_can
0  4.000000 0.000000 1.000000  0.990655 -0.000005 -0.136391  0.239375 0.696533 0
0  3.510742 1.454197 0.300000  0.888332 0.367961 -0.274721  0.266596 0.755769 0
0  3.695518 1.530734 1.000000  0.915248 0.379103 -0.136391  0.239374 0.757465 0
nitro_can
0  3.695518 1.530734 1.000000  0.915248 0.379103 -0.136391  0.783112 0.458629 0
0  2.687006 2.687006 0.300000  0.679899 0.679901 -0.274721  0.758977 0.401738 0
0  2.828427 2.828427 1.000000  0.700502 0.700496 -0.136391  0.787209 0.401398 0
nitro_can
0  2.828427 2.828427 1.000000  0.700502 0.700496 -0.136391  0.787209 0.401398 0
0  1.454197 3.510742 0.300000  0.367958 0.888333 -0.274720  0.755084 0.343988 0
0  1.530734 3.695518 1.000000  0.379112 0.915244 -0.136390  0.783112 0.340609 0
nitro_can
0  1.530734 3.695518 1.000000  0.379112 0.915244 -0.136390  0.783112 0.340609 0
0  0.000000 3.800000 0.300000  -0.000001 0.961524 -0.274721  0.744000 0.291648 0
0  0.000000 4.000000 1.000000  0.000005 0.990655 -0.136391  0.771444 0.285514 0
nitro_can
0  0.000000 4.000000 1.000000  0.000005 0.990655 -0.136391  0.872439 0.659997 0
0  -1.454197 3.510742 0.300000  -0.367961 0.888332 -0.274721  0.845210 0.600245 0
0  -1.530734 3.695518 1.000000  -0.379103 0.915248 -0.136391  0.872443 0.599141 0
nitro_can
0  -1.530734 3.695518 1.000000  -0.379103 0.915248 -0.136391  0.872443 0.599141 0
0  -2.687006 2.687006 0.300000  -0.682553 0.677237 -0.274719  0.845183 0.545625 0
0  -2.828427 2.828427 1.000000  -0.723766 0.680287 -0.115641  0.872415 0.541646 0
nitro_can
0  -2.828427 2.828427 1.000000  -0.723766 0.680287 -0.115641  0.101111 0.595659 0
0  -3.500227 1.449842 0.300000  -0.925375 0.352544 -0.139260  0.128482 0.645264 0
0  -3.576603 1.481477 1.000000  -0.941493 0.336893 0.009686  0.101277 0.643597 0
nitro_can
0  -3.576603 1.481477 1.000000  -0.941493 0.336893 0.009686  0.101277 0.643597 0
0  -3.796557 0.000000 0.300000  -0.988612 0.010260 -0.150136  0.128547 0.699675 0
0  -3.906625 0.000000 1.000000  -0.999441 0.032792 -0.006503  0.101350 0.699045 0
nitro_can
0  -3.906625 0.000000 1.000000  -0.999441 0.032792 -0.006503  0.101350 0.699045 0
0  -3.510742 -1.454197 0.300000  -0.900661 -0.349129 -0.258687  0.128483 0.757470 0
0  -3.695518 -1.530734 1.000000  -0.934165 -0.336264 -0.119427  0.101302 0.759386 0
nitro_can
0  -3.695518 -1.530734 1.000000  -0.934165 -0.336264 -0.119427  0.792073 0.541678 0
0  -2.687006 -2.687006 0.300000  -0.679899 -0.679901 -0.274721  0.810854 0.600870 0
0  -2.828427 -2.828427 1.000000  -0.700520 -0.700482 -0.136371  0.782842 0.599127 0
nitro_can
0  -2.828427 -2.828427 1.000000  -0.700520 -0.700482 -0.136371  0.782842 0.599127 0
0  -1.454197 -3.510742 0.300000  -0.367958 -0.888333 -0.274720  0.810854 0.658673 0
0  -1.530734 -3.695518 1.000000  -0.379112 -0.915244 -0.136390  0.782842 0.659972 0
nitro_can
0  -1.530734 -3.695518 1.000000  -0.379112 -0.915244 -0.136390  0.782842 0.659972 0
0  -0.000000 -3.800000 0.300000  0.000001 -0.961524 -0.274721  0.819623 0.710901 0
0  -0.000000 -4.000000 1.000000  -0.000005 -0.990655 -0.136391  0.792073 0.714950 0
nitro_can
0  -0.000000 -4.000000 1.000000  -0.000005 -0.990655 -0.136391  0.538932 0.896422 0
0  1.454197 -3.510742 0.300000  0.367961 -0.888332 -0.274721  0.511701 0.836976 0
0  1.530734 -3.695518 1.000000  0.379103 -0.915248 -0.136391  0.538933 0.835476 0
nitro_can
0  1.530734 -3.695518 1.000000  0.379103 -0.915248 -0.136391  0.538933 0.835476 0
0  2.687006 -2.687006 0.300000  0.679901 -0.679899 -0.274721  0.511674 0.783418 0
0  2.828427 -2.828427 1.000000  0.700496 -0.700502 -0.136391  0.538904 0.779099 0
nitro_can
0  2.828427 -2.828427 1.000000  0.700496 -0.700502 -0.136391  0.239372 0.595660 0
0  3.510742 -1.454197 0.300000  0.888333 -0.367958 -0.274721  0.266596 0.643907 0
0  3.695518 -1.530734 1.000000  0.915244 -0.379112 -0.136391  0.239374 0.639715 0
nitro_can
0  3.695518 -1.530734 1.000000  0.915244 -0.379112 -0.136391  0.239374 0.639715 0
0  3.800000 0.000000 0.300000  0.961524 0.000001 -0.274721  0.266597 0.697885 0
0  4.000000 0.000000 1.000000  0.990655 -0.000005 -0.136391  0.239375 0.696533 0
nitro_can
0  3.800000 0.000000 0.300000  0.600000 -0.000004 -0.800000  0.062838 0.022157 0
0  3.141191 1.301124 0.000000  0.554328 0.229610 -0.800000  0.035000 0.071776 0
0  3.510742 1.454197 0.300000  0.554329 0.229607 -0.800000  0.022066 0.063098 0
nitro_can
0  3.510742 1.454197 0.300000  0.554329 0.229607 -0.800000  0.755084 0.456108 0
0  2.404163 2.404163 0.000000  0.424264 0.424264 -0.800000  0.742648 0.400047 0
0  2.687006 2.687006 0.300000  0.424267 0.424262 -0.800000  0.758977 0.401738 0
nitro_can
0  2.687006 2.687006 0.300000  0.424267 0.424262 -0.800000  0.758977 0.401738 0
0  1.301124 3.141191 0.000000  0.229610 0.554328 -0.800000  0.739166 0.348376 0
0  1.454197 3.510742 0.300000  0.229614 0.554326 -0.800000  0.755084 0.343988 0
nitro_can
0  1.454197 3.510742 0.300000  0.229614 0.554326 -0.800000  0.000000 0.174490 0
0  0.000000 3.400000 0.000000  -0.000000 0.600000 -0.800000  0.035000 0.219304 0
0  0.000000 3.800000 0.300000  0.000004 0.600000 -0.800000  0.022066 0.227982 0
nitro_can
0  0.000000 3.800000 0.300000  0.000004 0.600000 -0.800000  0.022066 0.227982 0
0  -1.301124 3.141191 0.000000  -0.229610 0.554328 -0.800000  0.071480 0.255936 0
0  -1.454197 3.510742 0.300000  -0.229607 0.554329 -0.800000  0.062838 0.268923 0
nitro_can
0  -1.454197 3.510742 0.300000  -0.229607 0.554329 -0.800000  0.062838 0.268923 0
0  -2.404163 2.404163 0.000000  -0.424264 0.424264 -0.800000  0.119144 0.275761 0
0  -2.687006 2.687006 0.300000  -0.425466 0.424719 -0.799120  0.116109 0.291081 0
nitro_can
0  -2.687006 2.687006 0.300000  -0.425466 0.424719 -0.799120  0.116109 0.291081 0
0  -3.141191 1.301124 0.000000  -0.564363 0.231486 -0.792407  0.170735 0.275761 0
0  -3.500227 1.449842 0.300000  -0.564457 0.231932 -0.792210  0.173683 0.290645 0
nitro_can
0  -3.500227 1.449842 0.300000  -0.564457 0.231932 -0.792210  0.173683 0.290645 0
0  -3.400000 0.000000 0.000000  -0.604068 0.001461 -0.796932  0.218398 0.255936 0
0  -3.796557 0.000000 0.300000  -0.602963 0.001612 -0.797768  0.226966 0.268812 0
nitro_can
0  -3.796557 0.000000 0.300000  -0.602963 0.001612 -0.797768  0.226966 0.268812 0
0  -3.141191 -1.301124 0.000000  -0.554867 -0.229154 -0.799757  0.254878 0.219304 0
0  -3.510742 -1.454197 0.300000  -0.554568 -0.229030 -0.800000  0.267813 0.227982 0
nitro_can
0  -3.510742 -1.454197 0.300000  -0.554568 -0.229030 -0.800000  0.819623 0.546293 0
0  -2.404163 -2.404163 0.000000  -0.424264 -0.424264 -0.800000  0.827623 0.603369 0
0  -2.687006 -2.687006 0.300000  -0.424267 -0.424262 -0.800000  0.810854 0.600870 0
nitro_can
0  -2.687006 -2.687006 0.300000  -0.424267 -0.424262 -0.800000  0.810854 0.600870 0
0  -1.301124 -3.141191 0.000000  -0.229610 -0.554328 -0.800000  0.827623 0.655088 0
0  -1.454197 -3.510742 0.300000  -0.229614 -0.554326 -0.800000  0.810854 0.658673 0
nitro_can
0  -1.454197 -3.510742 0.300000  -0.229614 -0.554326 -0.800000  0.810854 0.658673 0
0  -0.000000 -3.400000 0.000000  0.000000 -0.600000 -0.800000  0.835470 0.701819 0
0  -0.000000 -3.800000 0.300000  -0.000004 -0.600000 -0.800000  0.819623 0.710901 0
nitro_can
0  -0.000000 -3.800000 0.300000  -0.000004 -0.600000 -0.800000  0.267813 0.063098 0
0  1.301124 -3.141191 0.000000  0.229610 -0.554328 -0.800000  0.218398 0.035145 0
0  1.454197 -3.510742 0.300000  0.229607 -0.554329 -0.800000  0.227040 0.022157 0
nitro_can
0  1.454197 -3.510742 0.300000  0.229607 -0.554329 -0.800000  0.227040 0.022157 0
0  2.404163 -2.404163 0.000000  0.424264 -0.424264 -0.800000  0.170735 0.015320 0
0  2.687006 -2.687006 0.300000  0.424261 -0.424267 -0.800000  0.173769 0.000000 0
nitro_can
0  2.687006 -2.687006 0.300000  0.424261 -0.424267 -0.800000  0.173769 0.000000 0
0  3.141191 -1.301124 0.000000  0.554328 -0.229610 -0.800000  0.119144 0.015320 0
0  3.510742 -1.454197 0.300000  0.554326 -0.229614 -0.800000  0.116109 0.000000 0
nitro_can
0  3.510742 -1.454197 0.300000  0.554326 -0.229614 -0.800000  0.116109 0.000000 0
0  3.400000 0.000000 0.000000  0.600000 0.000000 -0.800000  0.071480 0.035145 0
0  3.800000 0.000000 0.300000  0.600000 -0.000004 -0.800000  0.062838 0.022157 0
nitro_can
0  3.400000 0.000000 0.000000  0.000000 0.000000 -1.000000  0.071480 0.035145 0
0  0.000000 0.000000 0.000000  0.000000 0.000000 -1.000000  0.144939 0.145540 0
0  3.141191 1.301124 0.000000  0.000000 0.000000 -1.000000  0.035000 0.071776 0
nitro_can
0  3.141191 1.301124 0.000000  0.000000 0.000000 -1.000000  0.035000 0.071776 0
0  0.000000 0.000000 0.000000  0.000000 0.000000 -1.000000  0.144939 0.145540 0
0  2.404163 2.404163 0.000000  0.000000 0.000000 -1.000000  0.015257 0.119638 0
nitro_can
0  2.404163 2.404163 0.000000  0.000000 0.000000 -1.000000  0.015257 0.119638 0
0  0.000000 0.000000 0.000000  0.000000 0.000000 -1.000000  0.144939 0.145540 0
0  1.301124 3.141191 0.000000  0.000000 0.000000 -1.000000  0.015257 0.171443 0
nitro_can
0  1.301124 3.141191 0.000000  0.000000 0.000000 -1.000000  0.015257 0.171443 0
0  0.000000 0.000000 0.000000  0.000000 0.000000 -1.000000  0.144939 0.145540 0
0  0.000000 3.400000 0.000000  0.000000 0.000000 -1.000000  0.035000 0.219304 0
nitro_can
0  0.000000 3.400000 0.000000  0.000000 0.000000 -1.000000  0.035000 0.219304 0
0  0.000000 0.000000 0.000000  0.000000 0.000000 -1.000000  0.144939 0.145540 0
0  -1.301124 3.141191 0.000000  0.000000 0.000000 -1.000000  0.071480 0.255936 0
nitro_can
0  -1.301124 3.141191 0.000000  0.000000 0.000000 -1.000000  0.071480 0.255936 0
0  0.000000 0.000000 0.000000  0.000000 0.000000 -1.000000  0.144939 0.145540 0
0  -2.404163 2.404163 0.000000  0.000000 0.000000 -1.000000  0.119144 0.275761 0
nitro_can
0  -2.404163 2.404163 0.000000  0.000000 0.000000 -1.000000  0.119144 0.275761 0
0  0.000000 0.000000 0.000000  0.000000 0.000000 -1.000000  0.144939 0.145540 0
0  -3.141191 1.301124 0.000000  0.000000 0.000000 -1.000000  0.170735 0.275761 0
nitro_can
0  -3.141191 1.301124 0.000000  0.000000 0.000000 -1.000000  0.170735 0.275761 0
0  0.000000 0.000000 0.000000  0.000000 0.000000 -1.000000  0.144939 0.145540 0
0  -3.400000 0.000000 0.000000  0.000000 0.000000 -1.000000  0.218398 0.255936 0
nitro_can
0  -3.400000 0.000000 0.000000  0.000000 0.000000 -1.000000  0.218398 0.255936 0
0  0.000000 0.000000 0.000000  0.000000 0.000000 -1.000000  0.144939 0.145540 0
0  -3.141191 -1.301124 0.000000  0.000000 0.000000 -1.000000  0.254878 0.219304 0
nitro_can
0  -3.141191 -1.301124 0.000000  0.000000 0.000000 -1.000000  0.254878 0.219304 0
0  0.000000 0.000000 0.000000  0.000000 0.000000 -1.000000  0.144939 0.145540 0
0  -2.404163 -2.404163 0.000000  0.000000 0.000000 -1.000000  0.274621 0.171443 0
nitro_can
0  -2.404163 -2.404163 0.000000  0.000000 0.000000 -1.000000  0.274621 0.171443 0
0  0.000000 0.000000 0.000000  0.000000 0.000000 -1.000000  0.144939 0.145540 0
0  -1.301124 -3.141191 0.000000  0.000000 0.000000 -1.000000  0.274621 0.119638 0
nitro_can
0  -1.301124 -3.141191 0.000000  0.000000 0.000000 -1.000000  0.274621 0.119638 0
0  0.000000 0.000000 0.000000  0.000000 0.000000 -1.000000  0.144939 0.145540 0
0  -0.000000 -3.400000 0.000000  0.000000 0.000000 -1.000000  0.254878 0.071776 0
nitro_can
0  -0.000000 -3.400000 0.000000  0.000000 0.000000 -1.000000  0.254878 0.071776 0
0  0.000000 0.000000 0.000000  0.000000 0.000000 -1.000000  0.144939 0.145540 0
0  1.301124 -3.141191 0.000000  0.000000 0.000000 -1.000000  0.218398 0.035145 0
nitro_can
0  1.301124 -3.141191 0.000000  0.000000 0.000000 -1.000000  0.218398 0.035145 0
0  0.000000 0.000000 0.000000  0.000000 0.000000 -1.000000  0.144939 0.145540 0
0  2.404163 -2.404163 0.000000  0.000000 0.000000 -1.000000  0.170735 0.015320 0
nitro_can
0  2.404163 -2.404163 0.000000  0.000000 0.000000 -1.000000  0.170735 0.015320 0
0  0.000000 0.000000 0.000000  0.000000 0.000000 -1.000000  0.144939 0.145540 0
0  3.141191 -1.301124 0.000000  0.000000 0.000000 -1.000000  0.119144 0.015320 0
nitro_can
0  3.141191 -1.301124 0.000000  0.000000 0.000000 -1.000000  0.119144 0.015320 0
0  0.000000 0.000000 0.000000  0.000000 0.000000 -1.000000  0.144939 0.145540 0
0  3.400000 0.000000 0.000000  0.000000 0.000000 -1.000000  0.071480 0.035145 0
nitro_can
0  4.000000 0.000000 5.700000  0.894426 0.000001 0.447215  0.880569 0.102472 0
0  3.741712 1.549868 5.600000  0.900483 0.372997 0.223616  0.884458 0.163828 0
0  3.695518 1.530734 5.700000  0.826342 0.342283 0.447216  0.880569 0.163404 0
nitro_can
0  3.695518 1.530734 5.700000  0.826342 0.342283 0.447216  0.880569 0.163404 0
0  2.863782 2.863782 5.600000  0.689199 0.689204 0.223615  0.884456 0.220293 0
0  2.828427 2.828427 5.700000  0.632456 0.632455 0.447214  0.880567 0.219172 0
nitro_can
0  2.828427 2.828427 5.700000  0.632456 0.632455 0.447214  0.891788 0.342737 0
0  1.549868 3.741712 5.600000  0.372989 0.900486 0.223614  0.894791 0.404123 0
0  1.530734 3.695518 5.700000  0.342282 0.826344 0.447213  0.891788 0.403666 0
nitro_can
0  1.530734 3.695518 5.700000  0.342282 0.826344 0.447213  0.284401 0.825026 0
0  0.000000 4.050000 5.600000  -0.000003 0.974677 0.223616  0.288239 0.879495 0
0  0.000000 4.000000 5.700000  0.000001 0.894426 0.447216  0.284352 0.879979 0
nitro_can
0  0.000000 4.000000 5.700000  0.000001 0.894426 0.447216  0.284352 0.879979 0
0  -1.549868 3.741712 5.600000  -0.374670 0.900189 0.221995  0.288221 0.941112 0
0  -1.530734 3.695518 5.700000  -0.342282 0.826343 0.447214  0.284335 0.940835 0
nitro_can
0  -1.530734 3.695518 5.700000  -0.342282 0.826343 0.447214  0.284335 0.940835 0
0  -2.863782 2.863782 5.600000  -0.716874 0.666304 0.205257  0.288237 0.999326 0
0  -2.828427 2.828427 5.700000  -0.649925 0.616164 0.444904  0.284351 0.998330 0
nitro_can
0  -2.828427 2.828427 5.700000  -0.649925 0.616164 0.444904  0.857541 0.726258 0
0  -3.667605 1.519172 5.600000  -0.922148 0.367541 0.120653  0.861562 0.772244 0
0  -3.635158 1.505732 5.700000  -0.876309 0.349227 0.331848  0.857665 0.772935 0
nitro_can
0  -3.635158 1.505732 5.700000  -0.876309 0.349227 0.331848  0.857665 0.772935 0
0  -3.994307 0.000000 5.600000  -0.988447 0.035412 0.147375  0.861567 0.829167 0
0  -3.956094 0.000000 5.700000  -0.933129 0.023477 0.358775  0.857670 0.829371 0
nitro_can
0  -3.956094 0.000000 5.700000  -0.933129 0.023477 0.358775  0.857670 0.829371 0
0  -3.741712 -1.549868 5.600000  -0.906481 -0.359107 0.222112  0.861440 0.890477 0
0  -3.695518 -1.530734 5.700000  -0.831325 -0.330047 0.447177  0.857541 0.889985 0
nitro_can
0  -3.695518 -1.530734 5.700000  -0.831325 -0.330047 0.447177  0.486506 0.934716 0
0  -2.863782 -2.863782 5.600000  -0.689199 -0.689204 0.223615  0.472590 0.878789 0
0  -2.828427 -2.828427 5.700000  -0.632456 -0.632455 0.447214  0.476919 0.878408 0
nitro_can
0  -2.828427 -2.828427 5.700000  -0.632456 -0.632455 0.447214  0.476919 0.878408 0
0  -1.549868 -3.741712 5.600000  -0.372989 -0.900486 0.223614  0.472590 0.817080 0
0  -1.530734 -3.695518 5.700000  -0.342282 -0.826344 0.447213  0.476919 0.817461 0
nitro_can
0  -1.530734 -3.695518 5.700000  -0.342282 -0.826344 0.447213  0.476919 0.817461 0
0  -0.000000 -4.050000 5.600000  0.000003 -0.974677 0.223616  0.482297 0.760069 0
0  -0.000000 -4.000000 5.700000  -0.000001 -0.894426 0.447216  0.486506 0.761154 0
nitro_can
0  -0.000000 -4.000000 5.700000  -0.000001 -0.894426 0.447216  0.138275 0.880313 0
0  1.549868 -3.741712 5.600000  0.372996 -0.900483 0.223615  0.142147 0.941636 0
0  1.530734 -3.695518 5.700000  0.342282 -0.826343 0.447214  0.138260 0.941260 0
nitro_can
0  1.530734 -3.695518 5.700000  0.342282 -0.826343 0.447214  0.138260 0.941260 0
0  2.863782 -2.863782 5.600000  0.689203 -0.689199 0.223616  0.142162 0.998717 0
0  2.828427 -2.828427 5.700000  0.632454 -0.632455 0.447216  0.138275 0.997636 0
nitro_can
0  2.828427 -2.828427 5.700000  0.632454 -0.632455 0.447216  0.880567 0.001599 0
0  3.741712 -1.549868 5.600000  0.900486 -0.372990 0.223616  0.884458 0.044606 0
0  3.695518 -1.530734 5.700000  0.826342 -0.342282 0.447216  0.880569 0.045654 0
nitro_can
0  3.695518 -1.530734 5.700000  0.826342 -0.342282 0.447216  0.880569 0.045654 0
0  4.050000 0.000000 5.600000  0.974677 0.000004 0.223616  0.884458 0.102135 0
0  4.000000 0.000000 5.700000  0.894426 0.000001 0.447215  0.880569 0.102472 0
nitro_can
0  4.050000 0.000000 5.600000  0.974677 0.000004 0.223616  0.884458 0.102135 0
0  3.741712 1.549868 3.700000  0.900486 0.372990 -0.223615  0.958347 0.163828 0
0  3.741712 1.549868 5.600000  0.900483 0.372997 0.223616  0.884458 0.163828 0
nitro_can
0  3.741712 1.549868 5.600000  0.900483 0.372997 0.223616  0.884458 0.163828 0
0  2.863782 2.863782 3.700000  0.689204 0.689198 -0.223615  0.958345 0.220294 0
0  2.863782 2.863782 5.600000  0.689199 0.689204 0.223615  0.884456 0.220293 0
nitro_can
0  2.863782 2.863782 5.600000  0.689199 0.689204 0.223615  0.894791 0.342432 0
0  1.549868 3.741712 3.700000  0.372996 0.900484 -0.223614  0.964234 0.404737 0
0  1.549868 3.741712 5.600000  0.372989 0.900486 0.223614  0.894791 0.404123 0
nitro_can
0  1.549868 3.741712 5.600000  0.372989 0.900486 0.223614  0.288288 0.823855 0
0  0.000000 4.050000 3.700000  0.000004 0.974678 -0.223615  0.362128 0.879511 0
0  0.000000 4.050000 5.600000  -0.000003 0.974677 0.223616  0.288239 0.879495 0
nitro_can
0  0.000000 4.050000 5.600000  -0.000003 0.974677 0.223616  0.288239 0.879495 0
0  -1.549868 3.741712 3.700000  -0.379491 0.897777 -0.223570  0.362110 0.941128 0
0  -1.549868 3.741712 5.600000  -0.374670 0.900189 0.221995  0.288221 0.941112 0
nitro_can
0  -1.549868 3.741712 5.600000  -0.374670 0.900189 0.221995  0.288221 0.941112 0
0  -2.847560 2.847560 3.700000  -0.740496 0.631016 -0.231266  0.362128 0.998885 0
0  -2.863782 2.863782 5.600000  -0.716874 0.666304 0.205257  0.288237 0.999326 0
nitro_can
0  -2.863782 2.863782 5.600000  -0.716874 0.666304 0.205257  0.861440 0.724704 0
0  -3.497497 1.448711 3.700000  -0.912009 0.326263 -0.248580  0.935408 0.776055 0
0  -3.667605 1.519172 5.600000  -0.922148 0.367541 0.120653  0.861562 0.772244 0
nitro_can
0  -3.667605 1.519172 5.600000  -0.922148 0.367541 0.120653  0.861562 0.772244 0
0  -3.831993 0.000000 3.700000  -0.962376 0.078624 -0.260097  0.935418 0.830211 0
0  -3.994307 0.000000 5.600000  -0.988447 0.035412 0.147375  0.861567 0.829167 0
nitro_can
0  -3.994307 0.000000 5.600000  -0.988447 0.035412 0.147375  0.861567 0.829167 0
0  -3.741623 -1.549831 3.700000  -0.917185 -0.322528 -0.233979  0.935328 0.890623 0
0  -3.741712 -1.549868 5.600000  -0.906481 -0.359107 0.222112  0.861440 0.890477 0
nitro_can
0  -3.741712 -1.549868 5.600000  -0.906481 -0.359107 0.222112  0.861440 0.890477 0
0  -2.863782 -2.863782 3.700000  -0.689218 -0.689183 -0.223621  0.935068 0.946266 0
0  -2.863782 -2.863782 5.600000  -0.689199 -0.689204 0.223615  0.861180 0.946119 0
nitro_can
0  -2.863782 -2.863782 5.600000  -0.689199 -0.689204 0.223615  0.375732 0.880320 0
0  -1.549868 -3.741712 3.700000  -0.372996 -0.900484 -0.223614  0.443537 0.943627 0
0  -1.549868 -3.741712 5.600000  -0.372989 -0.900486 0.223614  0.375734 0.941925 0
nitro_can
0  -1.549868 -3.741712 5.600000  -0.372989 -0.900486 0.223614  0.142205 0.822986 0
0  -0.000000 -4.050000 3.700000  -0.000004 -0.974678 -0.223615  0.216051 0.879945 0
0  -0.000000 -4.050000 5.600000  0.000003 -0.974677 0.223616  0.142162 0.879927 0
nitro_can
0  -0.000000 -4.050000 5.600000  0.000003 -0.974677 0.223616  0.142162 0.879927 0
0  1.549868 -3.741712 3.700000  0.372990 -0.900486 -0.223614  0.216036 0.941654 0
0  1.549868 -3.741712 5.600000  0.372996 -0.900483 0.223615  0.142147 0.941636 0
nitro_can
0  1.549868 -3.741712 5.600000  0.372996 -0.900483 0.223615  0.142147 0.941636 0
0  2.863782 -2.863782 3.700000  0.689198 -0.689204 -0.223615  0.216051 0.998735 0
0  2.863782 -2.863782 5.600000  0.689203 -0.689199 0.223616  0.142162 0.998717 0
nitro_can
0  2.863782 -2.863782 5.600000  0.689203 -0.689199 0.223616  0.884456 0.000000 0
0  3.741712 -1.549868 3.700000  0.900483 -0.372996 -0.223615  0.958347 0.044607 0
0  3.741712 -1.549868 5.600000  0.900486 -0.372990 0.223616  0.884458 0.044606 0
nitro_can
0  3.741712 -1.549868 5.600000  0.900486 -0.372990 0.223616  0.884458 0.044606 0
0  4.050000 0.000000 3.700000  0.974678 -0.000004 -0.223615  0.958348 0.102135 0
0  4.050000 0.000000 5.600000  0.974677 0.000004 0.223616  0.884458 0.102135 0
nitro_can
0  4.050000 0.000000 3.700000  0.974678 -0.000004 -0.223615  0.958348 0.102135 0
0  3.695518 1.530734 3.600000  0.826343 0.342283 -0.447214  0.962236 0.163404 0
0  3.741712 1.549868 3.700000  0.900486 0.372990 -0.223615  0.958347 0.163828 0
nitro_can
0  3.741712 1.549868 3.700000  0.900486 0.372990 -0.223615  0.972269 0.285514 0
0  2.828427 2.828427 3.600000  0.632456 0.632455 -0.447214  0.968540 0.343416 0
0  2.863782 2.863782 3.700000  0.689204 0.689198 -0.223615  0.964234 0.343047 0
nitro_can
0  2.863782 2.863782 3.700000  0.689204 0.689198 -0.223615  0.964234 0.343047 0
0  1.530734 3.695518 3.600000  0.342283 0.826344 -0.447212  0.968540 0.404345 0
0  1.549868 3.741712 3.700000  0.372996 0.900484 -0.223614  0.964234 0.404737 0
nitro_can
0  1.549868 3.741712 3.700000  0.372996 0.900484 -0.223614  0.964234 0.404737 0
0  0.000000 4.000000 3.600000  0.000001 0.894427 -0.447215  0.976476 0.460105 0
0  0.000000 4.050000 3.700000  0.000004 0.974678 -0.223615  0.972269 0.461194 0
nitro_can
0  0.000000 4.050000 3.700000  0.000004 0.974678 -0.223615  0.362128 0.879511 0
0  -1.530734 3.695518 3.600000  -0.349103 0.823492 -0.447201  0.366002 0.940853 0
0  -1.549868 3.741712 3.700000  -0.379491 0.897777 -0.223570  0.362110 0.941128 0
nitro_can
0  -1.549868 3.741712 3.700000  -0.379491 0.897777 -0.223570  0.362110 0.941128 0
0  -2.810985 2.810985 3.600000  -0.683126 0.569134 -0.457630  0.366019 0.997857 0
0  -2.847560 2.847560 3.700000  -0.740496 0.631016 -0.231266  0.362128 0.998885 0
nitro_can
0  -2.847560 2.847560 3.700000  -0.740496 0.631016 -0.231266  0.935323 0.725567 0
0  -3.454434 1.430874 3.600000  -0.857962 0.292801 -0.422100  0.939286 0.776990 0
0  -3.497497 1.448711 3.700000  -0.912009 0.326263 -0.248580  0.935408 0.776055 0
nitro_can
0  -3.497497 1.448711 3.700000  -0.912009 0.326263 -0.248580  0.935408 0.776055 0
0  -3.783994 0.000000 3.600000  -0.898756 0.079267 -0.431225  0.939296 0.830484 0
0  -3.831993 0.000000 3.700000  -0.962376 0.078624 -0.260097  0.935418 0.830211 0
nitro_can
0  -3.831993 0.000000 3.700000  -0.962376 0.078624 -0.260097  0.935418 0.830211 0
0  -3.695189 -1.530598 3.600000  -0.849228 -0.279265 -0.448132  0.939207 0.890144 0
0  -3.741623 -1.549831 3.700000  -0.917185 -0.322528 -0.233979  0.935328 0.890623 0
nitro_can
0  -3.741623 -1.549831 3.700000  -0.917185 -0.322528 -0.233979  0.452882 0.823855 0
0  -2.828427 -2.828427 3.600000  -0.632463 -0.632419 -0.447255  0.447862 0.882389 0
0  -2.863782 -2.863782 3.700000  -0.689218 -0.689183 -0.223621  0.443535 0.882021 0
nitro_can
0  -2.863782 -2.863782 3.700000  -0.689218 -0.689183 -0.223621  0.443535 0.882021 0
0  -1.530734 -3.695518 3.600000  -0.342283 -0.826344 -0.447212  0.447863 0.943234 0
0  -1.549868 -3.741712 3.700000  -0.372996 -0.900484 -0.223614  0.443537 0.943627 0
nitro_can
0  -1.549868 -3.741712 3.700000  -0.372996 -0.900484 -0.223614  0.443537 0.943627 0
0  -0.000000 -4.000000 3.600000  -0.000001 -0.894427 -0.447215  0.457096 0.998212 0
0  -0.000000 -4.050000 3.700000  -0.000004 -0.974678 -0.223615  0.452885 0.999291 0
nitro_can
0  -0.000000 -4.050000 3.700000  -0.000004 -0.974678 -0.223615  0.216051 0.879945 0
0  1.530734 -3.695518 3.600000  0.342283 -0.826343 -0.447213  0.219927 0.941279 0
0  1.549868 -3.741712 3.700000  0.372990 -0.900486 -0.223614  0.216036 0.941654 0
nitro_can
0  1.549868 -3.741712 3.700000  0.372990 -0.900486 -0.223614  0.216036 0.941654 0
0  2.828427 -2.828427 3.600000  0.632455 -0.632456 -0.447214  0.219942 0.997656 0
0  2.863782 -2.863782 3.700000  0.689198 -0.689204 -0.223615  0.216051 0.998735 0
nitro_can
0  2.863782 -2.863782 3.700000  0.689198 -0.689204 -0.223615  0.958345 0.000001 0
0  3.695518 -1.530734 3.600000  0.826343 -0.342282 -0.447213  0.962236 0.045655 0
0  3.741712 -1.549868 3.700000  0.900483 -0.372996 -0.223615  0.958347 0.044607 0
nitro_can
0  3.741712 -1.549868 3.700000  0.900483 -0.372996 -0.223615  0.958347 0.044607 0
0  4.000000 0.000000 3.600000  0.894427 -0.000001 -0.447213  0.962237 0.102473 0
0  4.050000 0.000000 3.700000  0.974678 -0.000004 -0.223615  0.958348 0.102135 0
nitro_can
0  1.818653 1.050000 16.200001  0.445564 0.257250 0.857493  0.770832 0.158423 0
0  0.800000 1.385641 16.500000  0.257246 0.445566 0.857494  0.747971 0.123392 0
0  1.385641 0.800000 16.500000  0.445564 0.257249 0.857494  0.775865 0.139563 0
nitro_can
0  -1.600000 0.000000 15.900000  -0.514495 0.000002 -0.857493  0.785048 0.864267 0
0  -1.818653 -1.050000 16.200001  -0.445569 -0.257246 -0.857492  0.826691 0.861902 0
0  -2.100000 0.000000 16.200001  -0.514498 0.000003 -0.857492  0.790080 0.883127 0
nitro_can
0  0.000000 0.850000 13.300001  0.382683 0.923880 0.000000  0.083144 0.910420 0
0  0.601041 0.601041 15.600000  0.382683 0.923880 0.000000  0.107822 0.824094 0
0  0.601041 0.601041 13.300001  0.382683 0.923880 0.000000  0.107822 0.908508 0
nitro_can
0  1.050000 1.818653 16.200001  0.257245 0.445567 0.857493  0.734222 0.137199 0
0  0.000000 1.600000 16.500000  -0.000002 0.514495 0.857494  0.731867 0.095383 0
0  0.800000 1.385641 16.500000  0.257246 0.445566 0.857494  0.747971 0.123392 0
nitro_can
0  -1.385641 0.800000 15.900000  -0.445567 0.257250 -0.857492  0.752839 0.864267 0
0  -2.100000 0.000000 16.200001  -0.514498 0.000003 -0.857492  0.790080 0.883127 0
0  -1.818653 1.050000 16.200001  -0.445569 0.257251 -0.857491  0.747806 0.883127 0
nitro_can
0  0.601041 0.601041 13.300001  0.923879 0.382684 0.000000  0.223361 0.490292 0
0  0.850000 0.000000 15.600000  0.923880 0.382683 0.000000  0.248057 0.400476 0
0  0.850000 0.000000 13.300001  0.923880 0.382684 0.000000  0.248057 0.490292 0
nitro_can
0  1.385641 -0.800000 15.900000  0.445567 -0.257250 -0.857492  0.785048 0.743563 0
0  2.100000 0.000000 16.200001  0.514498 -0.000003 -0.857492  0.747806 0.724704 0
0  1.818653 -1.050000 16.200001  0.445569 -0.257251 -0.857491  0.790080 0.724704 0
nitro_can
0  -0.800000 1.385641 15.900000  -0.257248 0.445568 -0.857492  0.724945 0.848096 0
0  -1.818653 1.050000 16.200001  -0.445569 0.257251 -0.857491  0.747806 0.883127 0
0  -1.050000 1.818653 16.200001  -0.257248 0.445569 -0.857492  0.711196 0.861902 0
nitro_can
0  0.850000 0.000000 13.300001  0.923880 -0.382683 0.000000  0.248057 0.490292 0
0  0.601041 -0.601041 15.600000  0.923879 -0.382684 0.000000  0.269404 0.400475 0
0  0.601041 -0.601041 13.300001  0.923880 -0.382683 0.000000  0.269404 0.490291 0
nitro_can
0  0.800000 -1.385641 15.900000  0.257248 -0.445568 -0.857492  0.812941 0.759735 0
0  1.818653 -1.050000 16.200001  0.445569 -0.257251 -0.857491  0.790080 0.724704 0
0  1.050000 -1.818653 16.200001  0.257248 -0.445569 -0.857492  0.826691 0.745928 0
nitro_can
0  0.000000 1.600000 15.900000  -0.000001 0.514497 -0.857492  0.708841 0.820086 0
0  -1.050000 1.818653 16.200001  -0.257248 0.445569 -0.857492  0.711196 0.861902 0
0  0.000000 2.100000 16.200001  0.000002 0.514497 -0.857492  0.690059 0.825140 0
nitro_can
0  0.601041 -0.601041 13.300001  0.382683 -0.923880 0.000000  0.048602 0.913916 0
0  0.000000 -0.850000 15.600000  0.382683 -0.923880 0.000000  0.073431 0.824094 0
0  0.000000 -0.850000 13.300001  0.382683 -0.923880 0.000000  0.073431 0.913910 0
nitro_can
0  -0.000000 -1.600000 15.900000  0.000001 -0.514497 -0.857492  0.829046 0.787744 0
0  1.050000 -1.818653 16.200001  0.257248 -0.445569 -0.857492  0.826691 0.745928 0
0  -0.000000 -2.100000 16.200001  -0.000002 -0.514497 -0.857492  0.847828 0.782690 0
nitro_can
0  0.800000 1.385641 15.900000  0.257251 0.445567 -0.857492  0.708841 0.787744 0
0  0.000000 2.100000 16.200001  0.000002 0.514497 -0.857492  0.690059 0.825140 0
0  1.050000 1.818653 16.200001  0.257253 0.445566 -0.857492  0.690059 0.782690 0
nitro_can
0  0.000000 -0.850000 13.300001  -0.382683 -0.923880 0.000000  0.649758 0.960481 0
0  -0.601041 -0.601041 15.600000  -0.382683 -0.923880 0.000000  0.674571 0.880719 0
0  -0.601041 -0.601041 13.300001  -0.382683 -0.923880 0.000000  0.674571 0.962527 0
nitro_can
0  -0.800000 -1.385641 15.900000  -0.257251 -0.445567 -0.857492  0.829046 0.820086 0
0  -0.000000 -2.100000 16.200001  -0.000002 -0.514497 -0.857492  0.847828 0.782690 0
0  -1.050000 -1.818653 16.200001  -0.257253 -0.445566 -0.857492  0.847828 0.825140 0
nitro_can
0  1.385641 0.800000 15.900000  0.445567 0.257247 -0.857493  0.724945 0.759735 0
0  1.050000 1.818653 16.200001  0.257253 0.445566 -0.857492  0.690059 0.782690 0
0  1.818653 1.050000 16.200001  0.445569 0.257246 -0.857492  0.711196 0.745928 0
nitro_can
0  -0.601041 -0.601041 13.300001  -0.923879 -0.382684 0.000000  0.223361 0.390686 0
0  -0.850000 0.000000 15.600000  -0.923880 -0.382683 0.000000  0.247869 0.300907 0
0  -0.850000 0.000000 13.300001  -0.923880 -0.382684 0.000000  0.247869 0.390722 0
nitro_can
0  -0.850000 0.000000 15.600000  0.000000 0.000000 1.000000  0.757055 0.468383 0
0  0.000000 -0.850000 15.600000  0.000000 0.000000 1.000000  0.800245 0.486347 0
0  0.850000 0.000000 15.600000  0.000000 0.000000 1.000000  0.782355 0.529715 0
nitro_can
0  1.600000 0.000000 15.900000  0.514495 -0.000002 -0.857493  0.752839 0.743563 0
0  1.818653 1.050000 16.200001  0.445569 0.257246 -0.857492  0.711196 0.745928 0
0  2.100000 0.000000 16.200001  0.514498 -0.000003 -0.857492  0.747806 0.724704 0
nitro_can
0  -0.850000 0.000000 13.300001  -0.923880 0.382683 0.000000  0.247869 0.390722 0
0  -0.601041 0.601041 15.600000  -0.923879 0.382684 0.000000  0.269639 0.300834 0
0  -0.601041 0.601041 13.300001  -0.923880 0.382683 0.000000  0.269639 0.390649 0
nitro_can
0  2.100000 0.000000 16.200001  0.514494 0.000003 0.857494  0.813106 0.158423 0
0  1.385641 0.800000 16.500000  0.445564 0.257249 0.857494  0.775865 0.139563 0
0  1.600000 0.000000 16.500000  0.514494 0.000002 0.857494  0.808074 0.139563 0
nitro_can
0  -1.385641 -0.800000 15.900000  -0.445567 -0.257247 -0.857493  0.812941 0.848096 0
0  -1.050000 -1.818653 16.200001  -0.257253 -0.445566 -0.857492  0.847828 0.825140 0
0  -1.818653 -1.050000 16.200001  -0.445569 -0.257246 -0.857492  0.826691 0.861902 0
nitro_can
0  -0.601041 0.601041 13.300001  -0.382683 0.923880 0.000000  0.649757 0.868920 0
0  0.000000 0.850000 15.600000  -0.382683 0.923880 0.000000  0.674803 0.779099 0
0  0.000000 0.850000 13.300001  -0.382683 0.923880 0.000000  0.674803 0.868915 0
nitro_can
0  0.601041 -0.601041 13.300001  0.000000 0.000000 -1.000000  0.853147 0.468383 0
0  -0.601041 -0.601041 13.300001  0.000000 0.000000 -1.000000  0.871037 0.511751 0
0  -0.601041 0.601041 13.300001  0.000000 0.000000 -1.000000  0.827847 0.529715 0
nitro_can
0  0.000000 2.100000 16.200001  -0.000003 0.514495 0.857493  0.713085 0.100436 0
0  -0.800000 1.385641 16.500000  -0.257245 0.445565 0.857495  0.731867 0.063040 0
0  0.000000 1.600000 16.500000  -0.000002 0.514495 0.857494  0.731867 0.095383 0
nitro_can
0  -1.050000 1.818653 16.200001  -0.257248 0.445564 0.857494  0.713085 0.057987 0
0  -1.385641 0.800000 16.500000  -0.445567 0.257246 0.857493  0.747971 0.035031 0
0  -0.800000 1.385641 16.500000  -0.257245 0.445565 0.857495  0.731867 0.063040 0
nitro_can
0  -1.818653 1.050000 16.200001  -0.445568 0.257245 0.857493  0.734222 0.021225 0
0  -1.600000 0.000000 16.500000  -0.514494 -0.000002 0.857494  0.775865 0.018860 0
0  -1.385641 0.800000 16.500000  -0.445567 0.257246 0.857493  0.747971 0.035031 0
nitro_can
0  -2.100000 0.000000 16.200001  -0.514494 -0.000003 0.857494  0.770832 0.000000 0
0  -1.385641 -0.800000 16.500000  -0.445564 -0.257249 0.857494  0.808074 0.018860 0
0  -1.600000 0.000000 16.500000  -0.514494 -0.000002 0.857494  0.775865 0.018860 0
nitro_can
0  -1.818653 -1.050000 16.200001  -0.445564 -0.257250 0.857493  0.813106 0.000000 0
0  -0.800000 -1.385641 16.500000  -0.257246 -0.445566 0.857494  0.835967 0.035031 0
0  -1.385641 -0.800000 16.500000  -0.445564 -0.257249 0.857494  0.808074 0.018860 0
nitro_can
0  -1.050000 -1.818653 16.200001  -0.257245 -0.445567 0.857493  0.849717 0.021225 0
0  -0.000000 -1.600000 16.500000  0.000002 -0.514495 0.857494  0.852072 0.063040 0
0  -0.800000 -1.385641 16.500000  -0.257246 -0.445566 0.857494  0.835967 0.035031 0
nitro_can
0  -0.000000 -2.100000 16.200001  0.000003 -0.514495 0.857493  0.870854 0.057987 0
0  0.800000 -1.385641 16.500000  0.257245 -0.445565 0.857495  0.852072 0.095383 0
0  -0.000000 -1.600000 16.500000  0.000002 -0.514495 0.857494  0.852072 0.063040 0
nitro_can
0  1.050000 -1.818653 16.200001  0.257248 -0.445564 0.857494  0.870854 0.100436 0
0  1.385641 -0.800000 16.500000  0.445567 -0.257246 0.857493  0.835967 0.123392 0
0  0.800000 -1.385641 16.500000  0.257245 -0.445565 0.857495  0.852072 0.095383 0
nitro_can
0  1.818653 -1.050000 16.200001  0.445568 -0.257245 0.857493  0.849717 0.137199 0
0  1.600000 0.000000 16.500000  0.514494 0.000002 0.857494  0.808074 0.139563 0
0  1.385641 -0.800000 16.500000  0.445567 -0.257246 0.857493  0.835967 0.123392 0
nitro_can
0  1.600000 0.000000 16.500000  -0.514493 -0.000004 0.857495  0.808074 0.139563 0
0  0.952628 0.550000 16.200001  -0.445564 -0.257248 0.857494  0.780897 0.120703 0
0  1.100000 0.000000 16.200001  -0.514493 -0.000000 0.857495  0.803041 0.120703 0
nitro_can
0  1.385641 0.800000 16.500000  -0.445562 -0.257251 0.857494  0.775865 0.139563 0
0  0.550000 0.952628 16.200001  -0.257247 -0.445566 0.857493  0.761721 0.109586 0
0  0.952628 0.550000 16.200001  -0.445564 -0.257248 0.857494  0.780897 0.120703 0
nitro_can
0  0.800000 1.385641 16.500000  -0.257242 -0.445568 0.857494  0.747971 0.123392 0
0  0.000000 1.100000 16.200001  0.000001 -0.514495 0.857493  0.750649 0.090329 0
0  0.550000 0.952628 16.200001  -0.257247 -0.445566 0.857493  0.761721 0.109586 0
nitro_can
0  0.000000 1.600000 16.500000  0.000006 -0.514495 0.857493  0.731867 0.095383 0
0  -0.550000 0.952628 16.200001  0.257248 -0.445566 0.857493  0.750649 0.068094 0
0  0.000000 1.100000 16.200001  0.000001 -0.514495 0.857493  0.750649 0.090329 0
nitro_can
0  -0.800000 1.385641 16.500000  0.257250 -0.445564 0.857494  0.731867 0.063040 0
0  -0.952628 0.550000 16.200001  0.445565 -0.257247 0.857494  0.761721 0.048838 0
0  -0.550000 0.952628 16.200001  0.257248 -0.445566 0.857493  0.750649 0.068094 0
nitro_can
0  -1.385641 0.800000 16.500000  0.445566 -0.257244 0.857494  0.747971 0.035031 0
0  -1.100000 0.000000 16.200001  0.514493 0.000000 0.857495  0.780897 0.037720 0
0  -0.952628 0.550000 16.200001  0.445565 -0.257247 0.857494  0.761721 0.048838 0
nitro_can
0  -1.600000 0.000000 16.500000  0.514493 0.000004 0.857495  0.775865 0.018860 0
0  -0.952628 -0.550000 16.200001  0.445564 0.257248 0.857494  0.803041 0.037720 0
0  -1.100000 0.000000 16.200001  0.514493 0.000000 0.857495  0.780897 0.037720 0
nitro_can
0  -1.385641 -0.800000 16.500000  0.445562 0.257251 0.857494  0.808074 0.018860 0
0  -0.550000 -0.952628 16.200001  0.257247 0.445566 0.857493  0.822218 0.048838 0
0  -0.952628 -0.550000 16.200001  0.445564 0.257248 0.857494  0.803041 0.037720 0
nitro_can
0  -0.800000 -1.385641 16.500000  0.257242 0.445568 0.857494  0.835967 0.035031 0
0  -0.000000 -1.100000 16.200001  -0.000001 0.514495 0.857493  0.833290 0.068094 0
0  -0.550000 -0.952628 16.200001  0.257247 0.445566 0.857493  0.822218 0.048838 0
nitro_can
0  -0.000000 -1.600000 16.500000  -0.000006 0.514495 0.857493  0.852072 0.063040 0
0  0.550000 -0.952628 16.200001  -0.257248 0.445566 0.857493  0.833290 0.090329 0
0  -0.000000 -1.100000 16.200001  -0.000001 0.514495 0.857493  0.833290 0.068094 0
nitro_can
0  0.800000 -1.385641 16.500000  -0.257250 0.445564 0.857494  0.852072 0.095383 0
0  0.952628 -0.550000 16.200001  -0.445565 0.257247 0.857494  0.822218 0.109586 0
0  0.550000 -0.952628 16.200001  -0.257248 0.445566 0.857493  0.833290 0.090329 0
nitro_can
0  1.385641 -0.800000 16.500000  -0.445566 0.257244 0.857494  0.835967 0.123392 0
0  1.100000 0.000000 16.200001  -0.514493 -0.000000 0.857495  0.803041 0.120703 0
0  0.952628 -0.550000 16.200001  -0.445565 0.257247 0.857494  0.822218 0.109586 0
nitro_can
0  1.100000 0.000000 16.200001  -0.514499 -0.000000 -0.857491  0.757872 0.762423 0
0  1.385641 0.800000 15.900000  -0.445569 -0.257245 -0.857493  0.724945 0.759735 0
0  1.600000 0.000000 15.900000  -0.514495 0.000004 -0.857493  0.752839 0.743563 0
nitro_can
0  0.952628 0.550000 16.200001  -0.445570 -0.257248 -0.857491  0.738695 0.773541 0
0  0.800000 1.385641 15.900000  -0.257251 -0.445566 -0.857492  0.708841 0.787744 0
0  1.385641 0.800000 15.900000  -0.445569 -0.257245 -0.857493  0.724945 0.759735 0
nitro_can
0  0.550000 0.952628 16.200001  -0.257249 -0.445568 -0.857492  0.727623 0.792797 0
0  0.000000 1.600000 15.900000  -0.000004 -0.514497 -0.857492  0.708841 0.820086 0
0  0.800000 1.385641 15.900000  -0.257251 -0.445566 -0.857492  0.708841 0.787744 0
nitro_can
0  0.000000 1.100000 16.200001  -0.000001 -0.514497 -0.857492  0.727623 0.815033 0
0  -0.800000 1.385641 15.900000  0.257244 -0.445570 -0.857492  0.724945 0.848096 0
0  0.000000 1.600000 15.900000  -0.000004 -0.514497 -0.857492  0.708841 0.820086 0
nitro_can
0  -0.550000 0.952628 16.200001  0.257249 -0.445568 -0.857492  0.738695 0.834289 0
0  -1.385641 0.800000 15.900000  0.445563 -0.257253 -0.857493  0.752839 0.864267 0
0  -0.800000 1.385641 15.900000  0.257244 -0.445570 -0.857492  0.724945 0.848096 0
nitro_can
0  -0.952628 0.550000 16.200001  0.445568 -0.257249 -0.857492  0.757872 0.845407 0
0  -1.600000 0.000000 15.900000  0.514495 -0.000004 -0.857493  0.785048 0.864267 0
0  -1.385641 0.800000 15.900000  0.445563 -0.257253 -0.857493  0.752839 0.864267 0
nitro_can
0  -1.100000 0.000000 16.200001  0.514499 0.000000 -0.857491  0.780015 0.845407 0
0  -1.385641 -0.800000 15.900000  0.445569 0.257245 -0.857493  0.812941 0.848096 0
0  -1.600000 0.000000 15.900000  0.514495 -0.000004 -0.857493  0.785048 0.864267 0
nitro_can
0  -0.952628 -0.550000 16.200001  0.445570 0.257248 -0.857491  0.799192 0.834289 0
0  -0.800000 -1.385641 15.900000  0.257251 0.445566 -0.857492  0.829046 0.820086 0
0  -1.385641 -0.800000 15.900000  0.445569 0.257245 -0.857493  0.812941 0.848096 0
nitro_can
0  -0.550000 -0.952628 16.200001  0.257249 0.445568 -0.857492  0.810264 0.815033 0
0  -0.000000 -1.600000 15.900000  0.000004 0.514497 -0.857492  0.829046 0.787744 0
0  -0.800000 -1.385641 15.900000  0.257251 0.445566 -0.857492  0.829046 0.820086 0
nitro_can
0  -0.000000 -1.100000 16.200001  0.000001 0.514497 -0.857492  0.810264 0.792798 0
0  0.800000 -1.385641 15.900000  -0.257244 0.445570 -0.857492  0.812941 0.759735 0
0  -0.000000 -1.600000 15.900000  0.000004 0.514497 -0.857492  0.829046 0.787744 0
nitro_can
0  0.550000 -0.952628 16.200001  -0.257249 0.445568 -0.857492  0.799192 0.773541 0
0  1.385641 -0.800000 15.900000  -0.445563 0.257253 -0.857493  0.785048 0.743563 0
0  0.800000 -1.385641 15.900000  -0.257244 0.445570 -0.857492  0.812941 0.759735 0
nitro_can
0  0.952628 -0.550000 16.200001  -0.445568 0.257249 -0.857492  0.780015 0.762423 0
0  1.600000 0.000000 15.900000  -0.514495 0.000004 -0.857493  0.752839 0.743563 0
0  1.385641 -0.800000 15.900000  -0.445563 0.257253 -0.857493  0.785048 0.743563 0
nitro_can
0  -0.805171 -1.498125 16.006815  0.750001 -0.433012 -0.499999  0.847799 0.896428 0
0  1.017303 1.375651 16.251764  0.750000 -0.433013 -0.500000  0.838273 0.994649 0
0  -0.682697 -1.568836 16.251764  0.750001 -0.433012 -0.499999  0.838273 0.892880 0
nitro_can
0  -1.017303 -1.375651 16.148237  -0.433018 0.250001 -0.866023  0.958535 0.867229 0
0  0.894829 1.446362 16.006815  -0.433012 0.250002 -0.866025  0.949009 1.000000 0
0  -0.805171 -1.498125 16.006815  -0.433018 0.250001 -0.866022  0.949009 0.867229 0
nitro_can
0  -1.700000 0.141421 16.341421  0.000000 1.000000 0.000000  0.982949 0.000000 0
0  1.700000 0.141421 16.058580  0.000000 1.000000 0.000000  0.971950 0.128620 0
0  -1.700000 0.141421 16.058578  0.000000 1.000000 0.000000  0.971950 0.000004 0
nitro_can
0  0.894829 1.446362 16.006815  0.500000 0.866025 0.000000  0.263385 0.510754 0
0  0.805171 1.498125 16.393187  0.500000 0.866025 0.000000  0.274004 0.500751 0
0  1.017303 1.375651 16.251764  0.499999 0.866026 0.000000  0.274004 0.511460 0
nitro_can
0  0.805171 -1.498125 16.006815  0.433012 0.250002 -0.866025  0.979248 0.864602 0
0  -0.682697 1.568836 16.148237  0.433017 0.250001 -0.866023  0.969722 0.997374 0
0  1.017303 -1.375651 16.148237  0.433012 0.250002 -0.866025  0.969722 0.864602 0
nitro_can
0  -1.700000 0.141421 16.058578  0.000000 0.000000 -1.000000  0.128535 0.824094 0
0  1.700000 -0.141421 16.058580  0.000001 0.000000 -1.000000  0.117535 0.956866 0
0  -1.700000 -0.141421 16.058578  0.000000 0.000000 -1.000000  0.117535 0.824094 0
nitro_can
0  1.700000 0.141421 16.058580  1.000000 0.000000 0.000000  0.582952 0.266827 0
0  1.700000 -0.141421 16.341423  1.000000 0.000000 0.000000  0.593786 0.255781 0
0  1.700000 -0.141421 16.058580  1.000000 0.000000 0.000000  0.593786 0.266826 0
nitro_can
0  1.017303 -1.375651 16.148237  0.750001 0.433012 0.499998  0.988961 0.989335 0
0  -0.805171 1.498125 16.393187  0.750001 0.433012 0.499998  0.998487 0.866495 0
0  0.894829 -1.446362 16.393187  0.750001 0.433012 0.499998  0.998487 0.991227 0
nitro_can
0  -1.700000 -0.141421 16.058578  0.000000 -1.000000 -0.000000  0.969722 0.854849 0
0  1.700000 -0.141421 16.341423  0.000000 -1.000000 -0.000000  0.980722 0.724704 0
0  -1.700000 -0.141421 16.341421  0.000000 -1.000000 -0.000000  0.980722 0.854846 0
nitro_can
0  0.433013 0.250000 15.600000  1.000000 0.000000 0.000000  0.739728 0.979781 0
0  0.433013 -0.250000 16.400000  1.000000 0.000000 0.000000  0.758879 0.948540 0
0  0.433013 -0.250000 15.600000  1.000000 0.000000 0.000000  0.758879 0.979781 0
nitro_can
0  -1.700000 -0.141421 16.341421  -0.000001 0.000000 1.000000  0.949009 0.857475 0
0  1.700000 0.141421 16.341423  -0.000000 0.000000 1.000000  0.960009 0.724704 0
0  -1.700000 0.141421 16.341421  -0.000001 0.000000 1.000000  0.960009 0.857475 0
nitro_can
0  -1.700000 0.141421 16.341421  -1.000000 0.000000 0.000000  0.274274 0.563411 0
0  -1.700000 -0.141421 16.058578  -1.000000 0.000000 0.000000  0.263385 0.574465 0
0  -1.700000 -0.141421 16.341421  -1.000000 0.000000 0.000000  0.263385 0.563420 0
nitro_can
0  0.000000 0.500000 15.600000  0.500000 0.866025 0.000000  0.797031 0.978509 0
0  0.433013 0.250000 16.400000  0.500000 0.866025 0.000000  0.816395 0.948540 0
0  0.433013 0.250000 15.600000  0.500000 0.866025 0.000000  0.816395 0.977902 0
nitro_can
0  -0.682697 -1.568836 16.251764  0.433012 -0.250002 0.866025  0.995715 0.285514 0
0  0.805171 1.498125 16.393187  0.433016 -0.250001 0.866024  0.986189 0.418286 0
0  -0.894829 -1.446362 16.393187  0.433012 -0.250002 0.866025  0.986190 0.285514 0
nitro_can
0  -0.894829 -1.446362 16.393187  -0.750001 0.433012 0.499998  0.990435 0.832510 0
0  0.682697 1.568836 16.148237  -0.750001 0.433012 0.499998  1.000000 0.724704 0
0  -1.017303 -1.375651 16.148237  -0.750001 0.433012 0.499998  1.000000 0.829143 0
nitro_can
0  -0.682697 -1.568836 16.251764  -0.500000 -0.866025 0.000000  0.603499 0.267206 0
0  -1.017303 -1.375651 16.148237  -0.500000 -0.866026 0.000000  0.613560 0.255781 0
0  -0.805171 -1.498125 16.006815  -0.499999 -0.866026 0.000001  0.613560 0.266775 0
nitro_can
0  0.894829 -1.446362 16.393187  0.499999 -0.866026 0.000000  0.263385 0.542262 0
0  0.805171 -1.498125 16.006815  0.499999 -0.866026 0.000000  0.273944 0.553658 0
0  1.017303 -1.375651 16.148237  0.499999 -0.866026 0.000000  0.263385 0.553168 0
nitro_can
0  0.894829 -1.446362 16.393187  -0.433012 -0.250002 0.866025  0.992794 0.541646 0
0  -1.017303 1.375651 16.251764  -0.433016 -0.250001 0.866024  0.983268 0.674417 0
0  0.682697 -1.568836 16.251764  -0.433012 -0.250002 0.866025  0.983268 0.541646 0
nitro_can
0  0.682697 -1.568836 16.251764  -0.750001 -0.433012 -0.499999  0.982909 0.138707 0
0  -0.894829 1.446362 16.006815  -0.750000 -0.433013 -0.500000  0.971950 0.262578 0
0  0.805171 -1.498125 16.006815  -0.750001 -0.433012 -0.499999  0.971950 0.138373 0
nitro_can
0  -0.682697 1.568836 16.148237  -0.500000 0.866025 -0.000000  0.274077 0.532156 0
0  -1.017303 1.375651 16.251764  -0.500000 0.866026 -0.000000  0.263385 0.521566 0
0  -0.805171 1.498125 16.393187  -0.500001 0.866025 -0.000001  0.274077 0.521213 0
nitro_can
0  0.000000 0.450000 14.600000  0.000000 0.866025 0.500000  0.238529 0.585454 0
0  -2.200000 0.225000 14.989712  0.000000 0.866025 0.500000  0.253672 0.500045 0
0  0.000000 0.225000 14.989712  0.000000 0.866025 0.500000  0.253672 0.583267 0
nitro_can
0  0.433013 -0.250000 15.600000  0.500000 -0.866025 0.000000  0.690059 0.980567 0
0  0.000000 -0.500000 16.400000  0.500000 -0.866025 0.000000  0.708490 0.949319 0
0  0.000000 -0.500000 15.600000  0.500000 -0.866025 0.000000  0.708490 0.980559 0
nitro_can
0  0.000000 -0.500000 15.600000  -0.500000 -0.866025 0.000000  0.962031 0.512657 0
0  -0.433013 -0.250000 16.400000  -0.500000 -0.866025 0.000000  0.981316 0.482989 0
0  -0.433013 -0.250000 15.600000  -0.500000 -0.866025 0.000000  0.981316 0.511665 0
nitro_can
0  0.433013 0.250000 16.400000  -0.000002 0.000000 1.000000  0.442771 0.799119 0
0  -0.433013 0.250000 16.400000  0.000001 0.000000 1.000000  0.425931 0.769832 0
0  0.000000 -0.500000 16.400000  -0.000001 0.000000 1.000000  0.459610 0.769832 0
nitro_can
0  -0.433013 -0.250000 15.600000  -1.000000 0.000000 0.000000  0.472590 0.976809 0
0  -0.433013 0.250000 16.400000  -1.000000 0.000000 0.000000  0.491839 0.945554 0
0  -0.433013 0.250000 15.600000  -1.000000 0.000000 0.000000  0.491839 0.976794 0
nitro_can
0  0.000000 -0.225000 14.989712  0.000000 -0.866025 0.500000  0.100639 0.920392 0
0  -2.200000 -0.450000 14.600000  0.000000 -0.866025 0.500000  0.083144 0.994272 0
0  0.000000 -0.450000 14.600000  0.000000 -0.866025 0.500000  0.083144 0.920173 0
nitro_can
0  0.000000 0.225000 14.989712  0.000000 0.000000 1.000000  0.247156 0.895925 0
0  -2.200000 -0.225000 14.989712  0.000000 0.000000 1.000000  0.229656 0.981836 0
0  0.000000 -0.225000 14.989712  0.000000 0.000000 1.000000  0.229656 0.895925 0
nitro_can
0  -0.433013 0.250000 15.600000  -0.500000 0.866025 0.000000  0.768592 0.979788 0
0  0.000000 0.500000 16.400000  -0.500000 0.866025 0.000000  0.787318 0.948540 0
0  0.000000 0.500000 15.600000  -0.500000 0.866025 0.000000  0.787318 0.979781 0
nitro_can
0  0.433013 0.250000 15.600000  -0.000001 0.000000 -1.000000  0.880567 0.239810 0
0  0.000000 -0.500000 15.600000  0.000000 0.000000 -1.000000  0.914246 0.239810 0
0  -0.433013 0.250000 15.600000  0.000001 0.000000 -1.000000  0.897406 0.269098 0
nitro_can
0  0.000000 -0.450000 14.600000  0.000000 -0.866025 -0.500000  0.015167 0.898769 0
0  -2.200000 -0.225000 14.210289  0.000000 -0.866025 -0.500000  0.000000 0.981242 0
0  0.000000 -0.225000 14.210289  0.000000 -0.866025 -0.500000  0.000000 0.897032 0
nitro_can
0  -2.200000 -0.450000 14.600000  -1.000000 0.000000 0.000000  0.939114 0.264839 0
0  -2.200000 0.225000 14.989712  -1.000000 0.000000 0.000000  0.923959 0.238733 0
0  -2.200000 0.225000 14.210289  -1.000000 0.000000 0.000000  0.954270 0.238757 0
nitro_can
0  0.000000 -0.225000 14.210289  0.000000 0.000000 -1.000000  0.256869 0.981836 0
0  -2.200000 0.225000 14.210289  0.000000 0.000000 -1.000000  0.274369 0.895925 0
0  0.000000 0.225000 14.210289  0.000000 0.000000 -1.000000  0.274369 0.981836 0
nitro_can
0  0.000000 0.225000 14.210289  0.000000 0.866025 -0.500000  0.223361 0.583278 0
0  -2.200000 0.450000 14.600000  0.000000 0.866025 -0.500000  0.238529 0.502232 0
0  0.000000 0.450000 14.600000  0.000000 0.866025 -0.500000  0.238529 0.585454 0
nitro_can
0  0.000000 -0.225000 14.210289  1.000000 0.000000 0.000000  0.073431 0.932324 0
0  0.000000 0.450000 14.600000  1.000000 0.000000 0.000000  0.058275 0.958285 0
0  0.000000 -0.225000 14.989712  1.000000 0.000000 0.000000  0.043120 0.932323 0
nitro_can
0  -2.200000 0.600000 14.600000  0.000000 0.866025 0.500000  0.952318 0.503271 0
0  -2.700000 0.300000 15.119616  0.000000 0.866025 0.500000  0.930586 0.482989 0
0  -2.200000 0.300000 15.119616  0.000000 0.866025 0.500000  0.949422 0.482996 0
nitro_can
0  -2.200000 0.300000 15.119616  0.000000 0.000000 1.000000  0.556814 0.985844 0
0  -2.700000 -0.300000 15.119616  0.000000 0.000000 1.000000  0.537370 0.962413 0
0  -2.200000 -0.300000 15.119616  0.000000 0.000000 1.000000  0.556814 0.962413 0
nitro_can
0  1.987868 0.212132 13.200001  -0.000000 1.000000 0.000000  0.511674 0.993654 0
0  2.412132 0.212132 14.000000  -0.000000 1.000000 0.000000  0.527657 0.962419 0
0  2.412132 0.212132 13.200001  -0.000000 1.000000 0.000000  0.527657 0.993660 0
nitro_can
0  -2.200000 -0.300000 15.119616  0.000000 -0.866025 0.500000  0.111765 0.966829 0
0  -2.700000 -0.600000 14.600000  0.000000 -0.866025 0.500000  0.128535 0.990044 0
0  -2.200000 -0.600000 14.600000  0.000000 -0.866025 0.500000  0.111765 0.990254 0
nitro_can
0  2.412132 -0.212132 14.000000  -0.000000 0.000000 1.000000  0.547027 0.272349 0
0  1.987868 0.212132 14.000000  -0.000000 0.000000 1.000000  0.530527 0.255781 0
0  1.987868 -0.212132 14.000000  0.000000 0.000000 1.000000  0.547027 0.255781 0
nitro_can
0  -2.200000 -0.600000 14.600000  0.000000 -0.866025 -0.500000  0.595685 0.964581 0
0  -2.700000 -0.300000 14.080385  0.000000 -0.866025 -0.500000  0.614622 0.982851 0
0  -2.200000 -0.300000 14.080385  0.000000 -0.866025 -0.500000  0.595685 0.985019 0
nitro_can
0  -2.700000 0.600000 14.600000  -1.000000 0.000000 0.000000  0.920873 0.517849 0
0  -2.700000 -0.300000 14.080385  -1.000000 0.000000 0.000000  0.880750 0.518218 0
0  -2.700000 -0.300000 15.119616  -1.000000 0.000000 0.000000  0.900811 0.482989 0
nitro_can
0  -2.200000 -0.300000 14.080385  0.000000 0.000000 -1.000000  0.566528 0.962413 0
0  -2.700000 0.300000 14.080385  0.000000 0.000000 -1.000000  0.585972 0.985844 0
0  -2.200000 0.300000 14.080385  0.000000 0.000000 -1.000000  0.566528 0.985844 0
nitro_can
0  2.412132 -0.212132 13.200001  0.000000 -1.000000 0.000000  0.909551 0.987260 0
0  1.987868 -0.212132 14.000000  0.000000 -1.000000 0.000000  0.925724 0.956024 0
0  1.987868 -0.212132 13.200001  0.000000 -1.000000 0.000000  0.925724 0.987264 0
nitro_can
0  2.412132 0.212132 13.200001  1.000000 0.000000 0.000000  0.883588 0.987260 0
0  2.412132 -0.212132 14.000000  1.000000 0.000000 0.000000  0.899838 0.956019 0
0  2.412132 -0.212132 13.200001  1.000000 0.000000 0.000000  0.899838 0.987260 0
nitro_can
0  -2.200000 0.300000 14.080385  0.000000 0.866025 -0.500000  0.949422 0.523578 0
0  -2.700000 0.600000 14.600000  0.000000 0.866025 -0.500000  0.933482 0.503264 0
0  -2.200000 0.600000 14.600000  0.000000 0.866025 -0.500000  0.952318 0.503271 0
nitro_can
0  -2.200000 0.300000 15.119616  1.000000 0.000000 0.000000  0.710037 0.892880 0
0  -2.200000 -0.600000 14.600000  1.000000 0.000000 0.000000  0.730014 0.927630 0
0  -2.200000 0.300000 14.080385  1.000000 0.000000 0.000000  0.690059 0.928158 0
nitro_can
0  1.987868 -0.212132 13.200001  -1.000000 -0.000000 0.000000  0.857541 0.987272 0
0  1.987868 0.212132 14.000000  -1.000000 -0.000000 0.000000  0.873874 0.956019 0
0  1.987868 0.212132 13.200001  -1.000000 -0.000001 0.000000  0.873874 0.987259 0
nitro_can
0  1.987868 -0.212132 13.200001  0.000000 0.000000 -1.000000  0.573239 0.272349 0
0  2.412132 0.212132 13.200001  0.000000 0.000000 -1.000000  0.556740 0.255781 0
0  2.412132 -0.212132 13.200001  0.000000 0.000000 -1.000000  0.573239 0.255781 0
nitro_can
0  2.000000 1.000000 14.600000  0.000000 0.951057 -0.309017  0.790888 0.915823 0
0  3.000000 0.809017 14.012215  0.000000 0.951057 -0.309017  0.826725 0.938787 0
0  2.000000 0.809017 14.012215  0.000000 0.951057 -0.309017  0.789053 0.938787 0
nitro_can
0  2.000000 0.809017 14.012215  0.000000 0.587785 -0.809017  0.268545 0.886171 0
0  3.000000 0.309017 13.648944  0.000000 0.587785 -0.809017  0.229656 0.866646 0
0  2.000000 0.309017 13.648944  0.000000 0.587785 -0.809017  0.268545 0.866646 0
nitro_can
0  2.000000 0.309017 13.648944  0.000000 0.000000 -1.000000  0.268545 0.866646 0
0  3.000000 -0.309017 13.648944  0.000000 0.000000 -1.000000  0.229656 0.842512 0
0  2.000000 -0.309017 13.648944  0.000000 0.000000 -1.000000  0.268545 0.842512 0
nitro_can
0  2.000000 -0.309017 13.648944  0.000000 -0.587785 -0.809017  0.268545 0.842512 0
0  3.000000 -0.809017 14.012215  0.000000 -0.587785 -0.809017  0.229656 0.822986 0
0  2.000000 -0.809017 14.012215  0.000000 -0.587785 -0.809017  0.268545 0.822986 0
nitro_can
0  2.000000 -0.809017 14.012215  0.000000 -0.951057 -0.309017  0.777858 0.938787 0
0  3.000000 -1.000000 14.600000  0.000000 -0.951057 -0.309017  0.741204 0.915824 0
0  2.000000 -1.000000 14.600000  0.000000 -0.951057 -0.309017  0.779323 0.915824 0
nitro_can
0  2.000000 -1.000000 14.600000  0.000000 -0.951057 0.309017  0.779323 0.915824 0
0  3.000000 -0.809017 15.187786  0.000000 -0.951057 0.309017  0.739728 0.892880 0
0  2.000000 -0.809017 15.187786  0.000000 -0.951057 0.309017  0.777847 0.892880 0
nitro_can
0  2.000000 -0.809017 15.187786  0.000000 -0.587785 0.809017  0.000000 0.824094 0
0  3.000000 -0.309017 15.551057  0.000000 -0.587785 0.809017  0.038889 0.843619 0
0  2.000000 -0.309017 15.551057  0.000000 -0.587785 0.809017  0.000000 0.843619 0
nitro_can
0  2.000000 -0.309017 15.551057  0.000000 0.000000 1.000000  0.000000 0.843619 0
0  3.000000 0.309017 15.551057  0.000000 0.000000 1.000000  0.038889 0.867754 0
0  2.000000 0.309017 15.551057  0.000000 0.000000 1.000000  0.000000 0.867754 0
nitro_can
0  3.000000 0.309017 13.648944  1.000000 0.000000 0.000000  0.870740 0.218524 0
0  3.000000 1.000000 14.600000  1.000000 0.000000 0.000000  0.833754 0.245101 0
0  3.000000 0.309017 15.551057  1.000000 0.000000 0.000000  0.796768 0.218524 0
nitro_can
0  2.000000 0.309017 15.551057  0.000000 0.587785 0.809017  0.000000 0.867754 0
0  3.000000 0.809017 15.187786  0.000000 0.587785 0.809017  0.038889 0.887279 0
0  2.000000 0.809017 15.187786  0.000000 0.587785 0.809017  0.000000 0.887279 0
nitro_can
0  2.000000 0.809017 15.187786  0.000000 0.951057 0.309017  0.789036 0.892880 0
0  3.000000 1.000000 14.600000  0.000000 0.951057 0.309017  0.828560 0.915823 0
0  2.000000 1.000000 14.600000  0.000000 0.951057 0.309017  0.790888 0.915823 0
nitro_can
0  2.000000 -0.309017 13.648944  -1.000000 0.000000 0.000000  0.787055 0.218810 0
0  2.000000 -1.000000 14.600000  -1.000000 0.000000 0.000000  0.750070 0.245492 0
0  2.000000 -0.309017 15.551057  -1.000000 0.000000 0.000000  0.713085 0.218751 0
nitro_gauge
0  3.020000 0.000000 14.600000  1.000000 0.000000 0.000000  0.500000 0.500000 0
0  3.020000 0.000000 13.750001  1.000000 0.000000 0.000000  0.500000 0.027778 0
0  3.020000 0.499617 13.912336  1.000000 -0.000000 0.000000  0.777565 0.117965 0
nitro_gauge
0  3.020000 0.000000 14.600000  1.000000 0.000000 0.000000  0.500000 0.500000 0
0  3.020000 0.499617 13.912336  1.000000 -0.000000 0.000000  0.777565 0.117965 0
0  3.020000 0.808398 14.337337  1.000000 0.000000 0.000000  0.949110 0.354076 0
nitro_gauge
0  3.020000 0.000000 14.600000  1.000000 0.000000 0.000000  0.500000 0.500000 0
0  3.020000 0.808398 14.337337  1.000000 0.000000 0.000000  0.949110 0.354076 0
0  3.020000 0.808398 14.862665  1.000000 -0.000000 0.000000  0.949110 0.645925 0
nitro_gauge
0  3.020000 0.000000 14.600000  1.000000 0.000000 0.000000  0.500000 0.500000 0
0  3.020000 0.808398 14.862665  1.000000 -0.000000 0.000000  0.949110 0.645925 0
0  3.020000 0.499617 15.287665  1.000000 -0.000000 0.000000  0.777565 0.882036 0
nitro_gauge
0  3.020000 0.000000 14.600000  1.000000 0.000000 0.000000  0.500000 0.500000 0
0  3.020000 0.499617 15.287665  1.000000 -0.000000 0.000000  0.777565 0.882036 0
0  3.020000 0.000000 15.450001  1.000000 0.000000 0.000000  0.500000 0.972223 0
nitro_gauge
0  3.020000 0.000000 14.600000  1.000000 0.000000 0.000000  0.500000 0.500000 0
0  3.020000 0.000000 15.450001  1.000000 0.000000 0.000000  0.500000 0.972223 0
0  3.020000 -0.499617 15.287665  1.000000 0.000000 0.000000  0.222435 0.882036 0
nitro_gauge
0  3.020000 0.000000 14.600000  1.000000 0.000000 0.000000  0.500000 0.500000 0
0  3.020000 -0.499617 15.287665  1.000000 0.000000 0.000000  0.222435 0.882036 0
0  3.020000 -0.808398 14.862665  1.000000 0.000000 0.000000  0.050890 0.645925 0
nitro_gauge
0  3.020000 0.000000 14.600000  1.000000 0.000000 0.000000  0.500000 0.500000 0
0  3.020000 -0.808398 14.862665  1.000000 0.000000 0.000000  0.050890 0.645925 0
0  3.020000 -0.808398 14.337337  1.000000 -0.000000 0.000000  0.050890 0.354076 0
nitro_gauge
0  3.020000 0.000000 14.600000  1.000000 0.000000 0.000000  0.500000 0.500000 0
0  3.020000 -0.808398 14.337337  1.000000 -0.000000 0.000000  0.050890 0.354076 0
0  3.020000 -0.499617 13.912336  1.000000 0.000000 0.000000  0.222435 0.117965 0
nitro_gauge
0  3.020000 0.000000 14.600000  1.000000 0.000000 0.000000  0.500000 0.500000 0
0  3.020000 -0.499617 13.912336  1.000000 0.000000 0.000000  0.222435 0.117965 0
0  3.020000 0.000000 13.750001  1.000000 0.000000 0.000000  0.500000 0.027778 0
nitro_can
0  1.200000 0.000000 13.600000  0.179558 -0.000000 0.983747  0.409430 0.098917 0
0  1.500000 0.000000 13.500000  0.371163 0.000001 0.928568  0.415912 0.089176 0
0  1.385819 0.574025 13.500000  0.342910 0.142038 0.928568  0.432006 0.105337 0
nitro_can
0  1.108655 0.459220 13.600000  0.165890 0.068713 0.983747  0.422306 0.111846 0
0  1.385819 0.574025 13.500000  0.342910 0.142038 0.928568  0.432006 0.105337 0
0  1.060660 1.060660 13.500000  0.262451 0.262452 0.928568  0.440716 0.126453 0
nitro_can
0  0.848528 0.848528 13.600000  0.126967 0.126966 0.983747  0.429274 0.128738 0
0  1.060660 1.060660 13.500000  0.262451 0.262452 0.928568  0.440716 0.126453 0
0  0.574025 1.385819 13.500000  0.142037 0.342910 0.928568  0.440716 0.149308 0
nitro_can
0  0.459220 1.108655 13.600000  0.068715 0.165889 0.983747  0.429274 0.147022 0
0  0.574025 1.385819 13.500000  0.142037 0.342910 0.928568  0.440716 0.149308 0
0  0.000000 1.500000 13.500000  0.000000 0.371163 0.928568  0.432006 0.170423 0
nitro_can
0  0.000000 1.200000 13.600000  0.000002 0.179557 0.983748  0.422306 0.163915 0
0  0.000000 1.500000 13.500000  0.000000 0.371163 0.928568  0.432006 0.170423 0
0  -0.574025 1.385819 13.500000  -0.142038 0.342909 0.928568  0.415912 0.186584 0
nitro_can
0  -0.459220 1.108655 13.600000  -0.068714 0.165889 0.983747  0.409430 0.176843 0
0  -0.574025 1.385819 13.500000  -0.142038 0.342909 0.928568  0.415912 0.186584 0
0  -1.060660 1.060660 13.500000  -0.262451 0.262451 0.928568  0.394884 0.195330 0
nitro_can
0  -0.848528 0.848528 13.600000  -0.126966 0.126966 0.983748  0.392608 0.183840 0
0  -1.060660 1.060660 13.500000  -0.262451 0.262451 0.928568  0.394884 0.195330 0
0  -1.385819 0.574025 13.500000  -0.342910 0.142037 0.928568  0.372123 0.195330 0
nitro_can
0  -1.108655 0.459220 13.600000  -0.165889 0.068714 0.983748  0.374399 0.183840 0
0  -1.385819 0.574025 13.500000  -0.342910 0.142037 0.928568  0.372123 0.195330 0
0  -1.500000 0.000000 13.500000  -0.371163 -0.000001 0.928568  0.351095 0.186584 0
nitro_can
0  -1.200000 0.000000 13.600000  -0.179558 0.000000 0.983747  0.357577 0.176843 0
0  -1.500000 0.000000 13.500000  -0.371163 -0.000001 0.928568  0.351095 0.186584 0
0  -1.385819 -0.574025 13.500000  -0.342910 -0.142038 0.928568  0.335001 0.170423 0
nitro_can
0  -1.108655 -0.459220 13.600000  -0.165890 -0.068713 0.983747  0.344701 0.163915 0
0  -1.385819 -0.574025 13.500000  -0.342910 -0.142038 0.928568  0.335001 0.170423 0
0  -1.060660 -1.060660 13.500000  -0.262451 -0.262452 0.928568  0.326291 0.149308 0
nitro_can
0  -0.848528 -0.848528 13.600000  -0.126967 -0.126966 0.983747  0.337733 0.147022 0
0  -1.060660 -1.060660 13.500000  -0.262451 -0.262452 0.928568  0.326291 0.149308 0
0  -0.574025 -1.385819 13.500000  -0.142037 -0.342910 0.928568  0.326291 0.126453 0
nitro_can
0  -0.459220 -1.108655 13.600000  -0.068715 -0.165889 0.983747  0.337733 0.128738 0
0  -0.574025 -1.385819 13.500000  -0.142037 -0.342910 0.928568  0.326291 0.126453 0
0  -0.000000 -1.500000 13.500000  -0.000000 -0.371163 0.928568  0.335001 0.105337 0
nitro_can
0  -0.000000 -1.200000 13.600000  -0.000002 -0.179557 0.983748  0.344701 0.111846 0
0  -0.000000 -1.500000 13.500000  -0.000000 -0.371163 0.928568  0.335001 0.105337 0
0  0.574025 -1.385819 13.500000  0.142038 -0.342909 0.928568  0.351095 0.089176 0
nitro_can
0  0.459220 -1.108655 13.600000  0.068714 -0.165889 0.983747  0.357577 0.098917 0
0  0.574025 -1.385819 13.500000  0.142038 -0.342909 0.928568  0.351095 0.089176 0
0  1.060660 -1.060660 13.500000  0.262451 -0.262451 0.928568  0.372123 0.080430 0
nitro_can
0  0.848528 -0.848528 13.600000  0.126966 -0.126966 0.983748  0.374399 0.091920 0
0  1.060660 -1.060660 13.500000  0.262451 -0.262451 0.928568  0.372123 0.080430 0
0  1.385819 -0.574025 13.500000  0.342910 -0.142037 0.928568  0.394884 0.080430 0
nitro_can
0  1.108655 -0.459220 13.600000  0.165889 -0.068714 0.983748  0.392608 0.091920 0
0  1.385819 -0.574025 13.500000  0.342910 -0.142037 0.928568  0.394884 0.080430 0
0  1.500000 0.000000 13.500000  0.371163 0.000001 0.928568  0.415912 0.089176 0
nitro_can
0  1.500000 0.000000 13.500000  0.371163 0.000001 0.928568  0.415912 0.089176 0
0  2.600000 0.000000 13.000000  0.584259 0.000003 0.811567  0.439678 0.053460 0
0  2.402087 0.994977 13.000000  0.539785 0.223589 0.811567  0.467575 0.081473 0
nitro_can
0  1.385819 0.574025 13.500000  0.342910 0.142038 0.928568  0.432006 0.105337 0
0  2.402087 0.994977 13.000000  0.539785 0.223589 0.811567  0.467575 0.081473 0
0  1.838478 1.838478 13.000000  0.413132 0.413136 0.811567  0.482672 0.118073 0
nitro_can
0  1.060660 1.060660 13.500000  0.262451 0.262452 0.928568  0.440716 0.126453 0
0  1.838478 1.838478 13.000000  0.413132 0.413136 0.811567  0.482672 0.118073 0
0  0.994977 2.402087 13.000000  0.223583 0.539786 0.811567  0.482672 0.157688 0
nitro_can
0  0.574025 1.385819 13.500000  0.142037 0.342910 0.928568  0.440716 0.149308 0
0  0.994977 2.402087 13.000000  0.223583 0.539786 0.811567  0.482672 0.157688 0
0  0.000000 2.600000 13.000000  -0.000003 0.584259 0.811567  0.467575 0.194288 0
nitro_can
0  0.000000 1.500000 13.500000  0.000000 0.371163 0.928568  0.432006 0.170423 0
0  0.000000 2.600000 13.000000  -0.000003 0.584259 0.811567  0.467575 0.194288 0
0  -0.994977 2.402087 13.000000  -0.223589 0.539784 0.811567  0.439678 0.222300 0
nitro_can
0  -0.574025 1.385819 13.500000  -0.142038 0.342909 0.928568  0.415912 0.186584 0
0  -0.994977 2.402087 13.000000  -0.223589 0.539784 0.811567  0.439678 0.222300 0
0  -1.838478 1.838478 13.000000  -0.413136 0.413132 0.811567  0.403229 0.237461 0
nitro_can
0  -1.060660 1.060660 13.500000  -0.262451 0.262451 0.928568  0.394884 0.195330 0
0  -1.838478 1.838478 13.000000  -0.413136 0.413132 0.811567  0.403229 0.237461 0
0  -2.402087 0.994977 13.000000  -0.539786 0.223584 0.811567  0.363778 0.237461 0
nitro_can
0  -1.385819 0.574025 13.500000  -0.342910 0.142037 0.928568  0.372123 0.195330 0
0  -2.402087 0.994977 13.000000  -0.539786 0.223584 0.811567  0.363778 0.237461 0
0  -2.600000 0.000000 13.000000  -0.584259 -0.000003 0.811567  0.327329 0.222300 0
nitro_can
0  -1.500000 0.000000 13.500000  -0.371163 -0.000001 0.928568  0.351095 0.186584 0
0  -2.600000 0.000000 13.000000  -0.584259 -0.000003 0.811567  0.327329 0.222300 0
0  -2.402087 -0.994977 13.000000  -0.539785 -0.223589 0.811567  0.299432 0.194288 0
nitro_can
0  -1.385819 -0.574025 13.500000  -0.342910 -0.142038 0.928568  0.335001 0.170423 0
0  -2.402087 -0.994977 13.000000  -0.539785 -0.223589 0.811567  0.299432 0.194288 0
0  -1.838478 -1.838478 13.000000  -0.413132 -0.413136 0.811567  0.284335 0.157688 0
nitro_can
0  -1.060660 -1.060660 13.500000  -0.262451 -0.262452 0.928568  0.326291 0.149308 0
0  -1.838478 -1.838478 13.000000  -0.413132 -0.413136 0.811567  0.284335 0.157688 0
0  -0.994977 -2.402087 13.000000  -0.223583 -0.539786 0.811567  0.284335 0.118073 0
nitro_can
0  -0.574025 -1.385819 13.500000  -0.142037 -0.342910 0.928568  0.326291 0.126453 0
0  -0.994977 -2.402087 13.000000  -0.223583 -0.539786 0.811567  0.284335 0.118073 0
0  -0.000000 -2.600000 13.000000  0.000003 -0.584259 0.811567  0.299432 0.081473 0
nitro_can
0  -0.000000 -1.500000 13.500000  -0.000000 -0.371163 0.928568  0.335001 0.105337 0
0  -0.000000 -2.600000 13.000000  0.000003 -0.584259 0.811567  0.299432 0.081473 0
0  0.994977 -2.402087 13.000000  0.223589 -0.539784 0.811567  0.327329 0.053460 0
nitro_can
0  0.574025 -1.385819 13.500000  0.142038 -0.342909 0.928568  0.351095 0.089176 0
0  0.994977 -2.402087 13.000000  0.223589 -0.539784 0.811567  0.327329 0.053460 0
0  1.838478 -1.838478 13.000000  0.413136 -0.413132 0.811567  0.363778 0.038300 0
nitro_can
0  1.060660 -1.060660 13.500000  0.262451 -0.262451 0.928568  0.372123 0.080430 0
0  1.838478 -1.838478 13.000000  0.413136 -0.413132 0.811567  0.363778 0.038300 0
0  2.402087 -0.994977 13.000000  0.539786 -0.223584 0.811567  0.403229 0.038300 0
nitro_can
0  1.385819 -0.574025 13.500000  0.342910 -0.142037 0.928568  0.394884 0.080430 0
0  2.402087 -0.994977 13.000000  0.539786 -0.223584 0.811567  0.403229 0.038300 0
0  2.600000 0.000000 13.000000  0.584259 0.000003 0.811567  0.439678 0.053460 0
nitro_can
0  2.600000 0.000000 13.000000  0.584259 0.000003 0.811567  0.103774 0.300834 0
0  3.600000 0.000000 12.000000  0.887093 0.015422 0.461333  0.110500 0.339887 0
0  3.325966 1.377660 12.000000  0.836304 0.347117 0.424387  0.055888 0.339887 0
nitro_can
0  2.402087 0.994977 13.000000  0.539785 0.223589 0.811567  0.467575 0.081473 0
0  3.325966 1.377660 12.000000  0.836304 0.347117 0.424387  0.499910 0.059777 0
0  2.545584 2.545584 12.000000  0.647332 0.625585 0.435437  0.520814 0.110454 0
nitro_can
0  1.838478 1.838478 13.000000  0.413132 0.413136 0.811567  0.482672 0.118073 0
0  2.545584 2.545584 12.000000  0.647332 0.625585 0.435437  0.520814 0.110454 0
0  1.377660 3.325966 12.000000  0.339209 0.812837 0.473534  0.520814 0.165306 0
nitro_can
0  0.994977 2.402087 13.000000  0.223583 0.539786 0.811567  0.482672 0.157688 0
0  1.377660 3.325966 12.000000  0.339209 0.812837 0.473534  0.520814 0.165306 0
0  0.000000 3.600000 12.000000  -0.000003 0.877823 0.478986  0.499910 0.215983 0
nitro_can
0  0.000000 2.600000 13.000000  -0.000003 0.584259 0.811567  0.433931 0.285525 0
0  0.000000 3.600000 12.000000  -0.000003 0.877823 0.478986  0.443577 0.324524 0
0  -1.377660 3.325966 12.000000  -0.335931 0.811001 0.478986  0.389033 0.324509 0
nitro_can
0  -0.994977 2.402087 13.000000  -0.223589 0.539784 0.811567  0.439678 0.222300 0
0  -1.377660 3.325966 12.000000  -0.335931 0.811001 0.478986  0.461284 0.254770 0
0  -2.545584 2.545584 12.000000  -0.620717 0.620712 0.478986  0.410816 0.275761 0
nitro_can
0  -1.838478 1.838478 13.000000  -0.413136 0.413132 0.811567  0.403229 0.237461 0
0  -2.545584 2.545584 12.000000  -0.620717 0.620712 0.478986  0.410816 0.275761 0
0  -3.325966 1.377660 12.000000  -0.811003 0.335925 0.478986  0.356191 0.275761 0
nitro_can
0  -2.402087 0.994977 13.000000  -0.539786 0.223584 0.811567  0.363778 0.237461 0
0  -3.325966 1.377660 12.000000  -0.811003 0.335925 0.478986  0.356191 0.275761 0
0  -3.600000 0.000000 12.000000  -0.877822 -0.000004 0.478986  0.305723 0.254770 0
nitro_can
0  -2.600000 0.000000 13.000000  -0.584259 -0.000003 0.811567  0.284335 0.612792 0
0  -3.600000 0.000000 12.000000  -0.877822 -0.000004 0.478986  0.328674 0.580323 0
0  -3.325966 -1.377660 12.000000  -0.811001 -0.335931 0.478986  0.344617 0.619109 0
nitro_can
0  -2.402087 -0.994977 13.000000  -0.539785 -0.223589 0.811567  0.295849 0.640804 0
0  -3.325966 -1.377660 12.000000  -0.811001 -0.335931 0.478986  0.344617 0.619109 0
0  -2.545584 -2.545584 12.000000  -0.620712 -0.620717 0.478986  0.353246 0.669786 0
nitro_can
0  -1.838478 -1.838478 13.000000  -0.413132 -0.413136 0.811567  0.302081 0.677404 0
0  -2.545584 -2.545584 12.000000  -0.620712 -0.620717 0.478986  0.353246 0.669786 0
0  -1.377660 -3.325966 12.000000  -0.335925 -0.811004 0.478986  0.353246 0.724638 0
nitro_can
0  -0.994977 -2.402087 13.000000  -0.223583 -0.539786 0.811567  0.302081 0.717020 0
0  -1.377660 -3.325966 12.000000  -0.335925 -0.811004 0.478986  0.353246 0.724638 0
0  -0.000000 -3.600000 12.000000  0.000003 -0.877823 0.478986  0.344617 0.775315 0
nitro_can
0  -0.000000 -2.600000 13.000000  0.000003 -0.584259 0.811567  0.295849 0.753620 0
0  -0.000000 -3.600000 12.000000  0.000003 -0.877823 0.478986  0.344617 0.775315 0
0  1.377660 -3.325966 12.000000  0.335931 -0.811001 0.478986  0.328674 0.814101 0
nitro_can
0  0.994977 -2.402087 13.000000  0.223589 -0.539784 0.811567  0.327329 0.053460 0
0  1.377660 -3.325966 12.000000  0.335931 -0.811001 0.478986  0.305723 0.020991 0
0  2.545584 -2.545584 12.000000  0.620717 -0.620712 0.478986  0.356191 0.000000 0
nitro_can
0  1.838478 -1.838478 13.000000  0.413136 -0.413132 0.811567  0.363778 0.038300 0
0  2.545584 -2.545584 12.000000  0.620717 -0.620712 0.478986  0.356191 0.000000 0
0  3.325966 -1.377660 12.000000  0.812324 -0.334645 0.477643  0.410816 0.000000 0
nitro_can
0  2.402087 -0.994977 13.000000  0.539786 -0.223584 0.811567  0.403229 0.038300 0
0  3.325966 -1.377660 12.000000  0.812324 -0.334645 0.477643  0.410816 0.000000 0
0  3.600000 0.000000 12.000000  0.887093 0.015422 0.461333  0.461284 0.020991 0
nitro_can
0  3.600000 0.000000 12.000000  0.887093 0.015422 0.461333  0.110500 0.339887 0
0  3.980104 0.000000 10.400000  0.995741 0.073865 0.055163  0.113057 0.402368 0
0  3.513205 1.455217 10.400000  0.904941 0.424849 -0.024211  0.054177 0.402368 0
nitro_can
0  3.325966 1.377660 12.000000  0.836304 0.347117 0.424387  0.055888 0.339887 0
0  3.513205 1.455217 10.400000  0.904941 0.424849 -0.024211  0.054177 0.402368 0
0  2.683676 2.683676 10.400000  0.752742 0.657743 -0.027453  0.001544 0.402367 0
nitro_can
0  2.545584 2.545584 12.000000  0.647332 0.625585 0.435437  0.623943 0.541678 0
0  2.683676 2.683676 10.400000  0.752742 0.657743 -0.027453  0.626312 0.597798 0
0  1.520223 3.670143 10.400000  0.440703 0.895632 0.060192  0.567200 0.597147 0
nitro_can
0  1.377660 3.325966 12.000000  0.339209 0.812837 0.473534  0.492831 0.324567 0
0  1.520223 3.670143 10.400000  0.440703 0.895632 0.060192  0.501511 0.387033 0
0  0.000000 4.000000 10.400000  0.006685 0.992945 0.118386  0.447426 0.386984 0
nitro_can
0  0.000000 3.600000 12.000000  -0.000003 0.877823 0.478986  0.443577 0.324524 0
0  0.000000 4.000000 10.400000  0.006685 0.992945 0.118386  0.447426 0.386984 0
0  -1.530734 3.695518 10.400000  -0.379902 0.917160 0.120383  0.386821 0.386967 0
nitro_can
0  -1.377660 3.325966 12.000000  -0.335931 0.811001 0.478986  0.389033 0.324509 0
0  -1.530734 3.695518 10.400000  -0.379902 0.917160 0.120383  0.386821 0.386967 0
0  -2.828427 2.828427 10.400000  -0.701965 0.701963 0.120383  0.329564 0.386984 0
nitro_can
0  -2.545584 2.545584 12.000000  -0.620717 0.620712 0.478986  0.717008 0.285514 0
0  -2.828427 2.828427 10.400000  -0.701965 0.701963 0.120383  0.729452 0.348047 0
0  -3.695518 1.530734 10.400000  -0.917161 0.379899 0.120383  0.684263 0.348276 0
nitro_can
0  -3.325966 1.377660 12.000000  -0.811003 0.335925 0.478986  0.676337 0.285721 0
0  -3.695518 1.530734 10.400000  -0.917161 0.379899 0.120383  0.684263 0.348276 0
0  -4.000000 0.000000 10.400000  -0.992727 -0.000002 0.120383  0.627007 0.348390 0
nitro_can
0  -3.600000 0.000000 12.000000  -0.877822 -0.000004 0.478986  0.624807 0.285823 0
0  -4.000000 0.000000 10.400000  -0.992727 -0.000002 0.120383  0.627007 0.348390 0
0  -3.695518 -1.530734 10.400000  -0.917160 -0.379902 0.120383  0.566402 0.348371 0
nitro_can
0  -3.325966 -1.377660 12.000000  -0.811001 -0.335931 0.478986  0.344617 0.619109 0
0  -3.695518 -1.530734 10.400000  -0.917160 -0.379902 0.120383  0.406631 0.610431 0
0  -2.828427 -2.828427 10.400000  -0.701963 -0.701965 0.120383  0.416218 0.666739 0
nitro_can
0  -2.545584 -2.545584 12.000000  -0.620712 -0.620717 0.478986  0.353246 0.669786 0
0  -2.828427 -2.828427 10.400000  -0.701963 -0.701965 0.120383  0.416218 0.666739 0
0  -1.530734 -3.695518 10.400000  -0.379899 -0.917161 0.120383  0.416218 0.727686 0
nitro_can
0  -1.377660 -3.325966 12.000000  -0.335925 -0.811004 0.478986  0.353246 0.724638 0
0  -1.530734 -3.695518 10.400000  -0.379899 -0.917161 0.120383  0.416218 0.727686 0
0  -0.000000 -4.000000 10.400000  0.000001 -0.992727 0.120383  0.406631 0.783993 0
nitro_can
0  -0.000000 -3.600000 12.000000  0.000003 -0.877823 0.478986  0.644286 0.000000 0
0  -0.000000 -4.000000 10.400000  0.000001 -0.992727 0.120383  0.647366 0.062462 0
0  1.530734 -3.695518 10.400000  0.379902 -0.917160 0.120383  0.586671 0.062462 0
nitro_can
0  1.377660 -3.325966 12.000000  0.335931 -0.811001 0.478986  0.589661 0.000000 0
0  1.530734 -3.695518 10.400000  0.379902 -0.917160 0.120383  0.586671 0.062462 0
0  2.828427 -2.828427 10.400000  0.701965 -0.701963 0.120383  0.530527 0.062490 0
nitro_can
0  2.545584 -2.545584 12.000000  0.620717 -0.620712 0.478986  0.200911 0.339883 0
0  2.828427 -2.828427 10.400000  0.701965 -0.701963 0.120383  0.213648 0.402365 0
0  3.695518 -1.530734 10.400000  0.924981 -0.363980 0.109216  0.169774 0.402367 0
nitro_can
0  3.325966 -1.377660 12.000000  0.812324 -0.334645 0.477643  0.161426 0.339886 0
0  3.695518 -1.530734 10.400000  0.924981 -0.363980 0.109216  0.169774 0.402367 0
0  3.980104 0.000000 10.400000  0.995741 0.073865 0.055163  0.113057 0.402368 0
nitro_can
0  3.980104 0.000000 10.400000  0.995741 0.073865 0.055163  0.113057 0.402368 0
0  3.846273 0.000000 9.000000  0.988044 0.149207 -0.038813  0.112157 0.457038 0
0  3.248940 1.345755 9.000000  0.876715 0.472252 -0.091371  0.056593 0.457038 0
nitro_can
0  3.513205 1.455217 10.400000  0.904941 0.424849 -0.024211  0.680346 0.603754 0
0  3.248940 1.345755 9.000000  0.876715 0.472252 -0.091371  0.675458 0.658467 0
0  2.478496 2.478496 9.000000  0.773472 0.625028 -0.105266  0.625459 0.653021 0
nitro_can
0  2.683676 2.683676 10.400000  0.752742 0.657743 -0.027453  0.626312 0.597798 0
0  2.478496 2.478496 9.000000  0.773472 0.625028 -0.105266  0.625459 0.653021 0
0  1.464267 3.535054 9.000000  0.516826 0.853417 -0.067603  0.569478 0.650398 0
nitro_can
0  1.520223 3.670143 10.400000  0.440703 0.895632 0.060192  0.567200 0.597147 0
0  1.464267 3.535054 9.000000  0.516826 0.853417 -0.067603  0.569478 0.650398 0
0  0.000000 4.000000 9.000000  0.042969 0.998998 -0.012512  0.512662 0.657702 0
nitro_can
0  0.000000 4.000000 10.400000  0.006685 0.992945 0.118386  0.447426 0.386984 0
0  0.000000 4.000000 9.000000  0.042969 0.998998 -0.012512  0.447415 0.441654 0
0  -1.530734 3.695518 9.000000  -0.382684 0.923880 0.000000  0.386810 0.441637 0
nitro_can
0  -1.530734 3.695518 10.400000  -0.379902 0.917160 0.120383  0.386821 0.386967 0
0  -1.530734 3.695518 9.000000  -0.382684 0.923880 0.000000  0.386810 0.441637 0
0  -2.828427 2.828427 9.000000  -0.707107 0.707107 0.000000  0.329553 0.441655 0
nitro_can
0  -2.828427 2.828427 10.400000  -0.701965 0.701963 0.120383  0.329564 0.386984 0
0  -2.828427 2.828427 9.000000  -0.707107 0.707107 0.000000  0.329553 0.441655 0
0  -3.695518 1.530734 9.000000  -0.923880 0.382683 0.000000  0.284360 0.441703 0
nitro_can
0  -3.695518 1.530734 10.400000  -0.917161 0.379899 0.120383  0.684263 0.348276 0
0  -3.695518 1.530734 9.000000  -0.923880 0.382683 0.000000  0.684263 0.402946 0
0  -4.000000 0.000000 9.000000  -1.000000 -0.000000 0.000000  0.627007 0.403060 0
nitro_can
0  -4.000000 0.000000 10.400000  -0.992727 -0.000002 0.120383  0.627007 0.348390 0
0  -4.000000 0.000000 9.000000  -1.000000 -0.000000 0.000000  0.627007 0.403060 0
0  -3.695518 -1.530734 9.000000  -0.923879 -0.382684 0.000000  0.566402 0.403041 0
nitro_can
0  -3.695518 -1.530734 10.400000  -0.917160 -0.379902 0.120383  0.566402 0.348371 0
0  -3.695518 -1.530734 9.000000  -0.923879 -0.382684 0.000000  0.566402 0.403041 0
0  -2.828427 -2.828427 9.000000  -0.707107 -0.707107 0.000000  0.511674 0.402893 0
nitro_can
0  -2.828427 -2.828427 10.400000  -0.701963 -0.701965 0.120383  0.486506 0.580323 0
0  -2.828427 -2.828427 9.000000  -0.707107 -0.707107 0.000000  0.486506 0.630506 0
0  -1.530734 -3.695518 9.000000  -0.382683 -0.923880 0.000000  0.425931 0.632027 0
nitro_can
0  -1.530734 -3.695518 10.400000  -0.379899 -0.917161 0.120383  0.703372 0.062491 0
0  -1.530734 -3.695518 9.000000  -0.382683 -0.923880 0.000000  0.703372 0.117162 0
0  -0.000000 -4.000000 9.000000  0.000000 -1.000000 0.000000  0.647366 0.117133 0
nitro_can
0  -0.000000 -4.000000 10.400000  0.000001 -0.992727 0.120383  0.647366 0.062462 0
0  -0.000000 -4.000000 9.000000  0.000000 -1.000000 0.000000  0.647366 0.117133 0
0  1.530734 -3.695518 9.000000  0.382684 -0.923880 0.000000  0.586671 0.117132 0
nitro_can
0  1.530734 -3.695518 10.400000  0.379902 -0.917160 0.120383  0.586671 0.062462 0
0  1.530734 -3.695518 9.000000  0.382684 -0.923880 0.000000  0.586671 0.117132 0
0  2.828427 -2.828427 9.000000  0.707107 -0.707107 0.000000  0.530527 0.117161 0
nitro_can
0  2.828427 -2.828427 10.400000  0.701965 -0.701963 0.120383  0.213648 0.402365 0
0  2.828427 -2.828427 9.000000  0.707107 -0.707107 0.000000  0.213648 0.457035 0
0  3.695518 -1.530734 9.000000  0.941742 -0.336337 -0.000598  0.169775 0.457038 0
nitro_can
0  3.695518 -1.530734 10.400000  0.924981 -0.363980 0.109216  0.169774 0.402367 0
0  3.695518 -1.530734 9.000000  0.941742 -0.336337 -0.000598  0.169775 0.457038 0
0  3.846273 0.000000 9.000000  0.988044 0.149207 -0.038813  0.112157 0.457038 0
nitro_can
0  3.846273 0.000000 9.000000  0.988044 0.149207 -0.038813  0.112157 0.457038 0
0  3.839163 0.000000 7.500000  0.987314 0.147142 0.059671  0.112109 0.515614 0
0  3.237349 1.340954 7.500000  0.868965 0.485272 0.097012  0.056699 0.515613 0
nitro_can
0  3.248940 1.345755 9.000000  0.876715 0.472252 -0.091371  0.056593 0.457038 0
0  3.237349 1.340954 7.500000  0.868965 0.485272 0.097012  0.056699 0.515613 0
0  2.469520 2.469520 7.500000  0.766070 0.637524 0.081850  0.008306 0.515612 0
nitro_can
0  2.478496 2.478496 9.000000  0.773472 0.625028 -0.105266  0.625459 0.653021 0
0  2.469520 2.469520 7.500000  0.766070 0.637524 0.081850  0.626438 0.708232 0
0  1.461377 3.528076 7.500000  0.521643 0.852585 0.031437  0.570604 0.705537 0
nitro_can
0  1.464267 3.535054 9.000000  0.516826 0.853417 -0.067603  0.569478 0.650398 0
0  1.461377 3.528076 7.500000  0.521643 0.852585 0.031437  0.570604 0.705537 0
0  0.000000 4.000000 7.500000  0.057352 0.998354 -0.000638  0.513722 0.712744 0
nitro_can
0  0.000000 4.000000 9.000000  0.042969 0.998998 -0.012512  0.447415 0.441654 0
0  0.000000 4.000000 7.500000  0.057352 0.998354 -0.000638  0.447403 0.500230 0
0  -1.530734 3.695518 7.500000  -0.382683 0.923880 0.000000  0.386799 0.500213 0
nitro_can
0  -1.530734 3.695518 9.000000  -0.382684 0.923880 0.000000  0.386810 0.441637 0
0  -1.530734 3.695518 7.500000  -0.382683 0.923880 0.000000  0.386799 0.500213 0
0  -2.828427 2.828427 7.500000  -0.707107 0.707107 0.000000  0.329541 0.500230 0
nitro_can
0  -2.828427 2.828427 9.000000  -0.707107 0.707107 0.000000  0.329553 0.441655 0
0  -2.828427 2.828427 7.500000  -0.707107 0.707107 0.000000  0.329541 0.500230 0
0  -3.695518 1.530734 7.500000  -0.923879 0.382684 0.000000  0.284349 0.500279 0
nitro_can
0  -3.695518 1.530734 9.000000  -0.923880 0.382683 0.000000  0.684263 0.402946 0
0  -3.695518 1.530734 7.500000  -0.923879 0.382684 0.000000  0.684263 0.461520 0
0  -4.000000 0.000000 7.500000  -1.000000 0.000000 0.000000  0.627007 0.461635 0
nitro_can
0  -4.000000 0.000000 9.000000  -1.000000 -0.000000 0.000000  0.627007 0.403060 0
0  -4.000000 0.000000 7.500000  -1.000000 0.000000 0.000000  0.627007 0.461635 0
0  -3.695518 -1.530734 7.500000  -0.923880 -0.382683 0.000000  0.566402 0.461616 0
nitro_can
0  -3.695518 -1.530734 9.000000  -0.923879 -0.382684 0.000000  0.566402 0.403041 0
0  -3.695518 -1.530734 7.500000  -0.923880 -0.382683 0.000000  0.566402 0.461616 0
0  -2.828427 -2.828427 7.500000  -0.707107 -0.707107 0.000000  0.511674 0.461467 0
nitro_can
0  -2.828427 -2.828427 9.000000  -0.707107 -0.707107 0.000000  0.486506 0.630506 0
0  -2.828427 -2.828427 7.500000  -0.707107 -0.707107 0.000000  0.486506 0.684273 0
0  -1.530734 -3.695518 7.500000  -0.382684 -0.923879 0.000000  0.425931 0.685795 0
nitro_can
0  -1.530734 -3.695518 9.000000  -0.382683 -0.923880 0.000000  0.703372 0.117162 0
0  -1.530734 -3.695518 7.500000  -0.382684 -0.923879 0.000000  0.703372 0.175737 0
0  -0.000000 -4.000000 7.500000  -0.000000 -1.000000 0.000000  0.647366 0.175708 0
nitro_can
0  -0.000000 -4.000000 9.000000  0.000000 -1.000000 0.000000  0.647366 0.117133 0
0  -0.000000 -4.000000 7.500000  -0.000000 -1.000000 0.000000  0.647366 0.175708 0
0  1.530734 -3.695518 7.500000  0.382683 -0.923880 0.000000  0.586671 0.175708 0
nitro_can
0  1.530734 -3.695518 9.000000  0.382684 -0.923880 0.000000  0.586671 0.117132 0
0  1.530734 -3.695518 7.500000  0.382683 -0.923880 0.000000  0.586671 0.175708 0
0  2.828427 -2.828427 7.500000  0.707107 -0.707107 0.000000  0.530527 0.175736 0
nitro_can
0  2.828427 -2.828427 9.000000  0.707107 -0.707107 0.000000  0.213648 0.457035 0
0  2.828427 -2.828427 7.500000  0.707107 -0.707107 0.000000  0.213648 0.515611 0
0  3.695518 -1.530734 7.500000  0.938335 -0.345512 0.012245  0.169775 0.515613 0
nitro_can
0  3.695518 -1.530734 9.000000  0.941742 -0.336337 -0.000598  0.169775 0.457038 0
0  3.695518 -1.530734 7.500000  0.938335 -0.345512 0.012245  0.169775 0.515613 0
0  3.839163 0.000000 7.500000  0.987314 0.147142 0.059671  0.112109 0.515614 0
nitro_can
0  3.839163 0.000000 7.500000  0.987314 0.147142 0.059671  0.112109 0.515614 0
0  3.996776 0.000000 5.700000  0.996033 0.062906 0.062934  0.113169 0.585905 0
0  3.575817 1.481152 5.700000  0.881482 0.441941 0.166364  0.053605 0.585905 0
nitro_can
0  3.237349 1.340954 7.500000  0.868965 0.485272 0.097012  0.056699 0.515613 0
0  3.575817 1.481152 5.700000  0.881482 0.441941 0.166364  0.053605 0.585905 0
0  2.732577 2.732577 5.700000  0.718159 0.666124 0.201311  0.000000 0.585904 0
nitro_can
0  2.469520 2.469520 7.500000  0.766070 0.637524 0.081850  0.626438 0.708232 0
0  2.732577 2.732577 5.700000  0.718159 0.666124 0.201311  0.630070 0.769345 0
0  1.528195 3.689388 5.700000  0.444049 0.886735 0.128538  0.570335 0.769345 0
nitro_can
0  1.461377 3.528076 7.500000  0.521643 0.852585 0.031437  0.497900 0.500286 0
0  1.528195 3.689388 5.700000  0.444049 0.886735 0.128538  0.501961 0.570569 0
0  0.000000 4.000000 5.700000  0.027123 0.999270 0.026912  0.447389 0.570521 0
nitro_can
0  0.000000 4.000000 7.500000  0.057352 0.998354 -0.000638  0.447403 0.500230 0
0  0.000000 4.000000 5.700000  0.027123 0.999270 0.026912  0.447389 0.570521 0
0  -1.530734 3.695518 5.700000  -0.382679 0.923881 0.000000  0.386784 0.570504 0
nitro_can
0  -1.530734 3.695518 7.500000  -0.382683 0.923880 0.000000  0.386799 0.500213 0
0  -1.530734 3.695518 5.700000  -0.382679 0.923881 0.000000  0.386784 0.570504 0
0  -2.828427 2.828427 5.700000  -0.707103 0.707110 0.000000  0.329527 0.570521 0
nitro_can
0  -2.828427 2.828427 7.500000  -0.707107 0.707107 0.000000  0.329541 0.500230 0
0  -2.828427 2.828427 5.700000  -0.707103 0.707110 0.000000  0.329527 0.570521 0
0  -3.695518 1.530734 5.700000  -0.923878 0.382688 0.000000  0.284335 0.570569 0
nitro_can
0  -3.695518 1.530734 7.500000  -0.923879 0.382684 0.000000  0.684263 0.461520 0
0  -3.695518 1.530734 5.700000  -0.923878 0.382688 0.000000  0.684263 0.531810 0
0  -4.000000 0.000000 5.700000  -1.000000 0.000005 0.000000  0.627007 0.531924 0
nitro_can
0  -4.000000 0.000000 7.500000  -1.000000 0.000000 0.000000  0.627007 0.461635 0
0  -4.000000 0.000000 5.700000  -1.000000 0.000005 0.000000  0.627007 0.531924 0
0  -3.695518 -1.530734 5.700000  -0.923881 -0.382679 0.000000  0.566402 0.531905 0
nitro_can
0  -3.695518 -1.530734 7.500000  -0.923880 -0.382683 0.000000  0.566402 0.461616 0
0  -3.695518 -1.530734 5.700000  -0.923881 -0.382679 0.000000  0.566402 0.531905 0
0  -2.828427 -2.828427 5.700000  -0.707110 -0.707103 0.000000  0.511674 0.531757 0
nitro_can
0  -2.828427 -2.828427 7.500000  -0.707107 -0.707107 0.000000  0.486506 0.684273 0
0  -2.828427 -2.828427 5.700000  -0.707110 -0.707103 0.000000  0.486506 0.748794 0
0  -1.530734 -3.695518 5.700000  -0.382688 -0.923878 0.000000  0.425931 0.750315 0
nitro_can
0  -1.530734 -3.695518 7.500000  -0.382684 -0.923879 0.000000  0.703372 0.175737 0
0  -1.530734 -3.695518 5.700000  -0.382688 -0.923878 0.000000  0.703372 0.246028 0
0  -0.000000 -4.000000 5.700000  -0.000005 -1.000000 0.000000  0.647366 0.245999 0
nitro_can
0  -0.000000 -4.000000 7.500000  -0.000000 -1.000000 0.000000  0.647366 0.175708 0
0  -0.000000 -4.000000 5.700000  -0.000005 -1.000000 0.000000  0.647366 0.245999 0
0  1.530734 -3.695518 5.700000  0.382679 -0.923881 0.000000  0.586671 0.245999 0
nitro_can
0  1.530734 -3.695518 7.500000  0.382683 -0.923880 0.000000  0.586671 0.175708 0
0  1.530734 -3.695518 5.700000  0.382679 -0.923881 0.000000  0.586671 0.245999 0
0  2.828427 -2.828427 5.700000  0.707103 -0.707110 0.000000  0.530527 0.246027 0
nitro_can
0  2.828427 -2.828427 7.500000  0.707107 -0.707107 0.000000  0.213648 0.515611 0
0  2.828427 -2.828427 5.700000  0.707103 -0.707110 0.000000  0.213648 0.585902 0
0  3.695518 -1.530734 5.700000  0.924265 -0.381752 0.000000  0.169775 0.585904 0
nitro_can
0  3.695518 -1.530734 7.500000  0.938335 -0.345512 0.012245  0.169775 0.515613 0
0  3.695518 -1.530734 5.700000  0.924265 -0.381752 0.000000  0.169775 0.585904 0
0  3.996776 0.000000 5.700000  0.996033 0.062906 0.062934  0.113169 0.585905 0
nitro_can
0  4.000000 0.000000 3.600000  1.000000 0.000005 0.000000  0.138263 0.696532 0
0  4.000000 0.000000 2.200000  1.000000 -0.000001 0.000000  0.192708 0.696533 0
0  3.695518 1.530734 2.200000  0.923880 0.382683 0.000000  0.192707 0.757464 0
nitro_can
0  3.695518 1.530734 3.600000  0.923877 0.382688 0.000000  0.138262 0.757464 0
0  3.695518 1.530734 2.200000  0.923880 0.382683 0.000000  0.192707 0.757464 0
0  2.828427 2.828427 2.200000  0.707107 0.707106 0.000000  0.192705 0.813233 0
nitro_can
0  2.828427 2.828427 3.600000  0.707103 0.707110 0.000000  0.882075 0.395794 0
0  2.828427 2.828427 2.200000  0.707107 0.707106 0.000000  0.830993 0.398812 0
0  1.530734 3.695518 2.200000  0.382684 0.923879 0.000000  0.826896 0.338022 0
nitro_can
0  1.530734 3.695518 3.600000  0.382679 0.923882 0.000000  0.973513 0.714950 0
0  1.530734 3.695518 2.200000  0.382684 0.923879 0.000000  0.919068 0.714950 0
0  0.000000 4.000000 2.200000  0.000001 1.000000 0.000000  0.919106 0.659997 0
nitro_can
0  0.000000 4.000000 3.600000  -0.000005 1.000000 0.000000  0.973550 0.659997 0
0  0.000000 4.000000 2.200000  0.000001 1.000000 0.000000  0.919106 0.659997 0
0  -1.530734 3.695518 2.200000  -0.388979 0.921243 0.002670  0.919110 0.599141 0
nitro_can
0  -1.530734 3.695518 3.600000  -0.388681 0.921365 -0.003559  0.973555 0.599141 0
0  -1.530734 3.695518 2.200000  -0.388979 0.921243 0.002670  0.919110 0.599141 0
0  -2.806820 2.806820 2.200000  -0.768462 0.639452 0.023821  0.919080 0.542254 0
nitro_can
0  -2.821881 2.821881 3.600000  -0.769487 0.638106 -0.026682  0.000000 0.595866 0
0  -2.806820 2.806820 2.200000  -0.768462 0.639452 0.023821  0.054441 0.596575 0
0  -3.381171 1.400527 2.200000  -0.949106 0.309189 0.060004  0.054567 0.647767 0
nitro_can
0  -3.460169 1.433249 3.600000  -0.943600 0.325747 -0.059230  0.000141 0.646022 0
0  -3.381171 1.400527 2.200000  -0.949106 0.309189 0.060004  0.054567 0.647767 0
0  -3.718979 0.000000 2.200000  -0.995138 0.092824 0.032935  0.054642 0.700043 0
nitro_can
0  -3.796125 0.000000 3.600000  -0.994617 0.094853 -0.041712  0.000215 0.699573 0
0  -3.718979 0.000000 2.200000  -0.995138 0.092824 0.032935  0.054642 0.700043 0
0  -3.695304 -1.530645 2.200000  -0.952659 -0.303965 -0.006741  0.054636 0.759345 0
nitro_can
0  -3.695518 -1.530734 3.600000  -0.946911 -0.321496 -0.000126  0.000192 0.759303 0
0  -3.695304 -1.530645 2.200000  -0.952659 -0.303965 -0.006741  0.054636 0.759345 0
0  -2.828427 -2.828427 2.200000  -0.707145 -0.707068 -0.000019  0.054444 0.814303 0
nitro_can
0  -2.828427 -2.828427 3.600000  -0.707103 -0.707110 0.000000  0.690059 0.596797 0
0  -2.828427 -2.828427 2.200000  -0.707145 -0.707068 -0.000019  0.740019 0.598052 0
0  -1.530734 -3.695518 2.200000  -0.382684 -0.923879 0.000000  0.740019 0.658897 0
nitro_can
0  -1.530734 -3.695518 3.600000  -0.382679 -0.923882 0.000000  0.640015 0.952660 0
0  -1.530734 -3.695518 2.200000  -0.382684 -0.923879 0.000000  0.585571 0.952660 0
0  -0.000000 -4.000000 2.200000  -0.000001 -1.000000 0.000000  0.585599 0.896422 0
nitro_can
0  -0.000000 -4.000000 3.600000  0.000005 -1.000000 0.000000  0.640044 0.896422 0
0  -0.000000 -4.000000 2.200000  -0.000001 -1.000000 0.000000  0.585599 0.896422 0
0  1.530734 -3.695518 2.200000  0.382683 -0.923880 0.000000  0.585600 0.835476 0
nitro_can
0  1.530734 -3.695518 3.600000  0.382688 -0.923878 0.000000  0.640044 0.835476 0
0  1.530734 -3.695518 2.200000  0.382683 -0.923880 0.000000  0.585600 0.835476 0
0  2.828427 -2.828427 2.200000  0.707106 -0.707107 0.000000  0.585571 0.779099 0
nitro_can
0  2.828427 -2.828427 3.600000  0.707111 -0.707103 0.000000  0.138260 0.595659 0
0  2.828427 -2.828427 2.200000  0.707106 -0.707107 0.000000  0.192705 0.595659 0
0  3.695518 -1.530734 2.200000  0.923879 -0.382684 0.000000  0.192707 0.639715 0
nitro_can
0  3.695518 -1.530734 3.600000  0.923882 -0.382679 0.000000  0.138262 0.639714 0
0  3.695518 -1.530734 2.200000  0.923879 -0.382684 0.000000  0.192707 0.639715 0
0  4.000000 0.000000 2.200000  1.000000 -0.000001 0.000000  0.192708 0.696533 0
nitro_can
0  4.000000 0.000000 2.200000  1.000000 -0.000001 0.000000  0.192708 0.696533 0
0  4.000000 0.000000 1.000000  0.990655 -0.000005 -0.136391  0.239375 0.696533 0
0  3.695518 1.530734 1.000000  0.915248 0.379103 -0.136391  0.239374 0.757465 0
nitro_can
0  3.695518 1.530734 2.200000  0.923880 0.382683 0.000000  0.192707 0.757464 0
0  3.695518 1.530734 1.000000  0.915248 0.379103 -0.136391  0.239374 0.757465 0
0  2.828427 2.828427 1.000000  0.700502 0.700496 -0.136391  0.239372 0.813233 0
nitro_can
0  2.828427 2.828427 2.200000  0.707107 0.707106 0.000000  0.830993 0.398812 0
0  2.828427 2.828427 1.000000  0.700502 0.700496 -0.136391  0.787209 0.401398 0
0  1.530734 3.695518 1.000000  0.379112 0.915244 -0.136390  0.783112 0.340609 0
nitro_can
0  1.530734 3.695518 2.200000  0.382684 0.923879 0.000000  0.919068 0.714950 0
0  1.530734 3.695518 1.000000  0.379112 0.915244 -0.136390  0.872401 0.714950 0
0  0.000000 4.000000 1.000000  0.000005 0.990655 -0.136391  0.872439 0.659997 0
nitro_can
0  0.000000 4.000000 2.200000  0.000001 1.000000 0.000000  0.919106 0.659997 0
0  0.000000 4.000000 1.000000  0.000005 0.990655 -0.136391  0.872439 0.659997 0
0  -1.530734 3.695518 1.000000  -0.379103 0.915248 -0.136391  0.872443 0.599141 0
nitro_can
0  -1.530734 3.695518 2.200000  -0.388979 0.921243 0.002670  0.919110 0.599141 0
0  -1.530734 3.695518 1.000000  -0.379103 0.915248 -0.136391  0.872443 0.599141 0
0  -2.828427 2.828427 1.000000  -0.723766 0.680287 -0.115641  0.872415 0.541646 0
nitro_can
0  -2.806820 2.806820 2.200000  -0.768462 0.639452 0.023821  0.054441 0.596575 0
0  -2.828427 2.828427 1.000000  -0.723766 0.680287 -0.115641  0.101111 0.595659 0
0  -3.576603 1.481477 1.000000  -0.941493 0.336893 0.009686  0.101277 0.643597 0
nitro_can
0  -3.381171 1.400527 2.200000  -0.949106 0.309189 0.060004  0.054567 0.647767 0
0  -3.576603 1.481477 1.000000  -0.941493 0.336893 0.009686  0.101277 0.643597 0
0  -3.906625 0.000000 1.000000  -0.999441 0.032792 -0.006503  0.101350 0.699045 0
nitro_can
0  -3.718979 0.000000 2.200000  -0.995138 0.092824 0.032935  0.054642 0.700043 0
0  -3.906625 0.000000 1.000000  -0.999441 0.032792 -0.006503  0.101350 0.699045 0
0  -3.695518 -1.530734 1.000000  -0.934165 -0.336264 -0.119427  0.101302 0.759386 0
nitro_can
0  -3.695304 -1.530645 2.200000  -0.952659 -0.303965 -0.006741  0.054636 0.759345 0
0  -3.695518 -1.530734 1.000000  -0.934165 -0.336264 -0.119427  0.101302 0.759386 0
0  -2.828427 -2.828427 1.000000  -0.700520 -0.700482 -0.136371  0.101110 0.814341 0
nitro_can
0  -2.828427 -2.828427 2.200000  -0.707145 -0.707068 -0.000019  0.740019 0.598052 0
0  -2.828427 -2.828427 1.000000  -0.700520 -0.700482 -0.136371  0.782842 0.599127 0
0  -1.530734 -3.695518 1.000000  -0.379112 -0.915244 -0.136390  0.782842 0.659972 0
nitro_can
0  -1.530734 -3.695518 2.200000  -0.382684 -0.923879 0.000000  0.585571 0.952660 0
0  -1.530734 -3.695518 1.000000  -0.379112 -0.915244 -0.136390  0.538904 0.952660 0
0  -0.000000 -4.000000 1.000000  -0.000005 -0.990655 -0.136391  0.538932 0.896422 0
nitro_can
0  -0.000000 -4.000000 2.200000  -0.000001 -1.000000 0.000000  0.585599 0.896422 0
0  -0.000000 -4.000000 1.000000  -0.000005 -0.990655 -0.136391  0.538932 0.896422 0
0  1.530734 -3.695518 1.000000  0.379103 -0.915248 -0.136391  0.538933 0.835476 0
nitro_can
0  1.530734 -3.695518 2.200000  0.382683 -0.923880 0.000000  0.585600 0.835476 0
0  1.530734 -3.695518 1.000000  0.379103 -0.915248 -0.136391  0.538933 0.835476 0
0  2.828427 -2.828427 1.000000  0.700496 -0.700502 -0.136391  0.538904 0.779099 0
nitro_can
0  2.828427 -2.828427 2.200000  0.707106 -0.707107 0.000000  0.192705 0.595659 0
0  2.828427 -2.828427 1.000000  0.700496 -0.700502 -0.136391  0.239372 0.595660 0
0  3.695518 -1.530734 1.000000  0.915244 -0.379112 -0.136391  0.239374 0.639715 0
nitro_can
0  3.695518 -1.530734 2.200000  0.923879 -0.382684 0.000000  0.192707 0.639715 0
0  3.695518 -1.530734 1.000000  0.915244 -0.379112 -0.136391  0.239374 0.639715 0
0  4.000000 0.000000 1.000000  0.990655 -0.000005 -0.136391  0.239375 0.696533 0
nitro_can
0  4.000000 0.000000 1.000000  0.990655 -0.000005 -0.136391  0.239375 0.696533 0
0  3.800000 0.000000 0.300000  0.961524 0.000001 -0.274721  0.266597 0.697885 0
0  3.510742 1.454197 0.300000  0.888332 0.367961 -0.274721  0.266596 0.755769 0
nitro_can
0  3.695518 1.530734 1.000000  0.915248 0.379103 -0.136391  0.783112 0.458629 0
0  3.510742 1.454197 0.300000  0.888332 0.367961 -0.274721  0.755084 0.456108 0
0  2.687006 2.687006 0.300000  0.679899 0.679901 -0.274721  0.758977 0.401738 0
nitro_can
0  2.828427 2.828427 1.000000  0.700502 0.700496 -0.136391  0.787209 0.401398 0
0  2.687006 2.687006 0.300000  0.679899 0.679901 -0.274721  0.758977 0.401738 0
0  1.454197 3.510742 0.300000  0.367958 0.888333 -0.274720  0.755084 0.343988 0
nitro_can
0  1.530734 3.695518 1.000000  0.379112 0.915244 -0.136390  0.783112 0.340609 0
0  1.454197 3.510742 0.300000  0.367958 0.888333 -0.274720  0.755084 0.343988 0
0  0.000000 3.800000 0.300000  -0.000001 0.961524 -0.274721  0.744000 0.291648 0
nitro_can
0  0.000000 4.000000 1.000000  0.000005 0.990655 -0.136391  0.872439 0.659997 0
0  0.000000 3.800000 0.300000  -0.000001 0.961524 -0.274721  0.845206 0.658058 0
0  -1.454197 3.510742 0.300000  -0.367961 0.888332 -0.274721  0.845210 0.600245 0
nitro_can
0  -1.530734 3.695518 1.000000  -0.379103 0.915248 -0.136391  0.872443 0.599141 0
0  -1.454197 3.510742 0.300000  -0.367961 0.888332 -0.274721  0.845210 0.600245 0
0  -2.687006 2.687006 0.300000  -0.682553 0.677237 -0.274719  0.845183 0.545625 0
nitro_can
0  -2.828427 2.828427 1.000000  -0.723766 0.680287 -0.115641  0.101111 0.595659 0
0  -2.687006 2.687006 0.300000  -0.682553 0.677237 -0.274719  0.128302 0.601929 0
0  -3.500227 1.449842 0.300000  -0.925375 0.352544 -0.139260  0.128482 0.645264 0
nitro_can
0  -3.576603 1.481477 1.000000  -0.941493 0.336893 0.009686  0.101277 0.643597 0
0  -3.500227 1.449842 0.300000  -0.925375 0.352544 -0.139260  0.128482 0.645264 0
0  -3.796557 0.000000 0.300000  -0.988612 0.010260 -0.150136  0.128547 0.699675 0
nitro_can
0  -3.906625 0.000000 1.000000  -0.999441 0.032792 -0.006503  0.101350 0.699045 0
0  -3.796557 0.000000 0.300000  -0.988612 0.010260 -0.150136  0.128547 0.699675 0
0  -3.510742 -1.454197 0.300000  -0.900661 -0.349129 -0.258687  0.128483 0.757470 0
nitro_can
0  -3.695518 -1.530734 1.000000  -0.934165 -0.336264 -0.119427  0.792073 0.541678 0
0  -3.510742 -1.454197 0.300000  -0.900661 -0.349129 -0.258687  0.819623 0.546293 0
0  -2.687006 -2.687006 0.300000  -0.679899 -0.679901 -0.274721  0.810854 0.600870 0
nitro_can
0  -2.828427 -2.828427 1.000000  -0.700520 -0.700482 -0.136371  0.782842 0.599127 0
0  -2.687006 -2.687006 0.300000  -0.679899 -0.679901 -0.274721  0.810854 0.600870 0
0  -1.454197 -3.510742 0.300000  -0.367958 -0.888333 -0.274720  0.810854 0.658673 0
nitro_can
0  -1.530734 -3.695518 1.000000  -0.379112 -0.915244 -0.136390  0.782842 0.659972 0
0  -1.454197 -3.510742 0.300000  -0.367958 -0.888333 -0.274720  0.810854 0.658673 0
0  -0.000000 -3.800000 0.300000  0.000001 -0.961524 -0.274721  0.819623 0.710901 0
nitro_can
0  -0.000000 -4.000000 1.000000  -0.000005 -0.990655 -0.136391  0.538932 0.896422 0
0  -0.000000 -3.800000 0.300000  0.000001 -0.961524 -0.274721  0.511701 0.894876 0
0  1.454197 -3.510742 0.300000  0.367961 -0.888332 -0.274721  0.511701 0.836976 0
nitro_can
0  1.530734 -3.695518 1.000000  0.379103 -0.915248 -0.136391  0.538933 0.835476 0
0  1.454197 -3.510742 0.300000  0.367961 -0.888332 -0.274721  0.511701 0.836976 0
0  2.687006 -2.687006 0.300000  0.679901 -0.679899 -0.274721  0.511674 0.783418 0
nitro_can
0  2.828427 -2.828427 1.000000  0.700496 -0.700502 -0.136391  0.239372 0.595660 0
0  2.687006 -2.687006 0.300000  0.679901 -0.679899 -0.274721  0.266594 0.602055 0
0  3.510742 -1.454197 0.300000  0.888333 -0.367958 -0.274721  0.266596 0.643907 0
nitro_can
0  3.695518 -1.530734 1.000000  0.915244 -0.379112 -0.136391  0.239374 0.639715 0
0  3.510742 -1.454197 0.300000  0.888333 -0.367958 -0.274721  0.266596 0.643907 0
0  3.800000 0.000000 0.300000  0.961524 0.000001 -0.274721  0.266597 0.697885 0
nitro_can
0  3.800000 0.000000 0.300000  0.600000 -0.000004 -0.800000  0.062838 0.022157 0
0  3.400000 0.000000 0.000000  0.600000 0.000000 -0.800000  0.071480 0.035145 0
0  3.141191 1.301124 0.000000  0.554328 0.229610 -0.800000  0.035000 0.071776 0
nitro_can
0  3.510742 1.454197 0.300000  0.554329 0.229607 -0.800000  0.755084 0.456108 0
0  3.141191 1.301124 0.000000  0.554328 0.229610 -0.800000  0.739166 0.448693 0
0  2.404163 2.404163 0.000000  0.424264 0.424264 -0.800000  0.742648 0.400047 0
nitro_can
0  2.687006 2.687006 0.300000  0.424267 0.424262 -0.800000  0.758977 0.401738 0
0  2.404163 2.404163 0.000000  0.424264 0.424264 -0.800000  0.742648 0.400047 0
0  1.301124 3.141191 0.000000  0.229610 0.554328 -0.800000  0.739166 0.348376 0
nitro_can
0  1.454197 3.510742 0.300000  0.229614 0.554326 -0.800000  0.000000 0.174490 0
0  1.301124 3.141191 0.000000  0.229610 0.554328 -0.800000  0.015257 0.171443 0
0  0.000000 3.400000 0.000000  -0.000000 0.600000 -0.800000  0.035000 0.219304 0
nitro_can
0  0.000000 3.800000 0.300000  0.000004 0.600000 -0.800000  0.022066 0.227982 0
0  0.000000 3.400000 0.000000  -0.000000 0.600000 -0.800000  0.035000 0.219304 0
0  -1.301124 3.141191 0.000000  -0.229610 0.554328 -0.800000  0.071480 0.255936 0
nitro_can
0  -1.454197 3.510742 0.300000  -0.229607 0.554329 -0.800000  0.062838 0.268923 0
0  -1.301124 3.141191 0.000000  -0.229610 0.554328 -0.800000  0.071480 0.255936 0
0  -2.404163 2.404163 0.000000  -0.424264 0.424264 -0.800000  0.119144 0.275761 0
nitro_can
0  -2.687006 2.687006 0.300000  -0.425466 0.424719 -0.799120  0.116109 0.291081 0
0  -2.404163 2.404163 0.000000  -0.424264 0.424264 -0.800000  0.119144 0.275761 0
0  -3.141191 1.301124 0.000000  -0.564363 0.231486 -0.792407  0.170735 0.275761 0
nitro_can
0  -3.500227 1.449842 0.300000  -0.564457 0.231932 -0.792210  0.173683 0.290645 0
0  -3.141191 1.301124 0.000000  -0.564363 0.231486 -0.792407  0.170735 0.275761 0
0  -3.400000 0.000000 0.000000  -0.604068 0.001461 -0.796932  0.218398 0.255936 0
nitro_can
0  -3.796557 0.000000 0.300000  -0.602963 0.001612 -0.797768  0.226966 0.268812 0
0  -3.400000 0.000000 0.000000  -0.604068 0.001461 -0.796932  0.218398 0.255936 0
0  -3.141191 -1.301124 0.000000  -0.554867 -0.229154 -0.799757  0.254878 0.219304 0
nitro_can
0  -3.510742 -1.454197 0.300000  -0.554568 -0.229030 -0.800000  0.819623 0.546293 0
0  -3.141191 -1.301124 0.000000  -0.554867 -0.229154 -0.799757  0.835470 0.554537 0
0  -2.404163 -2.404163 0.000000  -0.424264 -0.424264 -0.800000  0.827623 0.603369 0
nitro_can
0  -2.687006 -2.687006 0.300000  -0.424267 -0.424262 -0.800000  0.810854 0.600870 0
0  -2.404163 -2.404163 0.000000  -0.424264 -0.424264 -0.800000  0.827623 0.603369 0
0  -1.301124 -3.141191 0.000000  -0.229610 -0.554328 -0.800000  0.827623 0.655088 0
nitro_can
0  -1.454197 -3.510742 0.300000  -0.229614 -0.554326 -0.800000  0.810854 0.658673 0
0  -1.301124 -3.141191 0.000000  -0.229610 -0.554328 -0.800000  0.827623 0.655088 0
0  -0.000000 -3.400000 0.000000  0.000000 -0.600000 -0.800000  0.835470 0.701819 0
nitro_can
0  -0.000000 -3.800000 0.300000  -0.000004 -0.600000 -0.800000  0.267813 0.063098 0
0  -0.000000 -3.400000 0.000000  0.000000 -0.600000 -0.800000  0.254878 0.071776 0
0  1.301124 -3.141191 0.000000  0.229610 -0.554328 -0.800000  0.218398 0.035145 0
nitro_can
0  1.454197 -3.510742 0.300000  0.229607 -0.554329 -0.800000  0.227040 0.022157 0
0  1.301124 -3.141191 0.000000  0.229610 -0.554328 -0.800000  0.218398 0.035145 0
0  2.404163 -2.404163 0.000000  0.424264 -0.424264 -0.800000  0.170735 0.015320 0
nitro_can
0  2.687006 -2.687006 0.300000  0.424261 -0.424267 -0.800000  0.173769 0.000000 0
0  2.404163 -2.404163 0.000000  0.424264 -0.424264 -0.800000  0.170735 0.015320 0
0  3.141191 -1.301124 0.000000  0.554328 -0.229610 -0.800000  0.119144 0.015320 0
nitro_can
0  3.510742 -1.454197 0.300000  0.554326 -0.229614 -0.800000  0.116109 0.000000 0
0  3.141191 -1.301124 0.000000  0.554328 -0.229610 -0.800000  0.119144 0.015320 0
0  3.400000 0.000000 0.000000  0.600000 0.000000 -0.800000  0.071480 0.035145 0
nitro_can
0  4.000000 0.000000 5.700000  0.894426 0.000001 0.447215  0.880569 0.102472 0
0  4.050000 0.000000 5.600000  0.974677 0.000004 0.223616  0.884458 0.102135 0
0  3.741712 1.549868 5.600000  0.900483 0.372997 0.223616  0.884458 0.163828 0
nitro_can
0  3.695518 1.530734 5.700000  0.826342 0.342283 0.447216  0.880569 0.163404 0
0  3.741712 1.549868 5.600000  0.900483 0.372997 0.223616  0.884458 0.163828 0
0  2.863782 2.863782 5.600000  0.689199 0.689204 0.223615  0.884456 0.220293 0
nitro_can
0  2.828427 2.828427 5.700000  0.632456 0.632455 0.447214  0.891788 0.342737 0
0  2.863782 2.863782 5.600000  0.689199 0.689204 0.223615  0.894791 0.342432 0
0  1.549868 3.741712 5.600000  0.372989 0.900486 0.223614  0.894791 0.404123 0
nitro_can
0  1.530734 3.695518 5.700000  0.342282 0.826344 0.447213  0.284401 0.825026 0
0  1.549868 3.741712 5.600000  0.372989 0.900486 0.223614  0.288288 0.823855 0
0  0.000000 4.050000 5.600000  -0.000003 0.974677 0.223616  0.288239 0.879495 0
nitro_can
0  0.000000 4.000000 5.700000  0.000001 0.894426 0.447216  0.284352 0.879979 0
0  0.000000 4.050000 5.600000  -0.000003 0.974677 0.223616  0.288239 0.879495 0
0  -1.549868 3.741712 5.600000  -0.374670 0.900189 0.221995  0.288221 0.941112 0
nitro_can
0  -1.530734 3.695518 5.700000  -0.342282 0.826343 0.447214  0.284335 0.940835 0
0  -1.549868 3.741712 5.600000  -0.374670 0.900189 0.221995  0.288221 0.941112 0
0  -2.863782 2.863782 5.600000  -0.716874 0.666304 0.205257  0.288237 0.999326 0
nitro_can
0  -2.828427 2.828427 5.700000  -0.649925 0.616164 0.444904  0.857541 0.726258 0
0  -2.863782 2.863782 5.600000  -0.716874 0.666304 0.205257  0.861440 0.724704 0
0  -3.667605 1.519172 5.600000  -0.922148 0.367541 0.120653  0.861562 0.772244 0
nitro_can
0  -3.635158 1.505732 5.700000  -0.876309 0.349227 0.331848  0.857665 0.772935 0
0  -3.667605 1.519172 5.600000  -0.922148 0.367541 0.120653  0.861562 0.772244 0
0  -3.994307 0.000000 5.600000  -0.988447 0.035412 0.147375  0.861567 0.829167 0
nitro_can
0  -3.956094 0.000000 5.700000  -0.933129 0.023477 0.358775  0.857670 0.829371 0
0  -3.994307 0.000000 5.600000  -0.988447 0.035412 0.147375  0.861567 0.829167 0
0  -3.741712 -1.549868 5.600000  -0.906481 -0.359107 0.222112  0.861440 0.890477 0
nitro_can
0  -3.695518 -1.530734 5.700000  -0.831325 -0.330047 0.447177  0.486506 0.934716 0
0  -3.741712 -1.549868 5.600000  -0.906481 -0.359107 0.222112  0.482297 0.935800 0
0  -2.863782 -2.863782 5.600000  -0.689199 -0.689204 0.223615  0.472590 0.878789 0
nitro_can
0  -2.828427 -2.828427 5.700000  -0.632456 -0.632455 0.447214  0.476919 0.878408 0
0  -2.863782 -2.863782 5.600000  -0.689199 -0.689204 0.223615  0.472590 0.878789 0
0  -1.549868 -3.741712 5.600000  -0.372989 -0.900486 0.223614  0.472590 0.817080 0
nitro_can
0  -1.530734 -3.695518 5.700000  -0.342282 -0.826344 0.447213  0.476919 0.817461 0
0  -1.549868 -3.741712 5.600000  -0.372989 -0.900486 0.223614  0.472590 0.817080 0
0  -0.000000 -4.050000 5.600000  0.000003 -0.974677 0.223616  0.482297 0.760069 0
nitro_can
0  -0.000000 -4.000000 5.700000  -0.000001 -0.894426 0.447216  0.138275 0.880313 0
0  -0.000000 -4.050000 5.600000  0.000003 -0.974677 0.223616  0.142162 0.879927 0
0  1.549868 -3.741712 5.600000  0.372996 -0.900483 0.223615  0.142147 0.941636 0
nitro_can
0  1.530734 -3.695518 5.700000  0.342282 -0.826343 0.447214  0.138260 0.941260 0
0  1.549868 -3.741712 5.600000  0.372996 -0.900483 0.223615  0.142147 0.941636 0
0  2.863782 -2.863782 5.600000  0.689203 -0.689199 0.223616  0.142162 0.998717 0
nitro_can
0  2.828427 -2.828427 5.700000  0.632454 -0.632455 0.447216  0.880567 0.001599 0
0  2.863782 -2.863782 5.600000  0.689203 -0.689199 0.223616  0.884456 0.000000 0
0  3.741712 -1.549868 5.600000  0.900486 -0.372990 0.223616  0.884458 0.044606 0
nitro_can
0  3.695518 -1.530734 5.700000  0.826342 -0.342282 0.447216  0.880569 0.045654 0
0  3.741712 -1.549868 5.600000  0.900486 -0.372990 0.223616  0.884458 0.044606 0
0  4.050000 0.000000 5.600000  0.974677 0.000004 0.223616  0.884458 0.102135 0
nitro_can
0  4.050000 0.000000 5.600000  0.974677 0.000004 0.223616  0.884458 0.102135 0
0  4.050000 0.000000 3.700000  0.974678 -0.000004 -0.223615  0.958348 0.102135 0
0  3.741712 1.549868 3.700000  0.900486 0.372990 -0.223615  0.958347 0.163828 0
nitro_can
0  3.741712 1.549868 5.600000  0.900483 0.372997 0.223616  0.884458 0.163828 0
0  3.741712 1.549868 3.700000  0.900486 0.372990 -0.223615  0.958347 0.163828 0
0  2.863782 2.863782 3.700000  0.689204 0.689198 -0.223615  0.958345 0.220294 0
nitro_can
0  2.863782 2.863782 5.600000  0.689199 0.689204 0.223615  0.894791 0.342432 0
0  2.863782 2.863782 3.700000  0.689204 0.689198 -0.223615  0.964234 0.343047 0
0  1.549868 3.741712 3.700000  0.372996 0.900484 -0.223614  0.964234 0.404737 0
nitro_can
0  1.549868 3.741712 5.600000  0.372989 0.900486 0.223614  0.288288 0.823855 0
0  1.549868 3.741712 3.700000  0.372996 0.900484 -0.223614  0.362177 0.823871 0
0  0.000000 4.050000 3.700000  0.000004 0.974678 -0.223615  0.362128 0.879511 0
nitro_can
0  0.000000 4.050000 5.600000  -0.000003 0.974677 0.223616  0.288239 0.879495 0
0  0.000000 4.050000 3.700000  0.000004 0.974678 -0.223615  0.362128 0.879511 0
0  -1.549868 3.741712 3.700000  -0.379491 0.897777 -0.223570  0.362110 0.941128 0
nitro_can
0  -1.549868 3.741712 5.600000  -0.374670 0.900189 0.221995  0.288221 0.941112 0
0  -1.549868 3.741712 3.700000  -0.379491 0.897777 -0.223570  0.362110 0.941128 0
0  -2.847560 2.847560 3.700000  -0.740496 0.631016 -0.231266  0.362128 0.998885 0
nitro_can
0  -2.863782 2.863782 5.600000  -0.716874 0.666304 0.205257  0.861440 0.724704 0
0  -2.847560 2.847560 3.700000  -0.740496 0.631016 -0.231266  0.935323 0.725567 0
0  -3.497497 1.448711 3.700000  -0.912009 0.326263 -0.248580  0.935408 0.776055 0
nitro_can
0  -3.667605 1.519172 5.600000  -0.922148 0.367541 0.120653  0.861562 0.772244 0
0  -3.497497 1.448711 3.700000  -0.912009 0.326263 -0.248580  0.935408 0.776055 0
0  -3.831993 0.000000 3.700000  -0.962376 0.078624 -0.260097  0.935418 0.830211 0
nitro_can
0  -3.994307 0.000000 5.600000  -0.988447 0.035412 0.147375  0.861567 0.829167 0
0  -3.831993 0.000000 3.700000  -0.962376 0.078624 -0.260097  0.935418 0.830211 0
0  -3.741623 -1.549831 3.700000  -0.917185 -0.322528 -0.233979  0.935328 0.890623 0
nitro_can
0  -3.741712 -1.549868 5.600000  -0.906481 -0.359107 0.222112  0.861440 0.890477 0
0  -3.741623 -1.549831 3.700000  -0.917185 -0.322528 -0.233979  0.935328 0.890623 0
0  -2.863782 -2.863782 3.700000  -0.689218 -0.689183 -0.223621  0.935068 0.946266 0
nitro_can
0  -2.863782 -2.863782 5.600000  -0.689199 -0.689204 0.223615  0.375732 0.880320 0
0  -2.863782 -2.863782 3.700000  -0.689218 -0.689183 -0.223621  0.443535 0.882021 0
0  -1.549868 -3.741712 3.700000  -0.372996 -0.900484 -0.223614  0.443537 0.943627 0
nitro_can
0  -1.549868 -3.741712 5.600000  -0.372989 -0.900486 0.223614  0.142205 0.822986 0
0  -1.549868 -3.741712 3.700000  -0.372996 -0.900484 -0.223614  0.216094 0.823004 0
0  -0.000000 -4.050000 3.700000  -0.000004 -0.974678 -0.223615  0.216051 0.879945 0
nitro_can
0  -0.000000 -4.050000 5.600000  0.000003 -0.974677 0.223616  0.142162 0.879927 0
0  -0.000000 -4.050000 3.700000  -0.000004 -0.974678 -0.223615  0.216051 0.879945 0
0  1.549868 -3.741712 3.700000  0.372990 -0.900486 -0.223614  0.216036 0.941654 0
nitro_can
0  1.549868 -3.741712 5.600000  0.372996 -0.900483 0.223615  0.142147 0.941636 0
0  1.549868 -3.741712 3.700000  0.372990 -0.900486 -0.223614  0.216036 0.941654 0
0  2.863782 -2.863782 3.700000  0.689198 -0.689204 -0.223615  0.216051 0.998735 0
nitro_can
0  2.863782 -2.863782 5.600000  0.689203 -0.689199 0.223616  0.884456 0.000000 0
0  2.863782 -2.863782 3.700000  0.689198 -0.689204 -0.223615  0.958345 0.000001 0
0  3.741712 -1.549868 3.700000  0.900483 -0.372996 -0.223615  0.958347 0.044607 0
nitro_can
0  3.741712 -1.549868 5.600000  0.900486 -0.372990 0.223616  0.884458 0.044606 0
0  3.741712 -1.549868 3.700000  0.900483 -0.372996 -0.223615  0.958347 0.044607 0
0  4.050000 0.000000 3.700000  0.974678 -0.000004 -0.223615  0.958348 0.102135 0
nitro_can
0  4.050000 0.000000 3.700000  0.974678 -0.000004 -0.223615  0.958348 0.102135 0
0  4.000000 0.000000 3.600000  0.894427 -0.000001 -0.447213  0.962237 0.102473 0
0  3.695518 1.530734 3.600000  0.826343 0.342283 -0.447214  0.962236 0.163404 0
nitro_can
0  3.741712 1.549868 3.700000  0.900486 0.372990 -0.223615  0.972269 0.285514 0
0  3.695518 1.530734 3.600000  0.826343 0.342283 -0.447214  0.976476 0.286594 0
0  2.828427 2.828427 3.600000  0.632456 0.632455 -0.447214  0.968540 0.343416 0
nitro_can
0  2.863782 2.863782 3.700000  0.689204 0.689198 -0.223615  0.964234 0.343047 0
0  2.828427 2.828427 3.600000  0.632456 0.632455 -0.447214  0.968540 0.343416 0
0  1.530734 3.695518 3.600000  0.342283 0.826344 -0.447212  0.968540 0.404345 0
nitro_can
0  1.549868 3.741712 3.700000  0.372996 0.900484 -0.223614  0.964234 0.404737 0
0  1.530734 3.695518 3.600000  0.342283 0.826344 -0.447212  0.968540 0.404345 0
0  0.000000 4.000000 3.600000  0.000001 0.894427 -0.447215  0.976476 0.460105 0
nitro_can
0  0.000000 4.050000 3.700000  0.000004 0.974678 -0.223615  0.362128 0.879511 0
0  0.000000 4.000000 3.600000  0.000001 0.894427 -0.447215  0.366019 0.879997 0
0  -1.530734 3.695518 3.600000  -0.349103 0.823492 -0.447201  0.366002 0.940853 0
nitro_can
0  -1.549868 3.741712 3.700000  -0.379491 0.897777 -0.223570  0.362110 0.941128 0
0  -1.530734 3.695518 3.600000  -0.349103 0.823492 -0.447201  0.366002 0.940853 0
0  -2.810985 2.810985 3.600000  -0.683126 0.569134 -0.457630  0.366019 0.997857 0
nitro_can
0  -2.847560 2.847560 3.700000  -0.740496 0.631016 -0.231266  0.935323 0.725567 0
0  -2.810985 2.810985 3.600000  -0.683126 0.569134 -0.457630  0.939202 0.727191 0
0  -3.454434 1.430874 3.600000  -0.857962 0.292801 -0.422100  0.939286 0.776990 0
nitro_can
0  -3.497497 1.448711 3.700000  -0.912009 0.326263 -0.248580  0.935408 0.776055 0
0  -3.454434 1.430874 3.600000  -0.857962 0.292801 -0.422100  0.939286 0.776990 0
0  -3.783994 0.000000 3.600000  -0.898756 0.079267 -0.431225  0.939296 0.830484 0
nitro_can
0  -3.831993 0.000000 3.700000  -0.962376 0.078624 -0.260097  0.935418 0.830211 0
0  -3.783994 0.000000 3.600000  -0.898756 0.079267 -0.431225  0.939296 0.830484 0
0  -3.695189 -1.530598 3.600000  -0.849228 -0.279265 -0.448132  0.939207 0.890144 0
nitro_can
0  -3.741623 -1.549831 3.700000  -0.917185 -0.322528 -0.233979  0.452882 0.823855 0
0  -3.695189 -1.530598 3.600000  -0.849228 -0.279265 -0.448132  0.457096 0.824946 0
0  -2.828427 -2.828427 3.600000  -0.632463 -0.632419 -0.447255  0.447862 0.882389 0
nitro_can
0  -2.863782 -2.863782 3.700000  -0.689218 -0.689183 -0.223621  0.443535 0.882021 0
0  -2.828427 -2.828427 3.600000  -0.632463 -0.632419 -0.447255  0.447862 0.882389 0
0  -1.530734 -3.695518 3.600000  -0.342283 -0.826344 -0.447212  0.447863 0.943234 0
nitro_can
0  -1.549868 -3.741712 3.700000  -0.372996 -0.900484 -0.223614  0.443537 0.943627 0
0  -1.530734 -3.695518 3.600000  -0.342283 -0.826344 -0.447212  0.447863 0.943234 0
0  -0.000000 -4.000000 3.600000  -0.000001 -0.894427 -0.447215  0.457096 0.998212 0
nitro_can
0  -0.000000 -4.050000 3.700000  -0.000004 -0.974678 -0.223615  0.216051 0.879945 0
0  -0.000000 -4.000000 3.600000  -0.000001 -0.894427 -0.447215  0.219942 0.880333 0
0  1.530734 -3.695518 3.600000  0.342283 -0.826343 -0.447213  0.219927 0.941279 0
nitro_can
0  1.549868 -3.741712 3.700000  0.372990 -0.900486 -0.223614  0.216036 0.941654 0
0  1.530734 -3.695518 3.600000  0.342283 -0.826343 -0.447213  0.219927 0.941279 0
0  2.828427 -2.828427 3.600000  0.632455 -0.632456 -0.447214  0.219942 0.997656 0
nitro_can
0  2.863782 -2.863782 3.700000  0.689198 -0.689204 -0.223615  0.958345 0.000001 0
0  2.828427 -2.828427 3.600000  0.632455 -0.632456 -0.447214  0.962234 0.001599 0
0  3.695518 -1.530734 3.600000  0.826343 -0.342282 -0.447213  0.962236 0.045655 0
nitro_can
0  3.741712 -1.549868 3.700000  0.900483 -0.372996 -0.223615  0.958347 0.044607 0
0  3.695518 -1.530734 3.600000  0.826343 -0.342282 -0.447213  0.962236 0.045655 0
0  4.000000 0.000000 3.600000  0.894427 -0.000001 -0.447213  0.962237 0.102473 0
nitro_can
0  1.818653 1.050000 16.200001  0.445564 0.257250 0.857493  0.770832 0.158423 0
0  1.050000 1.818653 16.200001  0.257245 0.445567 0.857493  0.734222 0.137199 0
0  0.800000 1.385641 16.500000  0.257246 0.445566 0.857494  0.747971 0.123392 0
nitro_can
0  -1.600000 0.000000 15.900000  -0.514495 0.000002 -0.857493  0.785048 0.864267 0
0  -1.385641 -0.800000 15.900000  -0.445567 -0.257247 -0.857493  0.812941 0.848096 0
0  -1.818653 -1.050000 16.200001  -0.445569 -0.257246 -0.857492  0.826691 0.861902 0
nitro_can
0  0.000000 0.850000 13.300001  0.382683 0.923880 0.000000  0.083144 0.910420 0
0  0.000000 0.850000 15.600000  0.382683 0.923880 0.000000  0.083144 0.826006 0
0  0.601041 0.601041 15.600000  0.382683 0.923880 0.000000  0.107822 0.824094 0
nitro_can
0  1.050000 1.818653 16.200001  0.257245 0.445567 0.857493  0.734222 0.137199 0
0  0.000000 2.100000 16.200001  -0.000003 0.514495 0.857493  0.713085 0.100436 0
0  0.000000 1.600000 16.500000  -0.000002 0.514495 0.857494  0.731867 0.095383 0
nitro_can
0  -1.385641 0.800000 15.900000  -0.445567 0.257250 -0.857492  0.752839 0.864267 0
0  -1.600000 0.000000 15.900000  -0.514495 0.000002 -0.857493  0.785048 0.864267 0
0  -2.100000 0.000000 16.200001  -0.514498 0.000003 -0.857492  0.790080 0.883127 0
nitro_can
0  0.601041 0.601041 13.300001  0.923879 0.382684 0.000000  0.223361 0.490292 0
0  0.601041 0.601041 15.600000  0.923880 0.382683 0.000000  0.223361 0.400476 0
0  0.850000 0.000000 15.600000  0.923880 0.382683 0.000000  0.248057 0.400476 0
nitro_can
0  1.385641 -0.800000 15.900000  0.445567 -0.257250 -0.857492  0.785048 0.743563 0
0  1.600000 0.000000 15.900000  0.514495 -0.000002 -0.857493  0.752839 0.743563 0
0  2.100000 0.000000 16.200001  0.514498 -0.000003 -0.857492  0.747806 0.724704 0
nitro_can
0  -0.800000 1.385641 15.900000  -0.257248 0.445568 -0.857492  0.724945 0.848096 0
0  -1.385641 0.800000 15.900000  -0.445567 0.257250 -0.857492  0.752839 0.864267 0
0  -1.818653 1.050000 16.200001  -0.445569 0.257251 -0.857491  0.747806 0.883127 0
nitro_can
0  0.850000 0.000000 13.300001  0.923880 -0.382683 0.000000  0.248057 0.490292 0
0  0.850000 0.000000 15.600000  0.923880 -0.382684 0.000000  0.248057 0.400476 0
0  0.601041 -0.601041 15.600000  0.923879 -0.382684 0.000000  0.269404 0.400475 0
nitro_can
0  0.800000 -1.385641 15.900000  0.257248 -0.445568 -0.857492  0.812941 0.759735 0
0  1.385641 -0.800000 15.900000  0.445567 -0.257250 -0.857492  0.785048 0.743563 0
0  1.818653 -1.050000 16.200001  0.445569 -0.257251 -0.857491  0.790080 0.724704 0
nitro_can
0  0.000000 1.600000 15.900000  -0.000001 0.514497 -0.857492  0.708841 0.820086 0
0  -0.800000 1.385641 15.900000  -0.257248 0.445568 -0.857492  0.724945 0.848096 0
0  -1.050000 1.818653 16.200001  -0.257248 0.445569 -0.857492  0.711196 0.861902 0
nitro_can
0  0.601041 -0.601041 13.300001  0.382683 -0.923880 0.000000  0.048602 0.913916 0
0  0.601041 -0.601041 15.600000  0.382683 -0.923880 0.000000  0.048602 0.824100 0
0  0.000000 -0.850000 15.600000  0.382683 -0.923880 0.000000  0.073431 0.824094 0
nitro_can
0  -0.000000 -1.600000 15.900000  0.000001 -0.514497 -0.857492  0.829046 0.787744 0
0  0.800000 -1.385641 15.900000  0.257248 -0.445568 -0.857492  0.812941 0.759735 0
0  1.050000 -1.818653 16.200001  0.257248 -0.445569 -0.857492  0.826691 0.745928 0
nitro_can
0  0.800000 1.385641 15.900000  0.257251 0.445567 -0.857492  0.708841 0.787744 0
0  0.000000 1.600000 15.900000  -0.000001 0.514497 -0.857492  0.708841 0.820086 0
0  0.000000 2.100000 16.200001  0.000002 0.514497 -0.857492  0.690059 0.825140 0
nitro_can
0  0.000000 -0.850000 13.300001  -0.382683 -0.923880 0.000000  0.649758 0.960481 0
0  0.000000 -0.850000 15.600000  -0.382683 -0.923880 0.000000  0.649758 0.878673 0
0  -0.601041 -0.601041 15.600000  -0.382683 -0.923880 0.000000  0.674571 0.880719 0
nitro_can
0  -0.800000 -1.385641 15.900000  -0.257251 -0.445567 -0.857492  0.829046 0.820086 0
0  -0.000000 -1.600000 15.900000  0.000001 -0.514497 -0.857492  0.829046 0.787744 0
0  -0.000000 -2.100000 16.200001  -0.000002 -0.514497 -0.857492  0.847828 0.782690 0
nitro_can
0  1.385641 0.800000 15.900000  0.445567 0.257247 -0.857493  0.724945 0.759735 0
0  0.800000 1.385641 15.900000  0.257251 0.445567 -0.857492  0.708841 0.787744 0
0  1.050000 1.818653 16.200001  0.257253 0.445566 -0.857492  0.690059 0.782690 0
nitro_can
0  -0.601041 -0.601041 13.300001  -0.923879 -0.382684 0.000000  0.223361 0.390686 0
0  -0.601041 -0.601041 15.600000  -0.923880 -0.382683 0.000000  0.223361 0.300872 0
0  -0.850000 0.000000 15.600000  -0.923880 -0.382683 0.000000  0.247869 0.300907 0
nitro_can
0  0.850000 0.000000 15.600000  0.000000 0.000000 1.000000  0.782355 0.529715 0
0  0.601041 0.601041 15.600000  0.000000 0.000000 1.000000  0.757055 0.529715 0
0  0.000000 0.850000 15.600000  0.000000 0.000000 1.000000  0.739166 0.511751 0
nitro_can
0  0.000000 0.850000 15.600000  0.000000 0.000000 1.000000  0.739166 0.511751 0
0  -0.601041 0.601041 15.600000  0.000000 0.000000 1.000000  0.739166 0.486347 0
0  -0.850000 0.000000 15.600000  0.000000 0.000000 1.000000  0.757055 0.468383 0
nitro_can
0  -0.850000 0.000000 15.600000  0.000000 0.000000 1.000000  0.757055 0.468383 0
0  -0.601041 -0.601041 15.600000  0.000000 0.000000 1.000000  0.782355 0.468383 0
0  0.000000 -0.850000 15.600000  0.000000 0.000000 1.000000  0.800245 0.486347 0
nitro_can
0  0.000000 -0.850000 15.600000  0.000000 0.000000 1.000000  0.800245 0.486347 0
0  0.601041 -0.601041 15.600000  0.000000 0.000000 1.000000  0.800245 0.511751 0
0  0.850000 0.000000 15.600000  0.000000 0.000000 1.000000  0.782355 0.529715 0
nitro_can
0  0.850000 0.000000 15.600000  0.000000 0.000000 1.000000  0.782355 0.529715 0
0  0.000000 0.850000 15.600000  0.000000 0.000000 1.000000  0.739166 0.511751 0
0  -0.850000 0.000000 15.600000  0.000000 0.000000 1.000000  0.757055 0.468383 0
nitro_can
0  1.600000 0.000000 15.900000  0.514495 -0.000002 -0.857493  0.752839 0.743563 0
0  1.385641 0.800000 15.900000  0.445567 0.257247 -0.857493  0.724945 0.759735 0
0  1.818653 1.050000 16.200001  0.445569 0.257246 -0.857492  0.711196 0.745928 0
nitro_can
0  -0.850000 0.000000 13.300001  -0.923880 0.382683 0.000000  0.247869 0.390722 0
0  -0.850000 0.000000 15.600000  -0.923880 0.382684 0.000000  0.247869 0.300907 0
0  -0.601041 0.601041 15.600000  -0.923879 0.382684 0.000000  0.269639 0.300834 0
nitro_can
0  2.100000 0.000000 16.200001  0.514494 0.000003 0.857494  0.813106 0.158423 0
0  1.818653 1.050000 16.200001  0.445564 0.257250 0.857493  0.770832 0.158423 0
0  1.385641 0.800000 16.500000  0.445564 0.257249 0.857494  0.775865 0.139563 0
nitro_can
0  -1.385641 -0.800000 15.900000  -0.445567 -0.257247 -0.857493  0.812941 0.848096 0
0  -0.800000 -1.385641 15.900000  -0.257251 -0.445567 -0.857492  0.829046 0.820086 0
0  -1.050000 -1.818653 16.200001  -0.257253 -0.445566 -0.857492  0.847828 0.825140 0
nitro_can
0  -0.601041 0.601041 13.300001  -0.382683 0.923880 0.000000  0.649757 0.868920 0
0  -0.601041 0.601041 15.600000  -0.382683 0.923880 0.000000  0.649757 0.779104 0
0  0.000000 0.850000 15.600000  -0.382683 0.923880 0.000000  0.674803 0.779099 0
nitro_can
0  -0.601041 0.601041 13.300001  0.000000 0.000000 -1.000000  0.827847 0.529715 0
0  0.000000 0.850000 13.300001  0.000000 0.000000 -1.000000  0.809958 0.511751 0
0  0.601041 0.601041 13.300001  0.000000 0.000000 -1.000000  0.809958 0.486346 0
nitro_can
0  0.601041 0.601041 13.300001  0.000000 0.000000 -1.000000  0.809958 0.486346 0
0  0.850000 0.000000 13.300001  0.000000 0.000000 -1.000000  0.827847 0.468383 0
0  0.601041 -0.601041 13.300001  0.000000 0.000000 -1.000000  0.853147 0.468383 0
nitro_can
0  0.601041 -0.601041 13.300001  0.000000 0.000000 -1.000000  0.853147 0.468383 0
0  0.000000 -0.850000 13.300001  0.000000 0.000000 -1.000000  0.871037 0.486346 0
0  -0.601041 -0.601041 13.300001  0.000000 0.000000 -1.000000  0.871037 0.511751 0
nitro_can
0  -0.601041 -0.601041 13.300001  0.000000 0.000000 -1.000000  0.871037 0.511751 0
0  -0.850000 0.000000 13.300001  0.000000 0.000000 -1.000000  0.853147 0.529715 0
0  -0.601041 0.601041 13.300001  0.000000 0.000000 -1.000000  0.827847 0.529715 0
nitro_can
0  -0.601041 0.601041 13.300001  0.000000 0.000000 -1.000000  0.827847 0.529715 0
0  0.601041 0.601041 13.300001  0.000000 0.000000 -1.000000  0.809958 0.486346 0
0  0.601041 -0.601041 13.300001  0.000000 0.000000 -1.000000  0.853147 0.468383 0
nitro_can
0  0.000000 2.100000 16.200001  -0.000003 0.514495 0.857493  0.713085 0.100436 0
0  -1.050000 1.818653 16.200001  -0.257248 0.445564 0.857494  0.713085 0.057987 0
0  -0.800000 1.385641 16.500000  -0.257245 0.445565 0.857495  0.731867 0.063040 0
nitro_can
0  -1.050000 1.818653 16.200001  -0.257248 0.445564 0.857494  0.713085 0.057987 0
0  -1.818653 1.050000 16.200001  -0.445568 0.257245 0.857493  0.734222 0.021225 0
0  -1.385641 0.800000 16.500000  -0.445567 0.257246 0.857493  0.747971 0.035031 0
nitro_can
0  -1.818653 1.050000 16.200001  -0.445568 0.257245 0.857493  0.734222 0.021225 0
0  -2.100000 0.000000 16.200001  -0.514494 -0.000003 0.857494  0.770832 0.000000 0
0  -1.600000 0.000000 16.500000  -0.514494 -0.000002 0.857494  0.775865 0.018860 0
nitro_can
0  -2.100000 0.000000 16.200001  -0.514494 -0.000003 0.857494  0.770832 0.000000 0
0  -1.818653 -1.050000 16.200001  -0.445564 -0.257250 0.857493  0.813106 0.000000 0
0  -1.385641 -0.800000 16.500000  -0.445564 -0.257249 0.857494  0.808074 0.018860 0
nitro_can
0  -1.818653 -1.050000 16.200001  -0.445564 -0.257250 0.857493  0.813106 0.000000 0
0  -1.050000 -1.818653 16.200001  -0.257245 -0.445567 0.857493  0.849717 0.021225 0
0  -0.800000 -1.385641 16.500000  -0.257246 -0.445566 0.857494  0.835967 0.035031 0
nitro_can
0  -1.050000 -1.818653 16.200001  -0.257245 -0.445567 0.857493  0.849717 0.021225 0
0  -0.000000 -2.100000 16.200001  0.000003 -0.514495 0.857493  0.870854 0.057987 0
0  -0.000000 -1.600000 16.500000  0.000002 -0.514495 0.857494  0.852072 0.063040 0
nitro_can
0  -0.000000 -2.100000 16.200001  0.000003 -0.514495 0.857493  0.870854 0.057987 0
0  1.050000 -1.818653 16.200001  0.257248 -0.445564 0.857494  0.870854 0.100436 0
0  0.800000 -1.385641 16.500000  0.257245 -0.445565 0.857495  0.852072 0.095383 0
nitro_can
0  1.050000 -1.818653 16.200001  0.257248 -0.445564 0.857494  0.870854 0.100436 0
0  1.818653 -1.050000 16.200001  0.445568 -0.257245 0.857493  0.849717 0.137199 0
0  1.385641 -0.800000 16.500000  0.445567 -0.257246 0.857493  0.835967 0.123392 0
nitro_can
0  1.818653 -1.050000 16.200001  0.445568 -0.257245 0.857493  0.849717 0.137199 0
0  2.100000 0.000000 16.200001  0.514494 0.000003 0.857494  0.813106 0.158423 0
0  1.600000 0.000000 16.500000  0.514494 0.000002 0.857494  0.808074 0.139563 0
nitro_can
0  1.600000 0.000000 16.500000  -0.514493 -0.000004 0.857495  0.808074 0.139563 0
0  1.385641 0.800000 16.500000  -0.445562 -0.257251 0.857494  0.775865 0.139563 0
0  0.952628 0.550000 16.200001  -0.445564 -0.257248 0.857494  0.780897 0.120703 0
nitro_can
0  1.385641 0.800000 16.500000  -0.445562 -0.257251 0.857494  0.775865 0.139563 0
0  0.800000 1.385641 16.500000  -0.257242 -0.445568 0.857494  0.747971 0.123392 0
0  0.550000 0.952628 16.200001  -0.257247 -0.445566 0.857493  0.761721 0.109586 0
nitro_can
0  0.800000 1.385641 16.500000  -0.257242 -0.445568 0.857494  0.747971 0.123392 0
0  0.000000 1.600000 16.500000  0.000006 -0.514495 0.857493  0.731867 0.095383 0
0  0.000000 1.100000 16.200001  0.000001 -0.514495 0.857493  0.750649 0.090329 0
nitro_can
0  0.000000 1.600000 16.500000  0.000006 -0.514495 0.857493  0.731867 0.095383 0
0  -0.800000 1.385641 16.500000  0.257250 -0.445564 0.857494  0.731867 0.063040 0
0  -0.550000 0.952628 16.200001  0.257248 -0.445566 0.857493  0.750649 0.068094 0
nitro_can
0  -0.800000 1.385641 16.500000  0.257250 -0.445564 0.857494  0.731867 0.063040 0
0  -1.385641 0.800000 16.500000  0.445566 -0.257244 0.857494  0.747971 0.035031 0
0  -0.952628 0.550000 16.200001  0.445565 -0.257247 0.857494  0.761721 0.048838 0
nitro_can
0  -1.385641 0.800000 16.500000  0.445566 -0.257244 0.857494  0.747971 0.035031 0
0  -1.600000 0.000000 16.500000  0.514493 0.000004 0.857495  0.775865 0.018860 0
0  -1.100000 0.000000 16.200001  0.514493 0.000000 0.857495  0.780897 0.037720 0
nitro_can
0  -1.600000 0.000000 16.500000  0.514493 0.000004 0.857495  0.775865 0.018860 0
0  -1.385641 -0.800000 16.500000  0.445562 0.257251 0.857494  0.808074 0.018860 0
0  -0.952628 -0.550000 16.200001  0.445564 0.257248 0.857494  0.803041 0.037720 0
nitro_can
0  -1.385641 -0.800000 16.500000  0.445562 0.257251 0.857494  0.808074 0.018860 0
0  -0.800000 -1.385641 16.500000  0.257242 0.445568 0.857494  0.835967 0.035031 0
0  -0.550000 -0.952628 16.200001  0.257247 0.445566 0.857493  0.822218 0.048838 0
nitro_can
0  -0.800000 -1.385641 16.500000  0.257242 0.445568 0.857494  0.835967 0.035031 0
0  -0.000000 -1.600000 16.500000  -0.000006 0.514495 0.857493  0.852072 0.063040 0
0  -0.000000 -1.100000 16.200001  -0.000001 0.514495 0.857493  0.833290 0.068094 0
nitro_can
0  -0.000000 -1.600000 16.500000  -0.000006 0.514495 0.857493  0.852072 0.063040 0
0  0.800000 -1.385641 16.500000  -0.257250 0.445564 0.857494  0.852072 0.095383 0
0  0.550000 -0.952628 16.200001  -0.257248 0.445566 0.857493  0.833290 0.090329 0
nitro_can
0  0.800000 -1.385641 16.500000  -0.257250 0.445564 0.857494  0.852072 0.095383 0
0  1.385641 -0.800000 16.500000  -0.445566 0.257244 0.857494  0.835967 0.123392 0
0  0.952628 -0.550000 16.200001  -0.445565 0.257247 0.857494  0.822218 0.109586 0
nitro_can
0  1.385641 -0.800000 16.500000  -0.445566 0.257244 0.857494  0.835967 0.123392 0
0  1.600000 0.000000 16.500000  -0.514493 -0.000004 0.857495  0.808074 0.139563 0
0  1.100000 0.000000 16.200001  -0.514493 -0.000000 0.857495  0.803041 0.120703 0
nitro_can
0  1.100000 0.000000 16.200001  -0.514499 -0.000000 -0.857491  0.757872 0.762423 0
0  0.952628 0.550000 16.200001  -0.445570 -0.257248 -0.857491  0.738695 0.773541 0
0  1.385641 0.800000 15.900000  -0.445569 -0.257245 -0.857493  0.724945 0.759735 0
nitro_can
0  0.952628 0.550000 16.200001  -0.445570 -0.257248 -0.857491  0.738695 0.773541 0
0  0.550000 0.952628 16.200001  -0.257249 -0.445568 -0.857492  0.727623 0.792797 0
0  0.800000 1.385641 15.900000  -0.257251 -0.445566 -0.857492  0.708841 0.787744 0
nitro_can
0  0.550000 0.952628 16.200001  -0.257249 -0.445568 -0.857492  0.727623 0.792797 0
0  0.000000 1.100000 16.200001  -0.000001 -0.514497 -0.857492  0.727623 0.815033 0
0  0.000000 1.600000 15.900000  -0.000004 -0.514497 -0.857492  0.708841 0.820086 0
nitro_can
0  0.000000 1.100000 16.200001  -0.000001 -0.514497 -0.857492  0.727623 0.815033 0
0  -0.550000 0.952628 16.200001  0.257249 -0.445568 -0.857492  0.738695 0.834289 0
0  -0.800000 1.385641 15.900000  0.257244 -0.445570 -0.857492  0.724945 0.848096 0
nitro_can
0  -0.550000 0.952628 16.200001  0.257249 -0.445568 -0.857492  0.738695 0.834289 0
0  -0.952628 0.550000 16.200001  0.445568 -0.257249 -0.857492  0.757872 0.845407 0
0  -1.385641 0.800000 15.900000  0.445563 -0.257253 -0.857493  0.752839 0.864267 0
nitro_can
0  -0.952628 0.550000 16.200001  0.445568 -0.257249 -0.857492  0.757872 0.845407 0
0  -1.100000 0.000000 16.200001  0.514499 0.000000 -0.857491  0.780015 0.845407 0
0  -1.600000 0.000000 15.900000  0.514495 -0.000004 -0.857493  0.785048 0.864267 0
nitro_can
0  -1.100000 0.000000 16.200001  0.514499 0.000000 -0.857491  0.780015 0.845407 0
0  -0.952628 -0.550000 16.200001  0.445570 0.257248 -0.857491  0.799192 0.834289 0
0  -1.385641 -0.800000 15.900000  0.445569 0.257245 -0.857493  0.812941 0.848096 0
nitro_can
0  -0.952628 -0.550000 16.200001  0.445570 0.257248 -0.857491  0.799192 0.834289 0
0  -0.550000 -0.952628 16.200001  0.257249 0.445568 -0.857492  0.810264 0.815033 0
0  -0.800000 -1.385641 15.900000  0.257251 0.445566 -0.857492  0.829046 0.820086 0
nitro_can
0  -0.550000 -0.952628 16.200001  0.257249 0.445568 -0.857492  0.810264 0.815033 0
0  -0.000000 -1.100000 16.200001  0.000001 0.514497 -0.857492  0.810264 0.792798 0
0  -0.000000 -1.600000 15.900000  0.000004 0.514497 -0.857492  0.829046 0.787744 0
nitro_can
0  -0.000000 -1.100000 16.200001  0.000001 0.514497 -0.857492  0.810264 0.792798 0
0  0.550000 -0.952628 16.200001  -0.257249 0.445568 -0.857492  0.799192 0.773541 0
0  0.800000 -1.385641 15.900000  -0.257244 0.445570 -0.857492  0.812941 0.759735 0
nitro_can
0  0.550000 -0.952628 16.200001  -0.257249 0.445568 -0.857492  0.799192 0.773541 0
0  0.952628 -0.550000 16.200001  -0.445568 0.257249 -0.857492  0.780015 0.762423 0
0  1.385641 -0.800000 15.900000  -0.445563 0.257253 -0.857493  0.785048 0.743563 0
nitro_can
0  0.952628 -0.550000 16.200001  -0.445568 0.257249 -0.857492  0.780015 0.762423 0
0  1.100000 0.000000 16.200001  -0.514499 -0.000000 -0.857491  0.757872 0.762423 0
0  1.600000 0.000000 15.900000  -0.514495 0.000004 -0.857493  0.752839 0.743563 0
nitro_can
0  -0.805171 -1.498125 16.006815  0.750001 -0.433012 -0.499999  0.847799 0.896428 0
0  0.894829 1.446362 16.006815  0.750000 -0.433013 -0.500000  0.847799 0.998196 0
0  1.017303 1.375651 16.251764  0.750000 -0.433013 -0.500000  0.838273 0.994649 0
nitro_can
0  -1.017303 -1.375651 16.148237  -0.433018 0.250001 -0.866023  0.958535 0.867229 0
0  0.682697 1.568836 16.148237  -0.433011 0.250002 -0.866026  0.958535 1.000000 0
0  0.894829 1.446362 16.006815  -0.433012 0.250002 -0.866025  0.949009 1.000000 0
nitro_can
0  -1.700000 0.141421 16.341421  0.000000 1.000000 0.000000  0.982949 0.000000 0
0  1.700000 0.141421 16.341423  0.000000 1.000000 0.000000  0.982949 0.128616 0
0  1.700000 0.141421 16.058580  0.000000 1.000000 0.000000  0.971950 0.128620 0
nitro_can
0  0.894829 1.446362 16.006815  0.500000 0.866025 0.000000  0.263385 0.510754 0
0  0.682697 1.568836 16.148237  0.500001 0.866025 0.000000  0.263385 0.500045 0
0  0.805171 1.498125 16.393187  0.500000 0.866025 0.000000  0.274004 0.500751 0
nitro_can
0  0.805171 -1.498125 16.006815  0.433012 0.250002 -0.866025  0.979248 0.864602 0
0  -0.894829 1.446362 16.006815  0.433018 0.250001 -0.866023  0.979248 0.997374 0
0  -0.682697 1.568836 16.148237  0.433017 0.250001 -0.866023  0.969722 0.997374 0
nitro_can
0  -1.700000 0.141421 16.058578  0.000000 0.000000 -1.000000  0.128535 0.824094 0
0  1.700000 0.141421 16.058580  0.000001 0.000000 -1.000000  0.128535 0.956866 0
0  1.700000 -0.141421 16.058580  0.000001 0.000000 -1.000000  0.117535 0.956866 0
nitro_can
0  1.700000 0.141421 16.058580  1.000000 0.000000 0.000000  0.582952 0.266827 0
0  1.700000 0.141421 16.341423  1.000000 0.000000 0.000000  0.582952 0.255781 0
0  1.700000 -0.141421 16.341423  1.000000 0.000000 0.000000  0.593786 0.255781 0
nitro_can
0  1.017303 -1.375651 16.148237  0.750001 0.433012 0.499998  0.988961 0.989335 0
0  -0.682697 1.568836 16.148237  0.750001 0.433012 0.499998  0.988961 0.864602 0
0  -0.805171 1.498125 16.393187  0.750001 0.433012 0.499998  0.998487 0.866495 0
nitro_can
0  -1.700000 -0.141421 16.058578  0.000000 -1.000000 -0.000000  0.969722 0.854849 0
0  1.700000 -0.141421 16.058580  0.000000 -1.000000 0.000000  0.969722 0.724706 0
0  1.700000 -0.141421 16.341423  0.000000 -1.000000 -0.000000  0.980722 0.724704 0
nitro_can
0  0.433013 0.250000 15.600000  1.000000 0.000000 0.000000  0.739728 0.979781 0
0  0.433013 0.250000 16.400000  1.000000 0.000000 0.000000  0.739728 0.948541 0
0  0.433013 -0.250000 16.400000  1.000000 0.000000 0.000000  0.758879 0.948540 0
nitro_can
0  -1.700000 -0.141421 16.341421  -0.000001 0.000000 1.000000  0.949009 0.857475 0
0  1.700000 -0.141421 16.341423  0.000000 0.000000 1.000000  0.949009 0.724704 0
0  1.700000 0.141421 16.341423  -0.000000 0.000000 1.000000  0.960009 0.724704 0
nitro_can
0  -1.700000 0.141421 16.341421  -1.000000 0.000000 0.000000  0.274274 0.563411 0
0  -1.700000 0.141421 16.058578  -1.000000 0.000000 0.000000  0.274274 0.574456 0
0  -1.700000 -0.141421 16.058578  -1.000000 0.000000 0.000000  0.263385 0.574465 0
nitro_can
0  0.000000 0.500000 15.600000  0.500000 0.866025 0.000000  0.797031 0.978509 0
0  0.000000 0.500000 16.400000  0.500000 0.866025 0.000000  0.797031 0.949148 0
0  0.433013 0.250000 16.400000  0.500000 0.866025 0.000000  0.816395 0.948540 0
nitro_can
0  -0.682697 -1.568836 16.251764  0.433012 -0.250002 0.866025  0.995715 0.285514 0
0  1.017303 1.375651 16.251764  0.433016 -0.250001 0.866024  0.995715 0.418286 0
0  0.805171 1.498125 16.393187  0.433016 -0.250001 0.866024  0.986189 0.418286 0
nitro_can
0  -0.894829 -1.446362 16.393187  -0.750001 0.433012 0.499998  0.990435 0.832510 0
0  0.805171 1.498125 16.393187  -0.750001 0.433012 0.499998  0.990435 0.728071 0
0  0.682697 1.568836 16.148237  -0.750001 0.433012 0.499998  1.000000 0.724704 0
nitro_can
0  -0.682697 -1.568836 16.251764  -0.500000 -0.866025 0.000000  0.603499 0.267206 0
0  -0.894829 -1.446362 16.393187  -0.500001 -0.866025 -0.000000  0.603499 0.256213 0
0  -1.017303 -1.375651 16.148237  -0.500000 -0.866026 0.000000  0.613560 0.255781 0
nitro_can
0  0.894829 -1.446362 16.393187  0.499999 -0.866026 0.000000  0.263385 0.542262 0
0  0.682697 -1.568836 16.251764  0.499999 -0.866026 0.000000  0.273944 0.542752 0
0  0.805171 -1.498125 16.006815  0.499999 -0.866026 0.000000  0.273944 0.553658 0
nitro_can
0  0.894829 -1.446362 16.393187  -0.433012 -0.250002 0.866025  0.992794 0.541646 0
0  -0.805171 1.498125 16.393187  -0.433016 -0.250001 0.866024  0.992794 0.674417 0
0  -1.017303 1.375651 16.251764  -0.433016 -0.250001 0.866024  0.983268 0.674417 0
nitro_can
0  0.682697 -1.568836 16.251764  -0.750001 -0.433012 -0.499999  0.982909 0.138707 0
0  -1.017303 1.375651 16.251764  -0.750000 -0.433013 -0.500000  0.982909 0.262912 0
0  -0.894829 1.446362 16.006815  -0.750000 -0.433013 -0.500000  0.971950 0.262578 0
nitro_can
0  -0.682697 1.568836 16.148237  -0.500000 0.866025 -0.000000  0.274077 0.532156 0
0  -0.894829 1.446362 16.006815  -0.499999 0.866026 0.000000  0.263385 0.532509 0
0  -1.017303 1.375651 16.251764  -0.500000 0.866026 -0.000000  0.263385 0.521566 0
nitro_can
0  0.000000 0.450000 14.600000  0.000000 0.866025 0.500000  0.238529 0.585454 0
0  -2.200000 0.450000 14.600000  0.000000 0.866025 0.500000  0.238529 0.502232 0
0  -2.200000 0.225000 14.989712  0.000000 0.866025 0.500000  0.253672 0.500045 0
nitro_can
0  0.433013 -0.250000 15.600000  0.500000 -0.866025 0.000000  0.690059 0.980567 0
0  0.433013 -0.250000 16.400000  0.500000 -0.866025 0.000000  0.690059 0.949326 0
0  0.000000 -0.500000 16.400000  0.500000 -0.866025 0.000000  0.708490 0.949319 0
nitro_can
0  0.000000 -0.500000 15.600000  -0.500000 -0.866025 0.000000  0.962031 0.512657 0
0  0.000000 -0.500000 16.400000  -0.500000 -0.866025 0.000000  0.962031 0.483981 0
0  -0.433013 -0.250000 16.400000  -0.500000 -0.866025 0.000000  0.981316 0.482989 0
nitro_can
0  0.000000 -0.500000 16.400000  -0.000001 0.000000 1.000000  0.459610 0.769832 0
0  0.433013 -0.250000 16.400000  -0.000009 0.000000 1.000000  0.459610 0.789357 0
0  0.433013 0.250000 16.400000  -0.000002 0.000000 1.000000  0.442771 0.799119 0
nitro_can
0  0.433013 0.250000 16.400000  -0.000002 0.000000 1.000000  0.442771 0.799119 0
0  0.000000 0.500000 16.400000  0.000000 0.000000 1.000000  0.425931 0.789357 0
0  -0.433013 0.250000 16.400000  0.000001 0.000000 1.000000  0.425931 0.769832 0
nitro_can
0  -0.433013 0.250000 16.400000  0.000001 0.000000 1.000000  0.425931 0.769832 0
0  -0.433013 -0.250000 16.400000  0.000004 0.000000 1.000000  0.442771 0.760069 0
0  0.000000 -0.500000 16.400000  -0.000001 0.000000 1.000000  0.459610 0.769832 0
nitro_can
0  -0.433013 -0.250000 15.600000  -1.000000 0.000000 0.000000  0.472590 0.976809 0
0  -0.433013 -0.250000 16.400000  -1.000000 0.000000 0.000000  0.472590 0.945570 0
0  -0.433013 0.250000 16.400000  -1.000000 0.000000 0.000000  0.491839 0.945554 0
nitro_can
0  0.000000 -0.225000 14.989712  0.000000 -0.866025 0.500000  0.100639 0.920392 0
0  -2.200000 -0.225000 14.989712  0.000000 -0.866025 0.500000  0.100639 0.994491 0
0  -2.200000 -0.450000 14.600000  0.000000 -0.866025 0.500000  0.083144 0.994272 0
nitro_can
0  0.000000 0.225000 14.989712  0.000000 0.000000 1.000000  0.247156 0.895925 0
0  -2.200000 0.225000 14.989712  0.000000 0.000000 1.000000  0.247156 0.981836 0
0  -2.200000 -0.225000 14.989712  0.000000 0.000000 1.000000  0.229656 0.981836 0
nitro_can
0  -0.433013 0.250000 15.600000  -0.500000 0.866025 0.000000  0.768592 0.979788 0
0  -0.433013 0.250000 16.400000  -0.500000 0.866025 0.000000  0.768592 0.948548 0
0  0.000000 0.500000 16.400000  -0.500000 0.866025 0.000000  0.787318 0.948540 0
nitro_can
0  -0.433013 0.250000 15.600000  0.000001 0.000000 -1.000000  0.897406 0.269098 0
0  0.000000 0.500000 15.600000  0.000000 0.000000 -1.000000  0.880567 0.259335 0
0  0.433013 0.250000 15.600000  -0.000001 0.000000 -1.000000  0.880567 0.239810 0
nitro_can
0  0.433013 0.250000 15.600000  -0.000001 0.000000 -1.000000  0.880567 0.239810 0
0  0.433013 -0.250000 15.600000  -0.000004 0.000000 -1.000000  0.897406 0.230047 0
0  0.000000 -0.500000 15.600000  0.000000 0.000000 -1.000000  0.914246 0.239810 0
nitro_can
0  0.000000 -0.500000 15.600000  0.000000 0.000000 -1.000000  0.914246 0.239810 0
0  -0.433013 -0.250000 15.600000  0.000004 0.000000 -1.000000  0.914246 0.259335 0
0  -0.433013 0.250000 15.600000  0.000001 0.000000 -1.000000  0.897406 0.269098 0
nitro_can
0  0.000000 -0.450000 14.600000  0.000000 -0.866025 -0.500000  0.015167 0.898769 0
0  -2.200000 -0.450000 14.600000  0.000000 -0.866025 -0.500000  0.015167 0.982978 0
0  -2.200000 -0.225000 14.210289  0.000000 -0.866025 -0.500000  0.000000 0.981242 0
nitro_can
0  -2.200000 0.225000 14.210289  -1.000000 0.000000 0.000000  0.954270 0.238757 0
0  -2.200000 -0.225000 14.210289  -1.000000 0.000000 0.000000  0.954270 0.256154 0
0  -2.200000 -0.450000 14.600000  -1.000000 0.000000 0.000000  0.939114 0.264839 0
nitro_can
0  -2.200000 -0.450000 14.600000  -1.000000 0.000000 0.000000  0.939114 0.264839 0
0  -2.200000 -0.225000 14.989712  -1.000000 0.000000 0.000000  0.923959 0.256129 0
0  -2.200000 0.225000 14.989712  -1.000000 0.000000 0.000000  0.923959 0.238733 0
nitro_can
0  -2.200000 0.225000 14.989712  -1.000000 0.000000 0.000000  0.923959 0.238733 0
0  -2.200000 0.450000 14.600000  -1.000000 0.000000 0.000000  0.939114 0.230047 0
0  -2.200000 0.225000 14.210289  -1.000000 0.000000 0.000000  0.954270 0.238757 0
nitro_can
0  0.000000 -0.225000 14.210289  0.000000 0.000000 -1.000000  0.256869 0.981836 0
0  -2.200000 -0.225000 14.210289  0.000000 0.000000 -1.000000  0.256869 0.895925 0
0  -2.200000 0.225000 14.210289  0.000000 0.000000 -1.000000  0.274369 0.895925 0
nitro_can
0  0.000000 0.225000 14.210289  0.000000 0.866025 -0.500000  0.223361 0.583278 0
0  -2.200000 0.225000 14.210289  0.000000 0.866025 -0.500000  0.223361 0.500057 0
0  -2.200000 0.450000 14.600000  0.000000 0.866025 -0.500000  0.238529 0.502232 0
nitro_can
0  0.000000 -0.225000 14.989712  1.000000 0.000000 0.000000  0.043120 0.932323 0
0  0.000000 -0.450000 14.600000  1.000000 0.000000 0.000000  0.058275 0.923670 0
0  0.000000 -0.225000 14.210289  1.000000 0.000000 0.000000  0.073431 0.932324 0
nitro_can
0  0.000000 -0.225000 14.210289  1.000000 0.000000 0.000000  0.073431 0.932324 0
0  0.000000 0.225000 14.210289  1.000000 0.000000 0.000000  0.073431 0.949631 0
0  0.000000 0.450000 14.600000  1.000000 0.000000 0.000000  0.058275 0.958285 0
nitro_can
0  0.000000 0.450000 14.600000  1.000000 0.000000 0.000000  0.058275 0.958285 0
0  0.000000 0.225000 14.989712  1.000000 0.000000 0.000000  0.043120 0.949631 0
0  0.000000 -0.225000 14.989712  1.000000 0.000000 0.000000  0.043120 0.932323 0
nitro_can
0  -2.200000 0.600000 14.600000  0.000000 0.866025 0.500000  0.952318 0.503271 0
0  -2.700000 0.600000 14.600000  0.000000 0.866025 0.500000  0.933482 0.503264 0
0  -2.700000 0.300000 15.119616  0.000000 0.866025 0.500000  0.930586 0.482989 0
nitro_can
0  -2.200000 0.300000 15.119616  0.000000 0.000000 1.000000  0.556814 0.985844 0
0  -2.700000 0.300000 15.119616  0.000000 0.000000 1.000000  0.537370 0.985844 0
0  -2.700000 -0.300000 15.119616  0.000000 0.000000 1.000000  0.537370 0.962413 0
nitro_can
0  1.987868 0.212132 13.200001  -0.000000 1.000000 0.000000  0.511674 0.993654 0
0  1.987868 0.212132 14.000000  -0.000000 1.000000 0.000000  0.511674 0.962414 0
0  2.412132 0.212132 14.000000  -0.000000 1.000000 0.000000  0.527657 0.962419 0
nitro_can
0  -2.200000 -0.300000 15.119616  0.000000 -0.866025 0.500000  0.111765 0.966829 0
0  -2.700000 -0.300000 15.119616  0.000000 -0.866025 0.500000  0.128535 0.966619 0
0  -2.700000 -0.600000 14.600000  0.000000 -0.866025 0.500000  0.128535 0.990044 0
nitro_can
0  2.412132 -0.212132 14.000000  -0.000000 0.000000 1.000000  0.547027 0.272349 0
0  2.412132 0.212132 14.000000  -0.000001 0.000000 1.000000  0.530527 0.272349 0
0  1.987868 0.212132 14.000000  -0.000000 0.000000 1.000000  0.530527 0.255781 0
nitro_can
0  -2.200000 -0.600000 14.600000  0.000000 -0.866025 -0.500000  0.595685 0.964581 0
0  -2.700000 -0.600000 14.600000  0.000000 -0.866025 -0.500000  0.614622 0.962414 0
0  -2.700000 -0.300000 14.080385  0.000000 -0.866025 -0.500000  0.614622 0.982851 0
nitro_can
0  -2.700000 -0.300000 15.119616  -1.000000 0.000000 0.000000  0.900811 0.482989 0
0  -2.700000 0.300000 15.119616  -1.000000 0.000000 0.000000  0.920873 0.494486 0
0  -2.700000 0.600000 14.600000  -1.000000 0.000000 0.000000  0.920873 0.517849 0
nitro_can
0  -2.700000 0.600000 14.600000  -1.000000 0.000000 0.000000  0.920873 0.517849 0
0  -2.700000 0.300000 14.080385  -1.000000 0.000000 0.000000  0.900811 0.529715 0
0  -2.700000 -0.300000 14.080385  -1.000000 0.000000 0.000000  0.880750 0.518218 0
nitro_can
0  -2.700000 -0.300000 14.080385  -1.000000 0.000000 0.000000  0.880750 0.518218 0
0  -2.700000 -0.600000 14.600000  -1.000000 0.000000 0.000000  0.880750 0.494854 0
0  -2.700000 -0.300000 15.119616  -1.000000 0.000000 0.000000  0.900811 0.482989 0
nitro_can
0  -2.200000 -0.300000 14.080385  0.000000 0.000000 -1.000000  0.566528 0.962413 0
0  -2.700000 -0.300000 14.080385  0.000000 0.000000 -1.000000  0.585972 0.962413 0
0  -2.700000 0.300000 14.080385  0.000000 0.000000 -1.000000  0.585972 0.985844 0
nitro_can
0  2.412132 -0.212132 13.200001  0.000000 -1.000000 0.000000  0.909551 0.987260 0
0  2.412132 -0.212132 14.000000  0.000000 -1.000000 0.000000  0.909551 0.956020 0
0  1.987868 -0.212132 14.000000  0.000000 -1.000000 0.000000  0.925724 0.956024 0
nitro_can
0  2.412132 0.212132 13.200001  1.000000 0.000000 0.000000  0.883588 0.987260 0
0  2.412132 0.212132 14.000000  1.000000 0.000000 0.000000  0.883588 0.956020 0
0  2.412132 -0.212132 14.000000  1.000000 0.000000 0.000000  0.899838 0.956019 0
nitro_can
0  -2.200000 0.300000 14.080385  0.000000 0.866025 -0.500000  0.949422 0.523578 0
0  -2.700000 0.300000 14.080385  0.000000 0.866025 -0.500000  0.930586 0.523571 0
0  -2.700000 0.600000 14.600000  0.000000 0.866025 -0.500000  0.933482 0.503264 0
nitro_can
0  -2.200000 0.300000 14.080385  1.000000 0.000000 0.000000  0.690059 0.928158 0
0  -2.200000 0.600000 14.600000  1.000000 0.000000 0.000000  0.690059 0.904815 0
0  -2.200000 0.300000 15.119616  1.000000 0.000000 0.000000  0.710037 0.892880 0
nitro_can
0  -2.200000 0.300000 15.119616  1.000000 0.000000 0.000000  0.710037 0.892880 0
0  -2.200000 -0.300000 15.119616  1.000000 0.000000 0.000000  0.730014 0.904287 0
0  -2.200000 -0.600000 14.600000  1.000000 0.000000 0.000000  0.730014 0.927630 0
nitro_can
0  -2.200000 -0.600000 14.600000  1.000000 0.000000 0.000000  0.730014 0.927630 0
0  -2.200000 -0.300000 14.080385  1.000000 0.000000 0.000000  0.710037 0.939565 0
0  -2.200000 0.300000 14.080385  1.000000 0.000000 0.000000  0.690059 0.928158 0
nitro_can
0  1.987868 -0.212132 13.200001  -1.000000 -0.000000 0.000000  0.857541 0.987272 0
0  1.987868 -0.212132 14.000000  -1.000000 0.000000 0.000000  0.857541 0.956033 0
0  1.987868 0.212132 14.000000  -1.000000 -0.000000 0.000000  0.873874 0.956019 0
nitro_can
0  1.987868 -0.212132 13.200001  0.000000 0.000000 -1.000000  0.573239 0.272349 0
0  1.987868 0.212132 13.200001  0.000001 0.000000 -1.000000  0.556740 0.272349 0
0  2.412132 0.212132 13.200001  0.000000 0.000000 -1.000000  0.556740 0.255781 0
nitro_can
0  2.000000 1.000000 14.600000  0.000000 0.951057 -0.309017  0.790888 0.915823 0
0  3.000000 1.000000 14.600000  0.000000 0.951057 -0.309017  0.828560 0.915823 0
0  3.000000 0.809017 14.012215  0.000000 0.951057 -0.309017  0.826725 0.938787 0
nitro_can
0  2.000000 0.809017 14.012215  0.000000 0.587785 -0.809017  0.268545 0.886171 0
0  3.000000 0.809017 14.012215  0.000000 0.587785 -0.809017  0.229656 0.886171 0
0  3.000000 0.309017 13.648944  0.000000 0.587785 -0.809017  0.229656 0.866646 0
nitro_can
0  2.000000 0.309017 13.648944  0.000000 0.000000 -1.000000  0.268545 0.866646 0
0  3.000000 0.309017 13.648944  0.000000 0.000000 -1.000000  0.229656 0.866646 0
0  3.000000 -0.309017 13.648944  0.000000 0.000000 -1.000000  0.229656 0.842512 0
nitro_can
0  2.000000 -0.309017 13.648944  0.000000 -0.587785 -0.809017  0.268545 0.842512 0
0  3.000000 -0.309017 13.648944  0.000000 -0.587785 -0.809017  0.229656 0.842512 0
0  3.000000 -0.809017 14.012215  0.000000 -0.587785 -0.809017  0.229656 0.822986 0
nitro_can
0  2.000000 -0.809017 14.012215  0.000000 -0.951057 -0.309017  0.777858 0.938787 0
0  3.000000 -0.809017 14.012215  0.000000 -0.951057 -0.309017  0.739739 0.938787 0
0  3.000000 -1.000000 14.600000  0.000000 -0.951057 -0.309017  0.741204 0.915824 0
nitro_can
0  2.000000 -1.000000 14.600000  0.000000 -0.951057 0.309017  0.779323 0.915824 0
0  3.000000 -1.000000 14.600000  0.000000 -0.951057 0.309017  0.741204 0.915824 0
0  3.000000 -0.809017 15.187786  0.000000 -0.951057 0.309017  0.739728 0.892880 0
nitro_can
0  2.000000 -0.809017 15.187786  0.000000 -0.587785 0.809017  0.000000 0.824094 0
0  3.000000 -0.809017 15.187786  0.000000 -0.587785 0.809017  0.038889 0.824094 0
0  3.000000 -0.309017 15.551057  0.000000 -0.587785 0.809017  0.038889 0.843619 0
nitro_can
0  2.000000 -0.309017 15.551057  0.000000 0.000000 1.000000  0.000000 0.843619 0
0  3.000000 -0.309017 15.551057  0.000000 0.000000 1.000000  0.038889 0.843619 0
0  3.000000 0.309017 15.551057  0.000000 0.000000 1.000000  0.038889 0.867754 0
nitro_can
0  3.000000 0.309017 13.648944  1.000000 0.000000 0.000000  0.870740 0.218524 0
0  3.000000 0.809017 14.012215  1.000000 0.000000 0.000000  0.856613 0.237755 0
0  3.000000 1.000000 14.600000  1.000000 0.000000 0.000000  0.833754 0.245101 0
nitro_can
0  3.000000 1.000000 14.600000  1.000000 0.000000 0.000000  0.833754 0.245101 0
0  3.000000 0.809017 15.187786  1.000000 0.000000 0.000000  0.810896 0.237755 0
0  3.000000 0.309017 15.551057  1.000000 0.000000 0.000000  0.796768 0.218524 0
nitro_can
0  3.000000 0.309017 15.551057  1.000000 0.000000 0.000000  0.796768 0.218524 0
0  3.000000 -0.309017 15.551057  1.000000 0.000000 0.000000  0.796768 0.194753 0
0  3.000000 -0.809017 15.187786  1.000000 0.000000 0.000000  0.810896 0.175522 0
nitro_can
0  3.000000 -0.809017 15.187786  1.000000 0.000000 0.000000  0.810896 0.175522 0
0  3.000000 -1.000000 14.600000  1.000000 0.000000 0.000000  0.833754 0.168177 0
0  3.000000 0.309017 15.551057  1.000000 0.000000 0.000000  0.796768 0.218524 0
nitro_can
0  3.000000 -1.000000 14.600000  1.000000 0.000000 0.000000  0.833754 0.168177 0
0  3.000000 -0.809017 14.012215  1.000000 0.000000 0.000000  0.856613 0.175523 0
0  3.000000 0.309017 15.551057  1.000000 0.000000 0.000000  0.796768 0.218524 0
nitro_can
0  3.000000 -0.809017 14.012215  1.000000 0.000000 0.000000  0.856613 0.175523 0
0  3.000000 -0.309017 13.648944  1.000000 0.000000 0.000000  0.870740 0.194754 0
0  3.000000 0.309017 15.551057  1.000000 0.000000 0.000000  0.796768 0.218524 0
nitro_can
0  3.000000 -0.309017 13.648944  1.000000 0.000000 0.000000  0.870740 0.194754 0
0  3.000000 0.309017 13.648944  1.000000 0.000000 0.000000  0.870740 0.218524 0
0  3.000000 0.309017 15.551057  1.000000 0.000000 0.000000  0.796768 0.218524 0
nitro_can
0  2.000000 0.309017 15.551057  0.000000 0.587785 0.809017  0.000000 0.867754 0
0  3.000000 0.309017 15.551057  0.000000 0.587785 0.809017  0.038889 0.867754 0
0  3.000000 0.809017 15.187786  0.000000 0.587785 0.809017  0.038889 0.887279 0
nitro_can
0  2.000000 0.809017 15.187786  0.000000 0.951057 0.309017  0.789036 0.892880 0
0  3.000000 0.809017 15.187786  0.000000 0.951057 0.309017  0.826708 0.892880 0
0  3.000000 1.000000 14.600000  0.000000 0.951057 0.309017  0.828560 0.915823 0
nitro_can
0  2.000000 0.809017 15.187786  -1.000000 0.000000 0.000000  0.727212 0.175541 0
0  2.000000 1.000000 14.600000  -1.000000 0.000000 0.000000  0.750070 0.168177 0
0  2.000000 -0.309017 13.648944  -1.000000 0.000000 0.000000  0.787055 0.218810 0
nitro_can
0  2.000000 1.000000 14.600000  -1.000000 0.000000 0.000000  0.750070 0.168177 0
0  2.000000 0.809017 14.012215  -1.000000 0.000000 0.000000  0.772928 0.175578 0
0  2.000000 -0.309017 13.648944  -1.000000 0.000000 0.000000  0.787055 0.218810 0
nitro_can
0  2.000000 0.809017 14.012215  -1.000000 0.000000 0.000000  0.772928 0.175578 0
0  2.000000 0.309017 13.648944  -1.000000 0.000000 0.000000  0.787055 0.194919 0
0  2.000000 -0.309017 13.648944  -1.000000 0.000000 0.000000  0.787055 0.218810 0
nitro_can
0  2.000000 -0.309017 13.648944  -1.000000 0.000000 0.000000  0.787055 0.218810 0
0  2.000000 -0.809017 14.012215  -1.000000 0.000000 0.000000  0.772928 0.238128 0
0  2.000000 -1.000000 14.600000  -1.000000 0.000000 0.000000  0.750070 0.245492 0
nitro_can
0  2.000000 -1.000000 14.600000  -1.000000 0.000000 0.000000  0.750070 0.245492 0
0  2.000000 -0.809017 15.187786  -1.000000 0.000000 0.000000  0.727212 0.238091 0
0  2.000000 -0.309017 15.551057  -1.000000 0.000000 0.000000  0.713085 0.218751 0
nitro_can
0  2.000000 -0.309017 15.551057  -1.000000 0.000000 0.000000  0.713085 0.218751 0
0  2.000000 0.309017 15.551057  -1.000000 0.000000 0.000000  0.713085 0.194859 0
0  2.000000 -0.309017 13.648944  -1.000000 0.000000 0.000000  0.787055 0.218810 0
nitro_can
0  2.000000 0.309017 15.551057  -1.000000 0.000000 0.000000  0.713085 0.194859 0
0  2.000000 0.809017 15.187786  -1.000000 0.000000 0.000000  0.727212 0.175541 0
0  2.000000 -0.309017 13.648944  -1.000000 0.000000 0.000000  0.787055 0.218810 0
end
