version 1
nodes
0 "root" -1
end
skeleton
time 0
0 0 0 0 0 0 0
end
triangles
ramp_medium
0  -58.000000 64.000000 0.000000  0.000000 1.000000 0.000000  0.706861 0.902920 0
0  52.000000 64.000000 29.000000  0.000000 1.000000 0.000000  0.701526 0.482402 0
0  52.000000 64.000000 27.500000  0.000000 1.000000 0.000000  0.706861 0.483746 0
ramp_medium
0  -64.000000 -64.000000 0.000010  0.000000 -1.000000 0.000000  0.757321 0.868960 0
0  52.000000 -64.000000 27.500010  0.000000 -1.000000 0.000000  0.752037 0.483940 0
0  52.000000 -64.000000 29.000010  0.000000 -1.000000 0.000000  0.757321 0.482402 0
ramp_medium
0  -64.000000 64.000000 0.000000  -0.242536 0.000000 0.970142  0.432149 0.001155 0
0  52.000000 -64.000000 29.000010  -0.242536 0.000000 0.970142  0.000000 0.473154 0
0  52.000000 64.000000 29.000000  -0.242536 0.000000 0.970142  0.000000 0.000000 0
ramp_medium
0  52.000000 64.000000 29.000000  1.000000 0.000000 0.000000  0.680042 0.482402 0
0  52.000000 -64.000000 27.500010  1.000000 0.000000 0.000000  0.674545 0.955613 0
0  52.000000 64.000000 27.500000  1.000000 0.000000 0.000000  0.674545 0.482402 0
ramp_medium
0  52.000000 64.000000 27.500000  0.242536 -0.000000 -0.970142  0.870329 0.000000 0
0  -58.000000 -64.000000 0.000010  0.122186 -0.000000 -0.992507  0.462112 0.474342 0
0  -58.000000 64.000000 0.000000  0.122182 -0.000000 -0.992508  0.462113 0.001183 0
ramp_medium
0  -58.000000 64.000000 0.000000  0.122182 -0.000000 -0.992508  0.462113 0.001183 0
0  -64.000000 -64.000000 0.000010  0.000000 -0.000000 -1.000000  0.440143 0.474324 0
0  -64.000000 64.000000 0.000000  0.000000 -0.000000 -1.000000  0.440143 0.001165 0
ramp_medium
0  52.000000 64.000000 27.500000  0.000000 1.000000 0.000000  0.470800 0.887275 0
0  64.000000 64.000000 32.000000  0.000000 1.000000 0.000000  0.487296 0.931639 0
0  64.000000 64.000000 30.500000  0.000000 1.000000 0.000000  0.481798 0.931639 0
ramp_medium
0  52.000000 -64.000000 29.000010  0.000000 -1.000000 0.000000  0.757321 0.917010 0
0  64.000000 -64.000000 30.500010  0.000000 -1.000000 0.000000  0.752037 0.878559 0
0  64.000000 -64.000000 32.000011  0.000000 -1.000000 0.000000  0.757321 0.877021 0
ramp_medium
0  52.000000 64.000000 29.000000  -0.242536 0.000000 0.970142  0.923029 0.000120 0
0  64.000000 -64.000000 32.000011  -0.242536 0.000000 0.970142  0.878324 0.473154 0
0  64.000000 64.000000 32.000000  -0.242536 0.000000 0.970142  0.878324 0.000000 0
ramp_medium
0  64.000000 64.000000 32.000000  1.000000 0.000000 0.000000  0.666550 0.482402 0
0  64.000000 -64.000000 30.500010  1.000000 0.000000 0.000000  0.661054 0.955613 0
0  64.000000 64.000000 30.500000  1.000000 0.000000 0.000000  0.661054 0.482402 0
ramp_medium
0  64.000000 64.000000 30.500000  0.242536 -0.000000 -0.970142  0.922857 0.481334 0
0  52.000000 -64.000000 27.500010  0.242536 -0.000000 -0.970142  0.878324 0.954622 0
0  52.000000 64.000000 27.500000  0.242536 -0.000000 -0.970142  0.878324 0.481463 0
ramp_medium
0  52.000000 64.000000 27.500000  -1.000000 0.000000 0.000000  0.688036 0.955613 0
0  52.000000 -64.000000 29.000010  -1.000000 0.000000 0.000000  0.693532 0.482402 0
0  52.000000 64.000000 29.000000  -1.000000 0.000000 0.000000  0.693532 0.955613 0
ramp_medium
0  63.000000 63.000004 30.000000  0.000000 1.000000 0.000000  0.000000 0.482370 0
0  63.000000 63.000000 0.000000  0.000000 1.000000 0.000000  0.106638 0.509465 0
0  -56.000000 63.000000 0.000000  0.000000 1.000000 0.000000  0.000000 0.936064 0
ramp_medium
0  -56.000000 61.000000 0.000000  0.000000 -1.000000 0.000000  0.545765 0.879215 0
0  63.000000 61.000000 0.000000  0.000000 -1.000000 0.000000  0.440143 0.513401 0
0  63.000000 61.000004 30.000000  0.000000 -1.000000 0.000000  0.545765 0.482402 0
ramp_medium
0  -56.000000 63.000000 0.000000  0.000000 -0.000000 -1.000000  0.645726 0.921703 0
0  63.000000 61.000000 0.000000  0.000000 -0.000000 -1.000000  0.653059 0.482402 0
0  -56.000000 61.000000 0.000000  0.000000 -0.000000 -1.000000  0.653059 0.921697 0
ramp_medium
0  63.000000 63.000000 0.000000  1.000000 0.000000 0.000000  0.440143 0.998107 0
0  63.000000 61.000004 30.000000  1.000000 0.000000 0.000000  0.447477 0.887275 0
0  63.000000 61.000000 0.000000  1.000000 0.000000 0.000000  0.447477 0.998107 0
ramp_medium
0  63.000000 63.000004 30.000000  -0.244452 0.000000 0.969661  0.622404 0.482402 0
0  -56.000000 61.000000 0.000000  -0.244452 0.000000 0.969661  0.615071 0.929455 0
0  63.000000 61.000004 30.000000  -0.244452 0.000000 0.969661  0.615071 0.482422 0
ramp_medium
0  63.000000 -60.999996 30.000000  0.000000 1.000000 0.000000  0.224604 0.922308 0
0  63.000000 -61.000000 0.000000  0.000000 1.000000 0.000000  0.114632 0.922308 0
0  -56.000000 -61.000000 0.000000  0.000000 1.000000 0.000000  0.114632 0.482370 0
ramp_medium
0  -56.000000 -63.000000 0.000000  0.000000 -1.000000 0.000000  0.338221 0.879183 0
0  63.000000 -63.000000 0.000000  0.000000 -1.000000 0.000000  0.232599 0.513369 0
0  63.000000 -62.999996 30.000000  0.000000 -1.000000 0.000000  0.338221 0.482370 0
ramp_medium
0  -56.000000 -61.000000 0.000000  0.000000 -0.000000 -1.000000  0.630398 0.921703 0
0  63.000000 -63.000000 0.000000  0.000000 -0.000000 -1.000000  0.637731 0.482402 0
0  -56.000000 -63.000000 0.000000  0.000000 -0.000000 -1.000000  0.637731 0.921697 0
ramp_medium
0  63.000000 -61.000000 0.000000  1.000000 0.000000 0.000000  0.455472 0.998107 0
0  63.000000 -62.999996 30.000000  1.000000 0.000000 0.000000  0.462806 0.887275 0
0  63.000000 -63.000000 0.000000  1.000000 0.000000 0.000000  0.462806 0.998107 0
ramp_medium
0  63.000000 -60.999996 30.000000  -0.244452 0.000000 0.969661  0.607076 0.482402 0
0  -56.000000 -63.000000 0.000000  -0.244452 0.000000 0.969661  0.599743 0.929455 0
0  63.000000 -62.999996 30.000000  -0.244452 0.000000 0.969661  0.599743 0.482422 0
ramp_medium
0  61.500000 -63.000000 14.400000  -1.000000 0.000000 0.000000  0.376195 0.948187 0
0  61.500000 63.000000 17.400000  -1.000000 0.000000 0.000000  0.365204 0.482370 0
0  61.500000 63.000000 14.400000  -1.000000 0.000000 0.000000  0.376195 0.482370 0
ramp_medium
0  61.500000 63.000000 14.400000  0.000000 1.000000 0.000000  0.840483 0.935786 0
0  63.500000 63.000000 17.400000  0.000000 1.000000 0.000000  0.847817 0.924699 0
0  63.500000 63.000000 14.400000  0.000000 1.000000 0.000000  0.847817 0.935786 0
ramp_medium
0  63.500000 63.000000 14.400000  1.000000 0.000000 0.000000  0.357209 0.948187 0
0  63.500000 -63.000000 17.400000  1.000000 0.000000 0.000000  0.346216 0.482370 0
0  63.500000 -63.000000 14.400000  1.000000 0.000000 0.000000  0.357209 0.482370 0
ramp_medium
0  63.500000 -63.000000 14.400000  0.000000 -1.000000 0.000000  0.495291 0.936679 0
0  61.500000 -63.000000 17.400000  0.000000 -1.000000 0.000000  0.501642 0.925588 0
0  61.500000 -63.000000 14.400000  0.000000 -1.000000 0.000000  0.501642 0.936679 0
ramp_medium
0  61.500000 63.000000 14.400000  0.000000 0.000000 -1.000000  0.931024 0.000000 0
0  63.500000 -63.000000 14.400000  0.000000 0.000000 -1.000000  0.938347 0.465771 0
0  61.500000 -63.000000 14.400000  0.000000 0.000000 -1.000000  0.931024 0.465765 0
ramp_medium
0  63.500000 63.000000 17.400000  0.000000 0.000000 1.000000  0.931024 0.473840 0
0  61.500000 -63.000000 17.400000  0.000000 0.000000 1.000000  0.938337 0.939593 0
0  63.500000 -63.000000 17.400000  0.000000 0.000000 1.000000  0.931024 0.939602 0
ramp_medium
0  63.065685 -0.671276 1.286284  1.000000 -0.000000 0.000000  0.865805 0.718437 0
0  63.065685 61.671276 15.113716  1.000000 -0.000000 0.000000  0.869951 0.482403 0
0  63.065685 -0.896652 2.394980  1.000000 0.000000 0.000000  0.869951 0.718439 0
ramp_medium
0  61.934315 -0.671276 1.286284  0.000000 0.199205 -0.979958  0.983727 0.793655 0
0  63.065685 61.896652 14.005020  0.000000 0.199204 -0.979958  0.987869 0.561615 0
0  63.065685 -0.671276 1.286284  0.000000 0.199205 -0.979958  0.987869 0.793613 0
ramp_medium
0  61.934315 -61.671276 1.286284  0.000000 0.199205 -0.979958  0.983727 0.553554 0
0  63.065685 0.896652 14.005020  0.000000 0.199204 -0.979958  0.987869 0.321514 0
0  63.065685 -61.671276 1.286284  0.000000 0.199205 -0.979958  0.987869 0.553512 0
ramp_medium
0  63.065685 61.896652 14.005020  0.000000 0.979958 0.199205  0.731408 0.941491 0
0  61.934315 61.671276 15.113716  0.000000 0.979958 0.199205  0.727324 0.945674 0
0  63.065685 61.671276 15.113716  0.000000 0.979956 0.199212  0.727324 0.941491 0
ramp_medium
0  63.065685 -61.671276 1.286284  1.000000 -0.000000 0.000000  0.865805 0.962534 0
0  63.065685 0.671276 15.113716  1.000000 -0.000000 0.000000  0.869951 0.726500 0
0  63.065685 -61.896652 2.394980  1.000000 0.000000 0.000000  0.869951 0.962535 0
ramp_medium
0  63.065685 0.896652 14.005020  0.000000 0.979957 0.199207  0.743728 0.941491 0
0  61.934315 0.671276 15.113716  0.000000 0.979957 0.199207  0.739643 0.945674 0
0  63.065685 0.671276 15.113716  0.000000 0.979957 0.199208  0.739643 0.941491 0
ramp_medium
0  63.065685 -61.896652 2.394980  0.000000 -0.199204 0.979958  0.984248 0.232036 0
0  61.934315 0.671276 15.113716  0.000000 -0.199205 0.979958  0.988385 0.000059 0
0  61.934315 -61.896652 2.394980  0.000000 -0.199204 0.979958  0.988385 0.232094 0
ramp_medium
0  61.934315 -61.896652 2.394980  -1.000000 0.000000 0.000000  0.971587 0.801645 0
0  61.934315 0.896652 14.005020  -1.000000 0.000000 0.000000  0.975732 0.565610 0
0  61.934315 -61.671276 1.286284  -1.000000 0.000000 0.000000  0.975732 0.801643 0
ramp_medium
0  61.934315 -61.671276 1.286284  0.000000 -0.979958 -0.199205  0.844057 0.947966 0
0  63.065685 -61.896652 2.394980  0.000000 -0.979958 -0.199205  0.840483 0.944213 0
0  61.934315 -61.896652 2.394980  0.000000 -0.979959 -0.199199  0.844057 0.943847 0
ramp_medium
0  63.065685 -0.896652 2.394980  0.000000 -0.199204 0.979958  0.995864 0.553550 0
0  61.934315 61.671276 15.113716  0.000000 -0.199205 0.979958  1.000000 0.321573 0
0  61.934315 -0.896652 2.394980  0.000000 -0.199204 0.979958  1.000000 0.553609 0
ramp_medium
0  61.934315 -0.896652 2.394980  -1.000000 0.000000 0.000000  0.971587 0.557549 0
0  61.934315 61.896652 14.005020  -1.000000 0.000000 0.000000  0.975732 0.321514 0
0  61.934315 -0.671276 1.286284  -1.000000 0.000000 0.000000  0.975732 0.557548 0
ramp_medium
0  63.065685 -0.896652 2.394980  0.000000 -0.979957 -0.199207  0.752037 0.942428 0
0  61.934315 -0.671276 1.286284  0.000000 -0.979957 -0.199207  0.755611 0.946182 0
0  63.065685 -0.671276 1.286284  0.000000 -0.979957 -0.199208  0.752037 0.946548 0
ramp_medium
0  61.000000 -62.500000 0.000000  -1.000000 0.000000 0.000000  0.270590 0.999900 0
0  61.000000 -59.500000 30.500000  -1.000000 0.000000 0.000000  0.281590 0.887243 0
0  61.000000 -59.500000 0.000000  -1.000000 0.000000 0.000000  0.281590 0.999900 0
ramp_medium
0  61.000000 -59.500000 0.000000  0.000000 1.000000 0.000000  0.840483 0.916638 0
0  64.000000 -59.500000 30.500000  0.000000 1.000000 0.000000  0.851484 0.803916 0
0  64.000000 -59.500000 0.000000  0.000000 1.000000 0.000000  0.851484 0.916638 0
ramp_medium
0  64.000000 -59.500000 0.000000  1.000000 0.000000 0.000000  0.765316 0.993745 0
0  64.000000 -62.500000 30.500000  1.000000 0.000000 0.000000  0.776317 0.881066 0
0  64.000000 -62.500000 0.000000  1.000000 0.000000 0.000000  0.776317 0.993745 0
ramp_medium
0  64.000000 -62.500000 0.000000  0.000000 -1.000000 0.000000  0.784311 0.993823 0
0  61.000000 -62.500000 30.500000  0.000000 -1.000000 0.000000  0.793838 0.881066 0
0  61.000000 -62.500000 0.000000  0.000000 -1.000000 0.000000  0.793838 0.993823 0
ramp_medium
0  61.000000 -59.500000 0.000000  0.000000 0.000000 -1.000000  0.514279 0.887275 0
0  64.000000 -62.500000 0.000000  0.000000 0.000000 -1.000000  0.525264 0.898374 0
0  61.000000 -62.500000 0.000000  0.000000 0.000000 -1.000000  0.514279 0.898365 0
ramp_medium
0  64.000000 -59.500000 30.500000  0.000000 0.000000 1.000000  0.533259 0.906447 0
0  61.000000 -62.500000 30.500000  0.000000 0.000000 1.000000  0.544228 0.917524 0
0  64.000000 -62.500000 30.500000  0.000000 0.000000 1.000000  0.533259 0.917537 0
ramp_medium
0  64.000000 -60.000000 1.200000  0.000000 0.000000 1.000000  0.561093 0.482411 0
0  -58.000000 -62.000000 1.200000  0.000000 0.000000 1.000000  0.553760 0.932155 0
0  64.000000 -62.000000 1.200000  0.000000 0.000000 1.000000  0.553760 0.482402 0
ramp_medium
0  64.000000 -60.000000 0.000000  1.000000 0.000000 0.000000  0.518676 0.932991 0
0  64.000000 -62.000000 1.200000  1.000000 0.000000 0.000000  0.514279 0.925597 0
0  64.000000 -62.000000 0.000000  1.000000 0.000000 0.000000  0.518676 0.925597 0
ramp_medium
0  -20.256575 -60.363605 2.314072  0.000000 1.000000 0.000000  0.815162 0.805989 0
0  63.056572 -60.363605 29.185928  0.000000 1.000000 0.000004  0.819827 0.482402 0
0  -19.848295 -60.363605 1.108540  0.000000 1.000000 0.000000  0.819827 0.805988 0
ramp_medium
0  61.000000 -1.500000 0.000000  -1.000000 0.000000 0.000000  0.289585 0.999900 0
0  61.000000 1.500000 30.500000  -1.000000 0.000000 0.000000  0.300586 0.887243 0
0  61.000000 1.500000 0.000000  -1.000000 0.000000 0.000000  0.300586 0.999900 0
ramp_medium
0  -58.000000 -60.000000 0.000000  0.000000 1.000000 0.000000  0.719255 0.933431 0
0  64.000000 -60.000000 1.200000  0.000000 1.000000 0.000000  0.714856 0.482402 0
0  64.000000 -60.000000 0.000000  0.000000 1.000000 0.000000  0.719255 0.482402 0
ramp_medium
0  -19.848295 -60.363605 1.108540  0.320773 0.000000 -0.947156  0.946342 0.952916 0
0  63.056572 -61.636395 29.185928  0.320776 0.000000 -0.947155  0.951008 0.641274 0
0  -19.848295 -61.636395 1.108540  0.320773 0.000000 -0.947156  0.951008 0.952935 0
ramp_medium
0  63.056572 -60.363605 29.185928  0.947155 0.000000 0.320775  0.543695 0.945757 0
0  62.648293 -61.636395 30.391460  0.947155 0.000000 0.320775  0.539222 0.941051 0
0  63.056572 -61.636395 29.185928  0.947155 0.000000 0.320775  0.543695 0.941051 0
ramp_medium
0  -58.000000 -62.000000 0.000000  -1.000000 0.000000 0.000000  0.756433 0.934002 0
0  -58.000000 -60.000000 1.200000  -1.000000 0.000000 0.000000  0.752037 0.926608 0
0  -58.000000 -60.000000 0.000000  -1.000000 0.000000 0.000000  0.756433 0.926608 0
ramp_medium
0  -19.848295 -61.636395 1.108540  0.000000 -1.000000 0.000009  0.971664 0.285414 0
0  62.648293 -61.636395 30.391460  0.000000 -1.000000 -0.000006  0.976253 0.000000 0
0  -20.256575 -61.636395 2.314072  0.000000 -1.000000 0.000009  0.976253 0.285008 0
ramp_medium
0  -58.000000 -60.000000 0.000000  0.000000 0.000000 -1.000000  0.414845 0.932746 0
0  64.000000 -62.000000 0.000000  0.000000 0.000000 -1.000000  0.422178 0.482370 0
0  -58.000000 -62.000000 0.000000  0.000000 0.000000 -1.000000  0.422178 0.932740 0
ramp_medium
0  64.000000 -62.000000 0.000000  0.000000 -1.000000 0.000000  0.769716 0.873005 0
0  -58.000000 -62.000000 1.200000  0.000000 -1.000000 0.000000  0.765316 0.482402 0
0  -58.000000 -62.000000 0.000000  0.000000 -1.000000 0.000000  0.769716 0.482402 0
ramp_medium
0  -20.256575 -61.636395 2.314072  -0.320776 0.000000 0.947155  0.840483 0.795856 0
0  62.648293 -60.363605 30.391460  -0.320773 0.000000 0.947156  0.845150 0.482402 0
0  -20.256575 -60.363605 2.314072  -0.320776 0.000000 0.947155  0.845150 0.795837 0
ramp_medium
0  -20.256575 -60.363605 2.314072  -0.947156 0.000000 -0.320775  0.422812 0.940806 0
0  -19.848295 -61.636395 1.108540  -0.947156 0.000000 -0.320774  0.427292 0.945511 0
0  -20.256575 -61.636395 2.314072  -0.947156 0.000000 -0.320774  0.422812 0.945511 0
ramp_medium
0  61.000000 1.500000 0.000000  0.000000 1.000000 0.000000  0.802501 0.926771 0
0  64.000000 1.500000 30.500000  0.000000 1.000000 0.000000  0.813502 0.814049 0
0  64.000000 1.500000 0.000000  0.000000 1.000000 0.000000  0.813502 0.926771 0
ramp_medium
0  64.000000 1.500000 0.000000  1.000000 0.000000 0.000000  0.232599 0.999922 0
0  64.000000 -1.500000 30.500000  1.000000 0.000000 0.000000  0.243600 0.887243 0
0  64.000000 -1.500000 0.000000  1.000000 0.000000 0.000000  0.243600 0.999922 0
ramp_medium
0  64.000000 -1.500000 0.000000  0.000000 -1.000000 0.000000  0.327576 1.000000 0
0  61.000000 -1.500000 30.500000  0.000000 -1.000000 0.000000  0.337103 0.887243 0
0  61.000000 -1.500000 0.000000  0.000000 -1.000000 0.000000  0.337103 1.000000 0
ramp_medium
0  61.000000 1.500000 0.000000  0.000000 0.000000 -1.000000  0.533258 0.887275 0
0  64.000000 -1.500000 0.000000  0.000000 0.000000 -1.000000  0.544243 0.898374 0
0  61.000000 -1.500000 0.000000  0.000000 0.000000 -1.000000  0.533258 0.898365 0
ramp_medium
0  64.000000 1.500000 30.500000  0.000000 0.000000 1.000000  0.514279 0.906447 0
0  61.000000 -1.500000 30.500000  0.000000 0.000000 1.000000  0.525249 0.917524 0
0  64.000000 -1.500000 30.500000  0.000000 0.000000 1.000000  0.514279 0.917537 0
ramp_medium
0  64.000000 1.000000 1.200000  0.000000 0.000000 1.000000  0.591748 0.482411 0
0  -58.000000 -1.000000 1.200000  0.000000 0.000000 1.000000  0.584415 0.932155 0
0  64.000000 -1.000000 1.200000  0.000000 0.000000 1.000000  0.584415 0.482402 0
ramp_medium
0  64.000000 1.000000 0.000000  1.000000 0.000000 0.000000  0.531068 0.932991 0
0  64.000000 -1.000000 1.200000  1.000000 0.000000 0.000000  0.526671 0.925597 0
0  64.000000 -1.000000 0.000000  1.000000 0.000000 0.000000  0.531068 0.925597 0
ramp_medium
0  -20.256575 0.636396 2.314072  -0.000000 1.000000 0.000000  0.827822 0.805989 0
0  63.056572 0.636396 29.185928  -0.000000 1.000000 -0.000000  0.832488 0.482402 0
0  -19.848295 0.636396 1.108540  -0.000000 1.000000 0.000000  0.832488 0.805988 0
ramp_medium
0  61.000000 59.500000 0.000000  -1.000000 0.000000 0.000000  0.308581 0.999900 0
0  61.000000 62.500000 30.500000  -1.000000 0.000000 0.000000  0.319581 0.887243 0
0  61.000000 62.500000 0.000000  -1.000000 0.000000 0.000000  0.319581 0.999900 0
ramp_medium
0  -58.000000 1.000000 0.000000  0.000000 1.000000 0.000000  0.731648 0.933431 0
0  64.000000 1.000000 1.200000  0.000000 1.000000 0.000000  0.727249 0.482402 0
0  64.000000 1.000000 0.000000  0.000000 1.000000 0.000000  0.731648 0.482402 0
ramp_medium
0  -19.848295 0.636396 1.108540  0.320773 0.000000 -0.947156  0.946342 0.633175 0
0  63.056572 -0.636396 29.185928  0.320773 0.000000 -0.947156  0.951008 0.321534 0
0  -19.848295 -0.636396 1.108540  0.320773 0.000000 -0.947156  0.951008 0.633195 0
ramp_medium
0  63.056572 0.636396 29.185928  0.947156 0.000000 0.320775  0.526754 0.941051 0
0  62.648293 -0.636396 30.391460  0.947156 0.000000 0.320775  0.531227 0.945757 0
0  63.056572 -0.636396 29.185928  0.947156 0.000000 0.320774  0.526754 0.945757 0
ramp_medium
0  -58.000000 -1.000000 0.000000  -1.000000 0.000000 0.000000  0.647186 0.937158 0
0  -58.000000 1.000000 1.200000  -1.000000 0.000000 0.000000  0.642789 0.929764 0
0  -58.000000 1.000000 0.000000  -1.000000 0.000000 0.000000  0.647186 0.929764 0
ramp_medium
0  -19.848295 -0.636396 1.108540  0.000000 -1.000000 -0.000000  0.959003 0.606928 0
0  62.648293 -0.636396 30.391460  0.000000 -1.000000 -0.000000  0.963592 0.321514 0
0  -20.256575 -0.636396 2.314072  0.000000 -1.000000 -0.000000  0.963592 0.606523 0
ramp_medium
0  -58.000000 1.000000 0.000000  0.000000 0.000000 -1.000000  0.399517 0.932746 0
0  64.000000 -1.000000 0.000000  0.000000 0.000000 -1.000000  0.406850 0.482370 0
0  -58.000000 -1.000000 0.000000  0.000000 0.000000 -1.000000  0.406850 0.932740 0
ramp_medium
0  64.000000 -1.000000 0.000000  0.000000 -1.000000 0.000000  0.782111 0.873005 0
0  -58.000000 -1.000000 1.200000  0.000000 -1.000000 0.000000  0.777711 0.482402 0
0  -58.000000 -1.000000 0.000000  0.000000 -1.000000 0.000000  0.782111 0.482402 0
ramp_medium
0  -20.256575 -0.636396 2.314072  -0.320773 0.000000 0.947156  0.853144 0.795856 0
0  62.648293 0.636396 30.391460  -0.320773 0.000000 0.947156  0.857811 0.482402 0
0  -20.256575 0.636396 2.314072  -0.320773 0.000000 0.947156  0.857811 0.795837 0
ramp_medium
0  -20.256575 0.636396 2.314072  -0.947156 0.000000 -0.320775  0.414817 0.945511 0
0  -19.848295 -0.636396 1.108540  -0.947156 0.000000 -0.320775  0.410338 0.940806 0
0  -20.256575 -0.636396 2.314072  -0.947155 0.000000 -0.320775  0.414817 0.940806 0
ramp_medium
0  61.000000 62.500000 0.000000  0.000000 1.000000 0.000000  0.971587 0.922427 0
0  64.000000 62.500000 30.500000  0.000000 1.000000 0.000000  0.982587 0.809705 0
0  64.000000 62.500000 0.000000  0.000000 1.000000 0.000000  0.982587 0.922427 0
ramp_medium
0  64.000000 62.500000 0.000000  1.000000 0.000000 0.000000  0.251594 0.999922 0
0  64.000000 59.500000 30.500000  1.000000 0.000000 0.000000  0.262595 0.887243 0
0  64.000000 59.500000 0.000000  1.000000 0.000000 0.000000  0.262595 0.999922 0
ramp_medium
0  64.000000 59.500000 0.000000  0.000000 -1.000000 0.000000  0.821496 0.926806 0
0  61.000000 59.500000 30.500000  0.000000 -1.000000 0.000000  0.831023 0.814049 0
0  61.000000 59.500000 0.000000  0.000000 -1.000000 0.000000  0.831023 0.926806 0
ramp_medium
0  61.000000 62.500000 0.000000  0.000000 0.000000 -1.000000  0.495291 0.887275 0
0  64.000000 59.500000 0.000000  0.000000 0.000000 -1.000000  0.506284 0.898365 0
0  61.000000 59.500000 0.000000  0.000000 0.000000 -1.000000  0.495300 0.898365 0
ramp_medium
0  64.000000 62.500000 30.500000  0.000000 0.000000 1.000000  0.495291 0.906438 0
0  61.000000 59.500000 30.500000  0.000000 0.000000 1.000000  0.506261 0.917515 0
0  64.000000 59.500000 30.500000  0.000000 0.000000 1.000000  0.495291 0.917528 0
ramp_medium
0  64.000000 62.000000 1.200000  0.000000 0.000000 1.000000  0.576421 0.482411 0
0  -58.000000 60.000000 1.200000  0.000000 0.000000 1.000000  0.569088 0.932155 0
0  64.000000 60.000000 1.200000  0.000000 0.000000 1.000000  0.569088 0.482402 0
ramp_medium
0  64.000000 62.000000 0.000000  1.000000 0.000000 0.000000  0.543460 0.932991 0
0  64.000000 60.000000 1.200000  1.000000 0.000000 0.000000  0.539063 0.925597 0
0  64.000000 60.000000 0.000000  1.000000 0.000000 0.000000  0.543460 0.925597 0
ramp_medium
0  -20.256575 61.636395 2.314072  0.000000 1.000000 0.000000  0.802501 0.805989 0
0  63.056572 61.636395 29.185928  0.000000 1.000000 0.000003  0.807167 0.482402 0
0  -19.848295 61.636395 1.108540  0.000000 1.000000 0.000000  0.807167 0.805988 0
ramp_medium
0  -58.000000 62.000000 0.000000  0.000000 1.000000 0.000000  0.744042 0.933431 0
0  64.000000 62.000000 1.200000  0.000000 1.000000 0.000000  0.739643 0.482402 0
0  64.000000 62.000000 0.000000  0.000000 1.000000 0.000000  0.744042 0.482402 0
ramp_medium
0  -19.848295 61.636395 1.108540  0.320776 0.000000 -0.947155  0.959003 0.311661 0
0  63.056572 60.363605 29.185928  0.320773 0.000000 -0.947156  0.963669 0.000020 0
0  -19.848295 60.363605 1.108540  0.320776 0.000000 -0.947155  0.963669 0.311680 0
ramp_medium
0  63.056572 61.636395 29.185928  0.947155 0.000000 0.320775  0.719329 0.946197 0
0  62.648293 60.363605 30.391460  0.947155 0.000000 0.320775  0.714856 0.941491 0
0  63.056572 60.363605 29.185928  0.947155 0.000000 0.320775  0.719329 0.941491 0
ramp_medium
0  -58.000000 60.000000 0.000000  -1.000000 0.000000 0.000000  0.634795 0.937158 0
0  -58.000000 62.000000 1.200000  -1.000000 0.000000 0.000000  0.630398 0.929764 0
0  -58.000000 62.000000 0.000000  -1.000000 0.000000 0.000000  0.634795 0.929764 0
ramp_medium
0  -19.848295 60.363605 1.108540  0.000000 -1.000000 0.000009  0.959003 0.900403 0
0  62.648293 60.363605 30.391460  0.000000 -1.000000 -0.000005  0.963592 0.614989 0
0  -20.256575 60.363605 2.314072  0.000000 -1.000000 0.000009  0.963592 0.899997 0
ramp_medium
0  -58.000000 62.000000 0.000000  0.000000 0.000000 -1.000000  0.384189 0.932746 0
0  64.000000 60.000000 0.000000  0.000000 0.000000 -1.000000  0.391522 0.482370 0
0  -58.000000 60.000000 0.000000  0.000000 0.000000 -1.000000  0.391522 0.932740 0
ramp_medium
0  64.000000 60.000000 0.000000  0.000000 -1.000000 0.000000  0.794506 0.873005 0
0  -58.000000 60.000000 1.200000  0.000000 -1.000000 0.000000  0.790106 0.482402 0
0  -58.000000 60.000000 0.000000  0.000000 -1.000000 0.000000  0.794506 0.482402 0
ramp_medium
0  -20.256575 60.363605 2.314072  -0.320773 0.000000 0.947156  0.946342 0.313454 0
0  62.648293 61.636395 30.391460  -0.320776 0.000000 0.947155  0.951008 0.000000 0
0  -20.256575 61.636395 2.314072  -0.320773 0.000000 0.947156  0.951008 0.313435 0
ramp_medium
0  -20.256575 61.636395 2.314072  -0.947156 0.000000 -0.320775  0.514279 0.941051 0
0  -19.848295 60.363605 1.108540  -0.947156 0.000000 -0.320774  0.518759 0.945757 0
0  -20.256575 60.363605 2.314072  -0.947156 0.000000 -0.320774  0.514279 0.945757 0
ramp_medium
0  2.000000 -61.200001 16.299999  0.499998 0.866027 0.000000  0.002603 0.946686 0
0  2.692820 -61.599998 17.000000  0.499998 0.866027 0.000000  0.000000 0.944125 0
0  2.692820 -61.599998 16.299999  0.499998 0.866026 0.000000  0.002566 0.944125 0
ramp_medium
0  -46.000000 62.799999 4.300000  0.499998 0.866027 0.000000  0.013200 0.946686 0
0  -45.307178 62.400002 5.000000  0.499998 0.866027 0.000000  0.010597 0.944125 0
0  -45.307178 62.400002 4.300000  0.499998 0.866027 0.000000  0.013163 0.944125 0
ramp_medium
0  2.692820 61.599998 16.299999  0.499998 -0.866027 0.000000  0.170007 0.947301 0
0  2.000000 61.200001 17.000000  0.499998 -0.866027 0.000000  0.167440 0.944343 0
0  2.000000 61.200001 16.299999  0.499998 -0.866027 0.000000  0.170007 0.944343 0
ramp_medium
0  -45.307178 62.400002 4.300000  1.000000 0.000000 0.000000  0.412903 0.956529 0
0  -45.307178 61.599998 5.000000  1.000000 0.000000 0.000000  0.410338 0.953572 0
0  -45.307178 61.599998 4.300000  1.000000 0.000000 0.000000  0.412903 0.953572 0
ramp_medium
0  -22.000000 62.799999 10.299999  0.499999 0.866026 0.000000  0.066187 0.946686 0
0  -21.307180 62.400002 11.000000  0.499998 0.866026 0.000000  0.063584 0.944125 0
0  -21.307180 62.400002 10.299999  0.499997 0.866027 0.000000  0.066150 0.944125 0
ramp_medium
0  -46.000000 -61.200001 4.300000  0.499998 0.866027 0.000000  0.023797 0.946686 0
0  -45.307178 -61.599998 5.000000  0.499998 0.866027 0.000000  0.021195 0.944125 0
0  -45.307178 -61.599998 4.300000  0.499998 0.866027 0.000000  0.023761 0.944125 0
ramp_medium
0  -45.307178 61.599998 4.300000  0.499998 -0.866027 0.000000  0.159445 0.947301 0
0  -46.000000 61.200001 5.000000  0.499998 -0.866027 0.000000  0.156879 0.944343 0
0  -46.000000 61.200001 4.300000  0.499998 -0.866027 0.000000  0.159445 0.944343 0
ramp_medium
0  -22.000000 -61.200001 10.299999  0.499999 0.866026 0.000000  0.076784 0.946686 0
0  -21.307180 -61.599998 11.000000  0.499998 0.866026 0.000000  0.074182 0.944125 0
0  -21.307180 -61.599998 10.299999  0.499997 0.866027 0.000000  0.076748 0.944125 0
ramp_medium
0  2.692820 62.400002 16.299999  1.000000 0.000000 0.000000  0.423463 0.956529 0
0  2.692820 61.599998 17.000000  1.000000 0.000000 0.000000  0.420898 0.953572 0
0  2.692820 61.599998 16.299999  1.000000 0.000000 0.000000  0.423463 0.953572 0
ramp_medium
0  -46.000000 61.200001 4.300000  -0.499995 -0.866028 0.000000  0.127761 0.947301 0
0  -46.692822 61.599998 5.000000  -0.499995 -0.866028 0.000000  0.125194 0.944343 0
0  -46.692822 61.599998 4.300000  -0.499995 -0.866028 0.000000  0.127761 0.944343 0
ramp_medium
0  -46.000000 61.200001 5.000000  0.000000 0.000000 1.000000  0.805034 0.940746 0
0  -45.307178 61.599998 5.000000  0.000000 0.000000 1.000000  0.802501 0.939270 0
0  -46.000000 62.799999 5.000000  0.000000 0.000000 1.000000  0.805034 0.934832 0
ramp_medium
0  2.000000 62.799999 16.299999  0.499998 0.866027 0.000000  0.034395 0.946686 0
0  2.692820 62.400002 17.000000  0.499998 0.866027 0.000000  0.031792 0.944125 0
0  2.692820 62.400002 16.299999  0.499998 0.866026 0.000000  0.034358 0.944125 0
ramp_medium
0  -46.692822 61.599998 4.300000  -1.000000 0.000000 0.000000  0.754601 0.957566 0
0  -46.692822 62.400002 5.000000  -1.000000 0.000000 0.000000  0.752037 0.954609 0
0  -46.692822 62.400002 4.300000  -1.000000 0.000000 0.000000  0.754601 0.954609 0
ramp_medium
0  -45.307178 -62.400002 4.300000  0.499998 -0.866027 0.000000  0.138322 0.947301 0
0  -46.000000 -62.799999 5.000000  0.499998 -0.866027 0.000000  0.135755 0.944343 0
0  -46.000000 -62.799999 4.300000  0.499998 -0.866027 0.000000  0.138322 0.944343 0
ramp_medium
0  -45.307178 -61.599998 4.300000  1.000000 0.000000 0.000000  0.473366 0.956632 0
0  -45.307178 -62.400002 5.000000  1.000000 0.000000 0.000000  0.470800 0.953674 0
0  -45.307178 -62.400002 4.300000  1.000000 0.000000 0.000000  0.473366 0.953674 0
ramp_medium
0  -46.692822 62.400002 4.300000  -0.499995 0.866028 0.000000  0.013163 0.949247 0
0  -46.000000 62.799999 5.000000  -0.499995 0.866028 0.000000  0.010634 0.946686 0
0  -46.000000 62.799999 4.300000  -0.499995 0.866028 0.000000  0.013200 0.946686 0
ramp_medium
0  -46.000000 61.200001 4.300000  0.000000 0.000000 -1.000000  0.130237 0.936283 0
0  -46.692822 61.599998 4.300000  0.000001 0.000000 -1.000000  0.127701 0.934802 0
0  -46.692822 62.400002 4.300000  0.000000 0.000000 -1.000000  0.127701 0.931845 0
ramp_medium
0  -46.000000 -62.799999 4.300000  -0.499995 -0.866028 0.000000  0.704093 0.949424 0
0  -46.692822 -62.400002 5.000000  -0.499995 -0.866028 0.000000  0.701526 0.946467 0
0  -46.692822 -62.400002 4.300000  -0.499995 -0.866028 0.000000  0.704093 0.946467 0
ramp_medium
0  -46.692822 -61.599998 5.000000  0.000000 0.000000 1.000000  0.826563 0.936342 0
0  -46.692822 -62.400002 5.000000  0.000000 0.000000 1.000000  0.826563 0.939300 0
0  -46.000000 -62.799999 5.000000  0.000000 0.000000 1.000000  0.824030 0.940781 0
ramp_medium
0  -46.692822 -62.400002 4.300000  -1.000000 0.000000 0.000000  0.386754 0.957723 0
0  -46.692822 -61.599998 5.000000  -1.000000 0.000000 0.000000  0.384189 0.954766 0
0  -46.692822 -61.599998 4.300000  -1.000000 0.000000 0.000000  0.386754 0.954766 0
ramp_medium
0  -21.307180 61.599998 10.299999  0.499998 -0.866026 0.000000  0.195609 0.947297 0
0  -22.000000 61.200001 11.000000  0.499999 -0.866026 0.000000  0.193042 0.944339 0
0  -22.000000 61.200001 10.299999  0.500000 -0.866025 0.000000  0.195609 0.944339 0
ramp_medium
0  -21.307180 62.400002 10.299999  1.000000 0.000000 0.000000  0.612870 0.954448 0
0  -21.307180 61.599998 11.000000  1.000000 0.000000 0.000000  0.610305 0.951490 0
0  -21.307180 61.599998 10.299999  1.000000 0.000000 0.000000  0.612870 0.951490 0
ramp_medium
0  -46.692822 -61.599998 4.300000  -0.499995 0.866028 0.000000  0.023761 0.949247 0
0  -46.000000 -61.200001 5.000000  -0.499995 0.866028 0.000000  0.021231 0.946686 0
0  -46.000000 -61.200001 4.300000  -0.499995 0.866028 0.000000  0.023797 0.946686 0
ramp_medium
0  -46.000000 -61.200001 4.300000  0.000000 0.000000 -1.000000  0.143306 0.930368 0
0  -45.307178 -61.599998 4.300000  -0.000001 0.000000 -1.000000  0.145842 0.931849 0
0  -45.307178 -62.400002 4.300000  -0.000000 0.000000 -1.000000  0.145842 0.934806 0
ramp_medium
0  -22.000000 61.200001 10.299999  -0.499999 -0.866026 0.000000  0.180568 0.947301 0
0  -22.692820 61.599998 11.000000  -0.499998 -0.866026 0.000000  0.178002 0.944343 0
0  -22.692820 61.599998 10.299999  -0.499997 -0.866027 0.000000  0.180568 0.944343 0
ramp_medium
0  -22.000000 61.200001 11.000000  0.000000 0.000000 1.000000  0.602277 0.943430 0
0  -21.307180 61.599998 11.000000  0.000000 0.000000 1.000000  0.599743 0.941954 0
0  -22.000000 62.799999 11.000000  0.000000 0.000000 1.000000  0.602277 0.937515 0
ramp_medium
0  2.692820 -62.400002 16.299999  0.499998 -0.866027 0.000000  0.933591 0.950619 0
0  2.000000 -62.799999 17.000000  0.499998 -0.866027 0.000000  0.931024 0.947662 0
0  2.000000 -62.799999 16.299999  0.499998 -0.866027 0.000000  0.933591 0.947662 0
ramp_medium
0  -22.692820 61.599998 10.299999  -1.000000 0.000000 0.000000  0.573906 0.957141 0
0  -22.692820 62.400002 11.000000  -1.000000 0.000000 0.000000  0.571341 0.954184 0
0  -22.692820 62.400002 10.299999  -1.000000 0.000000 0.000000  0.573906 0.954184 0
ramp_medium
0  -21.307180 -62.400002 10.299999  0.499998 -0.866026 0.000000  0.602310 0.954448 0
0  -22.000000 -62.799999 11.000000  0.499999 -0.866026 0.000000  0.599743 0.951490 0
0  -22.000000 -62.799999 10.299999  0.500000 -0.866025 0.000000  0.602310 0.951490 0
ramp_medium
0  -21.307180 -61.599998 10.299999  1.000000 0.000000 0.000000  0.486427 0.955840 0
0  -21.307180 -62.400002 11.000000  1.000000 0.000000 0.000000  0.483862 0.952882 0
0  -21.307180 -62.400002 10.299999  1.000000 0.000000 0.000000  0.486427 0.952882 0
ramp_medium
0  -22.692820 62.400002 10.299999  -0.499998 0.866026 0.000000  0.066150 0.949247 0
0  -22.000000 62.799999 11.000000  -0.499999 0.866026 0.000000  0.063621 0.946686 0
0  -22.000000 62.799999 10.299999  -0.500000 0.866025 0.000000  0.066187 0.946686 0
ramp_medium
0  -22.000000 62.799999 10.299999  -0.000001 0.000000 -1.000000  0.206114 0.934805 0
0  -21.307180 62.400002 10.299999  0.000001 0.000000 -1.000000  0.206114 0.931850 0
0  -22.000000 61.200001 10.299999  -0.000000 0.000000 -1.000000  0.211191 0.931842 0
ramp_medium
0  -22.000000 -62.799999 10.299999  -0.499999 -0.866026 0.000000  0.805068 0.951764 0
0  -22.692820 -62.400002 11.000000  -0.499998 -0.866026 0.000000  0.802501 0.948806 0
0  -22.692820 -62.400002 10.299999  -0.499997 -0.866027 0.000000  0.805068 0.948806 0
ramp_medium
0  26.692820 61.599998 22.299999  0.499999 -0.866026 0.000000  0.206170 0.947297 0
0  26.000000 61.200001 23.000000  0.499999 -0.866026 0.000000  0.203604 0.944339 0
0  26.000000 61.200001 22.299999  0.499999 -0.866026 0.000000  0.206170 0.944339 0
ramp_medium
0  -22.692820 -62.400002 10.299999  -0.000001 0.000000 -1.000000  0.224262 0.934797 0
0  -22.692820 -61.599998 10.299999  0.000000 0.000000 -1.000000  0.221724 0.936279 0
0  -22.000000 -61.200001 10.299999  0.000000 0.000000 -1.000000  0.219185 0.934805 0
ramp_medium
0  -22.692820 -62.400002 10.299999  -1.000000 0.000000 0.000000  0.556325 0.957156 0
0  -22.692820 -61.599998 11.000000  -1.000000 0.000000 0.000000  0.553760 0.954199 0
0  -22.692820 -61.599998 10.299999  -1.000000 0.000000 0.000000  0.556325 0.954199 0
ramp_medium
0  2.692820 -61.599998 16.299999  1.000000 0.000000 0.000000  0.729889 0.956692 0
0  2.692820 -62.400002 17.000000  1.000000 0.000000 0.000000  0.727324 0.953735 0
0  2.692820 -62.400002 16.299999  1.000000 0.000000 0.000000  0.729889 0.953735 0
ramp_medium
0  26.000000 62.799999 22.299999  0.499999 0.866026 0.000000  0.044992 0.946686 0
0  26.692820 62.400002 23.000000  0.499999 0.866026 0.000000  0.042389 0.944125 0
0  26.692820 62.400002 22.299999  0.499999 0.866026 0.000000  0.044955 0.944125 0
ramp_medium
0  -22.692820 -61.599998 10.299999  -0.499998 0.866026 0.000000  0.076748 0.949247 0
0  -22.000000 -61.200001 11.000000  -0.499999 0.866026 0.000000  0.074218 0.946686 0
0  -22.000000 -61.200001 10.299999  -0.500000 0.866025 0.000000  0.076784 0.946686 0
ramp_medium
0  -22.000000 -61.200001 11.000000  0.000000 0.000000 1.000000  0.586949 0.940224 0
0  -22.692820 -61.599998 11.000000  0.000000 0.000000 1.000000  0.589482 0.941699 0
0  -22.692820 -62.400002 11.000000  0.000000 0.000000 1.000000  0.589482 0.944657 0
ramp_medium
0  2.000000 61.200001 16.299999  -0.499998 -0.866027 0.000000  0.216732 0.947297 0
0  1.307180 61.599998 17.000000  -0.499998 -0.866027 0.000000  0.214165 0.944339 0
0  1.307180 61.599998 16.299999  -0.499998 -0.866026 0.000000  0.216732 0.944339 0
ramp_medium
0  26.692820 -62.400002 22.299999  0.499999 -0.866026 0.000000  0.824063 0.951799 0
0  26.000000 -62.799999 23.000000  0.499999 -0.866026 0.000000  0.821496 0.948841 0
0  26.000000 -62.799999 22.299999  0.499999 -0.866026 0.000000  0.824063 0.948841 0
ramp_medium
0  2.000000 62.799999 16.299999  0.000000 0.000000 -1.000000  0.156374 0.930368 0
0  2.692820 62.400002 16.299999  0.000001 0.000000 -1.000000  0.158911 0.931849 0
0  2.000000 61.200001 16.299999  0.000000 0.000000 -1.000000  0.156374 0.936283 0
ramp_medium
0  1.307180 61.599998 16.299999  -1.000000 0.000000 0.000000  0.397313 0.957723 0
0  1.307180 62.400002 17.000000  -1.000000 0.000000 0.000000  0.394749 0.954766 0
0  1.307180 62.400002 16.299999  -1.000000 0.000000 0.000000  0.397313 0.954766 0
ramp_medium
0  26.692820 62.400002 22.299999  1.000000 0.000000 0.000000  0.740448 0.956692 0
0  26.692820 61.599998 23.000000  1.000000 0.000000 0.000000  0.737883 0.953735 0
0  26.692820 61.599998 22.299999  1.000000 0.000000 0.000000  0.740448 0.953735 0
ramp_medium
0  26.000000 -61.200001 22.299999  0.499999 0.866026 0.000000  0.055589 0.946686 0
0  26.692820 -61.599998 23.000000  0.499999 0.866026 0.000000  0.052987 0.944125 0
0  26.692820 -61.599998 22.299999  0.499999 0.866026 0.000000  0.055553 0.944125 0
ramp_medium
0  1.307180 62.400002 16.299999  -0.499998 0.866027 0.000000  0.034358 0.949247 0
0  2.000000 62.799999 17.000000  -0.499998 0.866027 0.000000  0.031829 0.946686 0
0  2.000000 62.799999 16.299999  -0.499998 0.866027 0.000000  0.034395 0.946686 0
ramp_medium
0  2.000000 62.799999 17.000000  0.000000 0.000000 1.000000  0.556294 0.940224 0
0  1.307180 62.400002 17.000000  0.000000 0.000000 1.000000  0.558827 0.941699 0
0  1.307180 61.599998 17.000000  0.000000 0.000000 1.000000  0.558827 0.944657 0
ramp_medium
0  2.000000 -62.799999 16.299999  -0.499998 -0.866027 0.000000  0.497858 0.947697 0
0  1.307180 -62.400002 17.000000  -0.499998 -0.866027 0.000000  0.495291 0.944739 0
0  1.307180 -62.400002 16.299999  -0.499998 -0.866026 0.000000  0.497858 0.944739 0
ramp_medium
0  50.692822 61.599998 28.299999  0.499999 -0.866026 0.000000  0.097907 0.947082 0
0  50.000000 61.200001 29.000000  0.499998 -0.866026 0.000000  0.095341 0.944125 0
0  50.000000 61.200001 28.299999  0.499996 -0.866028 0.000000  0.097907 0.944125 0
ramp_medium
0  2.000000 -61.200001 16.299999  0.000000 0.000000 -1.000000  0.193042 0.934805 0
0  2.692820 -61.599998 16.299999  0.000003 0.000000 -1.000000  0.193042 0.931850 0
0  2.692820 -62.400002 16.299999  0.000001 0.000000 -1.000000  0.195581 0.930368 0
ramp_medium
0  1.307180 -62.400002 16.299999  -1.000000 0.000000 0.000000  0.087343 0.958100 0
0  1.307180 -61.599998 17.000000  -1.000000 0.000000 0.000000  0.084779 0.955142 0
0  1.307180 -61.599998 16.299999  -1.000000 0.000000 0.000000  0.087343 0.955142 0
ramp_medium
0  26.692820 -61.599998 22.299999  1.000000 0.000000 0.000000  0.516844 0.956775 0
0  26.692820 -62.400002 23.000000  1.000000 0.000000 0.000000  0.514279 0.953817 0
0  26.692820 -62.400002 22.299999  1.000000 0.000000 0.000000  0.516844 0.953817 0
ramp_medium
0  50.000000 62.799999 28.299999  0.499998 0.866026 0.000000  0.486464 0.942261 0
0  50.692822 62.400002 29.000000  0.499999 0.866026 0.000000  0.483862 0.939699 0
0  50.692822 62.400002 28.299999  0.500002 0.866025 0.000000  0.486428 0.939699 0
ramp_medium
0  1.307180 -61.599998 16.299999  -0.499998 0.866027 0.000000  0.002566 0.949247 0
0  2.000000 -61.200001 17.000000  -0.499998 0.866027 0.000000  0.000037 0.946686 0
0  2.000000 -61.200001 16.299999  -0.499998 0.866027 0.000000  0.002603 0.946686 0
ramp_medium
0  2.000000 -61.200001 17.000000  0.000000 0.000000 1.000000  0.615338 0.937515 0
0  1.307180 -61.599998 17.000000  0.000000 0.000000 1.000000  0.617871 0.938991 0
0  1.307180 -62.400002 17.000000  0.000000 0.000000 1.000000  0.617871 0.941948 0
ramp_medium
0  26.000000 61.200001 22.299999  -0.499999 -0.866026 0.000000  0.632965 0.948176 0
0  25.307180 61.599998 23.000000  -0.499999 -0.866026 0.000000  0.630398 0.945218 0
0  25.307180 61.599998 22.299999  -0.499999 -0.866026 0.000000  0.632965 0.945218 0
ramp_medium
0  50.692822 -62.400002 28.299999  0.499999 -0.866026 0.000000  0.148884 0.947301 0
0  50.000000 -62.799999 29.000000  0.499998 -0.866026 0.000000  0.146317 0.944343 0
0  50.000000 -62.799999 28.299999  0.499996 -0.866028 0.000000  0.148884 0.944343 0
ramp_medium
0  26.000000 62.799999 22.299999  -0.000001 0.000000 -1.000000  0.169442 0.930368 0
0  26.692820 62.400002 22.299999  0.000000 0.000000 -1.000000  0.171979 0.931849 0
0  26.692820 61.599998 22.299999  -0.000005 0.000000 -1.000000  0.171979 0.934806 0
ramp_medium
0  25.307180 61.599998 22.299999  -1.000000 0.000000 0.000000  0.097905 0.958100 0
0  25.307180 62.400002 23.000000  -1.000000 0.000000 0.000000  0.095340 0.955142 0
0  25.307180 62.400002 22.299999  -1.000000 0.000000 0.000000  0.097905 0.955142 0
ramp_medium
0  50.692822 62.400002 28.299999  1.000000 0.000000 0.000000  0.527404 0.956775 0
0  50.692822 61.599998 29.000000  1.000000 0.000000 0.000000  0.524839 0.953817 0
0  50.692822 61.599998 28.299999  1.000000 0.000000 0.000000  0.527404 0.953817 0
ramp_medium
0  50.000000 -61.200001 28.299999  0.499998 0.866026 0.000000  0.854655 0.946408 0
0  50.692822 -61.599998 29.000000  0.499999 0.866026 0.000000  0.852052 0.943846 0
0  50.692822 -61.599998 28.299999  0.500002 0.866025 0.000000  0.854618 0.943846 0
ramp_medium
0  25.307180 62.400002 22.299999  -0.499999 0.866026 0.000000  0.044955 0.949247 0
0  26.000000 62.799999 23.000000  -0.499999 0.866026 0.000000  0.042426 0.946686 0
0  26.000000 62.799999 22.299999  -0.499999 0.866026 0.000000  0.044992 0.946686 0
ramp_medium
0  26.000000 62.799999 23.000000  0.000000 0.000000 1.000000  0.389269 0.942276 0
0  25.307180 62.400002 23.000000  0.000000 0.000000 1.000000  0.389269 0.945226 0
0  25.307180 61.599998 23.000000  0.000000 0.000000 1.000000  0.386729 0.946705 0
ramp_medium
0  26.000000 -62.799999 22.299999  -0.499999 -0.866026 0.000000  0.643527 0.948176 0
0  25.307180 -62.400002 23.000000  -0.499999 -0.866026 0.000000  0.640960 0.945218 0
0  25.307180 -62.400002 22.299999  -0.499999 -0.866026 0.000000  0.643527 0.945218 0
ramp_medium
0  26.000000 -61.200001 22.299999  -0.000001 0.000000 -1.000000  0.182511 0.930368 0
0  26.692820 -61.599998 22.299999  0.000000 0.000000 -1.000000  0.185047 0.931849 0
0  26.692820 -62.400002 22.299999  -0.000005 0.000000 -1.000000  0.185047 0.934806 0
ramp_medium
0  25.307180 -62.400002 22.299999  -1.000000 0.000000 0.000000  0.117197 0.958319 0
0  25.307180 -61.599998 23.000000  -1.000000 0.000000 0.000000  0.114632 0.955361 0
0  25.307180 -61.599998 22.299999  -1.000000 0.000000 0.000000  0.117197 0.955361 0
ramp_medium
0  50.692822 -61.599998 28.299999  1.000000 0.000000 0.000000  0.537964 0.956775 0
0  50.692822 -62.400002 29.000000  1.000000 0.000000 0.000000  0.535399 0.953817 0
0  50.692822 -62.400002 28.299999  1.000000 0.000000 0.000000  0.537964 0.953817 0
ramp_medium
0  25.307180 -61.599998 22.299999  -0.499999 0.866026 0.000000  0.055553 0.949247 0
0  26.000000 -61.200001 23.000000  -0.499999 0.866026 0.000000  0.053023 0.946686 0
0  26.000000 -61.200001 22.299999  -0.499999 0.866026 0.000000  0.055589 0.946686 0
ramp_medium
0  26.000000 -61.200001 23.000000  0.000000 0.000000 1.000000  0.473334 0.939699 0
0  25.307180 -61.599998 23.000000  0.000000 0.000000 1.000000  0.475867 0.941175 0
0  25.307180 -62.400002 23.000000  0.000000 0.000000 1.000000  0.475867 0.944132 0
ramp_medium
0  50.000000 61.200001 28.299999  -0.499998 -0.866026 0.000000  0.087346 0.947082 0
0  49.307178 61.599998 29.000000  -0.499999 -0.866026 0.000000  0.084779 0.944125 0
0  49.307178 61.599998 28.299999  -0.500002 -0.866025 0.000000  0.087346 0.944125 0
ramp_medium
0  50.000000 62.799999 28.299999  0.000000 0.000000 -1.000000  0.701526 0.933975 0
0  50.692822 62.400002 28.299999  -0.000007 0.000000 -1.000000  0.704067 0.932500 0
0  50.692822 61.599998 28.299999  -0.000002 0.000000 -1.000000  0.706607 0.933978 0
ramp_medium
0  49.307178 61.599998 28.299999  -1.000000 0.000000 0.000000  0.586980 0.957156 0
0  49.307178 62.400002 29.000000  -1.000000 0.000000 0.000000  0.584416 0.954199 0
0  49.307178 62.400002 28.299999  -1.000000 0.000000 0.000000  0.586980 0.954199 0
ramp_medium
0  49.307178 62.400002 28.299999  -0.499999 0.866026 0.000000  0.486428 0.944822 0
0  50.000000 62.799999 29.000000  -0.499998 0.866026 0.000000  0.483898 0.942261 0
0  50.000000 62.799999 28.299999  -0.499996 0.866028 0.000000  0.486464 0.942261 0
ramp_medium
0  50.000000 62.799999 29.000000  0.000000 0.000000 1.000000  0.576421 0.941694 0
0  49.307178 62.400002 29.000000  0.000000 0.000000 1.000000  0.576421 0.944644 0
0  49.307178 61.599998 29.000000  0.000000 0.000000 1.000000  0.573881 0.946123 0
ramp_medium
0  50.000000 -62.799999 28.299999  -0.499998 -0.866026 0.000000  0.117199 0.947301 0
0  49.307178 -62.400002 29.000000  -0.499999 -0.866026 0.000000  0.114632 0.944343 0
0  49.307178 -62.400002 28.299999  -0.500002 -0.866025 0.000000  0.117199 0.944343 0
ramp_medium
0  50.000000 -61.200001 28.299999  0.000000 0.000000 -1.000000  0.117169 0.930368 0
0  50.692822 -61.599998 28.299999  -0.000007 0.000000 -1.000000  0.119706 0.931849 0
0  50.692822 -62.400002 28.299999  -0.000002 0.000000 -1.000000  0.119706 0.934806 0
ramp_medium
0  49.307178 -62.400002 28.299999  -1.000000 0.000000 0.000000  0.717420 0.957215 0
0  49.307178 -61.599998 29.000000  -1.000000 0.000000 0.000000  0.714856 0.954257 0
0  49.307178 -61.599998 28.299999  -1.000000 0.000000 0.000000  0.717420 0.954257 0
ramp_medium
0  49.307178 -61.599998 28.299999  -0.499999 0.866026 0.000000  0.854618 0.948969 0
0  50.000000 -61.200001 29.000000  -0.499998 0.866026 0.000000  0.852089 0.946408 0
0  50.000000 -61.200001 28.299999  -0.499996 0.866028 0.000000  0.854655 0.946408 0
ramp_medium
0  50.000000 -61.200001 29.000000  0.000000 0.000000 1.000000  0.402343 0.942276 0
0  49.307178 -61.599998 29.000000  0.000000 0.000000 1.000000  0.402343 0.945226 0
0  49.307178 -62.400002 29.000000  0.000000 0.000000 1.000000  0.399803 0.946705 0
ramp_medium
0  -58.000000 64.000000 0.000000  0.000000 1.000000 0.000000  0.706861 0.902920 0
0  -64.000000 64.000000 0.000000  0.000000 1.000000 0.000000  0.701526 0.924440 0
0  52.000000 64.000000 29.000000  0.000000 1.000000 0.000000  0.701526 0.482402 0
ramp_medium
0  -64.000000 -64.000000 0.000010  0.000000 -1.000000 0.000000  0.757321 0.868960 0
0  -58.000000 -64.000000 0.000010  0.000000 -1.000000 0.000000  0.752037 0.850504 0
0  52.000000 -64.000000 27.500010  0.000000 -1.000000 0.000000  0.752037 0.483940 0
ramp_medium
0  -64.000000 64.000000 0.000000  -0.242536 0.000000 0.970142  0.432149 0.001155 0
0  -64.000000 -64.000000 0.000010  -0.242536 0.000000 0.970142  0.432149 0.474309 0
0  52.000000 -64.000000 29.000010  -0.242536 0.000000 0.970142  0.000000 0.473154 0
ramp_medium
0  52.000000 64.000000 29.000000  1.000000 0.000000 0.000000  0.680042 0.482402 0
0  52.000000 -64.000000 29.000010  1.000000 0.000000 0.000000  0.680042 0.955613 0
0  52.000000 -64.000000 27.500010  1.000000 0.000000 0.000000  0.674545 0.955613 0
ramp_medium
0  52.000000 64.000000 27.500000  0.242536 -0.000000 -0.970142  0.870329 0.000000 0
0  52.000000 -64.000000 27.500010  0.242536 -0.000000 -0.970142  0.870329 0.473159 0
0  -58.000000 -64.000000 0.000010  0.122186 -0.000000 -0.992507  0.462112 0.474342 0
ramp_medium
0  -58.000000 64.000000 0.000000  0.122182 -0.000000 -0.992508  0.462113 0.001183 0
0  -58.000000 -64.000000 0.000010  0.122186 -0.000000 -0.992507  0.462112 0.474342 0
0  -64.000000 -64.000000 0.000010  0.000000 -0.000000 -1.000000  0.440143 0.474324 0
ramp_medium
0  52.000000 64.000000 27.500000  0.000000 1.000000 0.000000  0.470800 0.887275 0
0  52.000000 64.000000 29.000000  0.000000 1.000000 0.000000  0.476299 0.887275 0
0  64.000000 64.000000 32.000000  0.000000 1.000000 0.000000  0.487296 0.931639 0
ramp_medium
0  52.000000 -64.000000 29.000010  0.000000 -1.000000 0.000000  0.757321 0.917010 0
0  52.000000 -64.000000 27.500010  0.000000 -1.000000 0.000000  0.752037 0.918548 0
0  64.000000 -64.000000 30.500010  0.000000 -1.000000 0.000000  0.752037 0.878559 0
ramp_medium
0  52.000000 64.000000 29.000000  -0.242536 0.000000 0.970142  0.923029 0.000120 0
0  52.000000 -64.000000 29.000010  -0.242536 0.000000 0.970142  0.923029 0.473274 0
0  64.000000 -64.000000 32.000011  -0.242536 0.000000 0.970142  0.878324 0.473154 0
ramp_medium
0  64.000000 64.000000 32.000000  1.000000 0.000000 0.000000  0.666550 0.482402 0
0  64.000000 -64.000000 32.000011  1.000000 0.000000 0.000000  0.666550 0.955613 0
0  64.000000 -64.000000 30.500010  1.000000 0.000000 0.000000  0.661054 0.955613 0
ramp_medium
0  64.000000 64.000000 30.500000  0.242536 -0.000000 -0.970142  0.922857 0.481334 0
0  64.000000 -64.000000 30.500010  0.242536 -0.000000 -0.970142  0.922857 0.954493 0
0  52.000000 -64.000000 27.500010  0.242536 -0.000000 -0.970142  0.878324 0.954622 0
ramp_medium
0  52.000000 64.000000 27.500000  -1.000000 0.000000 0.000000  0.688036 0.955613 0
0  52.000000 -64.000000 27.500010  -1.000000 0.000000 0.000000  0.688036 0.482402 0
0  52.000000 -64.000000 29.000010  -1.000000 0.000000 0.000000  0.693532 0.482402 0
ramp_medium
0  -56.000000 63.000000 0.000000  0.000000 -0.000000 -1.000000  0.645726 0.921703 0
0  63.000000 63.000000 0.000000  0.000000 -0.000000 -1.000000  0.645726 0.482408 0
0  63.000000 61.000000 0.000000  0.000000 -0.000000 -1.000000  0.653059 0.482402 0
ramp_medium
0  63.000000 63.000000 0.000000  1.000000 0.000000 0.000000  0.440143 0.998107 0
0  63.000000 63.000004 30.000000  1.000000 0.000000 0.000000  0.440143 0.887275 0
0  63.000000 61.000004 30.000000  1.000000 0.000000 0.000000  0.447477 0.887275 0
ramp_medium
0  63.000000 63.000004 30.000000  -0.244452 0.000000 0.969661  0.622404 0.482402 0
0  -56.000000 63.000000 0.000000  -0.244452 0.000000 0.969661  0.622404 0.929435 0
0  -56.000000 61.000000 0.000000  -0.244452 0.000000 0.969661  0.615071 0.929455 0
ramp_medium
0  -56.000000 -61.000000 0.000000  0.000000 -0.000000 -1.000000  0.630398 0.921703 0
0  63.000000 -61.000000 0.000000  0.000000 -0.000000 -1.000000  0.630398 0.482408 0
0  63.000000 -63.000000 0.000000  0.000000 -0.000000 -1.000000  0.637731 0.482402 0
ramp_medium
0  63.000000 -61.000000 0.000000  1.000000 0.000000 0.000000  0.455472 0.998107 0
0  63.000000 -60.999996 30.000000  1.000000 0.000000 0.000000  0.455472 0.887275 0
0  63.000000 -62.999996 30.000000  1.000000 0.000000 0.000000  0.462806 0.887275 0
ramp_medium
0  63.000000 -60.999996 30.000000  -0.244452 0.000000 0.969661  0.607076 0.482402 0
0  -56.000000 -61.000000 0.000000  -0.244452 0.000000 0.969661  0.607076 0.929435 0
0  -56.000000 -63.000000 0.000000  -0.244452 0.000000 0.969661  0.599743 0.929455 0
ramp_medium
0  61.500000 -63.000000 14.400000  -1.000000 0.000000 0.000000  0.376195 0.948187 0
0  61.500000 -63.000000 17.400000  -1.000000 0.000000 0.000000  0.365204 0.948187 0
0  61.500000 63.000000 17.400000  -1.000000 0.000000 0.000000  0.365204 0.482370 0
ramp_medium
0  61.500000 63.000000 14.400000  0.000000 1.000000 0.000000  0.840483 0.935786 0
0  61.500000 63.000000 17.400000  0.000000 1.000000 0.000000  0.840483 0.924699 0
0  63.500000 63.000000 17.400000  0.000000 1.000000 0.000000  0.847817 0.924699 0
ramp_medium
0  63.500000 63.000000 14.400000  1.000000 0.000000 0.000000  0.357209 0.948187 0
0  63.500000 63.000000 17.400000  1.000000 0.000000 0.000000  0.346216 0.948187 0
0  63.500000 -63.000000 17.400000  1.000000 0.000000 0.000000  0.346216 0.482370 0
ramp_medium
0  63.500000 -63.000000 14.400000  0.000000 -1.000000 0.000000  0.495291 0.936679 0
0  63.500000 -63.000000 17.400000  0.000000 -1.000000 0.000000  0.495291 0.925588 0
0  61.500000 -63.000000 17.400000  0.000000 -1.000000 0.000000  0.501642 0.925588 0
ramp_medium
0  61.500000 63.000000 14.400000  0.000000 0.000000 -1.000000  0.931024 0.000000 0
0  63.500000 63.000000 14.400000  0.000000 0.000000 -1.000000  0.938347 0.000006 0
0  63.500000 -63.000000 14.400000  0.000000 0.000000 -1.000000  0.938347 0.465771 0
ramp_medium
0  63.500000 63.000000 17.400000  0.000000 0.000000 1.000000  0.931024 0.473840 0
0  61.500000 63.000000 17.400000  0.000000 0.000000 1.000000  0.938337 0.473832 0
0  61.500000 -63.000000 17.400000  0.000000 0.000000 1.000000  0.938337 0.939593 0
ramp_medium
0  63.065685 -0.671276 1.286284  1.000000 -0.000000 0.000000  0.865805 0.718437 0
0  63.065685 61.896652 14.005020  1.000000 -0.000000 0.000000  0.865806 0.482402 0
0  63.065685 61.671276 15.113716  1.000000 -0.000000 0.000000  0.869951 0.482403 0
ramp_medium
0  61.934315 -0.671276 1.286284  0.000000 0.199205 -0.979958  0.983727 0.793655 0
0  61.934315 61.896652 14.005020  0.000000 0.199204 -0.979958  0.983727 0.561657 0
0  63.065685 61.896652 14.005020  0.000000 0.199204 -0.979958  0.987869 0.561615 0
ramp_medium
0  61.934315 -61.671276 1.286284  0.000000 0.199205 -0.979958  0.983727 0.553554 0
0  61.934315 0.896652 14.005020  0.000000 0.199204 -0.979958  0.983727 0.321557 0
0  63.065685 0.896652 14.005020  0.000000 0.199204 -0.979958  0.987869 0.321514 0
ramp_medium
0  63.065685 61.896652 14.005020  0.000000 0.979958 0.199205  0.731408 0.941491 0
0  61.934315 61.896652 14.005020  0.000000 0.979959 0.199199  0.731408 0.945674 0
0  61.934315 61.671276 15.113716  0.000000 0.979958 0.199205  0.727324 0.945674 0
ramp_medium
0  63.065685 -61.671276 1.286284  1.000000 -0.000000 0.000000  0.865805 0.962534 0
0  63.065685 0.896652 14.005020  1.000000 -0.000000 0.000000  0.865806 0.726499 0
0  63.065685 0.671276 15.113716  1.000000 -0.000000 0.000000  0.869951 0.726500 0
ramp_medium
0  63.065685 0.896652 14.005020  0.000000 0.979957 0.199207  0.743728 0.941491 0
0  61.934315 0.896652 14.005020  0.000000 0.979958 0.199206  0.743728 0.945674 0
0  61.934315 0.671276 15.113716  0.000000 0.979957 0.199207  0.739643 0.945674 0
ramp_medium
0  63.065685 -61.896652 2.394980  0.000000 -0.199204 0.979958  0.984248 0.232036 0
0  63.065685 0.671276 15.113716  0.000000 -0.199205 0.979958  0.984248 0.000000 0
0  61.934315 0.671276 15.113716  0.000000 -0.199205 0.979958  0.988385 0.000059 0
ramp_medium
0  61.934315 -61.896652 2.394980  -1.000000 0.000000 0.000000  0.971587 0.801645 0
0  61.934315 0.671276 15.113716  -1.000000 0.000000 0.000000  0.971587 0.565611 0
0  61.934315 0.896652 14.005020  -1.000000 0.000000 0.000000  0.975732 0.565610 0
ramp_medium
0  61.934315 -61.671276 1.286284  0.000000 -0.979958 -0.199205  0.844057 0.947966 0
0  63.065685 -61.671276 1.286284  0.000000 -0.979956 -0.199212  0.840483 0.948333 0
0  63.065685 -61.896652 2.394980  0.000000 -0.979958 -0.199205  0.840483 0.944213 0
ramp_medium
0  63.065685 -0.896652 2.394980  0.000000 -0.199204 0.979958  0.995864 0.553550 0
0  63.065685 61.671276 15.113716  0.000000 -0.199205 0.979958  0.995864 0.321514 0
0  61.934315 61.671276 15.113716  0.000000 -0.199205 0.979958  1.000000 0.321573 0
ramp_medium
0  61.934315 -0.896652 2.394980  -1.000000 0.000000 0.000000  0.971587 0.557549 0
0  61.934315 61.671276 15.113716  -1.000000 0.000000 0.000000  0.971587 0.321516 0
0  61.934315 61.896652 14.005020  -1.000000 0.000000 0.000000  0.975732 0.321514 0
ramp_medium
0  63.065685 -0.896652 2.394980  0.000000 -0.979957 -0.199207  0.752037 0.942428 0
0  61.934315 -0.896652 2.394980  0.000000 -0.979958 -0.199206  0.755611 0.942062 0
0  61.934315 -0.671276 1.286284  0.000000 -0.979957 -0.199207  0.755611 0.946182 0
ramp_medium
0  61.000000 -62.500000 0.000000  -1.000000 0.000000 0.000000  0.270590 0.999900 0
0  61.000000 -62.500000 30.500000  -1.000000 0.000000 0.000000  0.270590 0.887243 0
0  61.000000 -59.500000 30.500000  -1.000000 0.000000 0.000000  0.281590 0.887243 0
ramp_medium
0  61.000000 -59.500000 0.000000  0.000000 1.000000 0.000000  0.840483 0.916638 0
0  61.000000 -59.500000 30.500000  0.000000 1.000000 0.000000  0.840483 0.803916 0
0  64.000000 -59.500000 30.500000  0.000000 1.000000 0.000000  0.851484 0.803916 0
ramp_medium
0  64.000000 -59.500000 0.000000  1.000000 0.000000 0.000000  0.765316 0.993745 0
0  64.000000 -59.500000 30.500000  1.000000 0.000000 0.000000  0.765316 0.881066 0
0  64.000000 -62.500000 30.500000  1.000000 0.000000 0.000000  0.776317 0.881066 0
ramp_medium
0  64.000000 -62.500000 0.000000  0.000000 -1.000000 0.000000  0.784311 0.993823 0
0  64.000000 -62.500000 30.500000  0.000000 -1.000000 0.000000  0.784311 0.881066 0
0  61.000000 -62.500000 30.500000  0.000000 -1.000000 0.000000  0.793838 0.881066 0
ramp_medium
0  61.000000 -59.500000 0.000000  0.000000 0.000000 -1.000000  0.514279 0.887275 0
0  64.000000 -59.500000 0.000000  0.000000 0.000000 -1.000000  0.525264 0.887284 0
0  64.000000 -62.500000 0.000000  0.000000 0.000000 -1.000000  0.525264 0.898374 0
ramp_medium
0  64.000000 -59.500000 30.500000  0.000000 0.000000 1.000000  0.533259 0.906447 0
0  61.000000 -59.500000 30.500000  0.000000 0.000000 1.000000  0.544228 0.906434 0
0  61.000000 -62.500000 30.500000  0.000000 0.000000 1.000000  0.544228 0.917524 0
ramp_medium
0  64.000000 -60.000000 1.200000  0.000000 0.000000 1.000000  0.561093 0.482411 0
0  -58.000000 -60.000000 1.200000  0.000000 0.000000 1.000000  0.561093 0.932163 0
0  -58.000000 -62.000000 1.200000  0.000000 0.000000 1.000000  0.553760 0.932155 0
ramp_medium
0  64.000000 -60.000000 0.000000  1.000000 0.000000 0.000000  0.518676 0.932991 0
0  64.000000 -60.000000 1.200000  1.000000 0.000000 0.000000  0.514279 0.932991 0
0  64.000000 -62.000000 1.200000  1.000000 0.000000 0.000000  0.514279 0.925597 0
ramp_medium
0  -20.256575 -60.363605 2.314072  0.000000 1.000000 0.000000  0.815162 0.805989 0
0  62.648293 -60.363605 30.391460  0.000000 1.000000 0.000004  0.815162 0.482403 0
0  63.056572 -60.363605 29.185928  0.000000 1.000000 0.000004  0.819827 0.482402 0
ramp_medium
0  61.000000 -1.500000 0.000000  -1.000000 0.000000 0.000000  0.289585 0.999900 0
0  61.000000 -1.500000 30.500000  -1.000000 0.000000 0.000000  0.289585 0.887243 0
0  61.000000 1.500000 30.500000  -1.000000 0.000000 0.000000  0.300586 0.887243 0
ramp_medium
0  -58.000000 -60.000000 0.000000  0.000000 1.000000 0.000000  0.719255 0.933431 0
0  -58.000000 -60.000000 1.200000  0.000000 1.000000 0.000000  0.714856 0.933431 0
0  64.000000 -60.000000 1.200000  0.000000 1.000000 0.000000  0.714856 0.482402 0
ramp_medium
0  -19.848295 -60.363605 1.108540  0.320773 0.000000 -0.947156  0.946342 0.952916 0
0  63.056572 -60.363605 29.185928  0.320776 0.000000 -0.947155  0.946342 0.641255 0
0  63.056572 -61.636395 29.185928  0.320776 0.000000 -0.947155  0.951008 0.641274 0
ramp_medium
0  63.056572 -60.363605 29.185928  0.947155 0.000000 0.320775  0.543695 0.945757 0
0  62.648293 -60.363605 30.391460  0.947155 0.000000 0.320775  0.539222 0.945757 0
0  62.648293 -61.636395 30.391460  0.947155 0.000000 0.320775  0.539222 0.941051 0
ramp_medium
0  -58.000000 -62.000000 0.000000  -1.000000 0.000000 0.000000  0.756433 0.934002 0
0  -58.000000 -62.000000 1.200000  -1.000000 0.000000 0.000000  0.752037 0.934002 0
0  -58.000000 -60.000000 1.200000  -1.000000 0.000000 0.000000  0.752037 0.926608 0
ramp_medium
0  -19.848295 -61.636395 1.108540  0.000000 -1.000000 0.000009  0.971664 0.285414 0
0  63.056572 -61.636395 29.185928  0.000000 -1.000000 -0.000006  0.971664 0.000406 0
0  62.648293 -61.636395 30.391460  0.000000 -1.000000 -0.000006  0.976253 0.000000 0
ramp_medium
0  -58.000000 -60.000000 0.000000  0.000000 0.000000 -1.000000  0.414845 0.932746 0
0  64.000000 -60.000000 0.000000  0.000000 0.000000 -1.000000  0.414845 0.482376 0
0  64.000000 -62.000000 0.000000  0.000000 0.000000 -1.000000  0.422178 0.482370 0
ramp_medium
0  64.000000 -62.000000 0.000000  0.000000 -1.000000 0.000000  0.769716 0.873005 0
0  64.000000 -62.000000 1.200000  0.000000 -1.000000 0.000000  0.765316 0.873005 0
0  -58.000000 -62.000000 1.200000  0.000000 -1.000000 0.000000  0.765316 0.482402 0
ramp_medium
0  -20.256575 -61.636395 2.314072  -0.320776 0.000000 0.947155  0.840483 0.795856 0
0  62.648293 -61.636395 30.391460  -0.320773 0.000000 0.947156  0.840483 0.482421 0
0  62.648293 -60.363605 30.391460  -0.320773 0.000000 0.947156  0.845150 0.482402 0
ramp_medium
0  -20.256575 -60.363605 2.314072  -0.947156 0.000000 -0.320775  0.422812 0.940806 0
0  -19.848295 -60.363605 1.108540  -0.947156 0.000000 -0.320775  0.427292 0.940806 0
0  -19.848295 -61.636395 1.108540  -0.947156 0.000000 -0.320774  0.427292 0.945511 0
ramp_medium
0  61.000000 1.500000 0.000000  0.000000 1.000000 0.000000  0.802501 0.926771 0
0  61.000000 1.500000 30.500000  0.000000 1.000000 0.000000  0.802501 0.814049 0
0  64.000000 1.500000 30.500000  0.000000 1.000000 0.000000  0.813502 0.814049 0
ramp_medium
0  64.000000 1.500000 0.000000  1.000000 0.000000 0.000000  0.232599 0.999922 0
0  64.000000 1.500000 30.500000  1.000000 0.000000 0.000000  0.232599 0.887243 0
0  64.000000 -1.500000 30.500000  1.000000 0.000000 0.000000  0.243600 0.887243 0
ramp_medium
0  64.000000 -1.500000 0.000000  0.000000 -1.000000 0.000000  0.327576 1.000000 0
0  64.000000 -1.500000 30.500000  0.000000 -1.000000 0.000000  0.327576 0.887243 0
0  61.000000 -1.500000 30.500000  0.000000 -1.000000 0.000000  0.337103 0.887243 0
ramp_medium
0  61.000000 1.500000 0.000000  0.000000 0.000000 -1.000000  0.533258 0.887275 0
0  64.000000 1.500000 0.000000  0.000000 0.000000 -1.000000  0.544243 0.887284 0
0  64.000000 -1.500000 0.000000  0.000000 0.000000 -1.000000  0.544243 0.898374 0
ramp_medium
0  64.000000 1.500000 30.500000  0.000000 0.000000 1.000000  0.514279 0.906447 0
0  61.000000 1.500000 30.500000  0.000000 0.000000 1.000000  0.525249 0.906434 0
0  61.000000 -1.500000 30.500000  0.000000 0.000000 1.000000  0.525249 0.917524 0
ramp_medium
0  64.000000 1.000000 1.200000  0.000000 0.000000 1.000000  0.591748 0.482411 0
0  -58.000000 1.000000 1.200000  0.000000 0.000000 1.000000  0.591748 0.932164 0
0  -58.000000 -1.000000 1.200000  0.000000 0.000000 1.000000  0.584415 0.932155 0
ramp_medium
0  64.000000 1.000000 0.000000  1.000000 0.000000 0.000000  0.531068 0.932991 0
0  64.000000 1.000000 1.200000  1.000000 0.000000 0.000000  0.526671 0.932991 0
0  64.000000 -1.000000 1.200000  1.000000 0.000000 0.000000  0.526671 0.925597 0
ramp_medium
0  -20.256575 0.636396 2.314072  -0.000000 1.000000 0.000000  0.827822 0.805989 0
0  62.648293 0.636396 30.391460  -0.000000 1.000000 -0.000000  0.827822 0.482403 0
0  63.056572 0.636396 29.185928  -0.000000 1.000000 -0.000000  0.832488 0.482402 0
ramp_medium
0  61.000000 59.500000 0.000000  -1.000000 0.000000 0.000000  0.308581 0.999900 0
0  61.000000 59.500000 30.500000  -1.000000 0.000000 0.000000  0.308581 0.887243 0
0  61.000000 62.500000 30.500000  -1.000000 0.000000 0.000000  0.319581 0.887243 0
ramp_medium
0  -58.000000 1.000000 0.000000  0.000000 1.000000 0.000000  0.731648 0.933431 0
0  -58.000000 1.000000 1.200000  0.000000 1.000000 0.000000  0.727249 0.933431 0
0  64.000000 1.000000 1.200000  0.000000 1.000000 0.000000  0.727249 0.482402 0
ramp_medium
0  -19.848295 0.636396 1.108540  0.320773 0.000000 -0.947156  0.946342 0.633175 0
0  63.056572 0.636396 29.185928  0.320773 0.000000 -0.947156  0.946342 0.321514 0
0  63.056572 -0.636396 29.185928  0.320773 0.000000 -0.947156  0.951008 0.321534 0
ramp_medium
0  63.056572 0.636396 29.185928  0.947156 0.000000 0.320775  0.526754 0.941051 0
0  62.648293 0.636396 30.391460  0.947155 0.000000 0.320776  0.531227 0.941051 0
0  62.648293 -0.636396 30.391460  0.947156 0.000000 0.320775  0.531227 0.945757 0
ramp_medium
0  -58.000000 -1.000000 0.000000  -1.000000 0.000000 0.000000  0.647186 0.937158 0
0  -58.000000 -1.000000 1.200000  -1.000000 0.000000 0.000000  0.642789 0.937158 0
0  -58.000000 1.000000 1.200000  -1.000000 0.000000 0.000000  0.642789 0.929764 0
ramp_medium
0  -19.848295 -0.636396 1.108540  0.000000 -1.000000 -0.000000  0.959003 0.606928 0
0  63.056572 -0.636396 29.185928  0.000000 -1.000000 -0.000000  0.959003 0.321920 0
0  62.648293 -0.636396 30.391460  0.000000 -1.000000 -0.000000  0.963592 0.321514 0
ramp_medium
0  -58.000000 1.000000 0.000000  0.000000 0.000000 -1.000000  0.399517 0.932746 0
0  64.000000 1.000000 0.000000  0.000000 0.000000 -1.000000  0.399517 0.482376 0
0  64.000000 -1.000000 0.000000  0.000000 0.000000 -1.000000  0.406850 0.482370 0
ramp_medium
0  64.000000 -1.000000 0.000000  0.000000 -1.000000 0.000000  0.782111 0.873005 0
0  64.000000 -1.000000 1.200000  0.000000 -1.000000 0.000000  0.777711 0.873005 0
0  -58.000000 -1.000000 1.200000  0.000000 -1.000000 0.000000  0.777711 0.482402 0
ramp_medium
0  -20.256575 -0.636396 2.314072  -0.320773 0.000000 0.947156  0.853144 0.795856 0
0  62.648293 -0.636396 30.391460  -0.320773 0.000000 0.947156  0.853144 0.482421 0
0  62.648293 0.636396 30.391460  -0.320773 0.000000 0.947156  0.857811 0.482402 0
ramp_medium
0  -20.256575 0.636396 2.314072  -0.947156 0.000000 -0.320775  0.414817 0.945511 0
0  -19.848295 0.636396 1.108540  -0.947156 0.000000 -0.320775  0.410338 0.945511 0
0  -19.848295 -0.636396 1.108540  -0.947156 0.000000 -0.320775  0.410338 0.940806 0
ramp_medium
0  61.000000 62.500000 0.000000  0.000000 1.000000 0.000000  0.971587 0.922427 0
0  61.000000 62.500000 30.500000  0.000000 1.000000 0.000000  0.971587 0.809705 0
0  64.000000 62.500000 30.500000  0.000000 1.000000 0.000000  0.982587 0.809705 0
ramp_medium
0  64.000000 62.500000 0.000000  1.000000 0.000000 0.000000  0.251594 0.999922 0
0  64.000000 62.500000 30.500000  1.000000 0.000000 0.000000  0.251594 0.887243 0
0  64.000000 59.500000 30.500000  1.000000 0.000000 0.000000  0.262595 0.887243 0
ramp_medium
0  64.000000 59.500000 0.000000  0.000000 -1.000000 0.000000  0.821496 0.926806 0
0  64.000000 59.500000 30.500000  0.000000 -1.000000 0.000000  0.821496 0.814049 0
0  61.000000 59.500000 30.500000  0.000000 -1.000000 0.000000  0.831023 0.814049 0
ramp_medium
0  61.000000 62.500000 0.000000  0.000000 0.000000 -1.000000  0.495291 0.887275 0
0  64.000000 62.500000 0.000000  0.000000 0.000000 -1.000000  0.506276 0.887275 0
0  64.000000 59.500000 0.000000  0.000000 0.000000 -1.000000  0.506284 0.898365 0
ramp_medium
0  64.000000 62.500000 30.500000  0.000000 0.000000 1.000000  0.495291 0.906438 0
0  61.000000 62.500000 30.500000  0.000000 0.000000 1.000000  0.506261 0.906425 0
0  61.000000 59.500000 30.500000  0.000000 0.000000 1.000000  0.506261 0.917515 0
ramp_medium
0  64.000000 62.000000 1.200000  0.000000 0.000000 1.000000  0.576421 0.482411 0
0  -58.000000 62.000000 1.200000  0.000000 0.000000 1.000000  0.576421 0.932163 0
0  -58.000000 60.000000 1.200000  0.000000 0.000000 1.000000  0.569088 0.932155 0
ramp_medium
0  64.000000 62.000000 0.000000  1.000000 0.000000 0.000000  0.543460 0.932991 0
0  64.000000 62.000000 1.200000  1.000000 0.000000 0.000000  0.539063 0.932991 0
0  64.000000 60.000000 1.200000  1.000000 0.000000 0.000000  0.539063 0.925597 0
ramp_medium
0  -20.256575 61.636395 2.314072  0.000000 1.000000 0.000000  0.802501 0.805989 0
0  62.648293 61.636395 30.391460  0.000000 1.000000 0.000003  0.802501 0.482403 0
0  63.056572 61.636395 29.185928  0.000000 1.000000 0.000003  0.807167 0.482402 0
ramp_medium
0  -58.000000 62.000000 0.000000  0.000000 1.000000 0.000000  0.744042 0.933431 0
0  -58.000000 62.000000 1.200000  0.000000 1.000000 0.000000  0.739643 0.933431 0
0  64.000000 62.000000 1.200000  0.000000 1.000000 0.000000  0.739643 0.482402 0
ramp_medium
0  -19.848295 61.636395 1.108540  0.320776 0.000000 -0.947155  0.959003 0.311661 0
0  63.056572 61.636395 29.185928  0.320773 0.000000 -0.947156  0.959003 0.000000 0
0  63.056572 60.363605 29.185928  0.320773 0.000000 -0.947156  0.963669 0.000020 0
ramp_medium
0  63.056572 61.636395 29.185928  0.947155 0.000000 0.320775  0.719329 0.946197 0
0  62.648293 61.636395 30.391460  0.947155 0.000000 0.320775  0.714856 0.946197 0
0  62.648293 60.363605 30.391460  0.947155 0.000000 0.320775  0.714856 0.941491 0
ramp_medium
0  -58.000000 60.000000 0.000000  -1.000000 0.000000 0.000000  0.634795 0.937158 0
0  -58.000000 60.000000 1.200000  -1.000000 0.000000 0.000000  0.630398 0.937158 0
0  -58.000000 62.000000 1.200000  -1.000000 0.000000 0.000000  0.630398 0.929764 0
ramp_medium
0  -19.848295 60.363605 1.108540  0.000000 -1.000000 0.000009  0.959003 0.900403 0
0  63.056572 60.363605 29.185928  0.000000 -1.000000 -0.000005  0.959003 0.615394 0
0  62.648293 60.363605 30.391460  0.000000 -1.000000 -0.000005  0.963592 0.614989 0
ramp_medium
0  -58.000000 62.000000 0.000000  0.000000 0.000000 -1.000000  0.384189 0.932746 0
0  64.000000 62.000000 0.000000  0.000000 0.000000 -1.000000  0.384189 0.482376 0
0  64.000000 60.000000 0.000000  0.000000 0.000000 -1.000000  0.391522 0.482370 0
ramp_medium
0  64.000000 60.000000 0.000000  0.000000 -1.000000 0.000000  0.794506 0.873005 0
0  64.000000 60.000000 1.200000  0.000000 -1.000000 0.000000  0.790106 0.873005 0
0  -58.000000 60.000000 1.200000  0.000000 -1.000000 0.000000  0.790106 0.482402 0
ramp_medium
0  -20.256575 60.363605 2.314072  -0.320773 0.000000 0.947156  0.946342 0.313454 0
0  62.648293 60.363605 30.391460  -0.320776 0.000000 0.947155  0.946342 0.000019 0
0  62.648293 61.636395 30.391460  -0.320776 0.000000 0.947155  0.951008 0.000000 0
ramp_medium
0  -20.256575 61.636395 2.314072  -0.947156 0.000000 -0.320775  0.514279 0.941051 0
0  -19.848295 61.636395 1.108540  -0.947156 0.000000 -0.320775  0.518759 0.941051 0
0  -19.848295 60.363605 1.108540  -0.947156 0.000000 -0.320774  0.518759 0.945757 0
ramp_medium
0  2.000000 -61.200001 16.299999  0.499998 0.866027 0.000000  0.002603 0.946686 0
0  2.000000 -61.200001 17.000000  0.499998 0.866027 0.000000  0.000037 0.946686 0
0  2.692820 -61.599998 17.000000  0.499998 0.866027 0.000000  0.000000 0.944125 0
ramp_medium
0  -46.000000 62.799999 4.300000  0.499998 0.866027 0.000000  0.013200 0.946686 0
0  -46.000000 62.799999 5.000000  0.499998 0.866027 0.000000  0.010634 0.946686 0
0  -45.307178 62.400002 5.000000  0.499998 0.866027 0.000000  0.010597 0.944125 0
ramp_medium
0  2.692820 61.599998 16.299999  0.499998 -0.866027 0.000000  0.170007 0.947301 0
0  2.692820 61.599998 17.000000  0.499998 -0.866026 0.000000  0.167440 0.947301 0
0  2.000000 61.200001 17.000000  0.499998 -0.866027 0.000000  0.167440 0.944343 0
ramp_medium
0  -45.307178 62.400002 4.300000  1.000000 0.000000 0.000000  0.412903 0.956529 0
0  -45.307178 62.400002 5.000000  1.000000 0.000000 0.000000  0.410338 0.956529 0
0  -45.307178 61.599998 5.000000  1.000000 0.000000 0.000000  0.410338 0.953572 0
ramp_medium
0  -22.000000 62.799999 10.299999  0.499999 0.866026 0.000000  0.066187 0.946686 0
0  -22.000000 62.799999 11.000000  0.500000 0.866025 0.000000  0.063621 0.946686 0
0  -21.307180 62.400002 11.000000  0.499998 0.866026 0.000000  0.063584 0.944125 0
ramp_medium
0  -46.000000 -61.200001 4.300000  0.499998 0.866027 0.000000  0.023797 0.946686 0
0  -46.000000 -61.200001 5.000000  0.499998 0.866027 0.000000  0.021231 0.946686 0
0  -45.307178 -61.599998 5.000000  0.499998 0.866027 0.000000  0.021195 0.944125 0
ramp_medium
0  -45.307178 61.599998 4.300000  0.499998 -0.866027 0.000000  0.159445 0.947301 0
0  -45.307178 61.599998 5.000000  0.499998 -0.866027 0.000000  0.156879 0.947301 0
0  -46.000000 61.200001 5.000000  0.499998 -0.866027 0.000000  0.156879 0.944343 0
ramp_medium
0  -22.000000 -61.200001 10.299999  0.499999 0.866026 0.000000  0.076784 0.946686 0
0  -22.000000 -61.200001 11.000000  0.500000 0.866025 0.000000  0.074218 0.946686 0
0  -21.307180 -61.599998 11.000000  0.499998 0.866026 0.000000  0.074182 0.944125 0
ramp_medium
0  2.692820 62.400002 16.299999  1.000000 0.000000 0.000000  0.423463 0.956529 0
0  2.692820 62.400002 17.000000  1.000000 0.000000 0.000000  0.420898 0.956529 0
0  2.692820 61.599998 17.000000  1.000000 0.000000 0.000000  0.420898 0.953572 0
ramp_medium
0  -46.000000 61.200001 4.300000  -0.499995 -0.866028 0.000000  0.127761 0.947301 0
0  -46.000000 61.200001 5.000000  -0.499995 -0.866028 0.000000  0.125194 0.947301 0
0  -46.692822 61.599998 5.000000  -0.499995 -0.866028 0.000000  0.125194 0.944343 0
ramp_medium
0  -45.307178 61.599998 5.000000  0.000000 0.000000 1.000000  0.802501 0.939270 0
0  -45.307178 62.400002 5.000000  0.000000 0.000000 1.000000  0.802501 0.936313 0
0  -46.000000 62.799999 5.000000  0.000000 0.000000 1.000000  0.805034 0.934832 0
ramp_medium
0  -46.000000 62.799999 5.000000  0.000000 0.000000 1.000000  0.805034 0.934832 0
0  -46.692822 62.400002 5.000000  0.000000 0.000000 1.000000  0.807568 0.936307 0
0  -46.692822 61.599998 5.000000  0.000000 0.000000 1.000000  0.807568 0.939264 0
ramp_medium
0  -46.692822 61.599998 5.000000  0.000000 0.000000 1.000000  0.807568 0.939264 0
0  -46.000000 61.200001 5.000000  0.000000 0.000000 1.000000  0.805034 0.940746 0
0  -46.000000 62.799999 5.000000  0.000000 0.000000 1.000000  0.805034 0.934832 0
ramp_medium
0  2.000000 62.799999 16.299999  0.499998 0.866027 0.000000  0.034395 0.946686 0
0  2.000000 62.799999 17.000000  0.499998 0.866027 0.000000  0.031829 0.946686 0
0  2.692820 62.400002 17.000000  0.499998 0.866027 0.000000  0.031792 0.944125 0
ramp_medium
0  -46.692822 61.599998 4.300000  -1.000000 0.000000 0.000000  0.754601 0.957566 0
0  -46.692822 61.599998 5.000000  -1.000000 0.000000 0.000000  0.752037 0.957566 0
0  -46.692822 62.400002 5.000000  -1.000000 0.000000 0.000000  0.752037 0.954609 0
ramp_medium
0  -45.307178 -62.400002 4.300000  0.499998 -0.866027 0.000000  0.138322 0.947301 0
0  -45.307178 -62.400002 5.000000  0.499998 -0.866027 0.000000  0.135755 0.947301 0
0  -46.000000 -62.799999 5.000000  0.499998 -0.866027 0.000000  0.135755 0.944343 0
ramp_medium
0  -45.307178 -61.599998 4.300000  1.000000 0.000000 0.000000  0.473366 0.956632 0
0  -45.307178 -61.599998 5.000000  1.000000 0.000000 0.000000  0.470800 0.956632 0
0  -45.307178 -62.400002 5.000000  1.000000 0.000000 0.000000  0.470800 0.953674 0
ramp_medium
0  -46.692822 62.400002 4.300000  -0.499995 0.866028 0.000000  0.013163 0.949247 0
0  -46.692822 62.400002 5.000000  -0.499995 0.866028 0.000000  0.010597 0.949247 0
0  -46.000000 62.799999 5.000000  -0.499995 0.866028 0.000000  0.010634 0.946686 0
ramp_medium
0  -46.692822 62.400002 4.300000  0.000000 0.000000 -1.000000  0.127701 0.931845 0
0  -46.000000 62.799999 4.300000  0.000000 0.000000 -1.000000  0.130237 0.930368 0
0  -46.000000 61.200001 4.300000  0.000000 0.000000 -1.000000  0.130237 0.936283 0
ramp_medium
0  -46.000000 62.799999 4.300000  0.000000 0.000000 -1.000000  0.130237 0.930368 0
0  -45.307178 62.400002 4.300000  -0.000000 0.000000 -1.000000  0.132774 0.931849 0
0  -46.000000 61.200001 4.300000  0.000000 0.000000 -1.000000  0.130237 0.936283 0
ramp_medium
0  -45.307178 62.400002 4.300000  -0.000000 0.000000 -1.000000  0.132774 0.931849 0
0  -45.307178 61.599998 4.300000  -0.000001 0.000000 -1.000000  0.132774 0.934806 0
0  -46.000000 61.200001 4.300000  0.000000 0.000000 -1.000000  0.130237 0.936283 0
ramp_medium
0  -46.000000 -62.799999 4.300000  -0.499995 -0.866028 0.000000  0.704093 0.949424 0
0  -46.000000 -62.799999 5.000000  -0.499995 -0.866028 0.000000  0.701526 0.949424 0
0  -46.692822 -62.400002 5.000000  -0.499995 -0.866028 0.000000  0.701526 0.946467 0
ramp_medium
0  -46.000000 -62.799999 5.000000  0.000000 0.000000 1.000000  0.824030 0.940781 0
0  -45.307178 -62.400002 5.000000  0.000000 0.000000 1.000000  0.821496 0.939305 0
0  -45.307178 -61.599998 5.000000  0.000000 0.000000 1.000000  0.821496 0.936348 0
ramp_medium
0  -45.307178 -61.599998 5.000000  0.000000 0.000000 1.000000  0.821496 0.936348 0
0  -46.000000 -61.200001 5.000000  0.000000 0.000000 1.000000  0.824030 0.934867 0
0  -46.000000 -62.799999 5.000000  0.000000 0.000000 1.000000  0.824030 0.940781 0
ramp_medium
0  -46.000000 -61.200001 5.000000  0.000000 0.000000 1.000000  0.824030 0.934867 0
0  -46.692822 -61.599998 5.000000  0.000000 0.000000 1.000000  0.826563 0.936342 0
0  -46.000000 -62.799999 5.000000  0.000000 0.000000 1.000000  0.824030 0.940781 0
ramp_medium
0  -46.692822 -62.400002 4.300000  -1.000000 0.000000 0.000000  0.386754 0.957723 0
0  -46.692822 -62.400002 5.000000  -1.000000 0.000000 0.000000  0.384189 0.957723 0
0  -46.692822 -61.599998 5.000000  -1.000000 0.000000 0.000000  0.384189 0.954766 0
ramp_medium
0  -21.307180 61.599998 10.299999  0.499998 -0.866026 0.000000  0.195609 0.947297 0
0  -21.307180 61.599998 11.000000  0.499997 -0.866027 0.000000  0.193042 0.947297 0
0  -22.000000 61.200001 11.000000  0.499999 -0.866026 0.000000  0.193042 0.944339 0
ramp_medium
0  -21.307180 62.400002 10.299999  1.000000 0.000000 0.000000  0.612870 0.954448 0
0  -21.307180 62.400002 11.000000  1.000000 0.000000 0.000000  0.610305 0.954448 0
0  -21.307180 61.599998 11.000000  1.000000 0.000000 0.000000  0.610305 0.951490 0
ramp_medium
0  -46.692822 -61.599998 4.300000  -0.499995 0.866028 0.000000  0.023761 0.949247 0
0  -46.692822 -61.599998 5.000000  -0.499995 0.866028 0.000000  0.021195 0.949247 0
0  -46.000000 -61.200001 5.000000  -0.499995 0.866028 0.000000  0.021231 0.946686 0
ramp_medium
0  -45.307178 -62.400002 4.300000  -0.000000 0.000000 -1.000000  0.145842 0.934806 0
0  -46.000000 -62.799999 4.300000  0.000000 0.000000 -1.000000  0.143306 0.936283 0
0  -46.000000 -61.200001 4.300000  0.000000 0.000000 -1.000000  0.143306 0.930368 0
ramp_medium
0  -46.000000 -62.799999 4.300000  0.000000 0.000000 -1.000000  0.143306 0.936283 0
0  -46.692822 -62.400002 4.300000  0.000000 0.000000 -1.000000  0.140769 0.934802 0
0  -46.000000 -61.200001 4.300000  0.000000 0.000000 -1.000000  0.143306 0.930368 0
ramp_medium
0  -46.692822 -62.400002 4.300000  0.000000 0.000000 -1.000000  0.140769 0.934802 0
0  -46.692822 -61.599998 4.300000  0.000001 0.000000 -1.000000  0.140769 0.931845 0
0  -46.000000 -61.200001 4.300000  0.000000 0.000000 -1.000000  0.143306 0.930368 0
ramp_medium
0  -22.000000 61.200001 10.299999  -0.499999 -0.866026 0.000000  0.180568 0.947301 0
0  -22.000000 61.200001 11.000000  -0.500000 -0.866025 0.000000  0.178002 0.947301 0
0  -22.692820 61.599998 11.000000  -0.499998 -0.866026 0.000000  0.178002 0.944343 0
ramp_medium
0  -21.307180 61.599998 11.000000  0.000000 0.000000 1.000000  0.599743 0.941954 0
0  -21.307180 62.400002 11.000000  0.000000 0.000000 1.000000  0.599743 0.938997 0
0  -22.000000 62.799999 11.000000  0.000000 0.000000 1.000000  0.602277 0.937515 0
ramp_medium
0  -22.000000 62.799999 11.000000  0.000000 0.000000 1.000000  0.602277 0.937515 0
0  -22.692820 62.400002 11.000000  0.000000 0.000000 1.000000  0.604810 0.938991 0
0  -22.692820 61.599998 11.000000  0.000000 0.000000 1.000000  0.604810 0.941948 0
ramp_medium
0  -22.692820 61.599998 11.000000  0.000000 0.000000 1.000000  0.604810 0.941948 0
0  -22.000000 61.200001 11.000000  0.000000 0.000000 1.000000  0.602277 0.943430 0
0  -22.000000 62.799999 11.000000  0.000000 0.000000 1.000000  0.602277 0.937515 0
ramp_medium
0  2.692820 -62.400002 16.299999  0.499998 -0.866027 0.000000  0.933591 0.950619 0
0  2.692820 -62.400002 17.000000  0.499998 -0.866026 0.000000  0.931024 0.950619 0
0  2.000000 -62.799999 17.000000  0.499998 -0.866027 0.000000  0.931024 0.947662 0
ramp_medium
0  -22.692820 61.599998 10.299999  -1.000000 0.000000 0.000000  0.573906 0.957141 0
0  -22.692820 61.599998 11.000000  -1.000000 0.000000 0.000000  0.571341 0.957141 0
0  -22.692820 62.400002 11.000000  -1.000000 0.000000 0.000000  0.571341 0.954184 0
ramp_medium
0  -21.307180 -62.400002 10.299999  0.499998 -0.866026 0.000000  0.602310 0.954448 0
0  -21.307180 -62.400002 11.000000  0.499997 -0.866027 0.000000  0.599743 0.954448 0
0  -22.000000 -62.799999 11.000000  0.499999 -0.866026 0.000000  0.599743 0.951490 0
ramp_medium
0  -21.307180 -61.599998 10.299999  1.000000 0.000000 0.000000  0.486427 0.955840 0
0  -21.307180 -61.599998 11.000000  1.000000 0.000000 0.000000  0.483862 0.955840 0
0  -21.307180 -62.400002 11.000000  1.000000 0.000000 0.000000  0.483862 0.952882 0
ramp_medium
0  -22.692820 62.400002 10.299999  -0.499998 0.866026 0.000000  0.066150 0.949247 0
0  -22.692820 62.400002 11.000000  -0.499997 0.866027 0.000000  0.063584 0.949247 0
0  -22.000000 62.799999 11.000000  -0.499999 0.866026 0.000000  0.063621 0.946686 0
ramp_medium
0  -21.307180 62.400002 10.299999  0.000001 0.000000 -1.000000  0.206114 0.931850 0
0  -21.307180 61.599998 10.299999  0.000000 0.000000 -1.000000  0.208652 0.930368 0
0  -22.000000 61.200001 10.299999  -0.000000 0.000000 -1.000000  0.211191 0.931842 0
ramp_medium
0  -22.000000 61.200001 10.299999  -0.000000 0.000000 -1.000000  0.211191 0.931842 0
0  -22.692820 61.599998 10.299999  0.000000 0.000000 -1.000000  0.211191 0.934797 0
0  -22.692820 62.400002 10.299999  -0.000003 0.000000 -1.000000  0.208652 0.936279 0
ramp_medium
0  -22.692820 62.400002 10.299999  -0.000003 0.000000 -1.000000  0.208652 0.936279 0
0  -22.000000 62.799999 10.299999  -0.000001 0.000000 -1.000000  0.206114 0.934805 0
0  -22.000000 61.200001 10.299999  -0.000000 0.000000 -1.000000  0.211191 0.931842 0
ramp_medium
0  -22.000000 -62.799999 10.299999  -0.499999 -0.866026 0.000000  0.805068 0.951764 0
0  -22.000000 -62.799999 11.000000  -0.500000 -0.866025 0.000000  0.802501 0.951764 0
0  -22.692820 -62.400002 11.000000  -0.499998 -0.866026 0.000000  0.802501 0.948806 0
ramp_medium
0  26.692820 61.599998 22.299999  0.499999 -0.866026 0.000000  0.206170 0.947297 0
0  26.692820 61.599998 23.000000  0.499999 -0.866026 0.000000  0.203604 0.947297 0
0  26.000000 61.200001 23.000000  0.499999 -0.866026 0.000000  0.203604 0.944339 0
ramp_medium
0  -22.000000 -61.200001 10.299999  0.000000 0.000000 -1.000000  0.219185 0.934805 0
0  -21.307180 -61.599998 10.299999  0.000000 0.000000 -1.000000  0.219185 0.931850 0
0  -21.307180 -62.400002 10.299999  0.000003 0.000000 -1.000000  0.221724 0.930368 0
ramp_medium
0  -21.307180 -62.400002 10.299999  0.000003 0.000000 -1.000000  0.221724 0.930368 0
0  -22.000000 -62.799999 10.299999  0.000001 0.000000 -1.000000  0.224262 0.931842 0
0  -22.000000 -61.200001 10.299999  0.000000 0.000000 -1.000000  0.219185 0.934805 0
ramp_medium
0  -22.000000 -62.799999 10.299999  0.000001 0.000000 -1.000000  0.224262 0.931842 0
0  -22.692820 -62.400002 10.299999  -0.000001 0.000000 -1.000000  0.224262 0.934797 0
0  -22.000000 -61.200001 10.299999  0.000000 0.000000 -1.000000  0.219185 0.934805 0
ramp_medium
0  -22.692820 -62.400002 10.299999  -1.000000 0.000000 0.000000  0.556325 0.957156 0
0  -22.692820 -62.400002 11.000000  -1.000000 0.000000 0.000000  0.553760 0.957156 0
0  -22.692820 -61.599998 11.000000  -1.000000 0.000000 0.000000  0.553760 0.954199 0
ramp_medium
0  2.692820 -61.599998 16.299999  1.000000 0.000000 0.000000  0.729889 0.956692 0
0  2.692820 -61.599998 17.000000  1.000000 0.000000 0.000000  0.727324 0.956692 0
0  2.692820 -62.400002 17.000000  1.000000 0.000000 0.000000  0.727324 0.953735 0
ramp_medium
0  26.000000 62.799999 22.299999  0.499999 0.866026 0.000000  0.044992 0.946686 0
0  26.000000 62.799999 23.000000  0.499999 0.866026 0.000000  0.042426 0.946686 0
0  26.692820 62.400002 23.000000  0.499999 0.866026 0.000000  0.042389 0.944125 0
ramp_medium
0  -22.692820 -61.599998 10.299999  -0.499998 0.866026 0.000000  0.076748 0.949247 0
0  -22.692820 -61.599998 11.000000  -0.499997 0.866027 0.000000  0.074182 0.949247 0
0  -22.000000 -61.200001 11.000000  -0.499999 0.866026 0.000000  0.074218 0.946686 0
ramp_medium
0  -22.692820 -62.400002 11.000000  0.000000 0.000000 1.000000  0.589482 0.944657 0
0  -22.000000 -62.799999 11.000000  0.000000 0.000000 1.000000  0.586949 0.946138 0
0  -22.000000 -61.200001 11.000000  0.000000 0.000000 1.000000  0.586949 0.940224 0
ramp_medium
0  -22.000000 -62.799999 11.000000  0.000000 0.000000 1.000000  0.586949 0.946138 0
0  -21.307180 -62.400002 11.000000  0.000000 0.000000 1.000000  0.584415 0.944663 0
0  -22.000000 -61.200001 11.000000  0.000000 0.000000 1.000000  0.586949 0.940224 0
ramp_medium
0  -21.307180 -62.400002 11.000000  0.000000 0.000000 1.000000  0.584415 0.944663 0
0  -21.307180 -61.599998 11.000000  0.000000 0.000000 1.000000  0.584415 0.941705 0
0  -22.000000 -61.200001 11.000000  0.000000 0.000000 1.000000  0.586949 0.940224 0
ramp_medium
0  2.000000 61.200001 16.299999  -0.499998 -0.866027 0.000000  0.216732 0.947297 0
0  2.000000 61.200001 17.000000  -0.499998 -0.866027 0.000000  0.214165 0.947297 0
0  1.307180 61.599998 17.000000  -0.499998 -0.866027 0.000000  0.214165 0.944339 0
ramp_medium
0  26.692820 -62.400002 22.299999  0.499999 -0.866026 0.000000  0.824063 0.951799 0
0  26.692820 -62.400002 23.000000  0.499999 -0.866026 0.000000  0.821496 0.951799 0
0  26.000000 -62.799999 23.000000  0.499999 -0.866026 0.000000  0.821496 0.948841 0
ramp_medium
0  2.692820 62.400002 16.299999  0.000001 0.000000 -1.000000  0.158911 0.931849 0
0  2.692820 61.599998 16.299999  0.000003 0.000000 -1.000000  0.158911 0.934806 0
0  2.000000 61.200001 16.299999  0.000000 0.000000 -1.000000  0.156374 0.936283 0
ramp_medium
0  2.000000 61.200001 16.299999  0.000000 0.000000 -1.000000  0.156374 0.936283 0
0  1.307180 61.599998 16.299999  -0.000003 0.000000 -1.000000  0.153837 0.934802 0
0  1.307180 62.400002 16.299999  -0.000001 0.000000 -1.000000  0.153837 0.931845 0
ramp_medium
0  1.307180 62.400002 16.299999  -0.000001 0.000000 -1.000000  0.153837 0.931845 0
0  2.000000 62.799999 16.299999  0.000000 0.000000 -1.000000  0.156374 0.930368 0
0  2.000000 61.200001 16.299999  0.000000 0.000000 -1.000000  0.156374 0.936283 0
ramp_medium
0  1.307180 61.599998 16.299999  -1.000000 0.000000 0.000000  0.397313 0.957723 0
0  1.307180 61.599998 17.000000  -1.000000 0.000000 0.000000  0.394749 0.957723 0
0  1.307180 62.400002 17.000000  -1.000000 0.000000 0.000000  0.394749 0.954766 0
ramp_medium
0  26.692820 62.400002 22.299999  1.000000 0.000000 0.000000  0.740448 0.956692 0
0  26.692820 62.400002 23.000000  1.000000 0.000000 0.000000  0.737883 0.956692 0
0  26.692820 61.599998 23.000000  1.000000 0.000000 0.000000  0.737883 0.953735 0
ramp_medium
0  26.000000 -61.200001 22.299999  0.499999 0.866026 0.000000  0.055589 0.946686 0
0  26.000000 -61.200001 23.000000  0.499999 0.866026 0.000000  0.053023 0.946686 0
0  26.692820 -61.599998 23.000000  0.499999 0.866026 0.000000  0.052987 0.944125 0
ramp_medium
0  1.307180 62.400002 16.299999  -0.499998 0.866027 0.000000  0.034358 0.949247 0
0  1.307180 62.400002 17.000000  -0.499998 0.866026 0.000000  0.031792 0.949247 0
0  2.000000 62.799999 17.000000  -0.499998 0.866027 0.000000  0.031829 0.946686 0
ramp_medium
0  1.307180 61.599998 17.000000  0.000000 0.000000 1.000000  0.558827 0.944657 0
0  2.000000 61.200001 17.000000  0.000000 0.000000 1.000000  0.556294 0.946138 0
0  2.000000 62.799999 17.000000  0.000000 0.000000 1.000000  0.556294 0.940224 0
ramp_medium
0  2.000000 61.200001 17.000000  0.000000 0.000000 1.000000  0.556294 0.946138 0
0  2.692820 61.599998 17.000000  0.000000 0.000000 1.000000  0.553760 0.944663 0
0  2.000000 62.799999 17.000000  0.000000 0.000000 1.000000  0.556294 0.940224 0
ramp_medium
0  2.692820 61.599998 17.000000  0.000000 0.000000 1.000000  0.553760 0.944663 0
0  2.692820 62.400002 17.000000  0.000000 0.000000 1.000000  0.553760 0.941705 0
0  2.000000 62.799999 17.000000  0.000000 0.000000 1.000000  0.556294 0.940224 0
ramp_medium
0  2.000000 -62.799999 16.299999  -0.499998 -0.866027 0.000000  0.497858 0.947697 0
0  2.000000 -62.799999 17.000000  -0.499998 -0.866027 0.000000  0.495291 0.947697 0
0  1.307180 -62.400002 17.000000  -0.499998 -0.866027 0.000000  0.495291 0.944739 0
ramp_medium
0  50.692822 61.599998 28.299999  0.499999 -0.866026 0.000000  0.097907 0.947082 0
0  50.692822 61.599998 29.000000  0.500002 -0.866025 0.000000  0.095340 0.947082 0
0  50.000000 61.200001 29.000000  0.499998 -0.866026 0.000000  0.095341 0.944125 0
ramp_medium
0  2.692820 -62.400002 16.299999  0.000001 0.000000 -1.000000  0.195581 0.930368 0
0  2.000000 -62.799999 16.299999  0.000000 0.000000 -1.000000  0.198119 0.931842 0
0  2.000000 -61.200001 16.299999  0.000000 0.000000 -1.000000  0.193042 0.934805 0
ramp_medium
0  2.000000 -62.799999 16.299999  0.000000 0.000000 -1.000000  0.198119 0.931842 0
0  1.307180 -62.400002 16.299999  -0.000001 0.000000 -1.000000  0.198119 0.934797 0
0  2.000000 -61.200001 16.299999  0.000000 0.000000 -1.000000  0.193042 0.934805 0
ramp_medium
0  1.307180 -62.400002 16.299999  -0.000001 0.000000 -1.000000  0.198119 0.934797 0
0  1.307180 -61.599998 16.299999  -0.000003 0.000000 -1.000000  0.195580 0.936279 0
0  2.000000 -61.200001 16.299999  0.000000 0.000000 -1.000000  0.193042 0.934805 0
ramp_medium
0  1.307180 -62.400002 16.299999  -1.000000 0.000000 0.000000  0.087343 0.958100 0
0  1.307180 -62.400002 17.000000  -1.000000 0.000000 0.000000  0.084779 0.958100 0
0  1.307180 -61.599998 17.000000  -1.000000 0.000000 0.000000  0.084779 0.955142 0
ramp_medium
0  26.692820 -61.599998 22.299999  1.000000 0.000000 0.000000  0.516844 0.956775 0
0  26.692820 -61.599998 23.000000  1.000000 0.000000 0.000000  0.514279 0.956775 0
0  26.692820 -62.400002 23.000000  1.000000 0.000000 0.000000  0.514279 0.953817 0
ramp_medium
0  50.000000 62.799999 28.299999  0.499998 0.866026 0.000000  0.486464 0.942261 0
0  50.000000 62.799999 29.000000  0.499996 0.866028 0.000000  0.483898 0.942261 0
0  50.692822 62.400002 29.000000  0.499999 0.866026 0.000000  0.483862 0.939699 0
ramp_medium
0  1.307180 -61.599998 16.299999  -0.499998 0.866027 0.000000  0.002566 0.949247 0
0  1.307180 -61.599998 17.000000  -0.499998 0.866026 0.000000  0.000000 0.949247 0
0  2.000000 -61.200001 17.000000  -0.499998 0.866027 0.000000  0.000037 0.946686 0
ramp_medium
0  1.307180 -62.400002 17.000000  0.000000 0.000000 1.000000  0.617871 0.941948 0
0  2.000000 -62.799999 17.000000  0.000000 0.000000 1.000000  0.615338 0.943430 0
0  2.000000 -61.200001 17.000000  0.000000 0.000000 1.000000  0.615338 0.937515 0
ramp_medium
0  2.000000 -62.799999 17.000000  0.000000 0.000000 1.000000  0.615338 0.943430 0
0  2.692820 -62.400002 17.000000  0.000000 0.000000 1.000000  0.612805 0.941954 0
0  2.000000 -61.200001 17.000000  0.000000 0.000000 1.000000  0.615338 0.937515 0
ramp_medium
0  2.692820 -62.400002 17.000000  0.000000 0.000000 1.000000  0.612805 0.941954 0
0  2.692820 -61.599998 17.000000  0.000000 0.000000 1.000000  0.612805 0.938997 0
0  2.000000 -61.200001 17.000000  0.000000 0.000000 1.000000  0.615338 0.937515 0
ramp_medium
0  26.000000 61.200001 22.299999  -0.499999 -0.866026 0.000000  0.632965 0.948176 0
0  26.000000 61.200001 23.000000  -0.499999 -0.866026 0.000000  0.630398 0.948176 0
0  25.307180 61.599998 23.000000  -0.499999 -0.866026 0.000000  0.630398 0.945218 0
ramp_medium
0  50.692822 -62.400002 28.299999  0.499999 -0.866026 0.000000  0.148884 0.947301 0
0  50.692822 -62.400002 29.000000  0.500002 -0.866025 0.000000  0.146317 0.947301 0
0  50.000000 -62.799999 29.000000  0.499998 -0.866026 0.000000  0.146317 0.944343 0
ramp_medium
0  26.692820 61.599998 22.299999  -0.000005 0.000000 -1.000000  0.171979 0.934806 0
0  26.000000 61.200001 22.299999  -0.000002 0.000000 -1.000000  0.169442 0.936283 0
0  26.000000 62.799999 22.299999  -0.000001 0.000000 -1.000000  0.169442 0.930368 0
ramp_medium
0  26.000000 61.200001 22.299999  -0.000002 0.000000 -1.000000  0.169442 0.936283 0
0  25.307180 61.599998 22.299999  0.000003 0.000000 -1.000000  0.166905 0.934802 0
0  26.000000 62.799999 22.299999  -0.000001 0.000000 -1.000000  0.169442 0.930368 0
ramp_medium
0  25.307180 61.599998 22.299999  0.000003 0.000000 -1.000000  0.166905 0.934802 0
0  25.307180 62.400002 22.299999  0.000000 0.000000 -1.000000  0.166905 0.931845 0
0  26.000000 62.799999 22.299999  -0.000001 0.000000 -1.000000  0.169442 0.930368 0
ramp_medium
0  25.307180 61.599998 22.299999  -1.000000 0.000000 0.000000  0.097905 0.958100 0
0  25.307180 61.599998 23.000000  -1.000000 0.000000 0.000000  0.095340 0.958100 0
0  25.307180 62.400002 23.000000  -1.000000 0.000000 0.000000  0.095340 0.955142 0
ramp_medium
0  50.692822 62.400002 28.299999  1.000000 0.000000 0.000000  0.527404 0.956775 0
0  50.692822 62.400002 29.000000  1.000000 0.000000 0.000000  0.524839 0.956775 0
0  50.692822 61.599998 29.000000  1.000000 0.000000 0.000000  0.524839 0.953817 0
ramp_medium
0  50.000000 -61.200001 28.299999  0.499998 0.866026 0.000000  0.854655 0.946408 0
0  50.000000 -61.200001 29.000000  0.499996 0.866028 0.000000  0.852089 0.946408 0
0  50.692822 -61.599998 29.000000  0.499999 0.866026 0.000000  0.852052 0.943846 0
ramp_medium
0  25.307180 62.400002 22.299999  -0.499999 0.866026 0.000000  0.044955 0.949247 0
0  25.307180 62.400002 23.000000  -0.499999 0.866026 0.000000  0.042389 0.949247 0
0  26.000000 62.799999 23.000000  -0.499999 0.866026 0.000000  0.042426 0.946686 0
ramp_medium
0  25.307180 61.599998 23.000000  0.000000 0.000000 1.000000  0.386729 0.946705 0
0  26.000000 61.200001 23.000000  0.000000 0.000000 1.000000  0.384189 0.945235 0
0  26.000000 62.799999 23.000000  0.000000 0.000000 1.000000  0.389269 0.942276 0
ramp_medium
0  26.000000 61.200001 23.000000  0.000000 0.000000 1.000000  0.384189 0.945235 0
0  26.692820 61.599998 23.000000  0.000000 0.000000 1.000000  0.384189 0.942285 0
0  26.000000 62.799999 23.000000  0.000000 0.000000 1.000000  0.389269 0.942276 0
ramp_medium
0  26.692820 61.599998 23.000000  0.000000 0.000000 1.000000  0.384189 0.942285 0
0  26.692820 62.400002 23.000000  0.000000 0.000000 1.000000  0.386729 0.940806 0
0  26.000000 62.799999 23.000000  0.000000 0.000000 1.000000  0.389269 0.942276 0
ramp_medium
0  26.000000 -62.799999 22.299999  -0.499999 -0.866026 0.000000  0.643527 0.948176 0
0  26.000000 -62.799999 23.000000  -0.499999 -0.866026 0.000000  0.640960 0.948176 0
0  25.307180 -62.400002 23.000000  -0.499999 -0.866026 0.000000  0.640960 0.945218 0
ramp_medium
0  26.692820 -62.400002 22.299999  -0.000005 0.000000 -1.000000  0.185047 0.934806 0
0  26.000000 -62.799999 22.299999  -0.000002 0.000000 -1.000000  0.182511 0.936283 0
0  26.000000 -61.200001 22.299999  -0.000001 0.000000 -1.000000  0.182511 0.930368 0
ramp_medium
0  26.000000 -62.799999 22.299999  -0.000002 0.000000 -1.000000  0.182511 0.936283 0
0  25.307180 -62.400002 22.299999  0.000003 0.000000 -1.000000  0.179974 0.934802 0
0  26.000000 -61.200001 22.299999  -0.000001 0.000000 -1.000000  0.182511 0.930368 0
ramp_medium
0  25.307180 -62.400002 22.299999  0.000003 0.000000 -1.000000  0.179974 0.934802 0
0  25.307180 -61.599998 22.299999  0.000000 0.000000 -1.000000  0.179974 0.931845 0
0  26.000000 -61.200001 22.299999  -0.000001 0.000000 -1.000000  0.182511 0.930368 0
ramp_medium
0  25.307180 -62.400002 22.299999  -1.000000 0.000000 0.000000  0.117197 0.958319 0
0  25.307180 -62.400002 23.000000  -1.000000 0.000000 0.000000  0.114632 0.958319 0
0  25.307180 -61.599998 23.000000  -1.000000 0.000000 0.000000  0.114632 0.955361 0
ramp_medium
0  50.692822 -61.599998 28.299999  1.000000 0.000000 0.000000  0.537964 0.956775 0
0  50.692822 -61.599998 29.000000  1.000000 0.000000 0.000000  0.535399 0.956775 0
0  50.692822 -62.400002 29.000000  1.000000 0.000000 0.000000  0.535399 0.953817 0
ramp_medium
0  25.307180 -61.599998 22.299999  -0.499999 0.866026 0.000000  0.055553 0.949247 0
0  25.307180 -61.599998 23.000000  -0.499999 0.866026 0.000000  0.052987 0.949247 0
0  26.000000 -61.200001 23.000000  -0.499999 0.866026 0.000000  0.053023 0.946686 0
ramp_medium
0  25.307180 -62.400002 23.000000  0.000000 0.000000 1.000000  0.475867 0.944132 0
0  26.000000 -62.799999 23.000000  0.000000 0.000000 1.000000  0.473334 0.945614 0
0  26.000000 -61.200001 23.000000  0.000000 0.000000 1.000000  0.473334 0.939699 0
ramp_medium
0  26.000000 -62.799999 23.000000  0.000000 0.000000 1.000000  0.473334 0.945614 0
0  26.692820 -62.400002 23.000000  0.000000 0.000000 1.000000  0.470800 0.944138 0
0  26.000000 -61.200001 23.000000  0.000000 0.000000 1.000000  0.473334 0.939699 0
ramp_medium
0  26.692820 -62.400002 23.000000  0.000000 0.000000 1.000000  0.470800 0.944138 0
0  26.692820 -61.599998 23.000000  0.000000 0.000000 1.000000  0.470800 0.941181 0
0  26.000000 -61.200001 23.000000  0.000000 0.000000 1.000000  0.473334 0.939699 0
ramp_medium
0  50.000000 61.200001 28.299999  -0.499998 -0.866026 0.000000  0.087346 0.947082 0
0  50.000000 61.200001 29.000000  -0.499996 -0.866028 0.000000  0.084779 0.947082 0
0  49.307178 61.599998 29.000000  -0.499999 -0.866026 0.000000  0.084779 0.944125 0
ramp_medium
0  50.692822 61.599998 28.299999  -0.000002 0.000000 -1.000000  0.706607 0.933978 0
0  50.000000 61.200001 28.299999  0.000000 0.000000 -1.000000  0.706607 0.936932 0
0  50.000000 62.799999 28.299999  0.000000 0.000000 -1.000000  0.701526 0.933975 0
ramp_medium
0  50.000000 61.200001 28.299999  0.000000 0.000000 -1.000000  0.706607 0.936932 0
0  49.307178 61.599998 28.299999  0.000002 0.000000 -1.000000  0.704067 0.938406 0
0  50.000000 62.799999 28.299999  0.000000 0.000000 -1.000000  0.701526 0.933975 0
ramp_medium
0  49.307178 61.599998 28.299999  0.000002 0.000000 -1.000000  0.704067 0.938406 0
0  49.307178 62.400002 28.299999  0.000007 0.000000 -1.000000  0.701526 0.936928 0
0  50.000000 62.799999 28.299999  0.000000 0.000000 -1.000000  0.701526 0.933975 0
ramp_medium
0  49.307178 61.599998 28.299999  -1.000000 0.000000 0.000000  0.586980 0.957156 0
0  49.307178 61.599998 29.000000  -1.000000 0.000000 0.000000  0.584416 0.957156 0
0  49.307178 62.400002 29.000000  -1.000000 0.000000 0.000000  0.584416 0.954199 0
ramp_medium
0  49.307178 62.400002 28.299999  -0.499999 0.866026 0.000000  0.486428 0.944822 0
0  49.307178 62.400002 29.000000  -0.500002 0.866025 0.000000  0.483862 0.944822 0
0  50.000000 62.799999 29.000000  -0.499998 0.866026 0.000000  0.483898 0.942261 0
ramp_medium
0  49.307178 61.599998 29.000000  0.000000 0.000000 1.000000  0.573881 0.946123 0
0  50.000000 61.200001 29.000000  0.000000 0.000000 1.000000  0.571341 0.944653 0
0  50.000000 62.799999 29.000000  0.000000 0.000000 1.000000  0.576421 0.941694 0
ramp_medium
0  50.000000 61.200001 29.000000  0.000000 0.000000 1.000000  0.571341 0.944653 0
0  50.692822 61.599998 29.000000  0.000000 0.000000 1.000000  0.571341 0.941703 0
0  50.000000 62.799999 29.000000  0.000000 0.000000 1.000000  0.576421 0.941694 0
ramp_medium
0  50.692822 61.599998 29.000000  0.000000 0.000000 1.000000  0.571341 0.941703 0
0  50.692822 62.400002 29.000000  0.000000 0.000000 1.000000  0.573881 0.940224 0
0  50.000000 62.799999 29.000000  0.000000 0.000000 1.000000  0.576421 0.941694 0
ramp_medium
0  50.000000 -62.799999 28.299999  -0.499998 -0.866026 0.000000  0.117199 0.947301 0
0  50.000000 -62.799999 29.000000  -0.499996 -0.866028 0.000000  0.114632 0.947301 0
0  49.307178 -62.400002 29.000000  -0.499999 -0.866026 0.000000  0.114632 0.944343 0
ramp_medium
0  50.692822 -62.400002 28.299999  -0.000002 0.000000 -1.000000  0.119706 0.934806 0
0  50.000000 -62.799999 28.299999  0.000000 0.000000 -1.000000  0.117169 0.936283 0
0  50.000000 -61.200001 28.299999  0.000000 0.000000 -1.000000  0.117169 0.930368 0
ramp_medium
0  50.000000 -62.799999 28.299999  0.000000 0.000000 -1.000000  0.117169 0.936283 0
0  49.307178 -62.400002 28.299999  0.000002 0.000000 -1.000000  0.114632 0.934802 0
0  50.000000 -61.200001 28.299999  0.000000 0.000000 -1.000000  0.117169 0.930368 0
ramp_medium
0  49.307178 -62.400002 28.299999  0.000002 0.000000 -1.000000  0.114632 0.934802 0
0  49.307178 -61.599998 28.299999  0.000007 0.000000 -1.000000  0.114632 0.931845 0
0  50.000000 -61.200001 28.299999  0.000000 0.000000 -1.000000  0.117169 0.930368 0
ramp_medium
0  49.307178 -62.400002 28.299999  -1.000000 0.000000 0.000000  0.717420 0.957215 0
0  49.307178 -62.400002 29.000000  -1.000000 0.000000 0.000000  0.714856 0.957215 0
0  49.307178 -61.599998 29.000000  -1.000000 0.000000 0.000000  0.714856 0.954257 0
ramp_medium
0  49.307178 -61.599998 28.299999  -0.499999 0.866026 0.000000  0.854618 0.948969 0
0  49.307178 -61.599998 29.000000  -0.500002 0.866025 0.000000  0.852052 0.948969 0
0  50.000000 -61.200001 29.000000  -0.499998 0.866026 0.000000  0.852089 0.946408 0
ramp_medium
0  49.307178 -62.400002 29.000000  0.000000 0.000000 1.000000  0.399803 0.946705 0
0  50.000000 -62.799999 29.000000  0.000000 0.000000 1.000000  0.397264 0.945235 0
0  50.000000 -61.200001 29.000000  0.000000 0.000000 1.000000  0.402343 0.942276 0
ramp_medium
0  50.000000 -62.799999 29.000000  0.000000 0.000000 1.000000  0.397264 0.945235 0
0  50.692822 -62.400002 29.000000  0.000000 0.000000 1.000000  0.397264 0.942285 0
0  50.000000 -61.200001 29.000000  0.000000 0.000000 1.000000  0.402343 0.942276 0
ramp_medium
0  50.692822 -62.400002 29.000000  0.000000 0.000000 1.000000  0.397264 0.942285 0
0  50.692822 -61.599998 29.000000  0.000000 0.000000 1.000000  0.399803 0.940806 0
0  50.000000 -61.200001 29.000000  0.000000 0.000000 1.000000  0.402343 0.942276 0
end
