version 1
nodes
0 "root" -1
end
skeleton
time 0
0 0 0 0 0 0 0
end
triangles
hubcap
0  0.000000 0.000000 2.400000  0.000000 0.000000 1.000000  0.326393 0.961473 0
0  1.400000 0.000000 2.400000  0.000000 0.000000 1.000000  0.331528 1.000000 0
0  1.352296 0.362347 2.400000  0.000000 0.000000 1.000000  0.321258 1.000000 0
hubcap
0  0.000000 0.000000 2.400000  0.000000 0.000000 1.000000  0.326393 0.961473 0
0  1.352296 0.362347 2.400000  0.000000 0.000000 1.000000  0.321258 1.000000 0
0  1.212436 0.700000 2.400000  0.000000 0.000000 1.000000  0.311338 0.997374 0
hubcap
0  0.000000 0.000000 2.400000  0.000000 0.000000 1.000000  0.326393 0.961473 0
0  1.212436 0.700000 2.400000  0.000000 0.000000 1.000000  0.311338 0.997374 0
0  0.989949 0.989949 2.400000  0.000000 0.000000 1.000000  0.302444 0.992302 0
hubcap
0  0.000000 0.000000 2.400000  0.000000 0.000000 1.000000  0.326393 0.961473 0
0  0.989949 0.989949 2.400000  0.000000 0.000000 1.000000  0.302444 0.992302 0
0  0.700000 1.212436 2.400000  0.000000 0.000000 1.000000  0.295181 0.985129 0
hubcap
0  0.000000 0.000000 2.400000  0.000000 0.000000 1.000000  0.326393 0.961473 0
0  0.700000 1.212436 2.400000  0.000000 0.000000 1.000000  0.295181 0.985129 0
0  0.362347 1.352296 2.400000  0.000000 0.000000 1.000000  0.290046 0.976344 0
hubcap
0  0.000000 0.000000 2.400000  0.000000 0.000000 1.000000  0.326393 0.961473 0
0  0.362347 1.352296 2.400000  0.000000 0.000000 1.000000  0.290046 0.976344 0
0  0.000000 1.400000 2.400000  0.000000 0.000000 1.000000  0.287388 0.966545 0
hubcap
0  0.000000 0.000000 2.400000  0.000000 0.000000 1.000000  0.326393 0.961473 0
0  0.000000 1.400000 2.400000  0.000000 0.000000 1.000000  0.287388 0.966545 0
0  -0.362347 1.352296 2.400000  -0.000000 0.000000 1.000000  0.287388 0.956401 0
hubcap
0  0.000000 0.000000 2.400000  0.000000 0.000000 1.000000  0.326393 0.961473 0
0  -0.362347 1.352296 2.400000  -0.000000 0.000000 1.000000  0.287388 0.956401 0
0  -0.700000 1.212436 2.400000  0.000000 0.000000 1.000000  0.290046 0.946602 0
hubcap
0  0.000000 0.000000 2.400000  0.000000 0.000000 1.000000  0.326393 0.961473 0
0  -0.700000 1.212436 2.400000  0.000000 0.000000 1.000000  0.290046 0.946602 0
0  -0.989949 0.989949 2.400000  0.000000 0.000000 1.000000  0.295181 0.937817 0
hubcap
0  0.000000 0.000000 2.400000  0.000000 0.000000 1.000000  0.326393 0.961473 0
0  -0.989949 0.989949 2.400000  0.000000 0.000000 1.000000  0.295181 0.937817 0
0  -1.212436 0.700000 2.400000  0.000000 0.000000 1.000000  0.302444 0.930644 0
hubcap
0  0.000000 0.000000 2.400000  0.000000 0.000000 1.000000  0.326393 0.961473 0
0  -1.212436 0.700000 2.400000  0.000000 0.000000 1.000000  0.302444 0.930644 0
0  -1.352296 0.362347 2.400000  0.000000 0.000000 1.000000  0.311338 0.925572 0
hubcap
0  0.000000 0.000000 2.400000  0.000000 0.000000 1.000000  0.326393 0.961473 0
0  -1.352296 0.362347 2.400000  0.000000 0.000000 1.000000  0.311338 0.925572 0
0  -1.400000 0.000000 2.400000  0.000000 0.000000 1.000000  0.321258 0.922946 0
hubcap
0  0.000000 0.000000 2.400000  0.000000 0.000000 1.000000  0.326393 0.961473 0
0  -1.400000 0.000000 2.400000  0.000000 0.000000 1.000000  0.321258 0.922946 0
0  -1.352296 -0.362347 2.400000  0.000000 0.000000 1.000000  0.331528 0.922946 0
hubcap
0  0.000000 0.000000 2.400000  0.000000 0.000000 1.000000  0.326393 0.961473 0
0  -1.352296 -0.362347 2.400000  0.000000 0.000000 1.000000  0.331528 0.922946 0
0  -1.212436 -0.700000 2.400000  0.000000 0.000000 1.000000  0.341448 0.925572 0
hubcap
0  0.000000 0.000000 2.400000  0.000000 0.000000 1.000000  0.326393 0.961473 0
0  -1.212436 -0.700000 2.400000  0.000000 0.000000 1.000000  0.341448 0.925572 0
0  -0.989949 -0.989949 2.400000  0.000000 0.000000 1.000000  0.350343 0.930644 0
hubcap
0  0.000000 0.000000 2.400000  0.000000 0.000000 1.000000  0.326393 0.961473 0
0  -0.989949 -0.989949 2.400000  0.000000 0.000000 1.000000  0.350343 0.930644 0
0  -0.700000 -1.212436 2.400000  0.000000 0.000000 1.000000  0.357605 0.937817 0
hubcap
0  0.000000 0.000000 2.400000  0.000000 0.000000 1.000000  0.326393 0.961473 0
0  -0.700000 -1.212436 2.400000  0.000000 0.000000 1.000000  0.357605 0.937817 0
0  -0.362347 -1.352296 2.400000  -0.000000 0.000000 1.000000  0.362740 0.946602 0
hubcap
0  0.000000 0.000000 2.400000  0.000000 0.000000 1.000000  0.326393 0.961473 0
0  -0.362347 -1.352296 2.400000  -0.000000 0.000000 1.000000  0.362740 0.946602 0
0  -0.000000 -1.400000 2.400000  0.000000 0.000000 1.000000  0.365398 0.956401 0
hubcap
0  0.000000 0.000000 2.400000  0.000000 0.000000 1.000000  0.326393 0.961473 0
0  -0.000000 -1.400000 2.400000  0.000000 0.000000 1.000000  0.365398 0.956401 0
0  0.362347 -1.352296 2.400000  0.000000 0.000000 1.000000  0.365398 0.966545 0
hubcap
0  0.000000 0.000000 2.400000  0.000000 0.000000 1.000000  0.326393 0.961473 0
0  0.362347 -1.352296 2.400000  0.000000 0.000000 1.000000  0.365398 0.966545 0
0  0.700000 -1.212436 2.400000  0.000000 0.000000 1.000000  0.362740 0.976344 0
hubcap
0  0.000000 0.000000 2.400000  0.000000 0.000000 1.000000  0.326393 0.961473 0
0  0.700000 -1.212436 2.400000  0.000000 0.000000 1.000000  0.362740 0.976344 0
0  0.989949 -0.989949 2.400000  0.000000 0.000000 1.000000  0.357605 0.985129 0
hubcap
0  0.000000 0.000000 2.400000  0.000000 0.000000 1.000000  0.326393 0.961473 0
0  0.989949 -0.989949 2.400000  0.000000 0.000000 1.000000  0.357605 0.985129 0
0  1.212436 -0.700000 2.400000  0.000000 0.000000 1.000000  0.350343 0.992302 0
hubcap
0  0.000000 0.000000 2.400000  0.000000 0.000000 1.000000  0.326393 0.961473 0
0  1.212436 -0.700000 2.400000  0.000000 0.000000 1.000000  0.350343 0.992302 0
0  1.352296 -0.362347 2.400000  0.000000 0.000000 1.000000  0.341448 0.997374 0
hubcap
0  0.000000 0.000000 2.400000  0.000000 0.000000 1.000000  0.326393 0.961473 0
0  1.352296 -0.362347 2.400000  0.000000 0.000000 1.000000  0.341448 0.997374 0
0  1.400000 0.000000 2.400000  0.000000 0.000000 1.000000  0.331528 1.000000 0
hubcap
0  1.400000 0.000000 2.400000  0.857493 0.000003 0.514496  0.339718 0.759345 0
0  1.642074 0.439992 1.900000  0.828274 0.221937 0.514496  0.356067 0.770577 0
0  1.352296 0.362347 2.400000  0.828274 0.221938 0.514496  0.339718 0.769490 0
hubcap
0  1.352296 0.362347 2.400000  0.828274 0.221938 0.514496  0.339718 0.769490 0
0  1.472243 0.850000 1.900000  0.742610 0.428748 0.514496  0.354418 0.782475 0
0  1.212436 0.700000 2.400000  0.742609 0.428749 0.514496  0.338361 0.779288 0
hubcap
0  1.212436 0.700000 2.400000  0.742609 0.428749 0.514496  0.338361 0.779288 0
0  1.202082 1.202082 1.900000  0.606338 0.606340 0.514496  0.351233 0.793143 0
0  0.989949 0.989949 2.400000  0.606337 0.606341 0.514496  0.335738 0.788074 0
hubcap
0  0.989949 0.989949 2.400000  0.606337 0.606341 0.514496  0.950862 0.964901 0
0  0.850000 1.472243 1.900000  0.428746 0.742611 0.514496  0.964072 0.974977 0
0  0.700000 1.212436 2.400000  0.428744 0.742612 0.514496  0.950753 0.974960 0
hubcap
0  0.700000 1.212436 2.400000  0.428744 0.742612 0.514496  0.950753 0.974960 0
0  0.439992 1.642074 1.900000  0.221934 0.828275 0.514496  0.964205 0.987186 0
0  0.362347 1.352296 2.400000  0.221932 0.828275 0.514496  0.950862 0.985016 0
hubcap
0  0.362347 1.352296 2.400000  0.221932 0.828275 0.514496  0.992279 0.655272 0
0  0.000000 1.700000 1.900000  -0.000001 0.857493 0.514496  0.973809 0.649620 0
0  0.000000 1.400000 2.400000  -0.000003 0.857493 0.514496  0.989871 0.646437 0
hubcap
0  0.000000 1.400000 2.400000  -0.000003 0.857493 0.514496  0.989871 0.646437 0
0  -0.439992 1.642074 1.900000  -0.221936 0.828274 0.514496  0.972295 0.637691 0
0  -0.362347 1.352296 2.400000  -0.221938 0.828274 0.514496  0.988624 0.636613 0
hubcap
0  -0.362347 1.352296 2.400000  -0.221938 0.828274 0.514496  0.988624 0.636613 0
0  -0.850000 1.472243 1.900000  -0.428747 0.742610 0.514496  0.972295 0.625374 0
0  -0.700000 1.212436 2.400000  -0.428749 0.742609 0.514496  0.988624 0.626469 0
hubcap
0  -0.700000 1.212436 2.400000  -0.428749 0.742609 0.514496  0.988624 0.626469 0
0  -1.202082 1.202082 1.900000  -0.606340 0.606338 0.514496  0.973809 0.613508 0
0  -0.989949 0.989949 2.400000  -0.606341 0.606337 0.514496  0.989871 0.616697 0
hubcap
0  -0.989949 0.989949 2.400000  -0.606341 0.606337 0.514496  0.989871 0.616697 0
0  -1.472243 0.850000 1.900000  -0.742611 0.428746 0.514496  0.976733 0.602902 0
0  -1.212436 0.700000 2.400000  -0.742612 0.428744 0.514496  0.992279 0.607963 0
hubcap
0  -1.212436 0.700000 2.400000  -0.742612 0.428744 0.514496  0.381267 0.903664 0
0  -1.642074 0.439992 1.900000  -0.828275 0.221934 0.514496  0.367590 0.896447 0
0  -1.352296 0.362347 2.400000  -0.828275 0.221932 0.514496  0.381387 0.894292 0
hubcap
0  -1.352296 0.362347 2.400000  -0.828275 0.221932 0.514496  0.381387 0.894292 0
0  -1.700000 0.000000 1.900000  -0.857493 -0.000001 0.514496  0.367640 0.884234 0
0  -1.400000 0.000000 2.400000  -0.857493 -0.000003 0.514496  0.381428 0.884234 0
hubcap
0  -1.400000 0.000000 2.400000  -0.857493 -0.000003 0.514496  0.381428 0.884234 0
0  -1.642074 -0.439992 1.900000  -0.828274 -0.221937 0.514496  0.367590 0.872022 0
0  -1.352296 -0.362347 2.400000  -0.828274 -0.221938 0.514496  0.381387 0.874177 0
hubcap
0  -1.352296 -0.362347 2.400000  -0.828274 -0.221938 0.514496  0.381387 0.874177 0
0  -1.472243 -0.850000 1.900000  -0.742610 -0.428748 0.514496  0.367445 0.860641 0
0  -1.212436 -0.700000 2.400000  -0.742609 -0.428749 0.514496  0.381267 0.864805 0
hubcap
0  -1.212436 -0.700000 2.400000  -0.742609 -0.428749 0.514496  0.056652 0.967775 0
0  -1.202082 -1.202082 1.900000  -0.606338 -0.606340 0.514496  0.043600 0.961612 0
0  -0.989949 -0.989949 2.400000  -0.606337 -0.606341 0.514496  0.056962 0.958740 0
hubcap
0  -0.989949 -0.989949 2.400000  -0.606337 -0.606341 0.514496  0.056962 0.958740 0
0  -0.850000 -1.472243 1.900000  -0.428746 -0.742611 0.514496  0.043729 0.949565 0
0  -0.700000 -1.212436 2.400000  -0.428744 -0.742612 0.514496  0.057068 0.948819 0
hubcap
0  -0.700000 -1.212436 2.400000  -0.428744 -0.742612 0.514496  0.057068 0.948819 0
0  -0.439992 -1.642074 1.900000  -0.221934 -0.828275 0.514496  0.043600 0.937263 0
0  -0.362347 -1.352296 2.400000  -0.221932 -0.828275 0.514496  0.056962 0.938688 0
hubcap
0  -0.362347 -1.352296 2.400000  -0.221932 -0.828275 0.514496  0.056962 0.938688 0
0  -0.000000 -1.700000 1.900000  0.000001 -0.857493 0.514496  0.043222 0.925546 0
0  -0.000000 -1.400000 2.400000  0.000003 -0.857493 0.514496  0.056652 0.929039 0
hubcap
0  -0.000000 -1.400000 2.400000  0.000003 -0.857493 0.514496  0.279517 0.967594 0
0  0.439992 -1.642074 1.900000  0.221936 -0.828274 0.514496  0.265852 0.962644 0
0  0.362347 -1.352296 2.400000  0.221938 -0.828274 0.514496  0.279640 0.959043 0
hubcap
0  0.362347 -1.352296 2.400000  0.221938 -0.828274 0.514496  0.279640 0.959043 0
0  0.850000 -1.472243 1.900000  0.428747 -0.742610 0.514496  0.265904 0.950899 0
0  0.700000 -1.212436 2.400000  0.428749 -0.742609 0.514496  0.279682 0.949371 0
hubcap
0  0.700000 -1.212436 2.400000  0.428749 -0.742609 0.514496  0.279682 0.949371 0
0  1.202082 -1.202082 1.900000  0.606340 -0.606338 0.514496  0.265852 0.938594 0
0  0.989949 -0.989949 2.400000  0.606341 -0.606337 0.514496  0.279640 0.939237 0
hubcap
0  0.989949 -0.989949 2.400000  0.606341 -0.606337 0.514496  0.279640 0.939237 0
0  1.472243 -0.850000 1.900000  0.742611 -0.428746 0.514496  0.265703 0.926566 0
0  1.212436 -0.700000 2.400000  0.742612 -0.428744 0.514496  0.279517 0.929331 0
hubcap
0  1.212436 -0.700000 2.400000  0.742612 -0.428744 0.514496  0.335738 0.740761 0
0  1.642074 -0.439992 1.900000  0.828275 -0.221934 0.514496  0.354418 0.746360 0
0  1.352296 -0.362347 2.400000  0.828275 -0.221932 0.514496  0.338361 0.749547 0
hubcap
0  1.352296 -0.362347 2.400000  0.828275 -0.221932 0.514496  0.338361 0.749547 0
0  1.700000 0.000000 1.900000  0.857493 0.000001 0.514496  0.356067 0.758258 0
0  1.400000 0.000000 2.400000  0.857493 0.000003 0.514496  0.339718 0.759345 0
hubcap
0  1.700000 0.000000 1.900000  0.316228 0.000001 0.948683  0.755529 0.280260 0
0  2.511407 0.672930 1.600000  0.246095 0.065942 0.967000  0.746784 0.308215 0
0  1.642074 0.439992 1.900000  0.305452 0.081846 0.948683  0.743483 0.283448 0
hubcap
0  1.642074 0.439992 1.900000  0.305452 0.081846 0.948683  0.743483 0.283448 0
0  2.251666 1.300000 1.600000  0.220643 0.127389 0.967000  0.727711 0.308215 0
0  1.472243 0.850000 1.900000  0.273861 0.158114 0.948683  0.731012 0.283448 0
hubcap
0  1.472243 0.850000 1.900000  0.273861 0.158114 0.948683  0.731012 0.283448 0
0  1.838478 1.838478 1.600000  0.180154 0.180155 0.967000  0.709288 0.303339 0
0  1.202082 1.202082 1.900000  0.223606 0.223607 0.948683  0.718966 0.280260 0
hubcap
0  1.202082 1.202082 1.900000  0.223606 0.223607 0.948683  0.718966 0.280260 0
0  1.300000 2.251666 1.600000  0.127388 0.220643 0.967000  0.692770 0.293919 0
0  0.850000 1.472243 1.900000  0.158113 0.273862 0.948683  0.708166 0.274101 0
hubcap
0  0.850000 1.472243 1.900000  0.158113 0.273862 0.948683  0.708166 0.274101 0
0  0.672930 2.511407 1.600000  0.065941 0.246095 0.967000  0.679283 0.280598 0
0  0.439992 1.642074 1.900000  0.081845 0.305453 0.948683  0.699348 0.265390 0
hubcap
0  0.439992 1.642074 1.900000  0.081845 0.305453 0.948683  0.699348 0.265390 0
0  0.000000 2.600000 1.600000  -0.000000 0.254777 0.967000  0.669747 0.264282 0
0  0.000000 1.700000 1.900000  -0.000001 0.316228 0.948683  0.693112 0.254723 0
hubcap
0  0.000000 1.700000 1.900000  -0.000001 0.316228 0.948683  0.693112 0.254723 0
0  -0.672930 2.511407 1.600000  -0.065941 0.246095 0.967000  0.664810 0.246085 0
0  -0.439992 1.642074 1.900000  -0.081846 0.305452 0.948683  0.689885 0.242824 0
hubcap
0  -0.439992 1.642074 1.900000  -0.081846 0.305452 0.948683  0.689885 0.242824 0
0  -1.300000 2.251666 1.600000  -0.127389 0.220643 0.967000  0.664810 0.227245 0
0  -0.850000 1.472243 1.900000  -0.158114 0.273861 0.948683  0.689885 0.230506 0
hubcap
0  -0.850000 1.472243 1.900000  -0.158114 0.273861 0.948683  0.689885 0.230506 0
0  -1.838478 1.838478 1.600000  -0.180155 0.180154 0.967000  0.669747 0.209048 0
0  -1.202082 1.202082 1.900000  -0.223607 0.223606 0.948683  0.693112 0.218608 0
hubcap
0  -1.202082 1.202082 1.900000  -0.223607 0.223606 0.948683  0.693112 0.218608 0
0  -2.251666 1.300000 1.600000  -0.220643 0.127388 0.967000  0.679283 0.192732 0
0  -1.472243 0.850000 1.900000  -0.273862 0.158113 0.948683  0.699348 0.207940 0
hubcap
0  -1.472243 0.850000 1.900000  -0.273862 0.158113 0.948683  0.699348 0.207940 0
0  -2.511407 0.672930 1.600000  -0.246095 0.065941 0.967000  0.692770 0.179411 0
0  -1.642074 0.439992 1.900000  -0.305453 0.081845 0.948683  0.708166 0.199230 0
hubcap
0  -1.642074 0.439992 1.900000  -0.305453 0.081845 0.948683  0.708166 0.199230 0
0  -2.600000 0.000000 1.600000  -0.254777 -0.000000 0.967000  0.709288 0.169991 0
0  -1.700000 0.000000 1.900000  -0.316228 -0.000001 0.948683  0.718966 0.193071 0
hubcap
0  -1.700000 0.000000 1.900000  -0.316228 -0.000001 0.948683  0.718966 0.193071 0
0  -2.511407 -0.672930 1.600000  -0.246095 -0.065942 0.967000  0.727711 0.165115 0
0  -1.642074 -0.439992 1.900000  -0.305452 -0.081846 0.948683  0.731012 0.189882 0
hubcap
0  -1.642074 -0.439992 1.900000  -0.305452 -0.081846 0.948683  0.731012 0.189882 0
0  -2.251666 -1.300000 1.600000  -0.220643 -0.127389 0.967000  0.746784 0.165115 0
0  -1.472243 -0.850000 1.900000  -0.273861 -0.158114 0.948683  0.743483 0.189882 0
hubcap
0  -1.472243 -0.850000 1.900000  -0.273861 -0.158114 0.948683  0.743483 0.189882 0
0  -1.838478 -1.838478 1.600000  -0.180154 -0.180155 0.967000  0.765207 0.169991 0
0  -1.202082 -1.202082 1.900000  -0.223606 -0.223607 0.948683  0.755529 0.193071 0
hubcap
0  -1.202082 -1.202082 1.900000  -0.223606 -0.223607 0.948683  0.755529 0.193071 0
0  -1.300000 -2.251666 1.600000  -0.127388 -0.220643 0.967000  0.781725 0.179411 0
0  -0.850000 -1.472243 1.900000  -0.158113 -0.273862 0.948683  0.766329 0.199230 0
hubcap
0  -0.850000 -1.472243 1.900000  -0.158113 -0.273862 0.948683  0.766329 0.199230 0
0  -0.672930 -2.511407 1.600000  -0.065941 -0.246095 0.967000  0.795212 0.192732 0
0  -0.439992 -1.642074 1.900000  -0.081845 -0.305453 0.948683  0.775147 0.207940 0
hubcap
0  -0.439992 -1.642074 1.900000  -0.081845 -0.305453 0.948683  0.775147 0.207940 0
0  -0.000000 -2.600000 1.600000  0.000000 -0.254777 0.967000  0.804749 0.209048 0
0  -0.000000 -1.700000 1.900000  0.000001 -0.316228 0.948683  0.781383 0.218608 0
hubcap
0  -0.000000 -1.700000 1.900000  0.000001 -0.316228 0.948683  0.781383 0.218608 0
0  0.672930 -2.511407 1.600000  0.065941 -0.246095 0.967000  0.809685 0.227245 0
0  0.439992 -1.642074 1.900000  0.081846 -0.305452 0.948683  0.784611 0.230506 0
hubcap
0  0.439992 -1.642074 1.900000  0.081846 -0.305452 0.948683  0.784611 0.230506 0
0  1.300000 -2.251666 1.600000  0.127389 -0.220643 0.967000  0.809685 0.246085 0
0  0.850000 -1.472243 1.900000  0.158114 -0.273861 0.948683  0.784611 0.242824 0
hubcap
0  0.850000 -1.472243 1.900000  0.158114 -0.273861 0.948683  0.784611 0.242824 0
0  1.838478 -1.838478 1.600000  0.180155 -0.180154 0.967000  0.804749 0.264282 0
0  1.202082 -1.202082 1.900000  0.223607 -0.223606 0.948683  0.781383 0.254723 0
hubcap
0  1.202082 -1.202082 1.900000  0.223607 -0.223606 0.948683  0.781383 0.254723 0
0  2.251666 -1.300000 1.600000  0.220643 -0.127388 0.967000  0.795212 0.280598 0
0  1.472243 -0.850000 1.900000  0.273862 -0.158113 0.948683  0.775147 0.265390 0
hubcap
0  1.472243 -0.850000 1.900000  0.273862 -0.158113 0.948683  0.775147 0.265390 0
0  2.511407 -0.672930 1.600000  0.246095 -0.065941 0.967000  0.781725 0.293919 0
0  1.642074 -0.439992 1.900000  0.305453 -0.081845 0.948683  0.766329 0.274101 0
hubcap
0  1.642074 -0.439992 1.900000  0.305453 -0.081845 0.948683  0.766329 0.274101 0
0  2.600000 0.000000 1.600000  0.254777 0.000000 0.967000  0.765207 0.303339 0
0  1.700000 0.000000 1.900000  0.316228 0.000001 0.948683  0.755529 0.280260 0
hubcap
0  2.600000 0.000000 1.600000  0.254777 0.000000 0.967000  0.765207 0.303339 0
0  5.795555 1.552914 0.900000  0.024884 0.006668 0.999668  0.759255 0.401780 0
0  2.511407 0.672930 1.600000  0.246095 0.065942 0.967000  0.746784 0.308215 0
hubcap
0  2.511407 0.672930 1.600000  0.246095 0.065942 0.967000  0.746784 0.308215 0
0  5.196152 3.000000 0.900000  0.022310 0.012881 0.999668  0.715240 0.401780 0
0  2.251666 1.300000 1.600000  0.220643 0.127389 0.967000  0.727711 0.308215 0
hubcap
0  2.251666 1.300000 1.600000  0.220643 0.127389 0.967000  0.727711 0.308215 0
0  4.242640 4.242640 0.900000  0.018216 0.018216 0.999668  0.672725 0.390528 0
0  1.838478 1.838478 1.600000  0.180154 0.180155 0.967000  0.709288 0.303339 0
hubcap
0  1.838478 1.838478 1.600000  0.180154 0.180155 0.967000  0.709288 0.303339 0
0  3.000000 5.196152 0.900000  0.012880 0.022310 0.999668  0.634607 0.368790 0
0  1.300000 2.251666 1.600000  0.127388 0.220643 0.967000  0.692770 0.293919 0
hubcap
0  1.300000 2.251666 1.600000  0.127388 0.220643 0.967000  0.692770 0.293919 0
0  1.552914 5.795555 0.900000  0.006667 0.024884 0.999668  0.603484 0.338048 0
0  0.672930 2.511407 1.600000  0.065941 0.246095 0.967000  0.679283 0.280598 0
hubcap
0  0.672930 2.511407 1.600000  0.065941 0.246095 0.967000  0.679283 0.280598 0
0  0.000000 6.000000 0.900000  -0.000000 0.025762 0.999668  0.581476 0.300397 0
0  0.000000 2.600000 1.600000  -0.000000 0.254777 0.967000  0.669747 0.264282 0
hubcap
0  0.000000 2.600000 1.600000  -0.000000 0.254777 0.967000  0.669747 0.264282 0
0  -1.552914 5.795555 0.900000  -0.006668 0.024884 0.999668  0.570084 0.258403 0
0  -0.672930 2.511407 1.600000  -0.065941 0.246095 0.967000  0.664810 0.246085 0
hubcap
0  -0.672930 2.511407 1.600000  -0.065941 0.246095 0.967000  0.664810 0.246085 0
0  -3.000000 5.196152 0.900000  -0.012881 0.022310 0.999668  0.570084 0.214927 0
0  -1.300000 2.251666 1.600000  -0.127389 0.220643 0.967000  0.664810 0.227245 0
hubcap
0  -1.300000 2.251666 1.600000  -0.127389 0.220643 0.967000  0.664810 0.227245 0
0  -4.242640 4.242640 0.900000  -0.018216 0.018216 0.999668  0.581476 0.172933 0
0  -1.838478 1.838478 1.600000  -0.180155 0.180154 0.967000  0.669747 0.209048 0
hubcap
0  -1.838478 1.838478 1.600000  -0.180155 0.180154 0.967000  0.669747 0.209048 0
0  -5.196152 3.000000 0.900000  -0.022310 0.012881 0.999668  0.603484 0.135282 0
0  -2.251666 1.300000 1.600000  -0.220643 0.127388 0.967000  0.679283 0.192732 0
hubcap
0  -2.251666 1.300000 1.600000  -0.220643 0.127388 0.967000  0.679283 0.192732 0
0  -5.795555 1.552914 0.900000  -0.024884 0.006667 0.999668  0.634607 0.104540 0
0  -2.511407 0.672930 1.600000  -0.246095 0.065941 0.967000  0.692770 0.179411 0
hubcap
0  -2.511407 0.672930 1.600000  -0.246095 0.065941 0.967000  0.692770 0.179411 0
0  -6.000000 0.000000 0.900000  -0.025762 -0.000000 0.999668  0.672725 0.082802 0
0  -2.600000 0.000000 1.600000  -0.254777 -0.000000 0.967000  0.709288 0.169991 0
hubcap
0  -2.600000 0.000000 1.600000  -0.254777 -0.000000 0.967000  0.709288 0.169991 0
0  -5.795555 -1.552914 0.900000  -0.024884 -0.006668 0.999668  0.715240 0.071550 0
0  -2.511407 -0.672930 1.600000  -0.246095 -0.065942 0.967000  0.727711 0.165115 0
hubcap
0  -2.511407 -0.672930 1.600000  -0.246095 -0.065942 0.967000  0.727711 0.165115 0
0  -5.196152 -3.000000 0.900000  -0.022310 -0.012881 0.999668  0.759255 0.071550 0
0  -2.251666 -1.300000 1.600000  -0.220643 -0.127389 0.967000  0.746784 0.165115 0
hubcap
0  -2.251666 -1.300000 1.600000  -0.220643 -0.127389 0.967000  0.746784 0.165115 0
0  -4.242640 -4.242640 0.900000  -0.018216 -0.018216 0.999668  0.801770 0.082802 0
0  -1.838478 -1.838478 1.600000  -0.180154 -0.180155 0.967000  0.765207 0.169991 0
hubcap
0  -1.838478 -1.838478 1.600000  -0.180154 -0.180155 0.967000  0.765207 0.169991 0
0  -3.000000 -5.196152 0.900000  -0.012880 -0.022310 0.999668  0.839888 0.104540 0
0  -1.300000 -2.251666 1.600000  -0.127388 -0.220643 0.967000  0.781725 0.179411 0
hubcap
0  -1.300000 -2.251666 1.600000  -0.127388 -0.220643 0.967000  0.781725 0.179411 0
0  -1.552914 -5.795555 0.900000  -0.006667 -0.024884 0.999668  0.871012 0.135282 0
0  -0.672930 -2.511407 1.600000  -0.065941 -0.246095 0.967000  0.795212 0.192732 0
hubcap
0  -0.672930 -2.511407 1.600000  -0.065941 -0.246095 0.967000  0.795212 0.192732 0
0  -0.000000 -6.000000 0.900000  0.000000 -0.025762 0.999668  0.893019 0.172933 0
0  -0.000000 -2.600000 1.600000  0.000000 -0.254777 0.967000  0.804749 0.209048 0
hubcap
0  -0.000000 -2.600000 1.600000  0.000000 -0.254777 0.967000  0.804749 0.209048 0
0  1.552914 -5.795555 0.900000  0.006668 -0.024884 0.999668  0.904411 0.214927 0
0  0.672930 -2.511407 1.600000  0.065941 -0.246095 0.967000  0.809685 0.227245 0
hubcap
0  0.672930 -2.511407 1.600000  0.065941 -0.246095 0.967000  0.809685 0.227245 0
0  3.000000 -5.196152 0.900000  0.012881 -0.022310 0.999668  0.904411 0.258403 0
0  1.300000 -2.251666 1.600000  0.127389 -0.220643 0.967000  0.809685 0.246085 0
hubcap
0  1.300000 -2.251666 1.600000  0.127389 -0.220643 0.967000  0.809685 0.246085 0
0  4.242640 -4.242640 0.900000  0.018216 -0.018216 0.999668  0.893019 0.300397 0
0  1.838478 -1.838478 1.600000  0.180155 -0.180154 0.967000  0.804749 0.264282 0
hubcap
0  1.838478 -1.838478 1.600000  0.180155 -0.180154 0.967000  0.804749 0.264282 0
0  5.196152 -3.000000 0.900000  0.022310 -0.012881 0.999668  0.871012 0.338048 0
0  2.251666 -1.300000 1.600000  0.220643 -0.127388 0.967000  0.795212 0.280598 0
hubcap
0  2.251666 -1.300000 1.600000  0.220643 -0.127388 0.967000  0.795212 0.280598 0
0  5.795555 -1.552914 0.900000  0.024884 -0.006667 0.999668  0.839888 0.368790 0
0  2.511407 -0.672930 1.600000  0.246095 -0.065941 0.967000  0.781725 0.293919 0
hubcap
0  2.511407 -0.672930 1.600000  0.246095 -0.065941 0.967000  0.781725 0.293919 0
0  6.000000 0.000000 0.900000  0.025762 0.000000 0.999668  0.801770 0.390528 0
0  2.600000 0.000000 1.600000  0.254777 0.000000 0.967000  0.765207 0.303339 0
hubcap
0  6.000000 0.000000 0.900000  0.025762 0.000000 0.999668  0.801770 0.390528 0
0  7.341036 1.967025 1.100000  0.143029 0.038325 0.988976  0.765124 0.445811 0
0  5.795555 1.552914 0.900000  0.024884 0.006668 0.999668  0.759255 0.401780 0
hubcap
0  5.795555 1.552914 0.900000  0.024884 0.006668 0.999668  0.759255 0.401780 0
0  6.581793 3.800000 1.100000  0.128237 0.074038 0.988976  0.709372 0.445811 0
0  5.196152 3.000000 0.900000  0.022310 0.012881 0.999668  0.715240 0.401780 0
hubcap
0  5.196152 3.000000 0.900000  0.022310 0.012881 0.999668  0.715240 0.401780 0
0  5.374012 5.374012 1.100000  0.104705 0.104705 0.988976  0.655519 0.431558 0
0  4.242640 4.242640 0.900000  0.018216 0.018216 0.999668  0.672725 0.390528 0
hubcap
0  4.242640 4.242640 0.900000  0.018216 0.018216 0.999668  0.672725 0.390528 0
0  3.800000 6.581793 1.100000  0.074038 0.128237 0.988976  0.607236 0.404023 0
0  3.000000 5.196152 0.900000  0.012880 0.022310 0.999668  0.634607 0.368790 0
hubcap
0  3.000000 5.196152 0.900000  0.012880 0.022310 0.999668  0.634607 0.368790 0
0  1.967025 7.341036 1.100000  0.038325 0.143029 0.988976  0.567813 0.365084 0
0  1.552914 5.795555 0.900000  0.006667 0.024884 0.999668  0.603484 0.338048 0
hubcap
0  1.552914 5.795555 0.900000  0.006667 0.024884 0.999668  0.603484 0.338048 0
0  0.000000 7.600000 1.100000  0.000000 0.148075 0.988976  0.539937 0.317392 0
0  0.000000 6.000000 0.900000  -0.000000 0.025762 0.999668  0.581476 0.300397 0
hubcap
0  0.000000 6.000000 0.900000  -0.000000 0.025762 0.999668  0.581476 0.300397 0
0  -1.967025 7.341036 1.100000  -0.038325 0.143029 0.988976  0.525507 0.264200 0
0  -1.552914 5.795555 0.900000  -0.006668 0.024884 0.999668  0.570084 0.258403 0
hubcap
0  -1.552914 5.795555 0.900000  -0.006668 0.024884 0.999668  0.570084 0.258403 0
0  -3.800000 6.581793 1.100000  -0.074037 0.128237 0.988976  0.525507 0.209130 0
0  -3.000000 5.196152 0.900000  -0.012881 0.022310 0.999668  0.570084 0.214927 0
hubcap
0  -3.000000 5.196152 0.900000  -0.012881 0.022310 0.999668  0.570084 0.214927 0
0  -5.374012 5.374012 1.100000  -0.104705 0.104705 0.988976  0.539937 0.155938 0
0  -4.242640 4.242640 0.900000  -0.018216 0.018216 0.999668  0.581476 0.172933 0
hubcap
0  -4.242640 4.242640 0.900000  -0.018216 0.018216 0.999668  0.581476 0.172933 0
0  -6.581793 3.800000 1.100000  -0.128237 0.074037 0.988976  0.567813 0.108247 0
0  -5.196152 3.000000 0.900000  -0.022310 0.012881 0.999668  0.603484 0.135282 0
hubcap
0  -5.196152 3.000000 0.900000  -0.022310 0.012881 0.999668  0.603484 0.135282 0
0  -7.341036 1.967025 1.100000  -0.143029 0.038325 0.988976  0.607236 0.069307 0
0  -5.795555 1.552914 0.900000  -0.024884 0.006667 0.999668  0.634607 0.104540 0
hubcap
0  -5.795555 1.552914 0.900000  -0.024884 0.006667 0.999668  0.634607 0.104540 0
0  -7.600000 0.000000 1.100000  -0.148075 0.000000 0.988976  0.655519 0.041772 0
0  -6.000000 0.000000 0.900000  -0.025762 -0.000000 0.999668  0.672725 0.082802 0
hubcap
0  -6.000000 0.000000 0.900000  -0.025762 -0.000000 0.999668  0.672725 0.082802 0
0  -7.341036 -1.967025 1.100000  -0.143029 -0.038325 0.988976  0.709372 0.027519 0
0  -5.795555 -1.552914 0.900000  -0.024884 -0.006668 0.999668  0.715240 0.071550 0
hubcap
0  -5.795555 -1.552914 0.900000  -0.024884 -0.006668 0.999668  0.715240 0.071550 0
0  -6.581793 -3.800000 1.100000  -0.128237 -0.074038 0.988976  0.765124 0.027519 0
0  -5.196152 -3.000000 0.900000  -0.022310 -0.012881 0.999668  0.759255 0.071550 0
hubcap
0  -5.196152 -3.000000 0.900000  -0.022310 -0.012881 0.999668  0.759255 0.071550 0
0  -5.374012 -5.374012 1.100000  -0.104705 -0.104705 0.988976  0.818976 0.041772 0
0  -4.242640 -4.242640 0.900000  -0.018216 -0.018216 0.999668  0.801770 0.082802 0
hubcap
0  -4.242640 -4.242640 0.900000  -0.018216 -0.018216 0.999668  0.801770 0.082802 0
0  -3.800000 -6.581793 1.100000  -0.074038 -0.128237 0.988976  0.867259 0.069307 0
0  -3.000000 -5.196152 0.900000  -0.012880 -0.022310 0.999668  0.839888 0.104540 0
hubcap
0  -3.000000 -5.196152 0.900000  -0.012880 -0.022310 0.999668  0.839888 0.104540 0
0  -1.967025 -7.341036 1.100000  -0.038325 -0.143029 0.988976  0.906682 0.108247 0
0  -1.552914 -5.795555 0.900000  -0.006667 -0.024884 0.999668  0.871012 0.135282 0
hubcap
0  -1.552914 -5.795555 0.900000  -0.006667 -0.024884 0.999668  0.871012 0.135282 0
0  -0.000000 -7.600000 1.100000  -0.000000 -0.148075 0.988976  0.934558 0.155938 0
0  -0.000000 -6.000000 0.900000  0.000000 -0.025762 0.999668  0.893019 0.172933 0
hubcap
0  -0.000000 -6.000000 0.900000  0.000000 -0.025762 0.999668  0.893019 0.172933 0
0  1.967025 -7.341036 1.100000  0.038325 -0.143029 0.988976  0.948988 0.209130 0
0  1.552914 -5.795555 0.900000  0.006668 -0.024884 0.999668  0.904411 0.214927 0
hubcap
0  1.552914 -5.795555 0.900000  0.006668 -0.024884 0.999668  0.904411 0.214927 0
0  3.800000 -6.581793 1.100000  0.074037 -0.128237 0.988976  0.948988 0.264200 0
0  3.000000 -5.196152 0.900000  0.012881 -0.022310 0.999668  0.904411 0.258403 0
hubcap
0  3.000000 -5.196152 0.900000  0.012881 -0.022310 0.999668  0.904411 0.258403 0
0  5.374012 -5.374012 1.100000  0.104705 -0.104705 0.988976  0.934558 0.317392 0
0  4.242640 -4.242640 0.900000  0.018216 -0.018216 0.999668  0.893019 0.300397 0
hubcap
0  4.242640 -4.242640 0.900000  0.018216 -0.018216 0.999668  0.893019 0.300397 0
0  6.581793 -3.800000 1.100000  0.128237 -0.074037 0.988976  0.906682 0.365084 0
0  5.196152 -3.000000 0.900000  0.022310 -0.012881 0.999668  0.871012 0.338048 0
hubcap
0  5.196152 -3.000000 0.900000  0.022310 -0.012881 0.999668  0.871012 0.338048 0
0  7.341036 -1.967025 1.100000  0.143029 -0.038325 0.988976  0.867259 0.404023 0
0  5.795555 -1.552914 0.900000  0.024884 -0.006667 0.999668  0.839888 0.368790 0
hubcap
0  5.795555 -1.552914 0.900000  0.024884 -0.006667 0.999668  0.839888 0.368790 0
0  7.600000 0.000000 1.100000  0.148075 -0.000000 0.988976  0.818976 0.431558 0
0  6.000000 0.000000 0.900000  0.025762 0.000000 0.999668  0.801770 0.390528 0
hubcap
0  7.600000 0.000000 1.100000  0.148075 -0.000000 0.988976  0.818976 0.431558 0
0  8.306962 2.225844 0.700000  0.358736 0.096124 0.928477  0.768792 0.473330 0
0  7.341036 1.967025 1.100000  0.143029 0.038325 0.988976  0.765124 0.445811 0
hubcap
0  7.341036 1.967025 1.100000  0.143029 0.038325 0.988976  0.765124 0.445811 0
0  7.447818 4.300000 0.700000  0.321633 0.185696 0.928477  0.705704 0.473330 0
0  6.581793 3.800000 1.100000  0.128237 0.074038 0.988976  0.709372 0.445811 0
hubcap
0  6.581793 3.800000 1.100000  0.128237 0.074038 0.988976  0.709372 0.445811 0
0  6.081118 6.081118 0.700000  0.262612 0.262614 0.928477  0.644765 0.457202 0
0  5.374012 5.374012 1.100000  0.104705 0.104705 0.988976  0.655519 0.431558 0
hubcap
0  5.374012 5.374012 1.100000  0.104705 0.104705 0.988976  0.655519 0.431558 0
0  4.300000 7.447818 0.700000  0.185695 0.321634 0.928477  0.590129 0.426044 0
0  3.800000 6.581793 1.100000  0.074038 0.128237 0.988976  0.607236 0.404023 0
hubcap
0  3.800000 6.581793 1.100000  0.074038 0.128237 0.988976  0.607236 0.404023 0
0  2.225844 8.306962 0.700000  0.096122 0.358736 0.928477  0.545519 0.381981 0
0  1.967025 7.341036 1.100000  0.038325 0.143029 0.988976  0.567813 0.365084 0
hubcap
0  1.967025 7.341036 1.100000  0.038325 0.143029 0.988976  0.567813 0.365084 0
0  0.000000 8.600000 0.700000  -0.000001 0.371390 0.928477  0.513975 0.328014 0
0  0.000000 7.600000 1.100000  0.000000 0.148075 0.988976  0.539937 0.317392 0
hubcap
0  0.000000 7.600000 1.100000  0.000000 0.148075 0.988976  0.539937 0.317392 0
0  -2.225844 8.306962 0.700000  -0.096124 0.358735 0.928477  0.497647 0.267823 0
0  -1.967025 7.341036 1.100000  -0.038325 0.143029 0.988976  0.525507 0.264200 0
hubcap
0  -1.967025 7.341036 1.100000  -0.038325 0.143029 0.988976  0.525507 0.264200 0
0  -4.300000 7.447818 0.700000  -0.185696 0.321633 0.928477  0.497647 0.205508 0
0  -3.800000 6.581793 1.100000  -0.074037 0.128237 0.988976  0.525507 0.209130 0
hubcap
0  -3.800000 6.581793 1.100000  -0.074037 0.128237 0.988976  0.525507 0.209130 0
0  -6.081118 6.081118 0.700000  -0.262614 0.262612 0.928477  0.513975 0.145316 0
0  -5.374012 5.374012 1.100000  -0.104705 0.104705 0.988976  0.539937 0.155938 0
hubcap
0  -5.374012 5.374012 1.100000  -0.104705 0.104705 0.988976  0.539937 0.155938 0
0  -7.447818 4.300000 0.700000  -0.321634 0.185695 0.928477  0.545519 0.091349 0
0  -6.581793 3.800000 1.100000  -0.128237 0.074037 0.988976  0.567813 0.108247 0
hubcap
0  -6.581793 3.800000 1.100000  -0.128237 0.074037 0.988976  0.567813 0.108247 0
0  -8.306962 2.225844 0.700000  -0.358736 0.096122 0.928477  0.590129 0.047286 0
0  -7.341036 1.967025 1.100000  -0.143029 0.038325 0.988976  0.607236 0.069307 0
hubcap
0  -7.341036 1.967025 1.100000  -0.143029 0.038325 0.988976  0.607236 0.069307 0
0  -8.600000 0.000000 0.700000  -0.371391 -0.000001 0.928477  0.644765 0.016128 0
0  -7.600000 0.000000 1.100000  -0.148075 0.000000 0.988976  0.655519 0.041772 0
hubcap
0  -7.600000 0.000000 1.100000  -0.148075 0.000000 0.988976  0.655519 0.041772 0
0  -8.306962 -2.225844 0.700000  -0.358736 -0.096124 0.928477  0.705704 0.000000 0
0  -7.341036 -1.967025 1.100000  -0.143029 -0.038325 0.988976  0.709372 0.027519 0
hubcap
0  -7.341036 -1.967025 1.100000  -0.143029 -0.038325 0.988976  0.709372 0.027519 0
0  -7.447818 -4.300000 0.700000  -0.321633 -0.185696 0.928477  0.768792 0.000000 0
0  -6.581793 -3.800000 1.100000  -0.128237 -0.074038 0.988976  0.765124 0.027519 0
hubcap
0  -6.581793 -3.800000 1.100000  -0.128237 -0.074038 0.988976  0.765124 0.027519 0
0  -6.081118 -6.081118 0.700000  -0.262612 -0.262614 0.928477  0.829730 0.016128 0
0  -5.374012 -5.374012 1.100000  -0.104705 -0.104705 0.988976  0.818976 0.041772 0
hubcap
0  -5.374012 -5.374012 1.100000  -0.104705 -0.104705 0.988976  0.818976 0.041772 0
0  -4.300000 -7.447818 0.700000  -0.185695 -0.321634 0.928477  0.884366 0.047286 0
0  -3.800000 -6.581793 1.100000  -0.074038 -0.128237 0.988976  0.867259 0.069307 0
hubcap
0  -3.800000 -6.581793 1.100000  -0.074038 -0.128237 0.988976  0.867259 0.069307 0
0  -2.225844 -8.306962 0.700000  -0.096122 -0.358736 0.928477  0.928976 0.091349 0
0  -1.967025 -7.341036 1.100000  -0.038325 -0.143029 0.988976  0.906682 0.108247 0
hubcap
0  -1.967025 -7.341036 1.100000  -0.038325 -0.143029 0.988976  0.906682 0.108247 0
0  -0.000000 -8.600000 0.700000  0.000001 -0.371390 0.928477  0.960520 0.145316 0
0  -0.000000 -7.600000 1.100000  -0.000000 -0.148075 0.988976  0.934558 0.155938 0
hubcap
0  -0.000000 -7.600000 1.100000  -0.000000 -0.148075 0.988976  0.934558 0.155938 0
0  2.225844 -8.306962 0.700000  0.096124 -0.358735 0.928477  0.976849 0.205508 0
0  1.967025 -7.341036 1.100000  0.038325 -0.143029 0.988976  0.948988 0.209130 0
hubcap
0  1.967025 -7.341036 1.100000  0.038325 -0.143029 0.988976  0.948988 0.209130 0
0  4.300000 -7.447818 0.700000  0.185696 -0.321633 0.928477  0.976849 0.267823 0
0  3.800000 -6.581793 1.100000  0.074037 -0.128237 0.988976  0.948988 0.264200 0
hubcap
0  3.800000 -6.581793 1.100000  0.074037 -0.128237 0.988976  0.948988 0.264200 0
0  6.081118 -6.081118 0.700000  0.262614 -0.262612 0.928477  0.960520 0.328014 0
0  5.374012 -5.374012 1.100000  0.104705 -0.104705 0.988976  0.934558 0.317392 0
hubcap
0  5.374012 -5.374012 1.100000  0.104705 -0.104705 0.988976  0.934558 0.317392 0
0  7.447818 -4.300000 0.700000  0.321634 -0.185695 0.928477  0.928976 0.381981 0
0  6.581793 -3.800000 1.100000  0.128237 -0.074037 0.988976  0.906682 0.365084 0
hubcap
0  6.581793 -3.800000 1.100000  0.128237 -0.074037 0.988976  0.906682 0.365084 0
0  8.306962 -2.225844 0.700000  0.358736 -0.096122 0.928477  0.884366 0.426044 0
0  7.341036 -1.967025 1.100000  0.143029 -0.038325 0.988976  0.867259 0.404023 0
hubcap
0  7.341036 -1.967025 1.100000  0.143029 -0.038325 0.988976  0.867259 0.404023 0
0  8.600000 0.000000 0.700000  0.371391 0.000001 0.928477  0.829730 0.457202 0
0  7.600000 0.000000 1.100000  0.148075 -0.000000 0.988976  0.818976 0.431558 0
hubcap
0  8.600000 0.000000 0.700000  0.868243 -0.000001 0.496139  0.036669 0.675172 0
0  8.693333 2.329371 0.000000  0.838657 0.224723 0.496139  0.014065 0.611407 0
0  8.306962 2.225844 0.700000  0.838659 0.224717 0.496139  0.036669 0.612856 0
hubcap
0  8.306962 2.225844 0.700000  0.838659 0.224717 0.496139  0.036669 0.612856 0
0  7.794229 4.500000 0.000000  0.751918 0.434126 0.496139  0.022793 0.548416 0
0  7.447818 4.300000 0.700000  0.751921 0.434121 0.496139  0.045009 0.552665 0
hubcap
0  7.447818 4.300000 0.700000  0.751921 0.434121 0.496139  0.045009 0.552665 0
0  6.363961 6.363961 0.000000  0.613937 0.613944 0.496139  0.039654 0.491939 0
0  6.081118 6.081118 0.700000  0.613941 0.613940 0.496139  0.061120 0.498698 0
hubcap
0  6.081118 6.081118 0.700000  0.613941 0.613940 0.496139  0.136991 0.606889 0
0  4.500000 7.794229 0.000000  0.434117 0.751923 0.496139  0.155016 0.668707 0
0  4.300000 7.447818 0.700000  0.434122 0.751920 0.496139  0.136323 0.668685 0
hubcap
0  4.300000 7.447818 0.700000  0.434122 0.751920 0.496139  0.136323 0.668685 0
0  2.329371 8.693333 0.000000  0.224713 0.838659 0.496140  0.155716 0.733348 0
0  2.225844 8.306962 0.700000  0.224719 0.838658 0.496139  0.136991 0.730453 0
hubcap
0  2.225844 8.306962 0.700000  0.224719 0.838658 0.496139  0.128627 0.789296 0
0  0.000000 9.000000 0.000000  -0.000005 0.868244 0.496138  0.091590 0.739273 0
0  0.000000 8.600000 0.700000  0.000001 0.868244 0.496137  0.113834 0.735024 0
hubcap
0  0.000000 8.600000 0.700000  0.000001 0.868244 0.496137  0.113834 0.735024 0
0  -2.329371 8.693333 0.000000  -0.224723 0.838658 0.496138  0.083576 0.676118 0
0  -2.225844 8.306962 0.700000  -0.224717 0.838659 0.496138  0.106176 0.674676 0
hubcap
0  -2.225844 8.306962 0.700000  -0.224717 0.838659 0.496138  0.106176 0.674676 0
0  -4.500000 7.794229 0.000000  -0.434126 0.751918 0.496139  0.083576 0.610909 0
0  -4.300000 7.447818 0.700000  -0.434121 0.751921 0.496139  0.106176 0.612365 0
hubcap
0  -4.300000 7.447818 0.700000  -0.434121 0.751921 0.496139  0.106176 0.612365 0
0  -6.363961 6.363961 0.000000  -0.613944 0.613937 0.496140  0.091590 0.548089 0
0  -6.081118 6.081118 0.700000  -0.613940 0.613941 0.496139  0.113834 0.552337 0
hubcap
0  -6.081118 6.081118 0.700000  -0.613940 0.613941 0.496139  0.113834 0.552337 0
0  -7.794229 4.500000 0.000000  -0.751923 0.434118 0.496139  0.107071 0.491939 0
0  -7.447818 4.300000 0.700000  -0.751920 0.434123 0.496139  0.128627 0.498683 0
hubcap
0  -7.447818 4.300000 0.700000  -0.751920 0.434123 0.496139  0.327541 0.736119 0
0  -8.693333 2.329371 0.000000  -0.838660 0.224713 0.496139  0.308722 0.681495 0
0  -8.306962 2.225844 0.700000  -0.838658 0.224718 0.496139  0.328042 0.678545 0
hubcap
0  -8.306962 2.225844 0.700000  -0.838658 0.224718 0.496139  0.328042 0.678545 0
0  -9.000000 0.000000 0.000000  -0.868243 -0.000005 0.496139  0.308722 0.616839 0
0  -8.600000 0.000000 0.700000  -0.868243 0.000001 0.496139  0.328042 0.616763 0
hubcap
0  -8.600000 0.000000 0.700000  -0.868243 0.000001 0.496139  0.328042 0.616763 0
0  -8.693333 -2.329371 0.000000  -0.838657 -0.224723 0.496139  0.308198 0.552185 0
0  -8.306962 -2.225844 0.700000  -0.838659 -0.224717 0.496139  0.327541 0.554982 0
hubcap
0  -8.306962 -2.225844 0.700000  -0.838659 -0.224717 0.496139  0.327541 0.554982 0
0  -7.794229 -4.500000 0.000000  -0.751918 -0.434126 0.496139  0.307186 0.491939 0
0  -7.447818 -4.300000 0.700000  -0.751921 -0.434121 0.496139  0.326574 0.497414 0
hubcap
0  -7.447818 -4.300000 0.700000  -0.751921 -0.434121 0.496139  0.240826 0.498163 0
0  -6.363961 -6.363961 0.000000  -0.613937 -0.613944 0.496139  0.257125 0.550001 0
0  -6.081118 -6.081118 0.700000  -0.613941 -0.613940 0.496139  0.238336 0.553644 0
hubcap
0  -6.081118 -6.081118 0.700000  -0.613941 -0.613940 0.496139  0.238336 0.553644 0
0  -4.500000 -7.794229 0.000000  -0.434117 -0.751923 0.496139  0.255776 0.613769 0
0  -4.300000 -7.447818 0.700000  -0.434122 -0.751920 0.496139  0.237047 0.614578 0
hubcap
0  -4.300000 -7.447818 0.700000  -0.434122 -0.751920 0.496139  0.237047 0.614578 0
0  -2.329371 -8.693333 0.000000  -0.224713 -0.838659 0.496140  0.255776 0.678897 0
0  -2.225844 -8.306962 0.700000  -0.224719 -0.838658 0.496139  0.237047 0.676812 0
hubcap
0  -2.225844 -8.306962 0.700000  -0.224719 -0.838658 0.496139  0.237047 0.676812 0
0  -0.000000 -9.000000 0.000000  0.000005 -0.868244 0.496138  0.257125 0.740948 0
0  -0.000000 -8.600000 0.700000  -0.000001 -0.868244 0.496137  0.238336 0.736105 0
hubcap
0  -0.000000 -8.600000 0.700000  -0.000001 -0.868244 0.496137  0.191583 0.498953 0
0  2.329371 -8.693333 0.000000  0.224723 -0.838658 0.496138  0.209549 0.546897 0
0  2.225844 -8.306962 0.700000  0.224717 -0.838659 0.496138  0.190171 0.551468 0
hubcap
0  2.225844 -8.306962 0.700000  0.224717 -0.838659 0.496138  0.190171 0.551468 0
0  4.500000 -7.794229 0.000000  0.434126 -0.751918 0.496139  0.208504 0.609068 0
0  4.300000 -7.447818 0.700000  0.434121 -0.751921 0.496139  0.189172 0.610876 0
hubcap
0  4.300000 -7.447818 0.700000  0.434121 -0.751921 0.496139  0.189172 0.610876 0
0  6.363961 -6.363961 0.000000  0.613944 -0.613937 0.496140  0.207962 0.674214 0
0  6.081118 -6.081118 0.700000  0.613940 -0.613941 0.496139  0.188654 0.673127 0
hubcap
0  6.081118 -6.081118 0.700000  0.613940 -0.613941 0.496139  0.188654 0.673127 0
0  7.794229 -4.500000 0.000000  0.751923 -0.434118 0.496139  0.207962 0.737897 0
0  7.447818 -4.300000 0.700000  0.751920 -0.434123 0.496139  0.188654 0.733979 0
hubcap
0  7.447818 -4.300000 0.700000  0.751920 -0.434123 0.496139  0.061120 0.789330 0
0  8.693333 -2.329371 0.000000  0.838660 -0.224713 0.496139  0.022793 0.739612 0
0  8.306962 -2.225844 0.700000  0.838658 -0.224718 0.496139  0.045009 0.735363 0
hubcap
0  8.306962 -2.225844 0.700000  0.838658 -0.224718 0.496139  0.045009 0.735363 0
0  9.000000 0.000000 0.000000  0.868243 0.000005 0.496139  0.014065 0.676621 0
0  8.600000 0.000000 0.700000  0.868243 -0.000001 0.496139  0.036669 0.675172 0
hubcap
0  9.000000 0.000000 0.000000  0.961524 -0.000005 -0.274721  0.014065 0.676621 0
0  8.500147 2.277608 -0.700000  0.928760 0.248862 -0.274722  0.000000 0.612132 0
0  8.693333 2.329371 0.000000  0.928762 0.248856 -0.274722  0.014065 0.611407 0
hubcap
0  8.693333 2.329371 0.000000  0.928762 0.248856 -0.274722  0.161030 0.491939 0
0  7.621024 4.400000 -0.700000  0.832703 0.480763 -0.274721  0.177768 0.546515 0
0  7.794229 4.500000 0.000000  0.832707 0.480757 -0.274721  0.157767 0.543745 0
hubcap
0  7.794229 4.500000 0.000000  0.832707 0.480757 -0.274721  0.157767 0.543745 0
0  6.222540 6.222540 -0.700000  0.679899 0.679901 -0.274722  0.175762 0.605467 0
0  6.363961 6.363961 0.000000  0.679904 0.679896 -0.274722  0.155716 0.604037 0
hubcap
0  6.363961 6.363961 0.000000  0.679904 0.679896 -0.274722  0.155716 0.604037 0
0  4.400000 7.621024 -0.700000  0.480761 0.832705 -0.274722  0.175078 0.668700 0
0  4.500000 7.794229 0.000000  0.480766 0.832702 -0.274721  0.155016 0.668707 0
hubcap
0  4.500000 7.794229 0.000000  0.480766 0.832702 -0.274721  0.155016 0.668707 0
0  2.277608 8.500147 -0.700000  0.248860 0.928762 -0.274719  0.175762 0.731904 0
0  2.329371 8.693333 0.000000  0.248866 0.928760 -0.274719  0.155716 0.733348 0
hubcap
0  2.329371 8.693333 0.000000  0.248866 0.928760 -0.274719  0.155716 0.733348 0
0  0.000000 8.800000 -0.700000  -0.000002 0.961524 -0.274720  0.177768 0.790773 0
0  0.000000 9.000000 0.000000  0.000005 0.961524 -0.274721  0.157767 0.793554 0
hubcap
0  0.000000 9.000000 0.000000  0.000005 0.961524 -0.274721  0.157767 0.793554 0
0  -2.277608 8.500147 -0.700000  -0.248862 0.928760 -0.274721  0.180959 0.841294 0
0  -2.329371 8.693333 0.000000  -0.248856 0.928762 -0.274722  0.161030 0.845223 0
hubcap
0  -2.329371 8.693333 0.000000  -0.248856 0.928762 -0.274722  0.083576 0.676118 0
0  -4.400000 7.621024 -0.700000  -0.480763 0.832704 -0.274721  0.068816 0.611790 0
0  -4.500000 7.794229 0.000000  -0.480758 0.832707 -0.274721  0.083576 0.610909 0
hubcap
0  -4.500000 7.794229 0.000000  -0.480758 0.832707 -0.274721  0.083576 0.610909 0
0  -6.222540 6.222540 -0.700000  -0.679901 0.679899 -0.274721  0.076652 0.550366 0
0  -6.363961 6.363961 0.000000  -0.679897 0.679904 -0.274721  0.091590 0.548089 0
hubcap
0  -6.363961 6.363961 0.000000  -0.679897 0.679904 -0.274721  0.307186 0.793489 0
0  -7.621024 4.400000 -0.700000  -0.832705 0.480761 -0.274721  0.288378 0.739050 0
0  -7.794229 4.500000 0.000000  -0.832702 0.480766 -0.274721  0.308198 0.741747 0
hubcap
0  -7.794229 4.500000 0.000000  -0.832702 0.480766 -0.274721  0.308198 0.741747 0
0  -8.500147 2.277608 -0.700000  -0.928761 0.248859 -0.274722  0.288890 0.680137 0
0  -8.693333 2.329371 0.000000  -0.928759 0.248865 -0.274722  0.308722 0.681495 0
hubcap
0  -8.693333 2.329371 0.000000  -0.928759 0.248865 -0.274722  0.308722 0.681495 0
0  -8.800000 0.000000 -0.700000  -0.961524 -0.000001 -0.274721  0.288890 0.616918 0
0  -9.000000 0.000000 0.000000  -0.961524 0.000005 -0.274721  0.308722 0.616839 0
hubcap
0  -9.000000 0.000000 0.000000  -0.961524 0.000005 -0.274721  0.308722 0.616839 0
0  -8.500147 -2.277608 -0.700000  -0.928760 -0.248862 -0.274722  0.288378 0.553700 0
0  -8.693333 -2.329371 0.000000  -0.928762 -0.248856 -0.274722  0.308198 0.552185 0
hubcap
0  -8.693333 -2.329371 0.000000  -0.928762 -0.248856 -0.274722  0.308198 0.552185 0
0  -7.621024 -4.400000 -0.700000  -0.832703 -0.480763 -0.274721  0.287388 0.494793 0
0  -7.794229 -4.500000 0.000000  -0.832707 -0.480757 -0.274721  0.307186 0.491939 0
hubcap
0  -7.794229 -4.500000 0.000000  -0.832707 -0.480757 -0.274721  0.259731 0.491939 0
0  -6.222540 -6.222540 -0.700000  -0.679899 -0.679901 -0.274722  0.277145 0.551940 0
0  -6.363961 -6.363961 0.000000  -0.679904 -0.679896 -0.274722  0.257125 0.550001 0
hubcap
0  -6.363961 -6.363961 0.000000  -0.679904 -0.679896 -0.274722  0.257125 0.550001 0
0  -4.400000 -7.621024 -0.700000  -0.480761 -0.832705 -0.274722  0.275826 0.614291 0
0  -4.500000 -7.794229 0.000000  -0.480766 -0.832702 -0.274721  0.255776 0.613769 0
hubcap
0  -4.500000 -7.794229 0.000000  -0.480766 -0.832702 -0.274721  0.255776 0.613769 0
0  -2.277608 -8.500147 -0.700000  -0.248860 -0.928762 -0.274719  0.275826 0.677972 0
0  -2.329371 -8.693333 0.000000  -0.248866 -0.928760 -0.274719  0.255776 0.678897 0
hubcap
0  -2.329371 -8.693333 0.000000  -0.248866 -0.928760 -0.274719  0.255776 0.678897 0
0  -0.000000 -8.800000 -0.700000  0.000002 -0.961524 -0.274720  0.277145 0.738644 0
0  -0.000000 -9.000000 0.000000  -0.000005 -0.961524 -0.274721  0.257125 0.740948 0
hubcap
0  -0.000000 -9.000000 0.000000  -0.000005 -0.961524 -0.274721  0.257125 0.740948 0
0  2.277608 -8.500147 -0.700000  0.248862 -0.928760 -0.274721  0.279692 0.792172 0
0  2.329371 -8.693333 0.000000  0.248856 -0.928762 -0.274722  0.259731 0.795692 0
hubcap
0  2.329371 -8.693333 0.000000  0.248856 -0.928762 -0.274722  0.209549 0.546897 0
0  4.400000 -7.621024 -0.700000  0.480763 -0.832704 -0.274721  0.228329 0.610171 0
0  4.500000 -7.794229 0.000000  0.480758 -0.832707 -0.274721  0.208504 0.609068 0
hubcap
0  4.500000 -7.794229 0.000000  0.480758 -0.832707 -0.274721  0.208504 0.609068 0
0  6.222540 -6.222540 -0.700000  0.679901 -0.679899 -0.274721  0.227800 0.673869 0
0  6.363961 -6.363961 0.000000  0.679897 -0.679904 -0.274721  0.207962 0.674214 0
hubcap
0  6.363961 -6.363961 0.000000  0.679897 -0.679904 -0.274721  0.207962 0.674214 0
0  7.621024 -4.400000 -0.700000  0.832705 -0.480761 -0.274721  0.227800 0.736137 0
0  7.794229 -4.500000 0.000000  0.832702 -0.480766 -0.274721  0.207962 0.737897 0
hubcap
0  7.794229 -4.500000 0.000000  0.832702 -0.480766 -0.274721  0.207962 0.737897 0
0  8.500147 -2.277608 -0.700000  0.928761 -0.248859 -0.274722  0.228329 0.792730 0
0  8.693333 -2.329371 0.000000  0.928759 -0.248865 -0.274722  0.208503 0.795776 0
hubcap
0  8.693333 -2.329371 0.000000  0.928759 -0.248865 -0.274722  0.208503 0.795776 0
0  8.800000 0.000000 -0.700000  0.961524 0.000001 -0.274721  0.229351 0.839792 0
0  9.000000 0.000000 0.000000  0.961524 -0.000005 -0.274721  0.209549 0.843907 0
hubcap
0  8.800000 0.000000 -0.700000  0.124035 -0.000001 -0.992278  0.048946 0.390864 0
0  7.727407 2.070552 -0.800000  0.119808 0.032103 -0.992278  0.108344 0.418336 0
0  8.500147 2.277608 -0.700000  0.119809 0.032102 -0.992278  0.094557 0.435952 0
hubcap
0  8.500147 2.277608 -0.700000  0.119809 0.032102 -0.992278  0.094557 0.435952 0
0  6.928203 4.000000 -0.800000  0.107417 0.062017 -0.992278  0.159127 0.447319 0
0  7.621024 4.400000 -0.700000  0.107418 0.062017 -0.992278  0.150419 0.467834 0
hubcap
0  7.621024 4.400000 -0.700000  0.107418 0.062017 -0.992278  0.150419 0.467834 0
0  5.656854 5.656854 -0.800000  0.087706 0.087706 -0.992278  0.215769 0.462322 0
0  6.222540 6.222540 -0.700000  0.087706 0.087705 -0.992278  0.212724 0.484338 0
hubcap
0  6.222540 6.222540 -0.700000  0.087706 0.087705 -0.992278  0.212724 0.484338 0
0  4.000000 6.928203 -0.800000  0.062017 0.107417 -0.992278  0.274408 0.462322 0
0  4.400000 7.621024 -0.700000  0.062018 0.107417 -0.992278  0.277227 0.484338 0
hubcap
0  4.400000 7.621024 -0.700000  0.062018 0.107417 -0.992278  0.277227 0.484338 0
0  2.070552 7.727407 -0.800000  0.032103 0.119808 -0.992278  0.331049 0.447319 0
0  2.277608 8.500147 -0.700000  0.032103 0.119808 -0.992278  0.339533 0.467834 0
hubcap
0  2.277608 8.500147 -0.700000  0.032103 0.119808 -0.992278  0.339533 0.467834 0
0  0.000000 8.000000 -0.800000  -0.000000 0.124035 -0.992278  0.381832 0.418336 0
0  0.000000 8.800000 -0.700000  0.000001 0.124035 -0.992278  0.395394 0.435952 0
hubcap
0  0.000000 8.800000 -0.700000  0.000001 0.124035 -0.992278  0.395394 0.435952 0
0  -2.070552 7.727407 -0.800000  -0.032103 0.119808 -0.992278  0.423297 0.377346 0
0  -2.277608 8.500147 -0.700000  -0.032102 0.119808 -0.992278  0.441005 0.390864 0
hubcap
0  -2.277608 8.500147 -0.700000  -0.032102 0.119808 -0.992278  0.441005 0.390864 0
0  -4.000000 6.928203 -0.800000  -0.062017 0.107417 -0.992278  0.452616 0.327145 0
0  -4.400000 7.621024 -0.700000  -0.062017 0.107418 -0.992278  0.473256 0.335643 0
hubcap
0  -4.400000 7.621024 -0.700000  -0.062017 0.107418 -0.992278  0.473256 0.335643 0
0  -5.656854 5.656854 -0.800000  -0.087706 0.087706 -0.992278  0.467793 0.271153 0
0  -6.222540 6.222540 -0.700000  -0.087705 0.087706 -0.992278  0.489951 0.274051 0
hubcap
0  -6.222540 6.222540 -0.700000  -0.087705 0.087706 -0.992278  0.489951 0.274051 0
0  -6.928203 4.000000 -0.800000  -0.107417 0.062017 -0.992278  0.467793 0.213185 0
0  -7.621024 4.400000 -0.700000  -0.107417 0.062018 -0.992278  0.489951 0.210287 0
hubcap
0  -7.621024 4.400000 -0.700000  -0.107417 0.062018 -0.992278  0.489951 0.210287 0
0  -7.727407 2.070552 -0.800000  -0.119809 0.032103 -0.992278  0.452616 0.157193 0
0  -8.500147 2.277608 -0.700000  -0.119808 0.032103 -0.992278  0.473256 0.148695 0
hubcap
0  -8.500147 2.277608 -0.700000  -0.119808 0.032103 -0.992278  0.473256 0.148695 0
0  -8.000000 0.000000 -0.800000  -0.124035 -0.000000 -0.992278  0.423297 0.106991 0
0  -8.800000 0.000000 -0.700000  -0.124035 0.000001 -0.992278  0.441005 0.093474 0
hubcap
0  -8.800000 0.000000 -0.700000  -0.124035 0.000001 -0.992278  0.441005 0.093474 0
0  -7.727407 -2.070552 -0.800000  -0.119808 -0.032103 -0.992278  0.381832 0.066002 0
0  -8.500147 -2.277608 -0.700000  -0.119809 -0.032102 -0.992278  0.395394 0.048386 0
hubcap
0  -8.500147 -2.277608 -0.700000  -0.119809 -0.032102 -0.992278  0.395394 0.048386 0
0  -6.928203 -4.000000 -0.800000  -0.107417 -0.062017 -0.992278  0.331049 0.037018 0
0  -7.621024 -4.400000 -0.700000  -0.107418 -0.062017 -0.992278  0.339533 0.016503 0
hubcap
0  -7.621024 -4.400000 -0.700000  -0.107418 -0.062017 -0.992278  0.339533 0.016503 0
0  -5.656854 -5.656854 -0.800000  -0.087706 -0.087706 -0.992278  0.274408 0.022015 0
0  -6.222540 -6.222540 -0.700000  -0.087706 -0.087705 -0.992278  0.277227 0.000000 0
hubcap
0  -6.222540 -6.222540 -0.700000  -0.087706 -0.087705 -0.992278  0.277227 0.000000 0
0  -4.000000 -6.928203 -0.800000  -0.062017 -0.107417 -0.992278  0.215769 0.022015 0
0  -4.400000 -7.621024 -0.700000  -0.062018 -0.107417 -0.992278  0.212724 0.000000 0
hubcap
0  -4.400000 -7.621024 -0.700000  -0.062018 -0.107417 -0.992278  0.212724 0.000000 0
0  -2.070552 -7.727407 -0.800000  -0.032103 -0.119808 -0.992278  0.159127 0.037018 0
0  -2.277608 -8.500147 -0.700000  -0.032103 -0.119808 -0.992278  0.150419 0.016503 0
hubcap
0  -2.277608 -8.500147 -0.700000  -0.032103 -0.119808 -0.992278  0.150419 0.016503 0
0  -0.000000 -8.000000 -0.800000  0.000000 -0.124035 -0.992278  0.108344 0.066002 0
0  -0.000000 -8.800000 -0.700000  -0.000001 -0.124035 -0.992278  0.094557 0.048386 0
hubcap
0  -0.000000 -8.800000 -0.700000  -0.000001 -0.124035 -0.992278  0.094557 0.048386 0
0  2.070552 -7.727407 -0.800000  0.032103 -0.119808 -0.992278  0.066880 0.106991 0
0  2.277608 -8.500147 -0.700000  0.032102 -0.119808 -0.992278  0.048946 0.093474 0
hubcap
0  2.277608 -8.500147 -0.700000  0.032102 -0.119808 -0.992278  0.048946 0.093474 0
0  4.000000 -6.928203 -0.800000  0.062017 -0.107417 -0.992278  0.037560 0.157193 0
0  4.400000 -7.621024 -0.700000  0.062017 -0.107418 -0.992278  0.016695 0.148695 0
hubcap
0  4.400000 -7.621024 -0.700000  0.062017 -0.107418 -0.992278  0.016695 0.148695 0
0  5.656854 -5.656854 -0.800000  0.087706 -0.087706 -0.992278  0.022383 0.213185 0
0  6.222540 -6.222540 -0.700000  0.087705 -0.087706 -0.992278  0.000000 0.210287 0
hubcap
0  6.222540 -6.222540 -0.700000  0.087705 -0.087706 -0.992278  0.000000 0.210287 0
0  6.928203 -4.000000 -0.800000  0.107417 -0.062017 -0.992278  0.022383 0.271153 0
0  7.621024 -4.400000 -0.700000  0.107417 -0.062018 -0.992278  0.000000 0.274051 0
hubcap
0  7.621024 -4.400000 -0.700000  0.107417 -0.062018 -0.992278  0.000000 0.274051 0
0  7.727407 -2.070552 -0.800000  0.119809 -0.032103 -0.992278  0.037560 0.327145 0
0  8.500147 -2.277608 -0.700000  0.119808 -0.032103 -0.992278  0.016695 0.335643 0
hubcap
0  8.500147 -2.277608 -0.700000  0.119808 -0.032103 -0.992278  0.016695 0.335643 0
0  8.000000 0.000000 -0.800000  0.124035 0.000000 -0.992278  0.066880 0.377346 0
0  8.800000 0.000000 -0.700000  0.124035 -0.000001 -0.992278  0.048946 0.390864 0
hubcap
0  2.352160 0.700000 1.273193  -0.198669 0.000000 -0.980067  0.350446 0.728091 0
0  6.468440 -1.200000 0.438782  -0.198669 0.000000 -0.980067  0.403160 0.614632 0
0  2.352160 -0.700000 1.273193  -0.198669 0.000000 -0.980067  0.389776 0.728091 0
hubcap
0  2.451495 -0.700000 1.763227  0.198669 0.000000 0.980067  0.464268 0.736208 0
0  6.567774 1.200000 0.928815  0.198669 0.000000 0.980067  0.410876 0.850462 0
0  2.451495 0.700000 1.763227  0.198669 0.000000 0.980067  0.424926 0.736208 0
hubcap
0  2.352160 -0.700000 1.273193  -0.115856 -0.992988 0.023485  0.964599 0.603596 0
0  6.567774 -1.200000 0.928815  -0.115856 -0.992988 0.023485  0.950753 0.715090 0
0  2.451495 -0.700000 1.763227  -0.115856 -0.992988 0.023485  0.950753 0.602902 0
hubcap
0  6.468440 -1.200000 0.438782  0.980067 0.000000 -0.198669  0.994922 0.001050 0
0  6.567774 1.200000 0.928815  0.980067 0.000000 -0.198669  0.984544 0.066195 0
0  6.567774 -1.200000 0.928815  0.980066 0.000000 -0.198669  0.984544 0.000000 0
hubcap
0  6.468440 1.200000 0.438782  -0.115857 0.992988 0.023485  0.971165 0.834835 0
0  2.451495 0.700000 1.763227  -0.115856 0.992988 0.023485  0.983945 0.725199 0
0  6.567774 1.200000 0.928815  -0.115857 0.992988 0.023485  0.983945 0.836648 0
hubcap
0  2.352160 0.700000 1.273193  -0.980067 0.000000 0.198670  0.250726 0.803294 0
0  2.451495 -0.700000 1.763227  -0.980067 0.000000 0.198669  0.237047 0.842153 0
0  2.451495 0.700000 1.763227  -0.980067 0.000000 0.198670  0.237047 0.803294 0
hubcap
0  0.061118 2.453349 1.273193  -0.061392 -0.188946 -0.980067  0.463401 0.491939 0
0  3.140127 5.781031 0.438782  -0.061392 -0.188946 -0.980067  0.410876 0.606494 0
0  1.392597 2.020725 1.273193  -0.061392 -0.188946 -0.980067  0.424088 0.491939 0
hubcap
0  1.423294 2.115198 1.763227  0.061392 0.188946 0.980066  0.166908 0.852825 0
0  0.888287 6.617145 0.928815  0.061392 0.188946 0.980067  0.113516 0.967079 0
0  0.091814 2.547822 1.763227  0.061392 0.188946 0.980067  0.127567 0.852825 0
hubcap
0  1.392597 2.020725 1.273193  0.908586 -0.417036 0.023485  0.964648 0.847990 0
0  3.170823 5.875504 0.928815  0.908586 -0.417037 0.023485  0.950753 0.954319 0
0  1.423294 2.115198 1.763227  0.908586 -0.417036 0.023485  0.950753 0.847150 0
hubcap
0  3.140127 5.781031 0.438782  0.302857 0.932099 -0.198671  0.403078 0.860550 0
0  0.888287 6.617145 0.928815  0.302857 0.932099 -0.198669  0.389123 0.926034 0
0  3.170823 5.875504 0.928815  0.302857 0.932098 -0.198671  0.389123 0.860888 0
hubcap
0  0.857591 6.522672 0.438782  -0.980190 0.196664 0.023485  0.265702 0.918964 0
0  0.091814 2.547822 1.763227  -0.980190 0.196664 0.023485  0.279692 0.803294 0
0  0.888287 6.617145 0.928815  -0.980190 0.196664 0.023485  0.279692 0.918729 0
hubcap
0  0.061118 2.453349 1.273193  -0.302857 -0.932099 0.198670  0.786817 0.929334 0
0  1.423294 2.115198 1.763227  -0.302857 -0.932099 0.198670  0.773312 0.967375 0
0  0.091814 2.547822 1.763227  -0.302857 -0.932099 0.198670  0.773312 0.928840 0
hubcap
0  -2.314387 0.816252 1.273193  0.160727 -0.116775 -0.980067  0.389149 0.491939 0
0  -4.527737 4.772872 0.438782  0.160727 -0.116775 -0.980067  0.335738 0.607030 0
0  -1.491488 1.948876 1.273193  0.160727 -0.116775 -0.980067  0.349808 0.491939 0
hubcap
0  -1.571852 2.007264 1.763227  -0.160727 0.116775 0.980067  0.340780 0.801091 0
0  -6.018785 2.889619 0.928815  -0.160727 0.116775 0.980067  0.287388 0.915345 0
0  -2.394751 0.874640 1.763227  -0.160727 0.116775 0.980067  0.301439 0.801091 0
hubcap
0  -1.491488 1.948876 1.273193  0.677394 0.735246 0.023484  0.964777 0.480932 0
0  -4.608100 4.831260 0.928815  0.677393 0.735246 0.023485  0.950753 0.595300 0
0  -1.571852 2.007264 1.763227  0.677394 0.735246 0.023484  0.950753 0.481128 0
hubcap
0  -4.527737 4.772872 0.438782  -0.792891 0.576069 -0.198669  0.021661 0.979452 0
0  -6.018785 2.889619 0.928815  -0.792891 0.576069 -0.198669  0.035527 0.926865 0
0  -4.608100 4.831260 0.928815  -0.792891 0.576069 -0.198669  0.035527 0.980771 0
hubcap
0  -5.938421 2.831231 0.438782  -0.489934 -0.871443 0.023485  0.367468 0.853040 0
0  -2.394751 0.874640 1.763227  -0.489934 -0.871443 0.023486  0.381428 0.735692 0
0  -6.018785 2.889619 0.928815  -0.489934 -0.871443 0.023485  0.381428 0.852967 0
hubcap
0  -2.314387 0.816252 1.273193  0.792890 -0.576069 0.198670  0.829351 0.929608 0
0  -1.571852 2.007264 1.763227  0.792891 -0.576068 0.198670  0.815677 0.966555 0
0  -2.394751 0.874640 1.763227  0.792890 -0.576069 0.198670  0.815677 0.928840 0
hubcap
0  -1.491488 -1.948876 1.273193  0.160727 0.116775 -0.980067  0.465079 0.614095 0
0  -5.938421 -2.831231 0.438782  0.160727 0.116775 -0.980067  0.410876 0.728606 0
0  -2.314387 -0.816252 1.273193  0.160727 0.116775 -0.980067  0.425767 0.614095 0
hubcap
0  -2.394751 -0.874640 1.763227  -0.160727 -0.116775 0.980067  0.014050 0.917944 0
0  -4.608100 -4.831260 0.928815  -0.160727 -0.116775 0.980067  0.067442 0.803690 0
0  -1.571852 -2.007264 1.763227  -0.160727 -0.116775 0.980067  0.053392 0.917944 0
hubcap
0  -2.314387 -0.816252 1.273193  -0.489934 0.871443 0.023485  0.963469 0.723386 0
0  -6.018785 -2.889619 0.928815  -0.489934 0.871443 0.023486  0.950753 0.839548 0
0  -2.394751 -0.874640 1.763227  -0.489934 0.871443 0.023485  0.950753 0.724581 0
hubcap
0  -5.938421 -2.831231 0.438782  -0.792891 -0.576069 -0.198669  0.000000 0.984106 0
0  -4.608100 -4.831260 0.928815  -0.792891 -0.576069 -0.198669  0.013965 0.926273 0
0  -6.018785 -2.889619 0.928815  -0.792891 -0.576069 -0.198669  0.013965 0.984834 0
hubcap
0  -4.527737 -4.772872 0.438782  0.677394 -0.735246 0.023484  0.389123 0.852915 0
0  -1.571852 -2.007264 1.763227  0.677393 -0.735246 0.023486  0.403160 0.735726 0
0  -4.608100 -4.831260 0.928815  0.677394 -0.735246 0.023484  0.403160 0.852949 0
hubcap
0  -1.491488 -1.948876 1.273193  0.792891 0.576069 0.198669  0.837047 0.965987 0
0  -2.394751 -0.874640 1.763227  0.792891 0.576068 0.198670  0.850515 0.928840 0
0  -1.571852 -2.007264 1.763227  0.792891 0.576069 0.198669  0.850515 0.964390 0
hubcap
0  1.392597 -2.020725 1.273193  -0.061392 0.188946 -0.980066  0.424303 0.971489 0
0  0.857591 -6.522672 0.438782  -0.061392 0.188946 -0.980067  0.478301 0.858063 0
0  0.061118 -2.453349 1.273193  -0.061392 0.188946 -0.980067  0.463635 0.971489 0
hubcap
0  0.091814 -2.547822 1.763227  0.061392 -0.188946 0.980067  0.202705 0.965763 0
0  3.170823 -5.875504 0.928815  0.061392 -0.188946 0.980067  0.256097 0.851509 0
0  1.423294 -2.115198 1.763227  0.061392 -0.188946 0.980067  0.242046 0.965763 0
hubcap
0  0.061118 -2.453349 1.273193  -0.980190 -0.196664 0.023485  0.089128 0.803925 0
0  0.888287 -6.617145 0.928815  -0.980190 -0.196664 0.023485  0.075138 0.919126 0
0  0.091814 -2.547822 1.763227  -0.980190 -0.196664 0.023485  0.075138 0.803690 0
hubcap
0  0.857591 -6.522672 0.438782  0.302857 -0.932098 -0.198671  0.972473 0.542678 0
0  3.170823 -5.875504 0.928815  0.302857 -0.932099 -0.198668  0.986329 0.481796 0
0  0.888287 -6.617145 0.928815  0.302857 -0.932098 -0.198671  0.986329 0.543541 0
hubcap
0  3.140127 -5.781031 0.438782  0.908586 0.417036 0.023485  0.972344 0.964326 0
0  1.423294 -2.115198 1.763227  0.908586 0.417037 0.023485  0.984188 0.847150 0
0  3.170823 -5.875504 0.928815  0.908586 0.417036 0.023485  0.984188 0.963193 0
hubcap
0  1.392597 -2.020725 1.273193  -0.302857 0.932099 0.198670  0.807981 0.929070 0
0  0.091814 -2.547822 1.763227  -0.302857 0.932099 0.198670  0.794513 0.967634 0
0  1.423294 -2.115198 1.763227  -0.302857 0.932099 0.198669  0.794513 0.928840 0
hubcap
0  8.000000 0.000000 -0.800000  -0.529999 0.000002 -0.847998  0.542144 0.836263 0
0  6.954666 1.863497 -0.300000  -0.286520 -0.076773 -0.954993  0.596718 0.859635 0
0  7.727407 2.070552 -0.800000  -0.511940 -0.137172 -0.847998  0.583608 0.877252 0
hubcap
0  7.727407 2.070552 -0.800000  -0.511940 -0.137172 -0.847998  0.583608 0.877252 0
0  6.235383 3.600000 -0.300000  -0.256886 -0.148314 -0.954993  0.642423 0.885721 0
0  6.928203 4.000000 -0.800000  -0.458993 -0.264998 -0.847998  0.634391 0.906236 0
hubcap
0  6.928203 4.000000 -0.800000  -0.458993 -0.264998 -0.847998  0.634391 0.906236 0
0  5.091169 5.091169 -0.300000  -0.209747 -0.209747 -0.954993  0.693400 0.899223 0
0  5.656854 5.656854 -0.800000  -0.374767 -0.374765 -0.847998  0.691032 0.921239 0
hubcap
0  5.656854 5.656854 -0.800000  -0.374767 -0.374765 -0.847998  0.691032 0.921239 0
0  3.600000 6.235383 -0.300000  -0.148313 -0.256887 -0.954993  0.746176 0.899223 0
0  4.000000 6.928203 -0.800000  -0.265001 -0.458992 -0.847998  0.749672 0.921239 0
hubcap
0  4.000000 6.928203 -0.800000  -0.265001 -0.458992 -0.847998  0.749672 0.921239 0
0  1.863497 6.954666 -0.300000  -0.076772 -0.286520 -0.954993  0.797153 0.885721 0
0  2.070552 7.727407 -0.800000  -0.137175 -0.511939 -0.847998  0.806313 0.906236 0
hubcap
0  2.070552 7.727407 -0.800000  -0.137175 -0.511939 -0.847998  0.806313 0.906236 0
0  0.000000 7.200000 -0.300000  0.000000 -0.296627 -0.954993  0.842858 0.859635 0
0  0.000000 8.000000 -0.800000  -0.000002 -0.529999 -0.847998  0.857096 0.877252 0
hubcap
0  0.000000 8.000000 -0.800000  -0.000002 -0.529999 -0.847998  0.857096 0.877252 0
0  -1.863497 6.954666 -0.300000  0.076773 -0.286520 -0.954993  0.880176 0.822745 0
0  -2.070552 7.727407 -0.800000  0.137172 -0.511940 -0.847998  0.898560 0.836263 0
hubcap
0  -2.070552 7.727407 -0.800000  0.137172 -0.511940 -0.847998  0.898560 0.836263 0
0  -3.600000 6.235383 -0.300000  0.148314 -0.256886 -0.954993  0.906563 0.777564 0
0  -4.000000 6.928203 -0.800000  0.264998 -0.458994 -0.847998  0.927880 0.786061 0
hubcap
0  -4.000000 6.928203 -0.800000  0.264998 -0.458994 -0.847998  0.927880 0.786061 0
0  -5.091169 5.091169 -0.300000  0.209747 -0.209747 -0.954993  0.920223 0.727171 0
0  -5.656854 5.656854 -0.800000  0.374765 -0.374767 -0.847998  0.943057 0.730069 0
hubcap
0  -5.656854 5.656854 -0.800000  0.374765 -0.374767 -0.847998  0.943057 0.730069 0
0  -6.235383 3.600000 -0.300000  0.256887 -0.148313 -0.954993  0.920223 0.675000 0
0  -6.928203 4.000000 -0.800000  0.458992 -0.265001 -0.847998  0.943057 0.672101 0
hubcap
0  -6.928203 4.000000 -0.800000  0.458992 -0.265001 -0.847998  0.943057 0.672101 0
0  -6.954666 1.863497 -0.300000  0.286520 -0.076772 -0.954993  0.906563 0.624607 0
0  -7.727407 2.070552 -0.800000  0.511939 -0.137175 -0.847998  0.927880 0.616109 0
hubcap
0  -7.727407 2.070552 -0.800000  0.511939 -0.137175 -0.847998  0.927880 0.616109 0
0  -7.200000 0.000000 -0.300000  0.296627 0.000000 -0.954993  0.880176 0.579426 0
0  -8.000000 0.000000 -0.800000  0.529999 -0.000002 -0.847998  0.898560 0.565908 0
hubcap
0  -8.000000 0.000000 -0.800000  0.529999 -0.000002 -0.847998  0.898560 0.565908 0
0  -6.954666 -1.863497 -0.300000  0.286520 0.076773 -0.954993  0.842858 0.542535 0
0  -7.727407 -2.070552 -0.800000  0.511940 0.137172 -0.847998  0.857096 0.524919 0
hubcap
0  -7.727407 -2.070552 -0.800000  0.511940 0.137172 -0.847998  0.857096 0.524919 0
0  -6.235383 -3.600000 -0.300000  0.256886 0.148314 -0.954993  0.797153 0.516450 0
0  -6.928203 -4.000000 -0.800000  0.458993 0.264998 -0.847998  0.806313 0.495935 0
hubcap
0  -6.928203 -4.000000 -0.800000  0.458993 0.264998 -0.847998  0.806313 0.495935 0
0  -5.091169 -5.091169 -0.300000  0.209747 0.209747 -0.954993  0.746176 0.502947 0
0  -5.656854 -5.656854 -0.800000  0.374767 0.374765 -0.847998  0.749672 0.480932 0
hubcap
0  -5.656854 -5.656854 -0.800000  0.374767 0.374765 -0.847998  0.749672 0.480932 0
0  -3.600000 -6.235383 -0.300000  0.148313 0.256887 -0.954993  0.693401 0.502947 0
0  -4.000000 -6.928203 -0.800000  0.265001 0.458992 -0.847998  0.691032 0.480932 0
hubcap
0  -4.000000 -6.928203 -0.800000  0.265001 0.458992 -0.847998  0.691032 0.480932 0
0  -1.863497 -6.954666 -0.300000  0.076772 0.286520 -0.954993  0.642423 0.516450 0
0  -2.070552 -7.727407 -0.800000  0.137175 0.511939 -0.847998  0.634391 0.495935 0
hubcap
0  -2.070552 -7.727407 -0.800000  0.137175 0.511939 -0.847998  0.634391 0.495935 0
0  -0.000000 -7.200000 -0.300000  -0.000000 0.296627 -0.954993  0.596718 0.542535 0
0  -0.000000 -8.000000 -0.800000  0.000002 0.529999 -0.847998  0.583608 0.524918 0
hubcap
0  -0.000000 -8.000000 -0.800000  0.000002 0.529999 -0.847998  0.583608 0.524918 0
0  1.863497 -6.954666 -0.300000  -0.076773 0.286520 -0.954993  0.559401 0.579425 0
0  2.070552 -7.727407 -0.800000  -0.137172 0.511940 -0.847998  0.542144 0.565908 0
hubcap
0  2.070552 -7.727407 -0.800000  -0.137172 0.511940 -0.847998  0.542144 0.565908 0
0  3.600000 -6.235383 -0.300000  -0.148314 0.256886 -0.954993  0.533013 0.624607 0
0  4.000000 -6.928203 -0.800000  -0.264998 0.458994 -0.847998  0.512824 0.616109 0
hubcap
0  4.000000 -6.928203 -0.800000  -0.264998 0.458994 -0.847998  0.512824 0.616109 0
0  5.091169 -5.091169 -0.300000  -0.209747 0.209747 -0.954993  0.519354 0.675000 0
0  5.656854 -5.656854 -0.800000  -0.374765 0.374767 -0.847998  0.497647 0.672101 0
hubcap
0  5.656854 -5.656854 -0.800000  -0.374765 0.374767 -0.847998  0.497647 0.672101 0
0  6.235383 -3.600000 -0.300000  -0.256887 0.148313 -0.954993  0.519354 0.727171 0
0  6.928203 -4.000000 -0.800000  -0.458992 0.265001 -0.847998  0.497647 0.730069 0
hubcap
0  6.928203 -4.000000 -0.800000  -0.458992 0.265001 -0.847998  0.497647 0.730069 0
0  6.954666 -1.863497 -0.300000  -0.286520 0.076772 -0.954993  0.533013 0.777564 0
0  7.727407 -2.070552 -0.800000  -0.511939 0.137175 -0.847998  0.512824 0.786061 0
hubcap
0  7.727407 -2.070552 -0.800000  -0.511939 0.137175 -0.847998  0.512824 0.786061 0
0  7.200000 0.000000 -0.300000  -0.296627 -0.000000 -0.954993  0.559401 0.822745 0
0  8.000000 0.000000 -0.800000  -0.529999 0.000002 -0.847998  0.542144 0.836263 0
hubcap
0  7.200000 0.000000 -0.300000  -0.296627 -0.000000 -0.954993  0.559401 0.822745 0
0  0.000000 0.000000 -0.300000  0.000000 0.000000 -1.000000  0.719788 0.701085 0
0  6.954666 1.863497 -0.300000  -0.286520 -0.076773 -0.954993  0.596718 0.859635 0
hubcap
0  6.954666 1.863497 -0.300000  -0.286520 -0.076773 -0.954993  0.596718 0.859635 0
0  0.000000 0.000000 -0.300000  0.000000 0.000000 -1.000000  0.719788 0.701085 0
0  6.235383 3.600000 -0.300000  -0.256886 -0.148314 -0.954993  0.642423 0.885721 0
hubcap
0  6.235383 3.600000 -0.300000  -0.256886 -0.148314 -0.954993  0.642423 0.885721 0
0  0.000000 0.000000 -0.300000  0.000000 0.000000 -1.000000  0.719788 0.701085 0
0  5.091169 5.091169 -0.300000  -0.209747 -0.209747 -0.954993  0.693400 0.899223 0
hubcap
0  5.091169 5.091169 -0.300000  -0.209747 -0.209747 -0.954993  0.693400 0.899223 0
0  0.000000 0.000000 -0.300000  0.000000 0.000000 -1.000000  0.719788 0.701085 0
0  3.600000 6.235383 -0.300000  -0.148313 -0.256887 -0.954993  0.746176 0.899223 0
hubcap
0  3.600000 6.235383 -0.300000  -0.148313 -0.256887 -0.954993  0.746176 0.899223 0
0  0.000000 0.000000 -0.300000  0.000000 0.000000 -1.000000  0.719788 0.701085 0
0  1.863497 6.954666 -0.300000  -0.076772 -0.286520 -0.954993  0.797153 0.885721 0
hubcap
0  1.863497 6.954666 -0.300000  -0.076772 -0.286520 -0.954993  0.797153 0.885721 0
0  0.000000 0.000000 -0.300000  0.000000 0.000000 -1.000000  0.719788 0.701085 0
0  0.000000 7.200000 -0.300000  0.000000 -0.296627 -0.954993  0.842858 0.859635 0
hubcap
0  0.000000 7.200000 -0.300000  0.000000 -0.296627 -0.954993  0.842858 0.859635 0
0  0.000000 0.000000 -0.300000  0.000000 0.000000 -1.000000  0.719788 0.701085 0
0  -1.863497 6.954666 -0.300000  0.076773 -0.286520 -0.954993  0.880176 0.822745 0
hubcap
0  -1.863497 6.954666 -0.300000  0.076773 -0.286520 -0.954993  0.880176 0.822745 0
0  0.000000 0.000000 -0.300000  0.000000 0.000000 -1.000000  0.719788 0.701085 0
0  -3.600000 6.235383 -0.300000  0.148314 -0.256886 -0.954993  0.906563 0.777564 0
hubcap
0  -3.600000 6.235383 -0.300000  0.148314 -0.256886 -0.954993  0.906563 0.777564 0
0  0.000000 0.000000 -0.300000  0.000000 0.000000 -1.000000  0.719788 0.701085 0
0  -5.091169 5.091169 -0.300000  0.209747 -0.209747 -0.954993  0.920223 0.727171 0
hubcap
0  -5.091169 5.091169 -0.300000  0.209747 -0.209747 -0.954993  0.920223 0.727171 0
0  0.000000 0.000000 -0.300000  0.000000 0.000000 -1.000000  0.719788 0.701085 0
0  -6.235383 3.600000 -0.300000  0.256887 -0.148313 -0.954993  0.920223 0.675000 0
hubcap
0  -6.235383 3.600000 -0.300000  0.256887 -0.148313 -0.954993  0.920223 0.675000 0
0  0.000000 0.000000 -0.300000  0.000000 0.000000 -1.000000  0.719788 0.701085 0
0  -6.954666 1.863497 -0.300000  0.286520 -0.076772 -0.954993  0.906563 0.624607 0
hubcap
0  -6.954666 1.863497 -0.300000  0.286520 -0.076772 -0.954993  0.906563 0.624607 0
0  0.000000 0.000000 -0.300000  0.000000 0.000000 -1.000000  0.719788 0.701085 0
0  -7.200000 0.000000 -0.300000  0.296627 0.000000 -0.954993  0.880176 0.579426 0
hubcap
0  -7.200000 0.000000 -0.300000  0.296627 0.000000 -0.954993  0.880176 0.579426 0
0  0.000000 0.000000 -0.300000  0.000000 0.000000 -1.000000  0.719788 0.701085 0
0  -6.954666 -1.863497 -0.300000  0.286520 0.076773 -0.954993  0.842858 0.542535 0
hubcap
0  -6.954666 -1.863497 -0.300000  0.286520 0.076773 -0.954993  0.842858 0.542535 0
0  0.000000 0.000000 -0.300000  0.000000 0.000000 -1.000000  0.719788 0.701085 0
0  -6.235383 -3.600000 -0.300000  0.256886 0.148314 -0.954993  0.797153 0.516450 0
hubcap
0  -6.235383 -3.600000 -0.300000  0.256886 0.148314 -0.954993  0.797153 0.516450 0
0  0.000000 0.000000 -0.300000  0.000000 0.000000 -1.000000  0.719788 0.701085 0
0  -5.091169 -5.091169 -0.300000  0.209747 0.209747 -0.954993  0.746176 0.502947 0
hubcap
0  -5.091169 -5.091169 -0.300000  0.209747 0.209747 -0.954993  0.746176 0.502947 0
0  0.000000 0.000000 -0.300000  0.000000 0.000000 -1.000000  0.719788 0.701085 0
0  -3.600000 -6.235383 -0.300000  0.148313 0.256887 -0.954993  0.693401 0.502947 0
hubcap
0  -3.600000 -6.235383 -0.300000  0.148313 0.256887 -0.954993  0.693401 0.502947 0
0  0.000000 0.000000 -0.300000  0.000000 0.000000 -1.000000  0.719788 0.701085 0
0  -1.863497 -6.954666 -0.300000  0.076772 0.286520 -0.954993  0.642423 0.516450 0
hubcap
0  -1.863497 -6.954666 -0.300000  0.076772 0.286520 -0.954993  0.642423 0.516450 0
0  0.000000 0.000000 -0.300000  0.000000 0.000000 -1.000000  0.719788 0.701085 0
0  -0.000000 -7.200000 -0.300000  -0.000000 0.296627 -0.954993  0.596718 0.542535 0
hubcap
0  -0.000000 -7.200000 -0.300000  -0.000000 0.296627 -0.954993  0.596718 0.542535 0
0  0.000000 0.000000 -0.300000  0.000000 0.000000 -1.000000  0.719788 0.701085 0
0  1.863497 -6.954666 -0.300000  -0.076773 0.286520 -0.954993  0.559401 0.579425 0
hubcap
0  1.863497 -6.954666 -0.300000  -0.076773 0.286520 -0.954993  0.559401 0.579425 0
0  0.000000 0.000000 -0.300000  0.000000 0.000000 -1.000000  0.719788 0.701085 0
0  3.600000 -6.235383 -0.300000  -0.148314 0.256886 -0.954993  0.533013 0.624607 0
hubcap
0  3.600000 -6.235383 -0.300000  -0.148314 0.256886 -0.954993  0.533013 0.624607 0
0  0.000000 0.000000 -0.300000  0.000000 0.000000 -1.000000  0.719788 0.701085 0
0  5.091169 -5.091169 -0.300000  -0.209747 0.209747 -0.954993  0.519354 0.675000 0
hubcap
0  5.091169 -5.091169 -0.300000  -0.209747 0.209747 -0.954993  0.519354 0.675000 0
0  0.000000 0.000000 -0.300000  0.000000 0.000000 -1.000000  0.719788 0.701085 0
0  6.235383 -3.600000 -0.300000  -0.256887 0.148313 -0.954993  0.519354 0.727171 0
hubcap
0  6.235383 -3.600000 -0.300000  -0.256887 0.148313 -0.954993  0.519354 0.727171 0
0  0.000000 0.000000 -0.300000  0.000000 0.000000 -1.000000  0.719788 0.701085 0
0  6.954666 -1.863497 -0.300000  -0.286520 0.076772 -0.954993  0.533013 0.777564 0
hubcap
0  6.954666 -1.863497 -0.300000  -0.286520 0.076772 -0.954993  0.533013 0.777564 0
0  0.000000 0.000000 -0.300000  0.000000 0.000000 -1.000000  0.719788 0.701085 0
0  7.200000 0.000000 -0.300000  -0.296627 -0.000000 -0.954993  0.559401 0.822745 0
hubcap
0  2.588854 2.430913 1.200000  0.500000 0.866026 0.000000  0.984544 0.132250 0
0  3.065168 2.155913 2.100000  0.500000 0.866026 0.000000  1.000000 0.107349 0
0  3.065168 2.155913 1.200000  0.500000 0.866025 0.000000  1.000000 0.132247 0
hubcap
0  3.065168 -2.155913 1.200000  0.500000 -0.866026 0.000000  0.984544 0.360286 0
0  2.588854 -2.430913 2.100000  0.500000 -0.866025 0.000000  0.999763 0.335399 0
0  2.588854 -2.430913 1.200000  0.500000 -0.866026 0.000000  0.999763 0.360368 0
hubcap
0  3.065168 2.155913 1.200000  1.000000 0.000000 0.000000  0.738847 0.989444 0
0  3.065168 1.605913 2.100000  1.000000 0.000000 0.000000  0.754170 0.966950 0
0  3.065168 1.605913 1.200000  1.000000 0.000000 0.000000  0.754170 0.988427 0
hubcap
0  -3.200000 0.550000 1.200000  0.500000 0.866025 0.000000  0.984544 0.164752 0
0  -2.723686 0.275000 2.100000  0.500000 0.866025 0.000000  1.000000 0.139851 0
0  -2.723686 0.275000 1.200000  0.500000 0.866025 0.000000  1.000000 0.164750 0
hubcap
0  -0.988854 3.593381 1.200000  0.500000 0.866026 0.000000  0.984544 0.197254 0
0  -0.512540 3.318381 2.100000  0.500000 0.866025 0.000000  1.000000 0.172353 0
0  -0.512540 3.318381 1.200000  0.500000 0.866026 0.000000  1.000000 0.197252 0
hubcap
0  3.065168 1.605913 1.200000  0.500000 -0.866026 0.000000  0.984544 0.392939 0
0  2.588854 1.330913 2.100000  0.500000 -0.866025 0.000000  0.999763 0.368052 0
0  2.588854 1.330913 1.200000  0.500000 -0.866026 0.000000  0.999763 0.393021 0
hubcap
0  -0.988854 -2.493381 1.200000  0.500000 0.866026 0.000000  0.984544 0.099747 0
0  -0.512540 -2.768381 2.100000  0.500000 0.866025 0.000000  1.000000 0.074847 0
0  -0.512540 -2.768381 1.200000  0.500000 0.866026 0.000000  1.000000 0.099745 0
hubcap
0  3.065168 -1.605913 1.200000  1.000000 0.000000 0.000000  0.635491 0.989459 0
0  3.065168 -2.155913 2.100000  1.000000 0.000000 0.000000  0.650814 0.966965 0
0  3.065168 -2.155913 1.200000  1.000000 0.000000 0.000000  0.650814 0.988442 0
hubcap
0  2.588854 1.330913 1.200000  -0.500000 -0.866026 0.000000  0.972473 0.576046 0
0  2.112540 1.605913 2.100000  -0.500000 -0.866025 0.000000  0.987879 0.551239 0
0  2.112540 1.605913 1.200000  -0.500000 -0.866026 0.000000  0.987879 0.576142 0
hubcap
0  2.588854 1.330913 2.100000  0.000000 0.000000 1.000000  0.497647 0.936473 0
0  3.065168 1.605913 2.100000  0.000000 0.000000 1.000000  0.511032 0.928840 0
0  2.588854 2.430913 2.100000  0.000000 0.000000 1.000000  0.524417 0.951740 0
hubcap
0  2.588854 -1.330913 1.200000  0.500000 0.866025 0.000000  0.984544 0.229756 0
0  3.065168 -1.605913 2.100000  0.500000 0.866026 0.000000  1.000000 0.204855 0
0  3.065168 -1.605913 1.200000  0.500000 0.866025 0.000000  1.000000 0.229754 0
hubcap
0  2.112540 1.605913 1.200000  -1.000000 0.000000 0.000000  0.387623 0.958606 0
0  2.112540 2.155913 2.100000  -1.000000 0.000000 0.000000  0.403078 0.933636 0
0  2.112540 2.155913 1.200000  -1.000000 0.000000 0.000000  0.403078 0.958606 0
hubcap
0  -0.512540 2.768381 1.200000  0.500000 -0.866026 0.000000  0.984544 0.327633 0
0  -0.988854 2.493381 2.100000  0.500000 -0.866026 0.000000  0.999763 0.302746 0
0  -0.988854 2.493381 1.200000  0.500000 -0.866026 0.000000  0.999763 0.327715 0
hubcap
0  -0.512540 3.318381 1.200000  1.000000 0.000000 0.000000  0.658510 0.989459 0
0  -0.512540 2.768381 2.100000  1.000000 0.000000 0.000000  0.673833 0.966965 0
0  -0.512540 2.768381 1.200000  1.000000 0.000000 0.000000  0.673833 0.988442 0
hubcap
0  2.112540 2.155913 1.200000  -0.500000 0.866026 0.000000  0.387622 0.988271 0
0  2.588854 2.430913 2.100000  -0.500000 0.866026 0.000000  0.402919 0.967232 0
0  2.588854 2.430913 1.200000  -0.500000 0.866025 0.000000  0.402919 0.989296 0
hubcap
0  2.588854 1.330913 1.200000  -0.000000 0.000000 -1.000000  0.765616 0.936470 0
0  2.112540 1.605913 1.200000  0.000000 0.000000 -1.000000  0.765616 0.951724 0
0  2.112540 2.155913 1.200000  0.000000 0.000000 -1.000000  0.752232 0.959348 0
hubcap
0  -0.988854 2.493381 1.200000  -0.500000 -0.866026 0.000000  0.927616 0.986314 0
0  -1.465168 2.768381 2.100000  -0.500000 -0.866026 0.000000  0.943023 0.961507 0
0  -1.465168 2.768381 1.200000  -0.500000 -0.866025 0.000000  0.943023 0.986410 0
hubcap
0  -1.465168 3.318381 2.100000  -0.000000 0.000000 1.000000  0.532112 0.951739 0
0  -1.465168 2.768381 2.100000  -0.000000 0.000000 1.000000  0.532112 0.936473 0
0  -0.988854 2.493381 2.100000  0.000000 0.000000 1.000000  0.545497 0.928840 0
hubcap
0  -1.465168 2.768381 1.200000  -1.000000 0.000000 0.000000  0.858211 0.953810 0
0  -1.465168 3.318381 2.100000  -1.000000 0.000000 0.000000  0.873667 0.928840 0
0  -1.465168 3.318381 1.200000  -1.000000 0.000000 0.000000  0.873667 0.953810 0
hubcap
0  -2.723686 -0.275000 1.200000  0.500000 -0.866025 0.000000  0.984544 0.262327 0
0  -3.200000 -0.550000 2.100000  0.500000 -0.866025 0.000000  0.999763 0.237440 0
0  -3.200000 -0.550000 1.200000  0.500000 -0.866026 0.000000  0.999763 0.262409 0
hubcap
0  -2.723686 0.275000 1.200000  1.000000 0.000000 0.000000  0.681529 0.989459 0
0  -2.723686 -0.275000 2.100000  1.000000 0.000000 0.000000  0.696853 0.966965 0
0  -2.723686 -0.275000 1.200000  1.000000 0.000000 0.000000  0.696853 0.988442 0
hubcap
0  -1.465168 3.318381 1.200000  -0.500000 0.866026 0.000000  0.984544 0.422687 0
0  -0.988854 3.593381 2.100000  -0.500000 0.866025 0.000000  0.999841 0.401647 0
0  -0.988854 3.593381 1.200000  -0.500000 0.866026 0.000000  0.999841 0.423711 0
hubcap
0  -0.988854 3.593381 1.200000  0.000000 0.000000 -1.000000  0.648869 0.959364 0
0  -0.512540 3.318381 1.200000  0.000000 0.000000 -1.000000  0.635491 0.951743 0
0  -0.512540 2.768381 1.200000  0.000000 0.000000 -1.000000  0.635491 0.936481 0
hubcap
0  -3.200000 -0.550000 1.200000  -0.500000 -0.866025 0.000000  0.881362 0.986314 0
0  -3.676314 -0.275000 2.100000  -0.500000 -0.866025 0.000000  0.896769 0.961507 0
0  -3.676314 -0.275000 1.200000  -0.500000 -0.866026 0.000000  0.896769 0.986410 0
hubcap
0  -3.200000 0.550000 2.100000  0.000000 0.000000 1.000000  0.101857 0.826570 0
0  -3.676314 -0.275000 2.100000  -0.000000 0.000000 1.000000  0.115242 0.803671 0
0  -2.723686 -0.275000 2.100000  0.000000 0.000000 1.000000  0.128627 0.826570 0
hubcap
0  -3.676314 -0.275000 1.200000  -1.000000 0.000000 0.000000  0.904514 0.953810 0
0  -3.676314 0.275000 2.100000  -1.000000 0.000000 0.000000  0.919969 0.928840 0
0  -3.676314 0.275000 1.200000  -1.000000 0.000000 0.000000  0.919969 0.953810 0
hubcap
0  -0.512540 -3.318381 1.200000  0.500000 -0.866026 0.000000  0.984544 0.294980 0
0  -0.988854 -3.593381 2.100000  0.500000 -0.866026 0.000000  0.999763 0.270093 0
0  -0.988854 -3.593381 1.200000  0.500000 -0.866026 0.000000  0.999763 0.295062 0
hubcap
0  -0.512540 -2.768381 1.200000  1.000000 0.000000 0.000000  0.704548 0.989459 0
0  -0.512540 -3.318381 2.100000  1.000000 0.000000 0.000000  0.719872 0.966965 0
0  -0.512540 -3.318381 1.200000  1.000000 0.000000 0.000000  0.719872 0.988442 0
hubcap
0  -3.676314 0.275000 1.200000  -0.500000 0.866025 0.000000  0.927665 0.950904 0
0  -3.200000 0.550000 2.100000  -0.500000 0.866025 0.000000  0.942962 0.929865 0
0  -3.200000 0.550000 1.200000  -0.500000 0.866025 0.000000  0.942962 0.951929 0
hubcap
0  -3.200000 -0.550000 1.200000  0.000000 0.000000 -1.000000  0.627795 0.951744 0
0  -3.676314 0.275000 1.200000  0.000000 0.000000 -1.000000  0.601044 0.951729 0
0  -2.723686 0.275000 1.200000  -0.000000 0.000000 -1.000000  0.614419 0.928840 0
hubcap
0  -0.988854 -3.593381 1.200000  -0.500000 -0.866026 0.000000  0.904514 0.986314 0
0  -1.465168 -3.318381 2.100000  -0.500000 -0.866026 0.000000  0.919920 0.961507 0
0  -1.465168 -3.318381 1.200000  -0.500000 -0.866025 0.000000  0.919920 0.986410 0
hubcap
0  -1.465168 -3.318381 1.200000  0.000000 0.000000 -1.000000  0.731151 0.936461 0
0  -1.465168 -2.768381 1.200000  -0.000000 0.000000 -1.000000  0.731151 0.951722 0
0  -0.988854 -2.493381 1.200000  0.000000 0.000000 -1.000000  0.717773 0.959364 0
hubcap
0  -1.465168 -3.318381 1.200000  -1.000000 0.000000 0.000000  0.881362 0.953810 0
0  -1.465168 -2.768381 2.100000  -1.000000 0.000000 0.000000  0.896818 0.928840 0
0  -1.465168 -2.768381 1.200000  -1.000000 0.000000 0.000000  0.896818 0.953810 0
hubcap
0  -1.465168 -2.768381 1.200000  -0.500000 0.866026 0.000000  0.984544 0.453377 0
0  -0.988854 -2.493381 2.100000  -0.500000 0.866025 0.000000  0.999841 0.432337 0
0  -0.988854 -2.493381 1.200000  -0.500000 0.866026 0.000000  0.999841 0.454401 0
hubcap
0  -0.988854 -2.493381 2.100000  -0.000000 0.000000 1.000000  0.579963 0.959373 0
0  -1.465168 -2.768381 2.100000  -0.000001 0.000000 1.000000  0.566578 0.951739 0
0  -1.465168 -3.318381 2.100000  -0.000000 0.000000 1.000000  0.566578 0.936473 0
hubcap
0  2.588854 -2.430913 1.200000  -0.500000 -0.866026 0.000000  0.858211 0.986314 0
0  2.112540 -2.155913 2.100000  -0.500000 -0.866025 0.000000  0.873618 0.961507 0
0  2.112540 -2.155913 1.200000  -0.500000 -0.866026 0.000000  0.873618 0.986410 0
hubcap
0  2.588854 -1.330913 1.200000  0.000000 0.000000 -1.000000  0.683321 0.959364 0
0  3.065168 -1.605913 1.200000  -0.000000 0.000000 -1.000000  0.669943 0.951743 0
0  2.588854 -2.430913 1.200000  -0.000000 0.000000 -1.000000  0.683321 0.928840 0
hubcap
0  2.112540 -2.155913 1.200000  -1.000000 0.000000 0.000000  0.972295 0.692919 0
0  2.112540 -1.605913 2.100000  -1.000000 0.000000 0.000000  0.987750 0.667950 0
0  2.112540 -1.605913 1.200000  -1.000000 0.000000 0.000000  0.987750 0.692919 0
hubcap
0  2.112540 -1.605913 1.200000  -0.500000 0.866025 0.000000  0.075138 0.987159 0
0  2.588854 -1.330913 2.100000  -0.500000 0.866026 0.000000  0.090435 0.966120 0
0  2.588854 -1.330913 1.200000  -0.500000 0.866025 0.000000  0.090435 0.988184 0
hubcap
0  2.588854 -1.330913 2.100000  -0.000000 0.000000 1.000000  0.075138 0.949861 0
0  2.112540 -1.605913 2.100000  -0.000001 0.000000 1.000000  0.075138 0.934595 0
0  2.112540 -2.155913 2.100000  -0.000000 0.000000 1.000000  0.088523 0.926962 0
hubcap
0  1.400000 0.000000 2.400000  0.857493 0.000003 0.514496  0.339718 0.759345 0
0  1.700000 0.000000 1.900000  0.857493 0.000001 0.514496  0.356067 0.758258 0
0  1.642074 0.439992 1.900000  0.828274 0.221937 0.514496  0.356067 0.770577 0
hubcap
0  1.352296 0.362347 2.400000  0.828274 0.221938 0.514496  0.339718 0.769490 0
0  1.642074 0.439992 1.900000  0.828274 0.221937 0.514496  0.356067 0.770577 0
0  1.472243 0.850000 1.900000  0.742610 0.428748 0.514496  0.354418 0.782475 0
hubcap
0  1.212436 0.700000 2.400000  0.742609 0.428749 0.514496  0.338361 0.779288 0
0  1.472243 0.850000 1.900000  0.742610 0.428748 0.514496  0.354418 0.782475 0
0  1.202082 1.202082 1.900000  0.606338 0.606340 0.514496  0.351233 0.793143 0
hubcap
0  0.989949 0.989949 2.400000  0.606337 0.606341 0.514496  0.950862 0.964901 0
0  1.202082 1.202082 1.900000  0.606338 0.606340 0.514496  0.964205 0.962761 0
0  0.850000 1.472243 1.900000  0.428746 0.742611 0.514496  0.964072 0.974977 0
hubcap
0  0.700000 1.212436 2.400000  0.428744 0.742612 0.514496  0.950753 0.974960 0
0  0.850000 1.472243 1.900000  0.428746 0.742611 0.514496  0.964072 0.974977 0
0  0.439992 1.642074 1.900000  0.221934 0.828275 0.514496  0.964205 0.987186 0
hubcap
0  0.362347 1.352296 2.400000  0.221932 0.828275 0.514496  0.992279 0.655272 0
0  0.439992 1.642074 1.900000  0.221934 0.828275 0.514496  0.976733 0.660348 0
0  0.000000 1.700000 1.900000  -0.000001 0.857493 0.514496  0.973809 0.649620 0
hubcap
0  0.000000 1.400000 2.400000  -0.000003 0.857493 0.514496  0.989871 0.646437 0
0  0.000000 1.700000 1.900000  -0.000001 0.857493 0.514496  0.973809 0.649620 0
0  -0.439992 1.642074 1.900000  -0.221936 0.828274 0.514496  0.972295 0.637691 0
hubcap
0  -0.362347 1.352296 2.400000  -0.221938 0.828274 0.514496  0.988624 0.636613 0
0  -0.439992 1.642074 1.900000  -0.221936 0.828274 0.514496  0.972295 0.637691 0
0  -0.850000 1.472243 1.900000  -0.428747 0.742610 0.514496  0.972295 0.625374 0
hubcap
0  -0.700000 1.212436 2.400000  -0.428749 0.742609 0.514496  0.988624 0.626469 0
0  -0.850000 1.472243 1.900000  -0.428747 0.742610 0.514496  0.972295 0.625374 0
0  -1.202082 1.202082 1.900000  -0.606340 0.606338 0.514496  0.973809 0.613508 0
hubcap
0  -0.989949 0.989949 2.400000  -0.606341 0.606337 0.514496  0.989871 0.616697 0
0  -1.202082 1.202082 1.900000  -0.606340 0.606338 0.514496  0.973809 0.613508 0
0  -1.472243 0.850000 1.900000  -0.742611 0.428746 0.514496  0.976733 0.602902 0
hubcap
0  -1.212436 0.700000 2.400000  -0.742612 0.428744 0.514496  0.381267 0.903664 0
0  -1.472243 0.850000 1.900000  -0.742611 0.428746 0.514496  0.367445 0.907828 0
0  -1.642074 0.439992 1.900000  -0.828275 0.221934 0.514496  0.367590 0.896447 0
hubcap
0  -1.352296 0.362347 2.400000  -0.828275 0.221932 0.514496  0.381387 0.894292 0
0  -1.642074 0.439992 1.900000  -0.828275 0.221934 0.514496  0.367590 0.896447 0
0  -1.700000 0.000000 1.900000  -0.857493 -0.000001 0.514496  0.367640 0.884234 0
hubcap
0  -1.400000 0.000000 2.400000  -0.857493 -0.000003 0.514496  0.381428 0.884234 0
0  -1.700000 0.000000 1.900000  -0.857493 -0.000001 0.514496  0.367640 0.884234 0
0  -1.642074 -0.439992 1.900000  -0.828274 -0.221937 0.514496  0.367590 0.872022 0
hubcap
0  -1.352296 -0.362347 2.400000  -0.828274 -0.221938 0.514496  0.381387 0.874177 0
0  -1.642074 -0.439992 1.900000  -0.828274 -0.221937 0.514496  0.367590 0.872022 0
0  -1.472243 -0.850000 1.900000  -0.742610 -0.428748 0.514496  0.367445 0.860641 0
hubcap
0  -1.212436 -0.700000 2.400000  -0.742609 -0.428749 0.514496  0.056652 0.967775 0
0  -1.472243 -0.850000 1.900000  -0.742610 -0.428748 0.514496  0.043222 0.972583 0
0  -1.202082 -1.202082 1.900000  -0.606338 -0.606340 0.514496  0.043600 0.961612 0
hubcap
0  -0.989949 -0.989949 2.400000  -0.606337 -0.606341 0.514496  0.056962 0.958740 0
0  -1.202082 -1.202082 1.900000  -0.606338 -0.606340 0.514496  0.043600 0.961612 0
0  -0.850000 -1.472243 1.900000  -0.428746 -0.742611 0.514496  0.043729 0.949565 0
hubcap
0  -0.700000 -1.212436 2.400000  -0.428744 -0.742612 0.514496  0.057068 0.948819 0
0  -0.850000 -1.472243 1.900000  -0.428746 -0.742611 0.514496  0.043729 0.949565 0
0  -0.439992 -1.642074 1.900000  -0.221934 -0.828275 0.514496  0.043600 0.937263 0
hubcap
0  -0.362347 -1.352296 2.400000  -0.221932 -0.828275 0.514496  0.056962 0.938688 0
0  -0.439992 -1.642074 1.900000  -0.221934 -0.828275 0.514496  0.043600 0.937263 0
0  -0.000000 -1.700000 1.900000  0.000001 -0.857493 0.514496  0.043222 0.925546 0
hubcap
0  -0.000000 -1.400000 2.400000  0.000003 -0.857493 0.514496  0.279517 0.967594 0
0  -0.000000 -1.700000 1.900000  0.000001 -0.857493 0.514496  0.265703 0.973028 0
0  0.439992 -1.642074 1.900000  0.221936 -0.828274 0.514496  0.265852 0.962644 0
hubcap
0  0.362347 -1.352296 2.400000  0.221938 -0.828274 0.514496  0.279640 0.959043 0
0  0.439992 -1.642074 1.900000  0.221936 -0.828274 0.514496  0.265852 0.962644 0
0  0.850000 -1.472243 1.900000  0.428747 -0.742610 0.514496  0.265904 0.950899 0
hubcap
0  0.700000 -1.212436 2.400000  0.428749 -0.742609 0.514496  0.279682 0.949371 0
0  0.850000 -1.472243 1.900000  0.428747 -0.742610 0.514496  0.265904 0.950899 0
0  1.202082 -1.202082 1.900000  0.606340 -0.606338 0.514496  0.265852 0.938594 0
hubcap
0  0.989949 -0.989949 2.400000  0.606341 -0.606337 0.514496  0.279640 0.939237 0
0  1.202082 -1.202082 1.900000  0.606340 -0.606338 0.514496  0.265852 0.938594 0
0  1.472243 -0.850000 1.900000  0.742611 -0.428746 0.514496  0.265703 0.926566 0
hubcap
0  1.212436 -0.700000 2.400000  0.742612 -0.428744 0.514496  0.335738 0.740761 0
0  1.472243 -0.850000 1.900000  0.742611 -0.428746 0.514496  0.351233 0.735692 0
0  1.642074 -0.439992 1.900000  0.828275 -0.221934 0.514496  0.354418 0.746360 0
hubcap
0  1.352296 -0.362347 2.400000  0.828275 -0.221932 0.514496  0.338361 0.749547 0
0  1.642074 -0.439992 1.900000  0.828275 -0.221934 0.514496  0.354418 0.746360 0
0  1.700000 0.000000 1.900000  0.857493 0.000001 0.514496  0.356067 0.758258 0
hubcap
0  1.700000 0.000000 1.900000  0.316228 0.000001 0.948683  0.755529 0.280260 0
0  2.600000 0.000000 1.600000  0.254777 0.000000 0.967000  0.765207 0.303339 0
0  2.511407 0.672930 1.600000  0.246095 0.065942 0.967000  0.746784 0.308215 0
hubcap
0  1.642074 0.439992 1.900000  0.305452 0.081846 0.948683  0.743483 0.283448 0
0  2.511407 0.672930 1.600000  0.246095 0.065942 0.967000  0.746784 0.308215 0
0  2.251666 1.300000 1.600000  0.220643 0.127389 0.967000  0.727711 0.308215 0
hubcap
0  1.472243 0.850000 1.900000  0.273861 0.158114 0.948683  0.731012 0.283448 0
0  2.251666 1.300000 1.600000  0.220643 0.127389 0.967000  0.727711 0.308215 0
0  1.838478 1.838478 1.600000  0.180154 0.180155 0.967000  0.709288 0.303339 0
hubcap
0  1.202082 1.202082 1.900000  0.223606 0.223607 0.948683  0.718966 0.280260 0
0  1.838478 1.838478 1.600000  0.180154 0.180155 0.967000  0.709288 0.303339 0
0  1.300000 2.251666 1.600000  0.127388 0.220643 0.967000  0.692770 0.293919 0
hubcap
0  0.850000 1.472243 1.900000  0.158113 0.273862 0.948683  0.708166 0.274101 0
0  1.300000 2.251666 1.600000  0.127388 0.220643 0.967000  0.692770 0.293919 0
0  0.672930 2.511407 1.600000  0.065941 0.246095 0.967000  0.679283 0.280598 0
hubcap
0  0.439992 1.642074 1.900000  0.081845 0.305453 0.948683  0.699348 0.265390 0
0  0.672930 2.511407 1.600000  0.065941 0.246095 0.967000  0.679283 0.280598 0
0  0.000000 2.600000 1.600000  -0.000000 0.254777 0.967000  0.669747 0.264282 0
hubcap
0  0.000000 1.700000 1.900000  -0.000001 0.316228 0.948683  0.693112 0.254723 0
0  0.000000 2.600000 1.600000  -0.000000 0.254777 0.967000  0.669747 0.264282 0
0  -0.672930 2.511407 1.600000  -0.065941 0.246095 0.967000  0.664810 0.246085 0
hubcap
0  -0.439992 1.642074 1.900000  -0.081846 0.305452 0.948683  0.689885 0.242824 0
0  -0.672930 2.511407 1.600000  -0.065941 0.246095 0.967000  0.664810 0.246085 0
0  -1.300000 2.251666 1.600000  -0.127389 0.220643 0.967000  0.664810 0.227245 0
hubcap
0  -0.850000 1.472243 1.900000  -0.158114 0.273861 0.948683  0.689885 0.230506 0
0  -1.300000 2.251666 1.600000  -0.127389 0.220643 0.967000  0.664810 0.227245 0
0  -1.838478 1.838478 1.600000  -0.180155 0.180154 0.967000  0.669747 0.209048 0
hubcap
0  -1.202082 1.202082 1.900000  -0.223607 0.223606 0.948683  0.693112 0.218608 0
0  -1.838478 1.838478 1.600000  -0.180155 0.180154 0.967000  0.669747 0.209048 0
0  -2.251666 1.300000 1.600000  -0.220643 0.127388 0.967000  0.679283 0.192732 0
hubcap
0  -1.472243 0.850000 1.900000  -0.273862 0.158113 0.948683  0.699348 0.207940 0
0  -2.251666 1.300000 1.600000  -0.220643 0.127388 0.967000  0.679283 0.192732 0
0  -2.511407 0.672930 1.600000  -0.246095 0.065941 0.967000  0.692770 0.179411 0
hubcap
0  -1.642074 0.439992 1.900000  -0.305453 0.081845 0.948683  0.708166 0.199230 0
0  -2.511407 0.672930 1.600000  -0.246095 0.065941 0.967000  0.692770 0.179411 0
0  -2.600000 0.000000 1.600000  -0.254777 -0.000000 0.967000  0.709288 0.169991 0
hubcap
0  -1.700000 0.000000 1.900000  -0.316228 -0.000001 0.948683  0.718966 0.193071 0
0  -2.600000 0.000000 1.600000  -0.254777 -0.000000 0.967000  0.709288 0.169991 0
0  -2.511407 -0.672930 1.600000  -0.246095 -0.065942 0.967000  0.727711 0.165115 0
hubcap
0  -1.642074 -0.439992 1.900000  -0.305452 -0.081846 0.948683  0.731012 0.189882 0
0  -2.511407 -0.672930 1.600000  -0.246095 -0.065942 0.967000  0.727711 0.165115 0
0  -2.251666 -1.300000 1.600000  -0.220643 -0.127389 0.967000  0.746784 0.165115 0
hubcap
0  -1.472243 -0.850000 1.900000  -0.273861 -0.158114 0.948683  0.743483 0.189882 0
0  -2.251666 -1.300000 1.600000  -0.220643 -0.127389 0.967000  0.746784 0.165115 0
0  -1.838478 -1.838478 1.600000  -0.180154 -0.180155 0.967000  0.765207 0.169991 0
hubcap
0  -1.202082 -1.202082 1.900000  -0.223606 -0.223607 0.948683  0.755529 0.193071 0
0  -1.838478 -1.838478 1.600000  -0.180154 -0.180155 0.967000  0.765207 0.169991 0
0  -1.300000 -2.251666 1.600000  -0.127388 -0.220643 0.967000  0.781725 0.179411 0
hubcap
0  -0.850000 -1.472243 1.900000  -0.158113 -0.273862 0.948683  0.766329 0.199230 0
0  -1.300000 -2.251666 1.600000  -0.127388 -0.220643 0.967000  0.781725 0.179411 0
0  -0.672930 -2.511407 1.600000  -0.065941 -0.246095 0.967000  0.795212 0.192732 0
hubcap
0  -0.439992 -1.642074 1.900000  -0.081845 -0.305453 0.948683  0.775147 0.207940 0
0  -0.672930 -2.511407 1.600000  -0.065941 -0.246095 0.967000  0.795212 0.192732 0
0  -0.000000 -2.600000 1.600000  0.000000 -0.254777 0.967000  0.804749 0.209048 0
hubcap
0  -0.000000 -1.700000 1.900000  0.000001 -0.316228 0.948683  0.781383 0.218608 0
0  -0.000000 -2.600000 1.600000  0.000000 -0.254777 0.967000  0.804749 0.209048 0
0  0.672930 -2.511407 1.600000  0.065941 -0.246095 0.967000  0.809685 0.227245 0
hubcap
0  0.439992 -1.642074 1.900000  0.081846 -0.305452 0.948683  0.784611 0.230506 0
0  0.672930 -2.511407 1.600000  0.065941 -0.246095 0.967000  0.809685 0.227245 0
0  1.300000 -2.251666 1.600000  0.127389 -0.220643 0.967000  0.809685 0.246085 0
hubcap
0  0.850000 -1.472243 1.900000  0.158114 -0.273861 0.948683  0.784611 0.242824 0
0  1.300000 -2.251666 1.600000  0.127389 -0.220643 0.967000  0.809685 0.246085 0
0  1.838478 -1.838478 1.600000  0.180155 -0.180154 0.967000  0.804749 0.264282 0
hubcap
0  1.202082 -1.202082 1.900000  0.223607 -0.223606 0.948683  0.781383 0.254723 0
0  1.838478 -1.838478 1.600000  0.180155 -0.180154 0.967000  0.804749 0.264282 0
0  2.251666 -1.300000 1.600000  0.220643 -0.127388 0.967000  0.795212 0.280598 0
hubcap
0  1.472243 -0.850000 1.900000  0.273862 -0.158113 0.948683  0.775147 0.265390 0
0  2.251666 -1.300000 1.600000  0.220643 -0.127388 0.967000  0.795212 0.280598 0
0  2.511407 -0.672930 1.600000  0.246095 -0.065941 0.967000  0.781725 0.293919 0
hubcap
0  1.642074 -0.439992 1.900000  0.305453 -0.081845 0.948683  0.766329 0.274101 0
0  2.511407 -0.672930 1.600000  0.246095 -0.065941 0.967000  0.781725 0.293919 0
0  2.600000 0.000000 1.600000  0.254777 0.000000 0.967000  0.765207 0.303339 0
hubcap
0  2.600000 0.000000 1.600000  0.254777 0.000000 0.967000  0.765207 0.303339 0
0  6.000000 0.000000 0.900000  0.025762 0.000000 0.999668  0.801770 0.390528 0
0  5.795555 1.552914 0.900000  0.024884 0.006668 0.999668  0.759255 0.401780 0
hubcap
0  2.511407 0.672930 1.600000  0.246095 0.065942 0.967000  0.746784 0.308215 0
0  5.795555 1.552914 0.900000  0.024884 0.006668 0.999668  0.759255 0.401780 0
0  5.196152 3.000000 0.900000  0.022310 0.012881 0.999668  0.715240 0.401780 0
hubcap
0  2.251666 1.300000 1.600000  0.220643 0.127389 0.967000  0.727711 0.308215 0
0  5.196152 3.000000 0.900000  0.022310 0.012881 0.999668  0.715240 0.401780 0
0  4.242640 4.242640 0.900000  0.018216 0.018216 0.999668  0.672725 0.390528 0
hubcap
0  1.838478 1.838478 1.600000  0.180154 0.180155 0.967000  0.709288 0.303339 0
0  4.242640 4.242640 0.900000  0.018216 0.018216 0.999668  0.672725 0.390528 0
0  3.000000 5.196152 0.900000  0.012880 0.022310 0.999668  0.634607 0.368790 0
hubcap
0  1.300000 2.251666 1.600000  0.127388 0.220643 0.967000  0.692770 0.293919 0
0  3.000000 5.196152 0.900000  0.012880 0.022310 0.999668  0.634607 0.368790 0
0  1.552914 5.795555 0.900000  0.006667 0.024884 0.999668  0.603484 0.338048 0
hubcap
0  0.672930 2.511407 1.600000  0.065941 0.246095 0.967000  0.679283 0.280598 0
0  1.552914 5.795555 0.900000  0.006667 0.024884 0.999668  0.603484 0.338048 0
0  0.000000 6.000000 0.900000  -0.000000 0.025762 0.999668  0.581476 0.300397 0
hubcap
0  0.000000 2.600000 1.600000  -0.000000 0.254777 0.967000  0.669747 0.264282 0
0  0.000000 6.000000 0.900000  -0.000000 0.025762 0.999668  0.581476 0.300397 0
0  -1.552914 5.795555 0.900000  -0.006668 0.024884 0.999668  0.570084 0.258403 0
hubcap
0  -0.672930 2.511407 1.600000  -0.065941 0.246095 0.967000  0.664810 0.246085 0
0  -1.552914 5.795555 0.900000  -0.006668 0.024884 0.999668  0.570084 0.258403 0
0  -3.000000 5.196152 0.900000  -0.012881 0.022310 0.999668  0.570084 0.214927 0
hubcap
0  -1.300000 2.251666 1.600000  -0.127389 0.220643 0.967000  0.664810 0.227245 0
0  -3.000000 5.196152 0.900000  -0.012881 0.022310 0.999668  0.570084 0.214927 0
0  -4.242640 4.242640 0.900000  -0.018216 0.018216 0.999668  0.581476 0.172933 0
hubcap
0  -1.838478 1.838478 1.600000  -0.180155 0.180154 0.967000  0.669747 0.209048 0
0  -4.242640 4.242640 0.900000  -0.018216 0.018216 0.999668  0.581476 0.172933 0
0  -5.196152 3.000000 0.900000  -0.022310 0.012881 0.999668  0.603484 0.135282 0
hubcap
0  -2.251666 1.300000 1.600000  -0.220643 0.127388 0.967000  0.679283 0.192732 0
0  -5.196152 3.000000 0.900000  -0.022310 0.012881 0.999668  0.603484 0.135282 0
0  -5.795555 1.552914 0.900000  -0.024884 0.006667 0.999668  0.634607 0.104540 0
hubcap
0  -2.511407 0.672930 1.600000  -0.246095 0.065941 0.967000  0.692770 0.179411 0
0  -5.795555 1.552914 0.900000  -0.024884 0.006667 0.999668  0.634607 0.104540 0
0  -6.000000 0.000000 0.900000  -0.025762 -0.000000 0.999668  0.672725 0.082802 0
hubcap
0  -2.600000 0.000000 1.600000  -0.254777 -0.000000 0.967000  0.709288 0.169991 0
0  -6.000000 0.000000 0.900000  -0.025762 -0.000000 0.999668  0.672725 0.082802 0
0  -5.795555 -1.552914 0.900000  -0.024884 -0.006668 0.999668  0.715240 0.071550 0
hubcap
0  -2.511407 -0.672930 1.600000  -0.246095 -0.065942 0.967000  0.727711 0.165115 0
0  -5.795555 -1.552914 0.900000  -0.024884 -0.006668 0.999668  0.715240 0.071550 0
0  -5.196152 -3.000000 0.900000  -0.022310 -0.012881 0.999668  0.759255 0.071550 0
hubcap
0  -2.251666 -1.300000 1.600000  -0.220643 -0.127389 0.967000  0.746784 0.165115 0
0  -5.196152 -3.000000 0.900000  -0.022310 -0.012881 0.999668  0.759255 0.071550 0
0  -4.242640 -4.242640 0.900000  -0.018216 -0.018216 0.999668  0.801770 0.082802 0
hubcap
0  -1.838478 -1.838478 1.600000  -0.180154 -0.180155 0.967000  0.765207 0.169991 0
0  -4.242640 -4.242640 0.900000  -0.018216 -0.018216 0.999668  0.801770 0.082802 0
0  -3.000000 -5.196152 0.900000  -0.012880 -0.022310 0.999668  0.839888 0.104540 0
hubcap
0  -1.300000 -2.251666 1.600000  -0.127388 -0.220643 0.967000  0.781725 0.179411 0
0  -3.000000 -5.196152 0.900000  -0.012880 -0.022310 0.999668  0.839888 0.104540 0
0  -1.552914 -5.795555 0.900000  -0.006667 -0.024884 0.999668  0.871012 0.135282 0
hubcap
0  -0.672930 -2.511407 1.600000  -0.065941 -0.246095 0.967000  0.795212 0.192732 0
0  -1.552914 -5.795555 0.900000  -0.006667 -0.024884 0.999668  0.871012 0.135282 0
0  -0.000000 -6.000000 0.900000  0.000000 -0.025762 0.999668  0.893019 0.172933 0
hubcap
0  -0.000000 -2.600000 1.600000  0.000000 -0.254777 0.967000  0.804749 0.209048 0
0  -0.000000 -6.000000 0.900000  0.000000 -0.025762 0.999668  0.893019 0.172933 0
0  1.552914 -5.795555 0.900000  0.006668 -0.024884 0.999668  0.904411 0.214927 0
hubcap
0  0.672930 -2.511407 1.600000  0.065941 -0.246095 0.967000  0.809685 0.227245 0
0  1.552914 -5.795555 0.900000  0.006668 -0.024884 0.999668  0.904411 0.214927 0
0  3.000000 -5.196152 0.900000  0.012881 -0.022310 0.999668  0.904411 0.258403 0
hubcap
0  1.300000 -2.251666 1.600000  0.127389 -0.220643 0.967000  0.809685 0.246085 0
0  3.000000 -5.196152 0.900000  0.012881 -0.022310 0.999668  0.904411 0.258403 0
0  4.242640 -4.242640 0.900000  0.018216 -0.018216 0.999668  0.893019 0.300397 0
hubcap
0  1.838478 -1.838478 1.600000  0.180155 -0.180154 0.967000  0.804749 0.264282 0
0  4.242640 -4.242640 0.900000  0.018216 -0.018216 0.999668  0.893019 0.300397 0
0  5.196152 -3.000000 0.900000  0.022310 -0.012881 0.999668  0.871012 0.338048 0
hubcap
0  2.251666 -1.300000 1.600000  0.220643 -0.127388 0.967000  0.795212 0.280598 0
0  5.196152 -3.000000 0.900000  0.022310 -0.012881 0.999668  0.871012 0.338048 0
0  5.795555 -1.552914 0.900000  0.024884 -0.006667 0.999668  0.839888 0.368790 0
hubcap
0  2.511407 -0.672930 1.600000  0.246095 -0.065941 0.967000  0.781725 0.293919 0
0  5.795555 -1.552914 0.900000  0.024884 -0.006667 0.999668  0.839888 0.368790 0
0  6.000000 0.000000 0.900000  0.025762 0.000000 0.999668  0.801770 0.390528 0
hubcap
0  6.000000 0.000000 0.900000  0.025762 0.000000 0.999668  0.801770 0.390528 0
0  7.600000 0.000000 1.100000  0.148075 -0.000000 0.988976  0.818976 0.431558 0
0  7.341036 1.967025 1.100000  0.143029 0.038325 0.988976  0.765124 0.445811 0
hubcap
0  5.795555 1.552914 0.900000  0.024884 0.006668 0.999668  0.759255 0.401780 0
0  7.341036 1.967025 1.100000  0.143029 0.038325 0.988976  0.765124 0.445811 0
0  6.581793 3.800000 1.100000  0.128237 0.074038 0.988976  0.709372 0.445811 0
hubcap
0  5.196152 3.000000 0.900000  0.022310 0.012881 0.999668  0.715240 0.401780 0
0  6.581793 3.800000 1.100000  0.128237 0.074038 0.988976  0.709372 0.445811 0
0  5.374012 5.374012 1.100000  0.104705 0.104705 0.988976  0.655519 0.431558 0
hubcap
0  4.242640 4.242640 0.900000  0.018216 0.018216 0.999668  0.672725 0.390528 0
0  5.374012 5.374012 1.100000  0.104705 0.104705 0.988976  0.655519 0.431558 0
0  3.800000 6.581793 1.100000  0.074038 0.128237 0.988976  0.607236 0.404023 0
hubcap
0  3.000000 5.196152 0.900000  0.012880 0.022310 0.999668  0.634607 0.368790 0
0  3.800000 6.581793 1.100000  0.074038 0.128237 0.988976  0.607236 0.404023 0
0  1.967025 7.341036 1.100000  0.038325 0.143029 0.988976  0.567813 0.365084 0
hubcap
0  1.552914 5.795555 0.900000  0.006667 0.024884 0.999668  0.603484 0.338048 0
0  1.967025 7.341036 1.100000  0.038325 0.143029 0.988976  0.567813 0.365084 0
0  0.000000 7.600000 1.100000  0.000000 0.148075 0.988976  0.539937 0.317392 0
hubcap
0  0.000000 6.000000 0.900000  -0.000000 0.025762 0.999668  0.581476 0.300397 0
0  0.000000 7.600000 1.100000  0.000000 0.148075 0.988976  0.539937 0.317392 0
0  -1.967025 7.341036 1.100000  -0.038325 0.143029 0.988976  0.525507 0.264200 0
hubcap
0  -1.552914 5.795555 0.900000  -0.006668 0.024884 0.999668  0.570084 0.258403 0
0  -1.967025 7.341036 1.100000  -0.038325 0.143029 0.988976  0.525507 0.264200 0
0  -3.800000 6.581793 1.100000  -0.074037 0.128237 0.988976  0.525507 0.209130 0
hubcap
0  -3.000000 5.196152 0.900000  -0.012881 0.022310 0.999668  0.570084 0.214927 0
0  -3.800000 6.581793 1.100000  -0.074037 0.128237 0.988976  0.525507 0.209130 0
0  -5.374012 5.374012 1.100000  -0.104705 0.104705 0.988976  0.539937 0.155938 0
hubcap
0  -4.242640 4.242640 0.900000  -0.018216 0.018216 0.999668  0.581476 0.172933 0
0  -5.374012 5.374012 1.100000  -0.104705 0.104705 0.988976  0.539937 0.155938 0
0  -6.581793 3.800000 1.100000  -0.128237 0.074037 0.988976  0.567813 0.108247 0
hubcap
0  -5.196152 3.000000 0.900000  -0.022310 0.012881 0.999668  0.603484 0.135282 0
0  -6.581793 3.800000 1.100000  -0.128237 0.074037 0.988976  0.567813 0.108247 0
0  -7.341036 1.967025 1.100000  -0.143029 0.038325 0.988976  0.607236 0.069307 0
hubcap
0  -5.795555 1.552914 0.900000  -0.024884 0.006667 0.999668  0.634607 0.104540 0
0  -7.341036 1.967025 1.100000  -0.143029 0.038325 0.988976  0.607236 0.069307 0
0  -7.600000 0.000000 1.100000  -0.148075 0.000000 0.988976  0.655519 0.041772 0
hubcap
0  -6.000000 0.000000 0.900000  -0.025762 -0.000000 0.999668  0.672725 0.082802 0
0  -7.600000 0.000000 1.100000  -0.148075 0.000000 0.988976  0.655519 0.041772 0
0  -7.341036 -1.967025 1.100000  -0.143029 -0.038325 0.988976  0.709372 0.027519 0
hubcap
0  -5.795555 -1.552914 0.900000  -0.024884 -0.006668 0.999668  0.715240 0.071550 0
0  -7.341036 -1.967025 1.100000  -0.143029 -0.038325 0.988976  0.709372 0.027519 0
0  -6.581793 -3.800000 1.100000  -0.128237 -0.074038 0.988976  0.765124 0.027519 0
hubcap
0  -5.196152 -3.000000 0.900000  -0.022310 -0.012881 0.999668  0.759255 0.071550 0
0  -6.581793 -3.800000 1.100000  -0.128237 -0.074038 0.988976  0.765124 0.027519 0
0  -5.374012 -5.374012 1.100000  -0.104705 -0.104705 0.988976  0.818976 0.041772 0
hubcap
0  -4.242640 -4.242640 0.900000  -0.018216 -0.018216 0.999668  0.801770 0.082802 0
0  -5.374012 -5.374012 1.100000  -0.104705 -0.104705 0.988976  0.818976 0.041772 0
0  -3.800000 -6.581793 1.100000  -0.074038 -0.128237 0.988976  0.867259 0.069307 0
hubcap
0  -3.000000 -5.196152 0.900000  -0.012880 -0.022310 0.999668  0.839888 0.104540 0
0  -3.800000 -6.581793 1.100000  -0.074038 -0.128237 0.988976  0.867259 0.069307 0
0  -1.967025 -7.341036 1.100000  -0.038325 -0.143029 0.988976  0.906682 0.108247 0
hubcap
0  -1.552914 -5.795555 0.900000  -0.006667 -0.024884 0.999668  0.871012 0.135282 0
0  -1.967025 -7.341036 1.100000  -0.038325 -0.143029 0.988976  0.906682 0.108247 0
0  -0.000000 -7.600000 1.100000  -0.000000 -0.148075 0.988976  0.934558 0.155938 0
hubcap
0  -0.000000 -6.000000 0.900000  0.000000 -0.025762 0.999668  0.893019 0.172933 0
0  -0.000000 -7.600000 1.100000  -0.000000 -0.148075 0.988976  0.934558 0.155938 0
0  1.967025 -7.341036 1.100000  0.038325 -0.143029 0.988976  0.948988 0.209130 0
hubcap
0  1.552914 -5.795555 0.900000  0.006668 -0.024884 0.999668  0.904411 0.214927 0
0  1.967025 -7.341036 1.100000  0.038325 -0.143029 0.988976  0.948988 0.209130 0
0  3.800000 -6.581793 1.100000  0.074037 -0.128237 0.988976  0.948988 0.264200 0
hubcap
0  3.000000 -5.196152 0.900000  0.012881 -0.022310 0.999668  0.904411 0.258403 0
0  3.800000 -6.581793 1.100000  0.074037 -0.128237 0.988976  0.948988 0.264200 0
0  5.374012 -5.374012 1.100000  0.104705 -0.104705 0.988976  0.934558 0.317392 0
hubcap
0  4.242640 -4.242640 0.900000  0.018216 -0.018216 0.999668  0.893019 0.300397 0
0  5.374012 -5.374012 1.100000  0.104705 -0.104705 0.988976  0.934558 0.317392 0
0  6.581793 -3.800000 1.100000  0.128237 -0.074037 0.988976  0.906682 0.365084 0
hubcap
0  5.196152 -3.000000 0.900000  0.022310 -0.012881 0.999668  0.871012 0.338048 0
0  6.581793 -3.800000 1.100000  0.128237 -0.074037 0.988976  0.906682 0.365084 0
0  7.341036 -1.967025 1.100000  0.143029 -0.038325 0.988976  0.867259 0.404023 0
hubcap
0  5.795555 -1.552914 0.900000  0.024884 -0.006667 0.999668  0.839888 0.368790 0
0  7.341036 -1.967025 1.100000  0.143029 -0.038325 0.988976  0.867259 0.404023 0
0  7.600000 0.000000 1.100000  0.148075 -0.000000 0.988976  0.818976 0.431558 0
hubcap
0  7.600000 0.000000 1.100000  0.148075 -0.000000 0.988976  0.818976 0.431558 0
0  8.600000 0.000000 0.700000  0.371391 0.000001 0.928477  0.829730 0.457202 0
0  8.306962 2.225844 0.700000  0.358736 0.096124 0.928477  0.768792 0.473330 0
hubcap
0  7.341036 1.967025 1.100000  0.143029 0.038325 0.988976  0.765124 0.445811 0
0  8.306962 2.225844 0.700000  0.358736 0.096124 0.928477  0.768792 0.473330 0
0  7.447818 4.300000 0.700000  0.321633 0.185696 0.928477  0.705704 0.473330 0
hubcap
0  6.581793 3.800000 1.100000  0.128237 0.074038 0.988976  0.709372 0.445811 0
0  7.447818 4.300000 0.700000  0.321633 0.185696 0.928477  0.705704 0.473330 0
0  6.081118 6.081118 0.700000  0.262612 0.262614 0.928477  0.644765 0.457202 0
hubcap
0  5.374012 5.374012 1.100000  0.104705 0.104705 0.988976  0.655519 0.431558 0
0  6.081118 6.081118 0.700000  0.262612 0.262614 0.928477  0.644765 0.457202 0
0  4.300000 7.447818 0.700000  0.185695 0.321634 0.928477  0.590129 0.426044 0
hubcap
0  3.800000 6.581793 1.100000  0.074038 0.128237 0.988976  0.607236 0.404023 0
0  4.300000 7.447818 0.700000  0.185695 0.321634 0.928477  0.590129 0.426044 0
0  2.225844 8.306962 0.700000  0.096122 0.358736 0.928477  0.545519 0.381981 0
hubcap
0  1.967025 7.341036 1.100000  0.038325 0.143029 0.988976  0.567813 0.365084 0
0  2.225844 8.306962 0.700000  0.096122 0.358736 0.928477  0.545519 0.381981 0
0  0.000000 8.600000 0.700000  -0.000001 0.371390 0.928477  0.513975 0.328014 0
hubcap
0  0.000000 7.600000 1.100000  0.000000 0.148075 0.988976  0.539937 0.317392 0
0  0.000000 8.600000 0.700000  -0.000001 0.371390 0.928477  0.513975 0.328014 0
0  -2.225844 8.306962 0.700000  -0.096124 0.358735 0.928477  0.497647 0.267823 0
hubcap
0  -1.967025 7.341036 1.100000  -0.038325 0.143029 0.988976  0.525507 0.264200 0
0  -2.225844 8.306962 0.700000  -0.096124 0.358735 0.928477  0.497647 0.267823 0
0  -4.300000 7.447818 0.700000  -0.185696 0.321633 0.928477  0.497647 0.205508 0
hubcap
0  -3.800000 6.581793 1.100000  -0.074037 0.128237 0.988976  0.525507 0.209130 0
0  -4.300000 7.447818 0.700000  -0.185696 0.321633 0.928477  0.497647 0.205508 0
0  -6.081118 6.081118 0.700000  -0.262614 0.262612 0.928477  0.513975 0.145316 0
hubcap
0  -5.374012 5.374012 1.100000  -0.104705 0.104705 0.988976  0.539937 0.155938 0
0  -6.081118 6.081118 0.700000  -0.262614 0.262612 0.928477  0.513975 0.145316 0
0  -7.447818 4.300000 0.700000  -0.321634 0.185695 0.928477  0.545519 0.091349 0
hubcap
0  -6.581793 3.800000 1.100000  -0.128237 0.074037 0.988976  0.567813 0.108247 0
0  -7.447818 4.300000 0.700000  -0.321634 0.185695 0.928477  0.545519 0.091349 0
0  -8.306962 2.225844 0.700000  -0.358736 0.096122 0.928477  0.590129 0.047286 0
hubcap
0  -7.341036 1.967025 1.100000  -0.143029 0.038325 0.988976  0.607236 0.069307 0
0  -8.306962 2.225844 0.700000  -0.358736 0.096122 0.928477  0.590129 0.047286 0
0  -8.600000 0.000000 0.700000  -0.371391 -0.000001 0.928477  0.644765 0.016128 0
hubcap
0  -7.600000 0.000000 1.100000  -0.148075 0.000000 0.988976  0.655519 0.041772 0
0  -8.600000 0.000000 0.700000  -0.371391 -0.000001 0.928477  0.644765 0.016128 0
0  -8.306962 -2.225844 0.700000  -0.358736 -0.096124 0.928477  0.705704 0.000000 0
hubcap
0  -7.341036 -1.967025 1.100000  -0.143029 -0.038325 0.988976  0.709372 0.027519 0
0  -8.306962 -2.225844 0.700000  -0.358736 -0.096124 0.928477  0.705704 0.000000 0
0  -7.447818 -4.300000 0.700000  -0.321633 -0.185696 0.928477  0.768792 0.000000 0
hubcap
0  -6.581793 -3.800000 1.100000  -0.128237 -0.074038 0.988976  0.765124 0.027519 0
0  -7.447818 -4.300000 0.700000  -0.321633 -0.185696 0.928477  0.768792 0.000000 0
0  -6.081118 -6.081118 0.700000  -0.262612 -0.262614 0.928477  0.829730 0.016128 0
hubcap
0  -5.374012 -5.374012 1.100000  -0.104705 -0.104705 0.988976  0.818976 0.041772 0
0  -6.081118 -6.081118 0.700000  -0.262612 -0.262614 0.928477  0.829730 0.016128 0
0  -4.300000 -7.447818 0.700000  -0.185695 -0.321634 0.928477  0.884366 0.047286 0
hubcap
0  -3.800000 -6.581793 1.100000  -0.074038 -0.128237 0.988976  0.867259 0.069307 0
0  -4.300000 -7.447818 0.700000  -0.185695 -0.321634 0.928477  0.884366 0.047286 0
0  -2.225844 -8.306962 0.700000  -0.096122 -0.358736 0.928477  0.928976 0.091349 0
hubcap
0  -1.967025 -7.341036 1.100000  -0.038325 -0.143029 0.988976  0.906682 0.108247 0
0  -2.225844 -8.306962 0.700000  -0.096122 -0.358736 0.928477  0.928976 0.091349 0
0  -0.000000 -8.600000 0.700000  0.000001 -0.371390 0.928477  0.960520 0.145316 0
hubcap
0  -0.000000 -7.600000 1.100000  -0.000000 -0.148075 0.988976  0.934558 0.155938 0
0  -0.000000 -8.600000 0.700000  0.000001 -0.371390 0.928477  0.960520 0.145316 0
0  2.225844 -8.306962 0.700000  0.096124 -0.358735 0.928477  0.976849 0.205508 0
hubcap
0  1.967025 -7.341036 1.100000  0.038325 -0.143029 0.988976  0.948988 0.209130 0
0  2.225844 -8.306962 0.700000  0.096124 -0.358735 0.928477  0.976849 0.205508 0
0  4.300000 -7.447818 0.700000  0.185696 -0.321633 0.928477  0.976849 0.267823 0
hubcap
0  3.800000 -6.581793 1.100000  0.074037 -0.128237 0.988976  0.948988 0.264200 0
0  4.300000 -7.447818 0.700000  0.185696 -0.321633 0.928477  0.976849 0.267823 0
0  6.081118 -6.081118 0.700000  0.262614 -0.262612 0.928477  0.960520 0.328014 0
hubcap
0  5.374012 -5.374012 1.100000  0.104705 -0.104705 0.988976  0.934558 0.317392 0
0  6.081118 -6.081118 0.700000  0.262614 -0.262612 0.928477  0.960520 0.328014 0
0  7.447818 -4.300000 0.700000  0.321634 -0.185695 0.928477  0.928976 0.381981 0
hubcap
0  6.581793 -3.800000 1.100000  0.128237 -0.074037 0.988976  0.906682 0.365084 0
0  7.447818 -4.300000 0.700000  0.321634 -0.185695 0.928477  0.928976 0.381981 0
0  8.306962 -2.225844 0.700000  0.358736 -0.096122 0.928477  0.884366 0.426044 0
hubcap
0  7.341036 -1.967025 1.100000  0.143029 -0.038325 0.988976  0.867259 0.404023 0
0  8.306962 -2.225844 0.700000  0.358736 -0.096122 0.928477  0.884366 0.426044 0
0  8.600000 0.000000 0.700000  0.371391 0.000001 0.928477  0.829730 0.457202 0
hubcap
0  8.600000 0.000000 0.700000  0.868243 -0.000001 0.496139  0.036669 0.675172 0
0  9.000000 0.000000 0.000000  0.868243 0.000005 0.496139  0.014065 0.676621 0
0  8.693333 2.329371 0.000000  0.838657 0.224723 0.496139  0.014065 0.611407 0
hubcap
0  8.306962 2.225844 0.700000  0.838659 0.224717 0.496139  0.036669 0.612856 0
0  8.693333 2.329371 0.000000  0.838657 0.224723 0.496139  0.014065 0.611407 0
0  7.794229 4.500000 0.000000  0.751918 0.434126 0.496139  0.022793 0.548416 0
hubcap
0  7.447818 4.300000 0.700000  0.751921 0.434121 0.496139  0.045009 0.552665 0
0  7.794229 4.500000 0.000000  0.751918 0.434126 0.496139  0.022793 0.548416 0
0  6.363961 6.363961 0.000000  0.613937 0.613944 0.496139  0.039654 0.491939 0
hubcap
0  6.081118 6.081118 0.700000  0.613941 0.613940 0.496139  0.136991 0.606889 0
0  6.363961 6.363961 0.000000  0.613937 0.613944 0.496139  0.155716 0.604037 0
0  4.500000 7.794229 0.000000  0.434117 0.751923 0.496139  0.155016 0.668707 0
hubcap
0  4.300000 7.447818 0.700000  0.434122 0.751920 0.496139  0.136323 0.668685 0
0  4.500000 7.794229 0.000000  0.434117 0.751923 0.496139  0.155016 0.668707 0
0  2.329371 8.693333 0.000000  0.224713 0.838659 0.496140  0.155716 0.733348 0
hubcap
0  2.225844 8.306962 0.700000  0.224719 0.838658 0.496139  0.128627 0.789296 0
0  2.329371 8.693333 0.000000  0.224713 0.838659 0.496140  0.107071 0.796069 0
0  0.000000 9.000000 0.000000  -0.000005 0.868244 0.496138  0.091590 0.739273 0
hubcap
0  0.000000 8.600000 0.700000  0.000001 0.868244 0.496137  0.113834 0.735024 0
0  0.000000 9.000000 0.000000  -0.000005 0.868244 0.496138  0.091590 0.739273 0
0  -2.329371 8.693333 0.000000  -0.224723 0.838658 0.496138  0.083576 0.676118 0
hubcap
0  -2.225844 8.306962 0.700000  -0.224717 0.838659 0.496138  0.106176 0.674676 0
0  -2.329371 8.693333 0.000000  -0.224723 0.838658 0.496138  0.083576 0.676118 0
0  -4.500000 7.794229 0.000000  -0.434126 0.751918 0.496139  0.083576 0.610909 0
hubcap
0  -4.300000 7.447818 0.700000  -0.434121 0.751921 0.496139  0.106176 0.612365 0
0  -4.500000 7.794229 0.000000  -0.434126 0.751918 0.496139  0.083576 0.610909 0
0  -6.363961 6.363961 0.000000  -0.613944 0.613937 0.496140  0.091590 0.548089 0
hubcap
0  -6.081118 6.081118 0.700000  -0.613940 0.613941 0.496139  0.113834 0.552337 0
0  -6.363961 6.363961 0.000000  -0.613944 0.613937 0.496140  0.091590 0.548089 0
0  -7.794229 4.500000 0.000000  -0.751923 0.434118 0.496139  0.107071 0.491939 0
hubcap
0  -7.447818 4.300000 0.700000  -0.751920 0.434123 0.496139  0.327541 0.736119 0
0  -7.794229 4.500000 0.000000  -0.751923 0.434118 0.496139  0.308198 0.741747 0
0  -8.693333 2.329371 0.000000  -0.838660 0.224713 0.496139  0.308722 0.681495 0
hubcap
0  -8.306962 2.225844 0.700000  -0.838658 0.224718 0.496139  0.328042 0.678545 0
0  -8.693333 2.329371 0.000000  -0.838660 0.224713 0.496139  0.308722 0.681495 0
0  -9.000000 0.000000 0.000000  -0.868243 -0.000005 0.496139  0.308722 0.616839 0
hubcap
0  -8.600000 0.000000 0.700000  -0.868243 0.000001 0.496139  0.328042 0.616763 0
0  -9.000000 0.000000 0.000000  -0.868243 -0.000005 0.496139  0.308722 0.616839 0
0  -8.693333 -2.329371 0.000000  -0.838657 -0.224723 0.496139  0.308198 0.552185 0
hubcap
0  -8.306962 -2.225844 0.700000  -0.838659 -0.224717 0.496139  0.327541 0.554982 0
0  -8.693333 -2.329371 0.000000  -0.838657 -0.224723 0.496139  0.308198 0.552185 0
0  -7.794229 -4.500000 0.000000  -0.751918 -0.434126 0.496139  0.307186 0.491939 0
hubcap
0  -7.447818 -4.300000 0.700000  -0.751921 -0.434121 0.496139  0.240826 0.498163 0
0  -7.794229 -4.500000 0.000000  -0.751918 -0.434126 0.496139  0.259731 0.491939 0
0  -6.363961 -6.363961 0.000000  -0.613937 -0.613944 0.496139  0.257125 0.550001 0
hubcap
0  -6.081118 -6.081118 0.700000  -0.613941 -0.613940 0.496139  0.238336 0.553644 0
0  -6.363961 -6.363961 0.000000  -0.613937 -0.613944 0.496139  0.257125 0.550001 0
0  -4.500000 -7.794229 0.000000  -0.434117 -0.751923 0.496139  0.255776 0.613769 0
hubcap
0  -4.300000 -7.447818 0.700000  -0.434122 -0.751920 0.496139  0.237047 0.614578 0
0  -4.500000 -7.794229 0.000000  -0.434117 -0.751923 0.496139  0.255776 0.613769 0
0  -2.329371 -8.693333 0.000000  -0.224713 -0.838659 0.496140  0.255776 0.678897 0
hubcap
0  -2.225844 -8.306962 0.700000  -0.224719 -0.838658 0.496139  0.237047 0.676812 0
0  -2.329371 -8.693333 0.000000  -0.224713 -0.838659 0.496140  0.255776 0.678897 0
0  -0.000000 -9.000000 0.000000  0.000005 -0.868244 0.496138  0.257125 0.740948 0
hubcap
0  -0.000000 -8.600000 0.700000  -0.000001 -0.868244 0.496137  0.191583 0.498953 0
0  -0.000000 -9.000000 0.000000  0.000005 -0.868244 0.496138  0.211028 0.491939 0
0  2.329371 -8.693333 0.000000  0.224723 -0.838658 0.496138  0.209549 0.546897 0
hubcap
0  2.225844 -8.306962 0.700000  0.224717 -0.838659 0.496138  0.190171 0.551468 0
0  2.329371 -8.693333 0.000000  0.224723 -0.838658 0.496138  0.209549 0.546897 0
0  4.500000 -7.794229 0.000000  0.434126 -0.751918 0.496139  0.208504 0.609068 0
hubcap
0  4.300000 -7.447818 0.700000  0.434121 -0.751921 0.496139  0.189172 0.610876 0
0  4.500000 -7.794229 0.000000  0.434126 -0.751918 0.496139  0.208504 0.609068 0
0  6.363961 -6.363961 0.000000  0.613944 -0.613937 0.496140  0.207962 0.674214 0
hubcap
0  6.081118 -6.081118 0.700000  0.613940 -0.613941 0.496139  0.188654 0.673127 0
0  6.363961 -6.363961 0.000000  0.613944 -0.613937 0.496140  0.207962 0.674214 0
0  7.794229 -4.500000 0.000000  0.751923 -0.434118 0.496139  0.207962 0.737897 0
hubcap
0  7.447818 -4.300000 0.700000  0.751920 -0.434123 0.496139  0.061120 0.789330 0
0  7.794229 -4.500000 0.000000  0.751923 -0.434118 0.496139  0.039654 0.796089 0
0  8.693333 -2.329371 0.000000  0.838660 -0.224713 0.496139  0.022793 0.739612 0
hubcap
0  8.306962 -2.225844 0.700000  0.838658 -0.224718 0.496139  0.045009 0.735363 0
0  8.693333 -2.329371 0.000000  0.838660 -0.224713 0.496139  0.022793 0.739612 0
0  9.000000 0.000000 0.000000  0.868243 0.000005 0.496139  0.014065 0.676621 0
hubcap
0  9.000000 0.000000 0.000000  0.961524 -0.000005 -0.274721  0.014065 0.676621 0
0  8.800000 0.000000 -0.700000  0.961524 0.000001 -0.274721  0.000000 0.675896 0
0  8.500147 2.277608 -0.700000  0.928760 0.248862 -0.274722  0.000000 0.612132 0
hubcap
0  8.693333 2.329371 0.000000  0.928762 0.248856 -0.274722  0.161030 0.491939 0
0  8.500147 2.277608 -0.700000  0.928760 0.248862 -0.274722  0.180959 0.495861 0
0  7.621024 4.400000 -0.700000  0.832703 0.480763 -0.274721  0.177768 0.546515 0
hubcap
0  7.794229 4.500000 0.000000  0.832707 0.480757 -0.274721  0.157767 0.543745 0
0  7.621024 4.400000 -0.700000  0.832703 0.480763 -0.274721  0.177768 0.546515 0
0  6.222540 6.222540 -0.700000  0.679899 0.679901 -0.274722  0.175762 0.605467 0
hubcap
0  6.363961 6.363961 0.000000  0.679904 0.679896 -0.274722  0.155716 0.604037 0
0  6.222540 6.222540 -0.700000  0.679899 0.679901 -0.274722  0.175762 0.605467 0
0  4.400000 7.621024 -0.700000  0.480761 0.832705 -0.274722  0.175078 0.668700 0
hubcap
0  4.500000 7.794229 0.000000  0.480766 0.832702 -0.274721  0.155016 0.668707 0
0  4.400000 7.621024 -0.700000  0.480761 0.832705 -0.274722  0.175078 0.668700 0
0  2.277608 8.500147 -0.700000  0.248860 0.928762 -0.274719  0.175762 0.731904 0
hubcap
0  2.329371 8.693333 0.000000  0.248866 0.928760 -0.274719  0.155716 0.733348 0
0  2.277608 8.500147 -0.700000  0.248860 0.928762 -0.274719  0.175762 0.731904 0
0  0.000000 8.800000 -0.700000  -0.000002 0.961524 -0.274720  0.177768 0.790773 0
hubcap
0  0.000000 9.000000 0.000000  0.000005 0.961524 -0.274721  0.157767 0.793554 0
0  0.000000 8.800000 -0.700000  -0.000002 0.961524 -0.274720  0.177768 0.790773 0
0  -2.277608 8.500147 -0.700000  -0.248862 0.928760 -0.274721  0.180959 0.841294 0
hubcap
0  -2.329371 8.693333 0.000000  -0.248856 0.928762 -0.274722  0.083576 0.676118 0
0  -2.277608 8.500147 -0.700000  -0.248862 0.928760 -0.274721  0.068816 0.675551 0
0  -4.400000 7.621024 -0.700000  -0.480763 0.832704 -0.274721  0.068816 0.611790 0
hubcap
0  -4.500000 7.794229 0.000000  -0.480758 0.832707 -0.274721  0.083576 0.610909 0
0  -4.400000 7.621024 -0.700000  -0.480763 0.832704 -0.274721  0.068816 0.611790 0
0  -6.222540 6.222540 -0.700000  -0.679901 0.679899 -0.274721  0.076652 0.550366 0
hubcap
0  -6.363961 6.363961 0.000000  -0.679897 0.679904 -0.274721  0.307186 0.793489 0
0  -6.222540 6.222540 -0.700000  -0.679901 0.679899 -0.274721  0.287388 0.789642 0
0  -7.621024 4.400000 -0.700000  -0.832705 0.480761 -0.274721  0.288378 0.739050 0
hubcap
0  -7.794229 4.500000 0.000000  -0.832702 0.480766 -0.274721  0.308198 0.741747 0
0  -7.621024 4.400000 -0.700000  -0.832705 0.480761 -0.274721  0.288378 0.739050 0
0  -8.500147 2.277608 -0.700000  -0.928761 0.248859 -0.274722  0.288890 0.680137 0
hubcap
0  -8.693333 2.329371 0.000000  -0.928759 0.248865 -0.274722  0.308722 0.681495 0
0  -8.500147 2.277608 -0.700000  -0.928761 0.248859 -0.274722  0.288890 0.680137 0
0  -8.800000 0.000000 -0.700000  -0.961524 -0.000001 -0.274721  0.288890 0.616918 0
hubcap
0  -9.000000 0.000000 0.000000  -0.961524 0.000005 -0.274721  0.308722 0.616839 0
0  -8.800000 0.000000 -0.700000  -0.961524 -0.000001 -0.274721  0.288890 0.616918 0
0  -8.500147 -2.277608 -0.700000  -0.928760 -0.248862 -0.274722  0.288378 0.553700 0
hubcap
0  -8.693333 -2.329371 0.000000  -0.928762 -0.248856 -0.274722  0.308198 0.552185 0
0  -8.500147 -2.277608 -0.700000  -0.928760 -0.248862 -0.274722  0.288378 0.553700 0
0  -7.621024 -4.400000 -0.700000  -0.832703 -0.480763 -0.274721  0.287388 0.494793 0
hubcap
0  -7.794229 -4.500000 0.000000  -0.832707 -0.480757 -0.274721  0.259731 0.491939 0
0  -7.621024 -4.400000 -0.700000  -0.832703 -0.480763 -0.274721  0.279692 0.495169 0
0  -6.222540 -6.222540 -0.700000  -0.679899 -0.679901 -0.274722  0.277145 0.551940 0
hubcap
0  -6.363961 -6.363961 0.000000  -0.679904 -0.679896 -0.274722  0.257125 0.550001 0
0  -6.222540 -6.222540 -0.700000  -0.679899 -0.679901 -0.274722  0.277145 0.551940 0
0  -4.400000 -7.621024 -0.700000  -0.480761 -0.832705 -0.274722  0.275826 0.614291 0
hubcap
0  -4.500000 -7.794229 0.000000  -0.480766 -0.832702 -0.274721  0.255776 0.613769 0
0  -4.400000 -7.621024 -0.700000  -0.480761 -0.832705 -0.274722  0.275826 0.614291 0
0  -2.277608 -8.500147 -0.700000  -0.248860 -0.928762 -0.274719  0.275826 0.677972 0
hubcap
0  -2.329371 -8.693333 0.000000  -0.248866 -0.928760 -0.274719  0.255776 0.678897 0
0  -2.277608 -8.500147 -0.700000  -0.248860 -0.928762 -0.274719  0.275826 0.677972 0
0  -0.000000 -8.800000 -0.700000  0.000002 -0.961524 -0.274720  0.277145 0.738644 0
hubcap
0  -0.000000 -9.000000 0.000000  -0.000005 -0.961524 -0.274721  0.257125 0.740948 0
0  -0.000000 -8.800000 -0.700000  0.000002 -0.961524 -0.274720  0.277145 0.738644 0
0  2.277608 -8.500147 -0.700000  0.248862 -0.928760 -0.274721  0.279692 0.792172 0
hubcap
0  2.329371 -8.693333 0.000000  0.248856 -0.928762 -0.274722  0.209549 0.546897 0
0  2.277608 -8.500147 -0.700000  0.248862 -0.928760 -0.274721  0.229351 0.549382 0
0  4.400000 -7.621024 -0.700000  0.480763 -0.832704 -0.274721  0.228329 0.610171 0
hubcap
0  4.500000 -7.794229 0.000000  0.480758 -0.832707 -0.274721  0.208504 0.609068 0
0  4.400000 -7.621024 -0.700000  0.480763 -0.832704 -0.274721  0.228329 0.610171 0
0  6.222540 -6.222540 -0.700000  0.679901 -0.679899 -0.274721  0.227800 0.673869 0
hubcap
0  6.363961 -6.363961 0.000000  0.679897 -0.679904 -0.274721  0.207962 0.674214 0
0  6.222540 -6.222540 -0.700000  0.679901 -0.679899 -0.274721  0.227800 0.673869 0
0  7.621024 -4.400000 -0.700000  0.832705 -0.480761 -0.274721  0.227800 0.736137 0
hubcap
0  7.794229 -4.500000 0.000000  0.832702 -0.480766 -0.274721  0.207962 0.737897 0
0  7.621024 -4.400000 -0.700000  0.832705 -0.480761 -0.274721  0.227800 0.736137 0
0  8.500147 -2.277608 -0.700000  0.928761 -0.248859 -0.274722  0.228329 0.792730 0
hubcap
0  8.693333 -2.329371 0.000000  0.928759 -0.248865 -0.274722  0.208503 0.795776 0
0  8.500147 -2.277608 -0.700000  0.928761 -0.248859 -0.274722  0.228329 0.792730 0
0  8.800000 0.000000 -0.700000  0.961524 0.000001 -0.274721  0.229351 0.839792 0
hubcap
0  8.800000 0.000000 -0.700000  0.124035 -0.000001 -0.992278  0.048946 0.390864 0
0  8.000000 0.000000 -0.800000  0.124035 0.000000 -0.992278  0.066880 0.377346 0
0  7.727407 2.070552 -0.800000  0.119808 0.032103 -0.992278  0.108344 0.418336 0
hubcap
0  8.500147 2.277608 -0.700000  0.119809 0.032102 -0.992278  0.094557 0.435952 0
0  7.727407 2.070552 -0.800000  0.119808 0.032103 -0.992278  0.108344 0.418336 0
0  6.928203 4.000000 -0.800000  0.107417 0.062017 -0.992278  0.159127 0.447319 0
hubcap
0  7.621024 4.400000 -0.700000  0.107418 0.062017 -0.992278  0.150419 0.467834 0
0  6.928203 4.000000 -0.800000  0.107417 0.062017 -0.992278  0.159127 0.447319 0
0  5.656854 5.656854 -0.800000  0.087706 0.087706 -0.992278  0.215769 0.462322 0
hubcap
0  6.222540 6.222540 -0.700000  0.087706 0.087705 -0.992278  0.212724 0.484338 0
0  5.656854 5.656854 -0.800000  0.087706 0.087706 -0.992278  0.215769 0.462322 0
0  4.000000 6.928203 -0.800000  0.062017 0.107417 -0.992278  0.274408 0.462322 0
hubcap
0  4.400000 7.621024 -0.700000  0.062018 0.107417 -0.992278  0.277227 0.484338 0
0  4.000000 6.928203 -0.800000  0.062017 0.107417 -0.992278  0.274408 0.462322 0
0  2.070552 7.727407 -0.800000  0.032103 0.119808 -0.992278  0.331049 0.447319 0
hubcap
0  2.277608 8.500147 -0.700000  0.032103 0.119808 -0.992278  0.339533 0.467834 0
0  2.070552 7.727407 -0.800000  0.032103 0.119808 -0.992278  0.331049 0.447319 0
0  0.000000 8.000000 -0.800000  -0.000000 0.124035 -0.992278  0.381832 0.418336 0
hubcap
0  0.000000 8.800000 -0.700000  0.000001 0.124035 -0.992278  0.395394 0.435952 0
0  0.000000 8.000000 -0.800000  -0.000000 0.124035 -0.992278  0.381832 0.418336 0
0  -2.070552 7.727407 -0.800000  -0.032103 0.119808 -0.992278  0.423297 0.377346 0
hubcap
0  -2.277608 8.500147 -0.700000  -0.032102 0.119808 -0.992278  0.441005 0.390864 0
0  -2.070552 7.727407 -0.800000  -0.032103 0.119808 -0.992278  0.423297 0.377346 0
0  -4.000000 6.928203 -0.800000  -0.062017 0.107417 -0.992278  0.452616 0.327145 0
hubcap
0  -4.400000 7.621024 -0.700000  -0.062017 0.107418 -0.992278  0.473256 0.335643 0
0  -4.000000 6.928203 -0.800000  -0.062017 0.107417 -0.992278  0.452616 0.327145 0
0  -5.656854 5.656854 -0.800000  -0.087706 0.087706 -0.992278  0.467793 0.271153 0
hubcap
0  -6.222540 6.222540 -0.700000  -0.087705 0.087706 -0.992278  0.489951 0.274051 0
0  -5.656854 5.656854 -0.800000  -0.087706 0.087706 -0.992278  0.467793 0.271153 0
0  -6.928203 4.000000 -0.800000  -0.107417 0.062017 -0.992278  0.467793 0.213185 0
hubcap
0  -7.621024 4.400000 -0.700000  -0.107417 0.062018 -0.992278  0.489951 0.210287 0
0  -6.928203 4.000000 -0.800000  -0.107417 0.062017 -0.992278  0.467793 0.213185 0
0  -7.727407 2.070552 -0.800000  -0.119809 0.032103 -0.992278  0.452616 0.157193 0
hubcap
0  -8.500147 2.277608 -0.700000  -0.119808 0.032103 -0.992278  0.473256 0.148695 0
0  -7.727407 2.070552 -0.800000  -0.119809 0.032103 -0.992278  0.452616 0.157193 0
0  -8.000000 0.000000 -0.800000  -0.124035 -0.000000 -0.992278  0.423297 0.106991 0
hubcap
0  -8.800000 0.000000 -0.700000  -0.124035 0.000001 -0.992278  0.441005 0.093474 0
0  -8.000000 0.000000 -0.800000  -0.124035 -0.000000 -0.992278  0.423297 0.106991 0
0  -7.727407 -2.070552 -0.800000  -0.119808 -0.032103 -0.992278  0.381832 0.066002 0
hubcap
0  -8.500147 -2.277608 -0.700000  -0.119809 -0.032102 -0.992278  0.395394 0.048386 0
0  -7.727407 -2.070552 -0.800000  -0.119808 -0.032103 -0.992278  0.381832 0.066002 0
0  -6.928203 -4.000000 -0.800000  -0.107417 -0.062017 -0.992278  0.331049 0.037018 0
hubcap
0  -7.621024 -4.400000 -0.700000  -0.107418 -0.062017 -0.992278  0.339533 0.016503 0
0  -6.928203 -4.000000 -0.800000  -0.107417 -0.062017 -0.992278  0.331049 0.037018 0
0  -5.656854 -5.656854 -0.800000  -0.087706 -0.087706 -0.992278  0.274408 0.022015 0
hubcap
0  -6.222540 -6.222540 -0.700000  -0.087706 -0.087705 -0.992278  0.277227 0.000000 0
0  -5.656854 -5.656854 -0.800000  -0.087706 -0.087706 -0.992278  0.274408 0.022015 0
0  -4.000000 -6.928203 -0.800000  -0.062017 -0.107417 -0.992278  0.215769 0.022015 0
hubcap
0  -4.400000 -7.621024 -0.700000  -0.062018 -0.107417 -0.992278  0.212724 0.000000 0
0  -4.000000 -6.928203 -0.800000  -0.062017 -0.107417 -0.992278  0.215769 0.022015 0
0  -2.070552 -7.727407 -0.800000  -0.032103 -0.119808 -0.992278  0.159127 0.037018 0
hubcap
0  -2.277608 -8.500147 -0.700000  -0.032103 -0.119808 -0.992278  0.150419 0.016503 0
0  -2.070552 -7.727407 -0.800000  -0.032103 -0.119808 -0.992278  0.159127 0.037018 0
0  -0.000000 -8.000000 -0.800000  0.000000 -0.124035 -0.992278  0.108344 0.066002 0
hubcap
0  -0.000000 -8.800000 -0.700000  -0.000001 -0.124035 -0.992278  0.094557 0.048386 0
0  -0.000000 -8.000000 -0.800000  0.000000 -0.124035 -0.992278  0.108344 0.066002 0
0  2.070552 -7.727407 -0.800000  0.032103 -0.119808 -0.992278  0.066880 0.106991 0
hubcap
0  2.277608 -8.500147 -0.700000  0.032102 -0.119808 -0.992278  0.048946 0.093474 0
0  2.070552 -7.727407 -0.800000  0.032103 -0.119808 -0.992278  0.066880 0.106991 0
0  4.000000 -6.928203 -0.800000  0.062017 -0.107417 -0.992278  0.037560 0.157193 0
hubcap
0  4.400000 -7.621024 -0.700000  0.062017 -0.107418 -0.992278  0.016695 0.148695 0
0  4.000000 -6.928203 -0.800000  0.062017 -0.107417 -0.992278  0.037560 0.157193 0
0  5.656854 -5.656854 -0.800000  0.087706 -0.087706 -0.992278  0.022383 0.213185 0
hubcap
0  6.222540 -6.222540 -0.700000  0.087705 -0.087706 -0.992278  0.000000 0.210287 0
0  5.656854 -5.656854 -0.800000  0.087706 -0.087706 -0.992278  0.022383 0.213185 0
0  6.928203 -4.000000 -0.800000  0.107417 -0.062017 -0.992278  0.022383 0.271153 0
hubcap
0  7.621024 -4.400000 -0.700000  0.107417 -0.062018 -0.992278  0.000000 0.274051 0
0  6.928203 -4.000000 -0.800000  0.107417 -0.062017 -0.992278  0.022383 0.271153 0
0  7.727407 -2.070552 -0.800000  0.119809 -0.032103 -0.992278  0.037560 0.327145 0
hubcap
0  8.500147 -2.277608 -0.700000  0.119808 -0.032103 -0.992278  0.016695 0.335643 0
0  7.727407 -2.070552 -0.800000  0.119809 -0.032103 -0.992278  0.037560 0.327145 0
0  8.000000 0.000000 -0.800000  0.124035 0.000000 -0.992278  0.066880 0.377346 0
hubcap
0  2.352160 0.700000 1.273193  -0.198669 0.000000 -0.980067  0.350446 0.728091 0
0  6.468440 1.200000 0.438782  -0.198669 0.000000 -0.980067  0.335738 0.614632 0
0  6.468440 -1.200000 0.438782  -0.198669 0.000000 -0.980067  0.403160 0.614632 0
hubcap
0  2.451495 -0.700000 1.763227  0.198669 0.000000 0.980067  0.464268 0.736208 0
0  6.567774 -1.200000 0.928815  0.198669 0.000000 0.980067  0.478318 0.850462 0
0  6.567774 1.200000 0.928815  0.198669 0.000000 0.980067  0.410876 0.850462 0
hubcap
0  2.352160 -0.700000 1.273193  -0.115856 -0.992988 0.023485  0.964599 0.603596 0
0  6.468440 -1.200000 0.438782  -0.115856 -0.992988 0.023485  0.964599 0.715784 0
0  6.567774 -1.200000 0.928815  -0.115856 -0.992988 0.023485  0.950753 0.715090 0
hubcap
0  6.468440 -1.200000 0.438782  0.980067 0.000000 -0.198669  0.994922 0.001050 0
0  6.468440 1.200000 0.438782  0.980066 0.000000 -0.198669  0.994922 0.067245 0
0  6.567774 1.200000 0.928815  0.980067 0.000000 -0.198669  0.984544 0.066195 0
hubcap
0  6.468440 1.200000 0.438782  -0.115857 0.992988 0.023485  0.971165 0.834835 0
0  2.352160 0.700000 1.273193  -0.115856 0.992988 0.023485  0.971165 0.723386 0
0  2.451495 0.700000 1.763227  -0.115856 0.992988 0.023485  0.983945 0.725199 0
hubcap
0  2.352160 0.700000 1.273193  -0.980067 0.000000 0.198670  0.250726 0.803294 0
0  2.352160 -0.700000 1.273193  -0.980067 0.000000 0.198669  0.250726 0.842153 0
0  2.451495 -0.700000 1.763227  -0.980067 0.000000 0.198669  0.237047 0.842153 0
hubcap
0  0.061118 2.453349 1.273193  -0.061392 -0.188946 -0.980067  0.463401 0.491939 0
0  0.857591 6.522672 0.438782  -0.061392 -0.188946 -0.980067  0.478270 0.606494 0
0  3.140127 5.781031 0.438782  -0.061392 -0.188946 -0.980067  0.410876 0.606494 0
hubcap
0  1.423294 2.115198 1.763227  0.061392 0.188946 0.980066  0.166908 0.852825 0
0  3.170823 5.875504 0.928815  0.061392 0.188946 0.980067  0.180959 0.967079 0
0  0.888287 6.617145 0.928815  0.061392 0.188946 0.980067  0.113516 0.967079 0
hubcap
0  1.392597 2.020725 1.273193  0.908586 -0.417036 0.023485  0.964648 0.847990 0
0  3.140127 5.781031 0.438782  0.908586 -0.417037 0.023485  0.964648 0.955160 0
0  3.170823 5.875504 0.928815  0.908586 -0.417037 0.023485  0.950753 0.954319 0
hubcap
0  3.140127 5.781031 0.438782  0.302857 0.932099 -0.198671  0.403078 0.860550 0
0  0.857591 6.522672 0.438782  0.302857 0.932099 -0.198668  0.403078 0.925696 0
0  0.888287 6.617145 0.928815  0.302857 0.932099 -0.198669  0.389123 0.926034 0
hubcap
0  0.857591 6.522672 0.438782  -0.980190 0.196664 0.023485  0.265702 0.918964 0
0  0.061118 2.453349 1.273193  -0.980190 0.196664 0.023485  0.265702 0.803528 0
0  0.091814 2.547822 1.763227  -0.980190 0.196664 0.023485  0.279692 0.803294 0
hubcap
0  0.061118 2.453349 1.273193  -0.302857 -0.932099 0.198670  0.786817 0.929334 0
0  1.392597 2.020725 1.273193  -0.302858 -0.932099 0.198669  0.786817 0.967869 0
0  1.423294 2.115198 1.763227  -0.302857 -0.932099 0.198670  0.773312 0.967375 0
hubcap
0  -2.314387 0.816252 1.273193  0.160727 -0.116775 -0.980067  0.389149 0.491939 0
0  -5.938421 2.831231 0.438782  0.160727 -0.116775 -0.980067  0.403180 0.607030 0
0  -4.527737 4.772872 0.438782  0.160727 -0.116775 -0.980067  0.335738 0.607030 0
hubcap
0  -1.571852 2.007264 1.763227  -0.160727 0.116775 0.980067  0.340780 0.801091 0
0  -4.608100 4.831260 0.928815  -0.160727 0.116775 0.980067  0.354831 0.915345 0
0  -6.018785 2.889619 0.928815  -0.160727 0.116775 0.980067  0.287388 0.915345 0
hubcap
0  -1.491488 1.948876 1.273193  0.677394 0.735246 0.023484  0.964777 0.480932 0
0  -4.527737 4.772872 0.438782  0.677393 0.735246 0.023485  0.964777 0.595103 0
0  -4.608100 4.831260 0.928815  0.677393 0.735246 0.023485  0.950753 0.595300 0
hubcap
0  -4.527737 4.772872 0.438782  -0.792891 0.576069 -0.198669  0.021661 0.979452 0
0  -5.938421 2.831231 0.438782  -0.792891 0.576069 -0.198669  0.021661 0.925546 0
0  -6.018785 2.889619 0.928815  -0.792891 0.576069 -0.198669  0.035527 0.926865 0
hubcap
0  -5.938421 2.831231 0.438782  -0.489934 -0.871443 0.023485  0.367468 0.853040 0
0  -2.314387 0.816252 1.273193  -0.489934 -0.871443 0.023486  0.367468 0.735766 0
0  -2.394751 0.874640 1.763227  -0.489934 -0.871443 0.023486  0.381428 0.735692 0
hubcap
0  -2.314387 0.816252 1.273193  0.792890 -0.576069 0.198670  0.829351 0.929608 0
0  -1.491488 1.948876 1.273193  0.792891 -0.576068 0.198669  0.829351 0.967324 0
0  -1.571852 2.007264 1.763227  0.792891 -0.576068 0.198670  0.815677 0.966555 0
hubcap
0  -1.491488 -1.948876 1.273193  0.160727 0.116775 -0.980067  0.465079 0.614095 0
0  -4.527737 -4.772872 0.438782  0.160727 0.116775 -0.980067  0.478268 0.728606 0
0  -5.938421 -2.831231 0.438782  0.160727 0.116775 -0.980067  0.410876 0.728606 0
hubcap
0  -2.394751 -0.874640 1.763227  -0.160727 -0.116775 0.980067  0.014050 0.917944 0
0  -6.018785 -2.889619 0.928815  -0.160727 -0.116775 0.980067  0.000000 0.803690 0
0  -4.608100 -4.831260 0.928815  -0.160727 -0.116775 0.980067  0.067442 0.803690 0
hubcap
0  -2.314387 -0.816252 1.273193  -0.489934 0.871443 0.023485  0.963469 0.723386 0
0  -5.938421 -2.831231 0.438782  -0.489934 0.871443 0.023486  0.963469 0.838353 0
0  -6.018785 -2.889619 0.928815  -0.489934 0.871443 0.023486  0.950753 0.839548 0
hubcap
0  -5.938421 -2.831231 0.438782  -0.792891 -0.576069 -0.198669  0.000000 0.984106 0
0  -4.527737 -4.772872 0.438782  -0.792891 -0.576069 -0.198669  0.000000 0.925546 0
0  -4.608100 -4.831260 0.928815  -0.792891 -0.576069 -0.198669  0.013965 0.926273 0
hubcap
0  -4.527737 -4.772872 0.438782  0.677394 -0.735246 0.023484  0.389123 0.852915 0
0  -1.491488 -1.948876 1.273193  0.677393 -0.735246 0.023486  0.389123 0.735692 0
0  -1.571852 -2.007264 1.763227  0.677393 -0.735246 0.023486  0.403160 0.735726 0
hubcap
0  -1.491488 -1.948876 1.273193  0.792891 0.576069 0.198669  0.837047 0.965987 0
0  -2.314387 -0.816252 1.273193  0.792891 0.576068 0.198670  0.837047 0.930437 0
0  -2.394751 -0.874640 1.763227  0.792891 0.576068 0.198670  0.850515 0.928840 0
hubcap
0  1.392597 -2.020725 1.273193  -0.061392 0.188946 -0.980066  0.424303 0.971489 0
0  3.140127 -5.781031 0.438782  -0.061392 0.188946 -0.980067  0.410876 0.858063 0
0  0.857591 -6.522672 0.438782  -0.061392 0.188946 -0.980067  0.478301 0.858063 0
hubcap
0  0.091814 -2.547822 1.763227  0.061392 -0.188946 0.980067  0.202705 0.965763 0
0  0.888287 -6.617145 0.928815  0.061392 -0.188946 0.980067  0.188654 0.851509 0
0  3.170823 -5.875504 0.928815  0.061392 -0.188946 0.980067  0.256097 0.851509 0
hubcap
0  0.061118 -2.453349 1.273193  -0.980190 -0.196664 0.023485  0.089128 0.803925 0
0  0.857591 -6.522672 0.438782  -0.980190 -0.196665 0.023485  0.089128 0.919360 0
0  0.888287 -6.617145 0.928815  -0.980190 -0.196664 0.023485  0.075138 0.919126 0
hubcap
0  0.857591 -6.522672 0.438782  0.302857 -0.932098 -0.198671  0.972473 0.542678 0
0  3.140127 -5.781031 0.438782  0.302858 -0.932099 -0.198668  0.972473 0.480932 0
0  3.170823 -5.875504 0.928815  0.302857 -0.932099 -0.198668  0.986329 0.481796 0
hubcap
0  3.140127 -5.781031 0.438782  0.908586 0.417036 0.023485  0.972344 0.964326 0
0  1.392597 -2.020725 1.273193  0.908586 0.417037 0.023485  0.972344 0.848282 0
0  1.423294 -2.115198 1.763227  0.908586 0.417037 0.023485  0.984188 0.847150 0
hubcap
0  1.392597 -2.020725 1.273193  -0.302857 0.932099 0.198670  0.807981 0.929070 0
0  0.061118 -2.453349 1.273193  -0.302857 0.932099 0.198670  0.807981 0.967864 0
0  0.091814 -2.547822 1.763227  -0.302857 0.932099 0.198670  0.794513 0.967634 0
hubcap
0  8.000000 0.000000 -0.800000  -0.529999 0.000002 -0.847998  0.542144 0.836263 0
0  7.200000 0.000000 -0.300000  -0.296627 -0.000000 -0.954993  0.559401 0.822745 0
0  6.954666 1.863497 -0.300000  -0.286520 -0.076773 -0.954993  0.596718 0.859635 0
hubcap
0  7.727407 2.070552 -0.800000  -0.511940 -0.137172 -0.847998  0.583608 0.877252 0
0  6.954666 1.863497 -0.300000  -0.286520 -0.076773 -0.954993  0.596718 0.859635 0
0  6.235383 3.600000 -0.300000  -0.256886 -0.148314 -0.954993  0.642423 0.885721 0
hubcap
0  6.928203 4.000000 -0.800000  -0.458993 -0.264998 -0.847998  0.634391 0.906236 0
0  6.235383 3.600000 -0.300000  -0.256886 -0.148314 -0.954993  0.642423 0.885721 0
0  5.091169 5.091169 -0.300000  -0.209747 -0.209747 -0.954993  0.693400 0.899223 0
hubcap
0  5.656854 5.656854 -0.800000  -0.374767 -0.374765 -0.847998  0.691032 0.921239 0
0  5.091169 5.091169 -0.300000  -0.209747 -0.209747 -0.954993  0.693400 0.899223 0
0  3.600000 6.235383 -0.300000  -0.148313 -0.256887 -0.954993  0.746176 0.899223 0
hubcap
0  4.000000 6.928203 -0.800000  -0.265001 -0.458992 -0.847998  0.749672 0.921239 0
0  3.600000 6.235383 -0.300000  -0.148313 -0.256887 -0.954993  0.746176 0.899223 0
0  1.863497 6.954666 -0.300000  -0.076772 -0.286520 -0.954993  0.797153 0.885721 0
hubcap
0  2.070552 7.727407 -0.800000  -0.137175 -0.511939 -0.847998  0.806313 0.906236 0
0  1.863497 6.954666 -0.300000  -0.076772 -0.286520 -0.954993  0.797153 0.885721 0
0  0.000000 7.200000 -0.300000  0.000000 -0.296627 -0.954993  0.842858 0.859635 0
hubcap
0  0.000000 8.000000 -0.800000  -0.000002 -0.529999 -0.847998  0.857096 0.877252 0
0  0.000000 7.200000 -0.300000  0.000000 -0.296627 -0.954993  0.842858 0.859635 0
0  -1.863497 6.954666 -0.300000  0.076773 -0.286520 -0.954993  0.880176 0.822745 0
hubcap
0  -2.070552 7.727407 -0.800000  0.137172 -0.511940 -0.847998  0.898560 0.836263 0
0  -1.863497 6.954666 -0.300000  0.076773 -0.286520 -0.954993  0.880176 0.822745 0
0  -3.600000 6.235383 -0.300000  0.148314 -0.256886 -0.954993  0.906563 0.777564 0
hubcap
0  -4.000000 6.928203 -0.800000  0.264998 -0.458994 -0.847998  0.927880 0.786061 0
0  -3.600000 6.235383 -0.300000  0.148314 -0.256886 -0.954993  0.906563 0.777564 0
0  -5.091169 5.091169 -0.300000  0.209747 -0.209747 -0.954993  0.920223 0.727171 0
hubcap
0  -5.656854 5.656854 -0.800000  0.374765 -0.374767 -0.847998  0.943057 0.730069 0
0  -5.091169 5.091169 -0.300000  0.209747 -0.209747 -0.954993  0.920223 0.727171 0
0  -6.235383 3.600000 -0.300000  0.256887 -0.148313 -0.954993  0.920223 0.675000 0
hubcap
0  -6.928203 4.000000 -0.800000  0.458992 -0.265001 -0.847998  0.943057 0.672101 0
0  -6.235383 3.600000 -0.300000  0.256887 -0.148313 -0.954993  0.920223 0.675000 0
0  -6.954666 1.863497 -0.300000  0.286520 -0.076772 -0.954993  0.906563 0.624607 0
hubcap
0  -7.727407 2.070552 -0.800000  0.511939 -0.137175 -0.847998  0.927880 0.616109 0
0  -6.954666 1.863497 -0.300000  0.286520 -0.076772 -0.954993  0.906563 0.624607 0
0  -7.200000 0.000000 -0.300000  0.296627 0.000000 -0.954993  0.880176 0.579426 0
hubcap
0  -8.000000 0.000000 -0.800000  0.529999 -0.000002 -0.847998  0.898560 0.565908 0
0  -7.200000 0.000000 -0.300000  0.296627 0.000000 -0.954993  0.880176 0.579426 0
0  -6.954666 -1.863497 -0.300000  0.286520 0.076773 -0.954993  0.842858 0.542535 0
hubcap
0  -7.727407 -2.070552 -0.800000  0.511940 0.137172 -0.847998  0.857096 0.524919 0
0  -6.954666 -1.863497 -0.300000  0.286520 0.076773 -0.954993  0.842858 0.542535 0
0  -6.235383 -3.600000 -0.300000  0.256886 0.148314 -0.954993  0.797153 0.516450 0
hubcap
0  -6.928203 -4.000000 -0.800000  0.458993 0.264998 -0.847998  0.806313 0.495935 0
0  -6.235383 -3.600000 -0.300000  0.256886 0.148314 -0.954993  0.797153 0.516450 0
0  -5.091169 -5.091169 -0.300000  0.209747 0.209747 -0.954993  0.746176 0.502947 0
hubcap
0  -5.656854 -5.656854 -0.800000  0.374767 0.374765 -0.847998  0.749672 0.480932 0
0  -5.091169 -5.091169 -0.300000  0.209747 0.209747 -0.954993  0.746176 0.502947 0
0  -3.600000 -6.235383 -0.300000  0.148313 0.256887 -0.954993  0.693401 0.502947 0
hubcap
0  -4.000000 -6.928203 -0.800000  0.265001 0.458992 -0.847998  0.691032 0.480932 0
0  -3.600000 -6.235383 -0.300000  0.148313 0.256887 -0.954993  0.693401 0.502947 0
0  -1.863497 -6.954666 -0.300000  0.076772 0.286520 -0.954993  0.642423 0.516450 0
hubcap
0  -2.070552 -7.727407 -0.800000  0.137175 0.511939 -0.847998  0.634391 0.495935 0
0  -1.863497 -6.954666 -0.300000  0.076772 0.286520 -0.954993  0.642423 0.516450 0
0  -0.000000 -7.200000 -0.300000  -0.000000 0.296627 -0.954993  0.596718 0.542535 0
hubcap
0  -0.000000 -8.000000 -0.800000  0.000002 0.529999 -0.847998  0.583608 0.524918 0
0  -0.000000 -7.200000 -0.300000  -0.000000 0.296627 -0.954993  0.596718 0.542535 0
0  1.863497 -6.954666 -0.300000  -0.076773 0.286520 -0.954993  0.559401 0.579425 0
hubcap
0  2.070552 -7.727407 -0.800000  -0.137172 0.511940 -0.847998  0.542144 0.565908 0
0  1.863497 -6.954666 -0.300000  -0.076773 0.286520 -0.954993  0.559401 0.579425 0
0  3.600000 -6.235383 -0.300000  -0.148314 0.256886 -0.954993  0.533013 0.624607 0
hubcap
0  4.000000 -6.928203 -0.800000  -0.264998 0.458994 -0.847998  0.512824 0.616109 0
0  3.600000 -6.235383 -0.300000  -0.148314 0.256886 -0.954993  0.533013 0.624607 0
0  5.091169 -5.091169 -0.300000  -0.209747 0.209747 -0.954993  0.519354 0.675000 0
hubcap
0  5.656854 -5.656854 -0.800000  -0.374765 0.374767 -0.847998  0.497647 0.672101 0
0  5.091169 -5.091169 -0.300000  -0.209747 0.209747 -0.954993  0.519354 0.675000 0
0  6.235383 -3.600000 -0.300000  -0.256887 0.148313 -0.954993  0.519354 0.727171 0
hubcap
0  6.928203 -4.000000 -0.800000  -0.458992 0.265001 -0.847998  0.497647 0.730069 0
0  6.235383 -3.600000 -0.300000  -0.256887 0.148313 -0.954993  0.519354 0.727171 0
0  6.954666 -1.863497 -0.300000  -0.286520 0.076772 -0.954993  0.533013 0.777564 0
hubcap
0  7.727407 -2.070552 -0.800000  -0.511939 0.137175 -0.847998  0.512824 0.786061 0
0  6.954666 -1.863497 -0.300000  -0.286520 0.076772 -0.954993  0.533013 0.777564 0
0  7.200000 0.000000 -0.300000  -0.296627 -0.000000 -0.954993  0.559401 0.822745 0
hubcap
0  2.588854 2.430913 1.200000  0.500000 0.866026 0.000000  0.984544 0.132250 0
0  2.588854 2.430913 2.100000  0.500000 0.866026 0.000000  0.984544 0.107351 0
0  3.065168 2.155913 2.100000  0.500000 0.866026 0.000000  1.000000 0.107349 0
hubcap
0  3.065168 -2.155913 1.200000  0.500000 -0.866026 0.000000  0.984544 0.360286 0
0  3.065168 -2.155913 2.100000  0.500000 -0.866025 0.000000  0.984544 0.335317 0
0  2.588854 -2.430913 2.100000  0.500000 -0.866025 0.000000  0.999763 0.335399 0
hubcap
0  3.065168 2.155913 1.200000  1.000000 0.000000 0.000000  0.738847 0.989444 0
0  3.065168 2.155913 2.100000  1.000000 0.000000 0.000000  0.738847 0.967968 0
0  3.065168 1.605913 2.100000  1.000000 0.000000 0.000000  0.754170 0.966950 0
hubcap
0  -3.200000 0.550000 1.200000  0.500000 0.866025 0.000000  0.984544 0.164752 0
0  -3.200000 0.550000 2.100000  0.500000 0.866026 0.000000  0.984544 0.139853 0
0  -2.723686 0.275000 2.100000  0.500000 0.866025 0.000000  1.000000 0.139851 0
hubcap
0  -0.988854 3.593381 1.200000  0.500000 0.866026 0.000000  0.984544 0.197254 0
0  -0.988854 3.593381 2.100000  0.500000 0.866025 0.000000  0.984544 0.172355 0
0  -0.512540 3.318381 2.100000  0.500000 0.866025 0.000000  1.000000 0.172353 0
hubcap
0  3.065168 1.605913 1.200000  0.500000 -0.866026 0.000000  0.984544 0.392939 0
0  3.065168 1.605913 2.100000  0.500000 -0.866025 0.000000  0.984544 0.367970 0
0  2.588854 1.330913 2.100000  0.500000 -0.866025 0.000000  0.999763 0.368052 0
hubcap
0  -0.988854 -2.493381 1.200000  0.500000 0.866026 0.000000  0.984544 0.099747 0
0  -0.988854 -2.493381 2.100000  0.500000 0.866025 0.000000  0.984544 0.074849 0
0  -0.512540 -2.768381 2.100000  0.500000 0.866025 0.000000  1.000000 0.074847 0
hubcap
0  3.065168 -1.605913 1.200000  1.000000 0.000000 0.000000  0.635491 0.989459 0
0  3.065168 -1.605913 2.100000  1.000000 0.000000 0.000000  0.635491 0.967983 0
0  3.065168 -2.155913 2.100000  1.000000 0.000000 0.000000  0.650814 0.966965 0
hubcap
0  2.588854 1.330913 1.200000  -0.500000 -0.866026 0.000000  0.972473 0.576046 0
0  2.588854 1.330913 2.100000  -0.500000 -0.866025 0.000000  0.972473 0.551143 0
0  2.112540 1.605913 2.100000  -0.500000 -0.866025 0.000000  0.987879 0.551239 0
hubcap
0  3.065168 1.605913 2.100000  0.000000 0.000000 1.000000  0.511032 0.928840 0
0  3.065168 2.155913 2.100000  -0.000000 0.000000 1.000000  0.524417 0.936473 0
0  2.588854 2.430913 2.100000  0.000000 0.000000 1.000000  0.524417 0.951740 0
hubcap
0  2.588854 2.430913 2.100000  0.000000 0.000000 1.000000  0.524417 0.951740 0
0  2.112540 2.155913 2.100000  0.000001 0.000000 1.000000  0.511032 0.959373 0
0  2.112540 1.605913 2.100000  0.000000 0.000000 1.000000  0.497647 0.951740 0
hubcap
0  2.112540 1.605913 2.100000  0.000000 0.000000 1.000000  0.497647 0.951740 0
0  2.588854 1.330913 2.100000  0.000000 0.000000 1.000000  0.497647 0.936473 0
0  2.588854 2.430913 2.100000  0.000000 0.000000 1.000000  0.524417 0.951740 0
hubcap
0  2.588854 -1.330913 1.200000  0.500000 0.866025 0.000000  0.984544 0.229756 0
0  2.588854 -1.330913 2.100000  0.500000 0.866026 0.000000  0.984544 0.204858 0
0  3.065168 -1.605913 2.100000  0.500000 0.866026 0.000000  1.000000 0.204855 0
hubcap
0  2.112540 1.605913 1.200000  -1.000000 0.000000 0.000000  0.387623 0.958606 0
0  2.112540 1.605913 2.100000  -1.000000 0.000000 0.000000  0.387623 0.933636 0
0  2.112540 2.155913 2.100000  -1.000000 0.000000 0.000000  0.403078 0.933636 0
hubcap
0  -0.512540 2.768381 1.200000  0.500000 -0.866026 0.000000  0.984544 0.327633 0
0  -0.512540 2.768381 2.100000  0.500000 -0.866025 0.000000  0.984544 0.302664 0
0  -0.988854 2.493381 2.100000  0.500000 -0.866026 0.000000  0.999763 0.302746 0
hubcap
0  -0.512540 3.318381 1.200000  1.000000 0.000000 0.000000  0.658510 0.989459 0
0  -0.512540 3.318381 2.100000  1.000000 0.000000 0.000000  0.658510 0.967983 0
0  -0.512540 2.768381 2.100000  1.000000 0.000000 0.000000  0.673833 0.966965 0
hubcap
0  2.112540 2.155913 1.200000  -0.500000 0.866026 0.000000  0.387622 0.988271 0
0  2.112540 2.155913 2.100000  -0.500000 0.866026 0.000000  0.387622 0.966207 0
0  2.588854 2.430913 2.100000  -0.500000 0.866026 0.000000  0.402919 0.967232 0
hubcap
0  2.112540 2.155913 1.200000  0.000000 0.000000 -1.000000  0.752232 0.959348 0
0  2.588854 2.430913 1.200000  -0.000000 0.000000 -1.000000  0.738847 0.951719 0
0  2.588854 1.330913 1.200000  -0.000000 0.000000 -1.000000  0.765616 0.936470 0
hubcap
0  2.588854 2.430913 1.200000  -0.000000 0.000000 -1.000000  0.738847 0.951719 0
0  3.065168 2.155913 1.200000  -0.000000 0.000000 -1.000000  0.738847 0.936464 0
0  2.588854 1.330913 1.200000  -0.000000 0.000000 -1.000000  0.765616 0.936470 0
hubcap
0  3.065168 2.155913 1.200000  -0.000000 0.000000 -1.000000  0.738847 0.936464 0
0  3.065168 1.605913 1.200000  0.000000 0.000000 -1.000000  0.752232 0.928840 0
0  2.588854 1.330913 1.200000  -0.000000 0.000000 -1.000000  0.765616 0.936470 0
hubcap
0  -0.988854 2.493381 1.200000  -0.500000 -0.866026 0.000000  0.927616 0.986314 0
0  -0.988854 2.493381 2.100000  -0.500000 -0.866026 0.000000  0.927616 0.961411 0
0  -1.465168 2.768381 2.100000  -0.500000 -0.866026 0.000000  0.943023 0.961507 0
hubcap
0  -0.988854 2.493381 2.100000  0.000000 0.000000 1.000000  0.545497 0.928840 0
0  -0.512540 2.768381 2.100000  0.000001 0.000000 1.000000  0.558882 0.936473 0
0  -0.512540 3.318381 2.100000  0.000000 0.000000 1.000000  0.558882 0.951739 0
hubcap
0  -0.512540 3.318381 2.100000  0.000000 0.000000 1.000000  0.558882 0.951739 0
0  -0.988854 3.593381 2.100000  0.000000 0.000000 1.000000  0.545497 0.959373 0
0  -0.988854 2.493381 2.100000  0.000000 0.000000 1.000000  0.545497 0.928840 0
hubcap
0  -0.988854 3.593381 2.100000  0.000000 0.000000 1.000000  0.545497 0.959373 0
0  -1.465168 3.318381 2.100000  -0.000000 0.000000 1.000000  0.532112 0.951739 0
0  -0.988854 2.493381 2.100000  0.000000 0.000000 1.000000  0.545497 0.928840 0
hubcap
0  -1.465168 2.768381 1.200000  -1.000000 0.000000 0.000000  0.858211 0.953810 0
0  -1.465168 2.768381 2.100000  -1.000000 0.000000 0.000000  0.858211 0.928840 0
0  -1.465168 3.318381 2.100000  -1.000000 0.000000 0.000000  0.873667 0.928840 0
hubcap
0  -2.723686 -0.275000 1.200000  0.500000 -0.866025 0.000000  0.984544 0.262327 0
0  -2.723686 -0.275000 2.100000  0.500000 -0.866025 0.000000  0.984544 0.237358 0
0  -3.200000 -0.550000 2.100000  0.500000 -0.866025 0.000000  0.999763 0.237440 0
hubcap
0  -2.723686 0.275000 1.200000  1.000000 0.000000 0.000000  0.681529 0.989459 0
0  -2.723686 0.275000 2.100000  1.000000 0.000000 0.000000  0.681529 0.967983 0
0  -2.723686 -0.275000 2.100000  1.000000 0.000000 0.000000  0.696853 0.966965 0
hubcap
0  -1.465168 3.318381 1.200000  -0.500000 0.866026 0.000000  0.984544 0.422687 0
0  -1.465168 3.318381 2.100000  -0.500000 0.866025 0.000000  0.984544 0.400623 0
0  -0.988854 3.593381 2.100000  -0.500000 0.866025 0.000000  0.999841 0.401647 0
hubcap
0  -0.512540 2.768381 1.200000  0.000000 0.000000 -1.000000  0.635491 0.936481 0
0  -0.988854 2.493381 1.200000  0.000000 0.000000 -1.000000  0.648869 0.928840 0
0  -0.988854 3.593381 1.200000  0.000000 0.000000 -1.000000  0.648869 0.959364 0
hubcap
0  -0.988854 2.493381 1.200000  0.000000 0.000000 -1.000000  0.648869 0.928840 0
0  -1.465168 2.768381 1.200000  0.000000 0.000000 -1.000000  0.662247 0.936461 0
0  -0.988854 3.593381 1.200000  0.000000 0.000000 -1.000000  0.648869 0.959364 0
hubcap
0  -1.465168 2.768381 1.200000  0.000000 0.000000 -1.000000  0.662247 0.936461 0
0  -1.465168 3.318381 1.200000  -0.000000 0.000000 -1.000000  0.662247 0.951722 0
0  -0.988854 3.593381 1.200000  0.000000 0.000000 -1.000000  0.648869 0.959364 0
hubcap
0  -3.200000 -0.550000 1.200000  -0.500000 -0.866025 0.000000  0.881362 0.986314 0
0  -3.200000 -0.550000 2.100000  -0.500000 -0.866025 0.000000  0.881362 0.961411 0
0  -3.676314 -0.275000 2.100000  -0.500000 -0.866025 0.000000  0.896769 0.961507 0
hubcap
0  -2.723686 -0.275000 2.100000  0.000000 0.000000 1.000000  0.128627 0.826570 0
0  -2.723686 0.275000 2.100000  0.000001 0.000000 1.000000  0.115242 0.834203 0
0  -3.200000 0.550000 2.100000  0.000000 0.000000 1.000000  0.101857 0.826570 0
hubcap
0  -3.200000 0.550000 2.100000  0.000000 0.000000 1.000000  0.101857 0.826570 0
0  -3.676314 0.275000 2.100000  -0.000001 0.000000 1.000000  0.101857 0.811304 0
0  -3.676314 -0.275000 2.100000  -0.000000 0.000000 1.000000  0.115242 0.803671 0
hubcap
0  -3.676314 -0.275000 2.100000  -0.000000 0.000000 1.000000  0.115242 0.803671 0
0  -3.200000 -0.550000 2.100000  0.000000 0.000000 1.000000  0.128627 0.811304 0
0  -2.723686 -0.275000 2.100000  0.000000 0.000000 1.000000  0.128627 0.826570 0
hubcap
0  -3.676314 -0.275000 1.200000  -1.000000 0.000000 0.000000  0.904514 0.953810 0
0  -3.676314 -0.275000 2.100000  -1.000000 0.000000 0.000000  0.904514 0.928840 0
0  -3.676314 0.275000 2.100000  -1.000000 0.000000 0.000000  0.919969 0.928840 0
hubcap
0  -0.512540 -3.318381 1.200000  0.500000 -0.866026 0.000000  0.984544 0.294980 0
0  -0.512540 -3.318381 2.100000  0.500000 -0.866025 0.000000  0.984544 0.270011 0
0  -0.988854 -3.593381 2.100000  0.500000 -0.866026 0.000000  0.999763 0.270093 0
hubcap
0  -0.512540 -2.768381 1.200000  1.000000 0.000000 0.000000  0.704548 0.989459 0
0  -0.512540 -2.768381 2.100000  1.000000 0.000000 0.000000  0.704548 0.967983 0
0  -0.512540 -3.318381 2.100000  1.000000 0.000000 0.000000  0.719872 0.966965 0
hubcap
0  -3.676314 0.275000 1.200000  -0.500000 0.866025 0.000000  0.927665 0.950904 0
0  -3.676314 0.275000 2.100000  -0.500000 0.866026 0.000000  0.927665 0.928840 0
0  -3.200000 0.550000 2.100000  -0.500000 0.866025 0.000000  0.942962 0.929865 0
hubcap
0  -2.723686 0.275000 1.200000  -0.000000 0.000000 -1.000000  0.614419 0.928840 0
0  -2.723686 -0.275000 1.200000  -0.000000 0.000000 -1.000000  0.627795 0.936480 0
0  -3.200000 -0.550000 1.200000  0.000000 0.000000 -1.000000  0.627795 0.951744 0
hubcap
0  -3.200000 -0.550000 1.200000  0.000000 0.000000 -1.000000  0.627795 0.951744 0
0  -3.676314 -0.275000 1.200000  0.000000 0.000000 -1.000000  0.614419 0.959369 0
0  -3.676314 0.275000 1.200000  0.000000 0.000000 -1.000000  0.601044 0.951729 0
hubcap
0  -3.676314 0.275000 1.200000  0.000000 0.000000 -1.000000  0.601044 0.951729 0
0  -3.200000 0.550000 1.200000  0.000000 0.000000 -1.000000  0.601044 0.936465 0
0  -2.723686 0.275000 1.200000  -0.000000 0.000000 -1.000000  0.614419 0.928840 0
hubcap
0  -0.988854 -3.593381 1.200000  -0.500000 -0.866026 0.000000  0.904514 0.986314 0
0  -0.988854 -3.593381 2.100000  -0.500000 -0.866026 0.000000  0.904514 0.961411 0
0  -1.465168 -3.318381 2.100000  -0.500000 -0.866026 0.000000  0.919920 0.961507 0
hubcap
0  -0.988854 -2.493381 1.200000  0.000000 0.000000 -1.000000  0.717773 0.959364 0
0  -0.512540 -2.768381 1.200000  0.000000 0.000000 -1.000000  0.704395 0.951743 0
0  -0.512540 -3.318381 1.200000  0.000000 0.000000 -1.000000  0.704395 0.936481 0
hubcap
0  -0.512540 -3.318381 1.200000  0.000000 0.000000 -1.000000  0.704395 0.936481 0
0  -0.988854 -3.593381 1.200000  0.000000 0.000000 -1.000000  0.717773 0.928840 0
0  -0.988854 -2.493381 1.200000  0.000000 0.000000 -1.000000  0.717773 0.959364 0
hubcap
0  -0.988854 -3.593381 1.200000  0.000000 0.000000 -1.000000  0.717773 0.928840 0
0  -1.465168 -3.318381 1.200000  0.000000 0.000000 -1.000000  0.731151 0.936461 0
0  -0.988854 -2.493381 1.200000  0.000000 0.000000 -1.000000  0.717773 0.959364 0
hubcap
0  -1.465168 -3.318381 1.200000  -1.000000 0.000000 0.000000  0.881362 0.953810 0
0  -1.465168 -3.318381 2.100000  -1.000000 0.000000 0.000000  0.881362 0.928840 0
0  -1.465168 -2.768381 2.100000  -1.000000 0.000000 0.000000  0.896818 0.928840 0
hubcap
0  -1.465168 -2.768381 1.200000  -0.500000 0.866026 0.000000  0.984544 0.453377 0
0  -1.465168 -2.768381 2.100000  -0.500000 0.866025 0.000000  0.984544 0.431313 0
0  -0.988854 -2.493381 2.100000  -0.500000 0.866025 0.000000  0.999841 0.432337 0
hubcap
0  -1.465168 -3.318381 2.100000  -0.000000 0.000000 1.000000  0.566578 0.936473 0
0  -0.988854 -3.593381 2.100000  0.000000 0.000000 1.000000  0.579963 0.928840 0
0  -0.988854 -2.493381 2.100000  -0.000000 0.000000 1.000000  0.579963 0.959373 0
hubcap
0  -0.988854 -3.593381 2.100000  0.000000 0.000000 1.000000  0.579963 0.928840 0
0  -0.512540 -3.318381 2.100000  0.000000 0.000000 1.000000  0.593348 0.936473 0
0  -0.988854 -2.493381 2.100000  -0.000000 0.000000 1.000000  0.579963 0.959373 0
hubcap
0  -0.512540 -3.318381 2.100000  0.000000 0.000000 1.000000  0.593348 0.936473 0
0  -0.512540 -2.768381 2.100000  0.000000 0.000000 1.000000  0.593348 0.951739 0
0  -0.988854 -2.493381 2.100000  -0.000000 0.000000 1.000000  0.579963 0.959373 0
hubcap
0  2.588854 -2.430913 1.200000  -0.500000 -0.866026 0.000000  0.858211 0.986314 0
0  2.588854 -2.430913 2.100000  -0.500000 -0.866025 0.000000  0.858211 0.961411 0
0  2.112540 -2.155913 2.100000  -0.500000 -0.866025 0.000000  0.873618 0.961507 0
hubcap
0  3.065168 -1.605913 1.200000  -0.000000 0.000000 -1.000000  0.669943 0.951743 0
0  3.065168 -2.155913 1.200000  -0.000000 0.000000 -1.000000  0.669943 0.936481 0
0  2.588854 -2.430913 1.200000  -0.000000 0.000000 -1.000000  0.683321 0.928840 0
hubcap
0  2.588854 -2.430913 1.200000  -0.000000 0.000000 -1.000000  0.683321 0.928840 0
0  2.112540 -2.155913 1.200000  0.000000 0.000000 -1.000000  0.696699 0.936461 0
0  2.112540 -1.605913 1.200000  0.000000 0.000000 -1.000000  0.696699 0.951722 0
hubcap
0  2.112540 -1.605913 1.200000  0.000000 0.000000 -1.000000  0.696699 0.951722 0
0  2.588854 -1.330913 1.200000  0.000000 0.000000 -1.000000  0.683321 0.959364 0
0  2.588854 -2.430913 1.200000  -0.000000 0.000000 -1.000000  0.683321 0.928840 0
hubcap
0  2.112540 -2.155913 1.200000  -1.000000 0.000000 0.000000  0.972295 0.692919 0
0  2.112540 -2.155913 2.100000  -1.000000 0.000000 0.000000  0.972295 0.667950 0
0  2.112540 -1.605913 2.100000  -1.000000 0.000000 0.000000  0.987750 0.667950 0
hubcap
0  2.112540 -1.605913 1.200000  -0.500000 0.866025 0.000000  0.075138 0.987159 0
0  2.112540 -1.605913 2.100000  -0.500000 0.866026 0.000000  0.075138 0.965095 0
0  2.588854 -1.330913 2.100000  -0.500000 0.866026 0.000000  0.090435 0.966120 0
hubcap
0  2.112540 -2.155913 2.100000  -0.000000 0.000000 1.000000  0.088523 0.926962 0
0  2.588854 -2.430913 2.100000  0.000000 0.000000 1.000000  0.101908 0.934595 0
0  2.588854 -1.330913 2.100000  -0.000000 0.000000 1.000000  0.075138 0.949861 0
hubcap
0  2.588854 -2.430913 2.100000  0.000000 0.000000 1.000000  0.101908 0.934595 0
0  3.065168 -2.155913 2.100000  0.000000 0.000000 1.000000  0.101908 0.949861 0
0  2.588854 -1.330913 2.100000  -0.000000 0.000000 1.000000  0.075138 0.949861 0
hubcap
0  3.065168 -2.155913 2.100000  0.000000 0.000000 1.000000  0.101908 0.949861 0
0  3.065168 -1.605913 2.100000  0.000000 0.000000 1.000000  0.088523 0.957494 0
0  2.588854 -1.330913 2.100000  -0.000000 0.000000 1.000000  0.075138 0.949861 0
end
