version 1
nodes
0 "root" -1
end
skeleton
time 0
0 0 0 0 0 0 0
end
triangles
start_lights
0  -14.000000 -14.000000 0.000000  -1.000000 0.000000 0.000000  0.703213 0.752976 0
0  -14.000000 14.000000 3.000000  -1.000000 0.000000 0.000000  0.682437 0.559457 0
0  -14.000000 14.000000 0.000000  -1.000000 0.000000 0.000000  0.703213 0.559457 0
start_lights
0  -14.000000 14.000000 0.000000  0.000000 1.000000 0.000000  0.305972 0.932992 0
0  14.000000 14.000000 3.000000  0.000000 1.000000 0.000000  0.285196 0.739473 0
0  14.000000 14.000000 0.000000  0.000000 1.000000 0.000000  0.305972 0.739473 0
start_lights
0  14.000000 14.000000 0.000000  1.000000 0.000000 0.000000  0.956093 0.193519 0
0  14.000000 -14.000000 3.000000  1.000000 0.000000 0.000000  0.935327 0.000000 0
0  14.000000 -14.000000 0.000000  1.000000 0.000000 0.000000  0.956093 0.000000 0
start_lights
0  14.000000 -14.000000 0.000000  0.000000 -1.000000 0.000000  0.937324 0.934339 0
0  -14.000000 -14.000000 3.000000  0.000000 -1.000000 0.000000  0.916549 0.740820 0
0  -14.000000 -14.000000 0.000000  0.000000 -1.000000 0.000000  0.937324 0.740820 0
start_lights
0  -14.000000 14.000000 0.000000  0.000000 0.000000 -1.000000  0.521792 0.000000 0
0  14.000000 -14.000000 0.000000  0.000000 0.000000 -1.000000  0.327887 0.193519 0
0  -14.000000 -14.000000 0.000000  0.000000 0.000000 -1.000000  0.327887 0.000000 0
start_lights
0  14.000000 14.000000 3.000000  0.000000 0.000000 1.000000  0.521792 0.205085 0
0  -14.000000 -14.000000 3.000000  0.000000 0.000000 1.000000  0.327887 0.398604 0
0  14.000000 -14.000000 3.000000  0.000000 0.000000 1.000000  0.327887 0.205085 0
start_lights
0  -9.000000 -9.000000 3.000000  -1.000000 0.000000 0.000000  0.955839 0.865225 0
0  -9.000000 9.000000 4.000000  -1.000000 0.000000 0.000000  0.948914 0.740820 0
0  -9.000000 9.000000 3.000000  -1.000000 0.000000 0.000000  0.955839 0.740820 0
start_lights
0  -9.000000 9.000000 3.000000  0.000000 1.000000 0.000000  0.314037 0.714084 0
0  9.000000 9.000000 4.000000  0.000000 1.000000 0.000000  0.307111 0.589679 0
0  9.000000 9.000000 3.000000  0.000000 1.000000 0.000000  0.314037 0.589679 0
start_lights
0  9.000000 9.000000 3.000000  1.000000 0.000000 0.000000  0.964226 0.329490 0
0  9.000000 -9.000000 4.000000  1.000000 0.000000 0.000000  0.957304 0.205085 0
0  9.000000 -9.000000 3.000000  1.000000 0.000000 0.000000  0.964226 0.205085 0
start_lights
0  9.000000 -9.000000 3.000000  0.000000 -1.000000 0.000000  0.152335 0.891712 0
0  -9.000000 -9.000000 4.000000  0.000000 -1.000000 0.000000  0.145410 0.767307 0
0  -9.000000 -9.000000 3.000000  0.000000 -1.000000 0.000000  0.152335 0.767307 0
start_lights
0  -9.000000 9.000000 3.000000  0.000000 0.000000 -1.000000  0.452540 0.587611 0
0  9.000000 -9.000000 3.000000  0.000000 0.000000 -1.000000  0.327887 0.712016 0
0  -9.000000 -9.000000 3.000000  0.000000 0.000000 -1.000000  0.327887 0.587611 0
start_lights
0  9.000000 9.000000 4.000000  0.000000 0.000000 1.000000  0.288597 0.603502 0
0  -9.000000 -9.000000 4.000000  0.000000 0.000000 1.000000  0.163943 0.727907 0
0  9.000000 -9.000000 4.000000  0.000000 0.000000 1.000000  0.163943 0.603502 0
start_lights
0  -6.000000 -11.000000 92.000000  -1.000000 0.000000 0.000000  0.000000 0.414683 0
0  -6.000000 11.000000 152.000000  -1.000000 0.000000 0.000000  0.152354 0.000000 0
0  -6.000000 11.000000 92.000000  -1.000000 0.000000 0.000000  0.152354 0.414683 0
start_lights
0  -6.000000 11.000000 92.000000  0.000000 1.000000 0.000000  0.533381 0.414683 0
0  6.000000 11.000000 152.000000  0.000000 1.000000 0.000000  0.616484 0.000000 0
0  6.000000 11.000000 92.000000  0.000000 1.000000 0.000000  0.616484 0.414683 0
start_lights
0  6.000000 11.000000 92.000000  1.000000 0.000000 0.000000  0.163943 0.414495 0
0  6.000000 -11.000000 152.000000  1.000000 0.000000 0.000000  0.316297 0.000000 0
0  6.000000 -11.000000 92.000000  1.000000 0.000000 0.000000  0.316297 0.414495 0
start_lights
0  6.000000 -11.000000 92.000000  0.000000 -1.000000 0.000000  0.628073 0.414683 0
0  -6.000000 -11.000000 152.000000  0.000000 -1.000000 0.000000  0.711175 0.000000 0
0  -6.000000 -11.000000 92.000000  0.000000 -1.000000 0.000000  0.711175 0.414683 0
start_lights
0  -6.000000 11.000000 92.000000  0.000000 0.000000 -1.000000  0.519531 0.562221 0
0  6.000000 -11.000000 92.000000  0.000000 0.000000 -1.000000  0.436429 0.410171 0
0  -6.000000 -11.000000 92.000000  0.000000 0.000000 -1.000000  0.519531 0.410171 0
start_lights
0  6.000000 11.000000 152.000000  0.000000 0.000000 1.000000  0.083102 0.755740 0
0  -6.000000 -11.000000 152.000000  0.000000 0.000000 1.000000  0.000000 0.603690 0
0  6.000000 -11.000000 152.000000  0.000000 0.000000 1.000000  0.083102 0.603690 0
start_lights
0  6.000000 8.800000 140.000000  0.000000 0.000000 -1.000000  0.049719 0.964752 0
0  10.200000 8.800000 140.000000  0.000000 0.000000 -1.000000  0.049719 0.993780 0
0  10.200000 8.200000 140.000000  0.000000 0.000000 -1.000000  0.045564 0.993780 0
start_lights
0  6.000000 8.800000 140.000000  0.000000 0.000000 -1.000000  0.049719 0.964752 0
0  10.200000 8.200000 140.000000  0.000000 0.000000 -1.000000  0.045564 0.993780 0
0  6.000000 8.200000 140.000000  0.000000 0.000000 -1.000000  0.045564 0.964752 0
start_lights
0  10.200000 8.200000 140.000000  0.000000 -0.965926 -0.258819  0.793218 0.971576 0
0  10.441154 7.101408 144.100006  0.000000 -0.965926 -0.258819  0.764825 0.973242 0
0  6.000000 7.101408 144.100006  0.000000 -0.965926 -0.258819  0.764825 0.942548 0
start_lights
0  10.200000 8.200000 140.000000  0.000000 -0.965926 -0.258819  0.793218 0.971576 0
0  6.000000 7.101408 144.100006  0.000000 -0.965926 -0.258819  0.764825 0.942548 0
0  6.000000 8.200000 140.000000  0.000000 -0.965926 -0.258818  0.793218 0.942548 0
start_lights
0  6.000000 7.101408 144.100006  -1.000000 0.000000 0.000000  0.101272 0.877208 0
0  6.000000 7.621024 144.399994  -1.000000 0.000000 0.000000  0.103350 0.880799 0
0  6.000000 8.800000 140.000000  -1.000000 0.000000 0.000000  0.072879 0.888947 0
start_lights
0  6.000000 7.101408 144.100006  -1.000000 0.000000 0.000000  0.101272 0.877208 0
0  6.000000 8.800000 140.000000  -1.000000 0.000000 0.000000  0.072879 0.888947 0
0  6.000000 8.200000 140.000000  -1.000000 0.000000 0.000000  0.072879 0.884800 0
start_lights
0  6.000000 7.621024 144.399994  0.000000 0.965926 0.258819  0.722765 0.973242 0
0  10.441154 7.621024 144.399994  0.000000 0.965926 0.258820  0.722765 0.942548 0
0  10.200000 8.800000 140.000000  0.000000 0.965926 0.258819  0.753235 0.944215 0
start_lights
0  6.000000 7.621024 144.399994  0.000000 0.965926 0.258819  0.722765 0.973242 0
0  10.200000 8.800000 140.000000  0.000000 0.965926 0.258819  0.753235 0.944215 0
0  6.000000 8.800000 140.000000  0.000000 0.965926 0.258819  0.753235 0.973242 0
start_lights
0  10.200000 8.800000 140.000000  0.998337 0.002732 -0.057588  0.449179 0.723582 0
0  10.441154 7.101408 144.100006  0.998514 0.025409 -0.048204  0.477610 0.735322 0
0  10.200000 8.200000 140.000000  0.998275 0.000000 -0.058716  0.449179 0.727729 0
start_lights
0  10.441154 7.101408 144.100006  0.000000 -0.499986 0.866034  0.508736 0.675540 0
0  10.441154 7.621024 144.399994  0.000000 -0.499986 0.866034  0.508736 0.679132 0
0  6.000000 7.621024 144.399994  0.000000 -0.499985 0.866034  0.477980 0.679132 0
start_lights
0  10.441154 7.101408 144.100006  0.000000 -0.499986 0.866034  0.508736 0.675540 0
0  6.000000 7.621024 144.399994  0.000000 -0.499985 0.866034  0.477980 0.679132 0
0  6.000000 7.101408 144.100006  0.000000 -0.499984 0.866034  0.477980 0.675540 0
start_lights
0  10.441154 7.621024 144.399994  0.998501 0.027361 -0.047394  0.479687 0.731730 0
0  10.441154 7.101408 144.100006  0.998514 0.025409 -0.048204  0.477610 0.735322 0
0  10.200000 8.800000 140.000000  0.998337 0.002732 -0.057588  0.449179 0.723582 0
start_lights
0  6.000000 7.621024 144.399994  0.000000 0.707107 0.707107  0.477980 0.679132 0
0  6.000000 4.400000 147.621017  0.000000 0.707107 0.707107  0.477980 0.656870 0
0  11.100000 4.400000 147.621017  0.000000 0.707107 0.707107  0.513298 0.656870 0
start_lights
0  6.000000 7.621024 144.399994  0.000000 0.707107 0.707107  0.477980 0.679132 0
0  11.100000 4.400000 147.621017  0.000000 0.707107 0.707107  0.513298 0.656870 0
0  10.441154 7.621024 144.399994  0.000000 0.707107 0.707107  0.508736 0.679132 0
start_lights
0  11.100000 4.400000 147.621017  0.988974 0.128249 -0.074047  0.502120 0.753992 0
0  11.100000 4.100000 147.101410  0.989066 0.124810 -0.078551  0.498523 0.756065 0
0  10.441154 7.621024 144.399994  0.987778 0.084181 -0.131180  0.479687 0.731730 0
start_lights
0  11.100000 4.100000 147.101410  0.989066 0.124810 -0.078551  0.498523 0.756065 0
0  10.441154 7.101408 144.100006  0.987334 0.079324 -0.137400  0.477610 0.735322 0
0  10.441154 7.621024 144.399994  0.987778 0.084181 -0.131180  0.479687 0.731730 0
start_lights
0  11.100000 4.100000 147.101410  0.000000 -0.707106 -0.707107  0.850290 0.700777 0
0  6.000000 4.100000 147.101410  0.000000 -0.707106 -0.707107  0.885608 0.700777 0
0  6.000000 7.101408 144.100006  0.000000 -0.707106 -0.707107  0.885608 0.721521 0
start_lights
0  11.100000 4.100000 147.101410  0.000000 -0.707106 -0.707107  0.850290 0.700777 0
0  6.000000 7.101408 144.100006  0.000000 -0.707106 -0.707107  0.885608 0.721521 0
0  10.441154 7.101408 144.100006  0.000000 -0.707106 -0.707107  0.854852 0.721521 0
start_lights
0  6.000000 7.101408 144.100006  -1.000000 0.000000 0.000000  0.101272 0.877208 0
0  6.000000 4.100000 147.101410  -1.000000 0.000000 0.000000  0.122057 0.856464 0
0  6.000000 4.400000 147.621017  -1.000000 0.000000 0.000000  0.125656 0.858537 0
start_lights
0  6.000000 7.101408 144.100006  -1.000000 0.000000 0.000000  0.101272 0.877208 0
0  6.000000 4.400000 147.621017  -1.000000 0.000000 0.000000  0.125656 0.858537 0
0  6.000000 7.621024 144.399994  -1.000000 0.000000 0.000000  0.103350 0.880799 0
start_lights
0  6.000000 4.400000 147.621017  0.000000 -0.866022 0.500005  0.000000 0.964752 0
0  6.000000 4.100000 147.101410  0.000000 -0.866022 0.500005  0.003598 0.964752 0
0  11.100000 4.100000 147.101410  0.000000 -0.866022 0.500006  0.003598 1.000000 0
start_lights
0  6.000000 4.400000 147.621017  0.000000 -0.866022 0.500005  0.000000 0.964752 0
0  11.100000 4.100000 147.101410  0.000000 -0.866022 0.500006  0.003598 1.000000 0
0  11.100000 4.400000 147.621017  0.000000 -0.866022 0.500006  0.000000 1.000000 0
start_lights
0  6.000000 4.400000 147.621017  0.000000 0.258821 0.965925  0.477980 0.656870 0
0  6.000000 0.000000 148.800003  0.000000 0.258821 0.965925  0.477980 0.626460 0
0  12.000000 0.000000 148.800003  0.000000 0.258821 0.965925  0.519531 0.626460 0
start_lights
0  6.000000 4.400000 147.621017  0.000000 0.258821 0.965925  0.477980 0.656870 0
0  12.000000 0.000000 148.800003  0.000000 0.258821 0.965925  0.519531 0.626460 0
0  11.100000 4.400000 147.621017  0.000000 0.258821 0.965925  0.513298 0.656870 0
start_lights
0  12.000000 0.000000 148.800003  0.979715 0.200397 0.000000  0.510469 0.784402 0
0  12.000000 0.000000 148.199997  0.979881 0.199438 -0.007541  0.506315 0.784402 0
0  11.100000 4.400000 147.621017  0.977541 0.187211 -0.096775  0.502120 0.753992 0
start_lights
0  12.000000 0.000000 148.199997  0.979881 0.199438 -0.007541  0.506315 0.784402 0
0  11.100000 4.100000 147.101410  0.976746 0.185676 -0.107202  0.498523 0.756065 0
0  11.100000 4.400000 147.621017  0.977541 0.187211 -0.096775  0.502120 0.753992 0
start_lights
0  12.000000 0.000000 148.199997  0.000000 -0.258818 -0.965926  0.844057 0.672441 0
0  6.000000 0.000000 148.199997  0.000000 -0.258818 -0.965926  0.885608 0.672441 0
0  6.000000 4.100000 147.101410  0.000000 -0.258818 -0.965926  0.885608 0.700777 0
start_lights
0  12.000000 0.000000 148.199997  0.000000 -0.258818 -0.965926  0.844057 0.672441 0
0  6.000000 4.100000 147.101410  0.000000 -0.258818 -0.965926  0.885608 0.700777 0
0  11.100000 4.100000 147.101410  0.000000 -0.258818 -0.965926  0.850290 0.700777 0
start_lights
0  6.000000 4.100000 147.101410  -1.000000 0.000000 0.000000  0.122057 0.856464 0
0  6.000000 0.000000 148.199997  -1.000000 0.000000 0.000000  0.129665 0.828127 0
0  6.000000 0.000000 148.800003  -1.000000 0.000000 0.000000  0.133820 0.828127 0
start_lights
0  6.000000 4.100000 147.101410  -1.000000 0.000000 0.000000  0.122057 0.856464 0
0  6.000000 0.000000 148.800003  -1.000000 0.000000 0.000000  0.133820 0.828127 0
0  6.000000 4.400000 147.621017  -1.000000 0.000000 0.000000  0.125656 0.858537 0
start_lights
0  6.000000 0.000000 148.800003  0.000000 -1.000000 0.000000  0.975816 0.284694 0
0  6.000000 0.000000 148.199997  0.000000 -1.000000 0.000000  0.979971 0.284694 0
0  12.000000 0.000000 148.199997  0.000000 -1.000000 0.000000  0.979971 0.326162 0
start_lights
0  6.000000 0.000000 148.800003  0.000000 -1.000000 0.000000  0.975816 0.284694 0
0  12.000000 0.000000 148.199997  0.000000 -1.000000 0.000000  0.979971 0.326162 0
0  12.000000 0.000000 148.800003  0.000000 -1.000000 0.000000  0.975816 0.326162 0
start_lights
0  11.100000 -4.400000 147.621017  0.977542 -0.187209 -0.096774  0.502120 0.814812 0
0  12.000000 0.000000 148.199997  0.979881 -0.199438 -0.007541  0.506315 0.784402 0
0  12.000000 0.000000 148.800003  0.979715 -0.200397 0.000000  0.510469 0.784402 0
start_lights
0  6.000000 0.000000 148.800003  0.000000 -0.258821 0.965925  0.477980 0.626460 0
0  6.000000 -4.400000 147.621017  0.000000 -0.258821 0.965925  0.477980 0.596050 0
0  11.100000 -4.400000 147.621017  0.000000 -0.258821 0.965925  0.513298 0.596050 0
start_lights
0  6.000000 0.000000 148.800003  0.000000 -0.258821 0.965925  0.477980 0.626460 0
0  11.100000 -4.400000 147.621017  0.000000 -0.258821 0.965925  0.513298 0.596050 0
0  12.000000 0.000000 148.800003  0.000000 -0.258821 0.965925  0.519531 0.626460 0
start_lights
0  11.100000 -4.100000 147.101410  0.976746 -0.185673 -0.107200  0.498523 0.812739 0
0  12.000000 0.000000 148.199997  0.979881 -0.199438 -0.007541  0.506315 0.784402 0
0  11.100000 -4.400000 147.621017  0.977542 -0.187209 -0.096774  0.502120 0.814812 0
start_lights
0  6.000000 -4.400000 147.621017  0.000000 -0.866022 -0.500005  0.015188 0.964752 0
0  6.000000 -4.100000 147.101410  0.000000 -0.866022 -0.500005  0.018786 0.964752 0
0  11.100000 -4.100000 147.101410  0.000000 -0.866022 -0.500006  0.018786 1.000000 0
start_lights
0  6.000000 -4.400000 147.621017  0.000000 -0.866022 -0.500005  0.015188 0.964752 0
0  11.100000 -4.100000 147.101410  0.000000 -0.866022 -0.500006  0.018786 1.000000 0
0  11.100000 -4.400000 147.621017  0.000000 -0.866022 -0.500006  0.015188 1.000000 0
start_lights
0  11.100000 -4.100000 147.101410  0.000000 0.258818 -0.965926  0.850290 0.644104 0
0  6.000000 -4.100000 147.101410  0.000000 0.258818 -0.965926  0.885608 0.644104 0
0  6.000000 0.000000 148.199997  0.000000 0.258818 -0.965926  0.885608 0.672441 0
start_lights
0  11.100000 -4.100000 147.101410  0.000000 0.258818 -0.965926  0.850290 0.644104 0
0  6.000000 0.000000 148.199997  0.000000 0.258818 -0.965926  0.885608 0.672441 0
0  12.000000 0.000000 148.199997  0.000000 0.258818 -0.965926  0.844057 0.672441 0
start_lights
0  6.000000 0.000000 148.199997  -1.000000 0.000000 0.000000  0.129665 0.828127 0
0  6.000000 -4.100000 147.101410  -1.000000 0.000000 0.000000  0.122057 0.799790 0
0  6.000000 -4.400000 147.621017  -1.000000 0.000000 0.000000  0.125656 0.797717 0
start_lights
0  6.000000 0.000000 148.199997  -1.000000 0.000000 0.000000  0.129665 0.828127 0
0  6.000000 -4.400000 147.621017  -1.000000 0.000000 0.000000  0.125656 0.797717 0
0  6.000000 0.000000 148.800003  -1.000000 0.000000 0.000000  0.133820 0.828127 0
start_lights
0  11.100000 -4.400000 147.621017  0.988974 -0.128249 -0.074047  0.502120 0.814812 0
0  10.441154 -7.621024 144.399994  0.987778 -0.084182 -0.131181  0.479687 0.837074 0
0  11.100000 -4.100000 147.101410  0.989066 -0.124810 -0.078551  0.498523 0.812739 0
start_lights
0  10.441154 -7.621024 144.399994  0.987778 -0.084182 -0.131181  0.479687 0.837074 0
0  10.441154 -7.101408 144.100006  0.987334 -0.079326 -0.137401  0.477610 0.833483 0
0  11.100000 -4.100000 147.101410  0.989066 -0.124810 -0.078551  0.498523 0.812739 0
start_lights
0  10.441154 -7.101408 144.100006  0.000000 0.707106 -0.707107  0.854852 0.623360 0
0  6.000000 -7.101408 144.100006  0.000000 0.707106 -0.707107  0.885608 0.623360 0
0  6.000000 -4.100000 147.101410  0.000000 0.707106 -0.707107  0.885608 0.644104 0
start_lights
0  10.441154 -7.101408 144.100006  0.000000 0.707106 -0.707107  0.854852 0.623360 0
0  6.000000 -4.100000 147.101410  0.000000 0.707106 -0.707107  0.885608 0.644104 0
0  11.100000 -4.100000 147.101410  0.000000 0.707106 -0.707107  0.850290 0.644104 0
start_lights
0  6.000000 -4.100000 147.101410  0.000000 0.866022 0.500006  0.971027 0.995523 0
0  6.000000 -4.400000 147.621017  0.000000 0.866022 0.500006  0.967428 0.995523 0
0  11.100000 -4.400000 147.621017  0.000000 0.866022 0.500005  0.967428 0.960275 0
start_lights
0  6.000000 -4.100000 147.101410  0.000000 0.866022 0.500006  0.971027 0.995523 0
0  11.100000 -4.400000 147.621017  0.000000 0.866022 0.500005  0.967428 0.960275 0
0  11.100000 -4.100000 147.101410  0.000000 0.866022 0.500005  0.971027 0.960275 0
start_lights
0  6.000000 -4.400000 147.621017  0.000000 -0.707107 0.707107  0.477980 0.596050 0
0  6.000000 -7.621024 144.399994  0.000000 -0.707107 0.707107  0.477980 0.573788 0
0  10.441154 -7.621024 144.399994  0.000000 -0.707107 0.707107  0.508736 0.573788 0
start_lights
0  6.000000 -4.400000 147.621017  0.000000 -0.707107 0.707107  0.477980 0.596050 0
0  10.441154 -7.621024 144.399994  0.000000 -0.707107 0.707107  0.508736 0.573788 0
0  11.100000 -4.400000 147.621017  0.000000 -0.707107 0.707107  0.513298 0.596050 0
start_lights
0  6.000000 -7.621024 144.399994  0.000000 -0.499985 -0.866034  0.885608 0.619769 0
0  6.000000 -7.101408 144.100006  0.000000 -0.499984 -0.866034  0.885608 0.623360 0
0  10.441154 -7.101408 144.100006  0.000000 -0.499986 -0.866034  0.854852 0.623360 0
start_lights
0  6.000000 -7.621024 144.399994  0.000000 -0.499985 -0.866034  0.885608 0.619769 0
0  10.441154 -7.101408 144.100006  0.000000 -0.499986 -0.866034  0.854852 0.623360 0
0  10.441154 -7.621024 144.399994  0.000000 -0.499986 -0.866034  0.854852 0.619769 0
start_lights
0  6.000000 -7.101408 144.100006  -1.000000 0.000000 0.000000  0.101272 0.779046 0
0  6.000000 -7.621024 144.399994  -1.000000 0.000000 0.000000  0.103349 0.775455 0
0  6.000000 -4.400000 147.621017  -1.000000 0.000000 0.000000  0.125656 0.797717 0
start_lights
0  6.000000 -7.101408 144.100006  -1.000000 0.000000 0.000000  0.101272 0.779046 0
0  6.000000 -4.400000 147.621017  -1.000000 0.000000 0.000000  0.125656 0.797717 0
0  6.000000 -4.100000 147.101410  -1.000000 0.000000 0.000000  0.122057 0.799790 0
start_lights
0  6.000000 -8.200000 140.000000  0.000000 0.000000 -1.000000  0.096953 0.964752 0
0  10.200000 -8.200000 140.000000  0.000000 0.000000 -1.000000  0.096953 0.993780 0
0  10.200000 -8.800000 140.000000  0.000000 0.000000 -1.000000  0.092798 0.993780 0
start_lights
0  6.000000 -8.200000 140.000000  0.000000 0.000000 -1.000000  0.096953 0.964752 0
0  10.200000 -8.800000 140.000000  0.000000 0.000000 -1.000000  0.092798 0.993780 0
0  6.000000 -8.800000 140.000000  0.000000 0.000000 -1.000000  0.092798 0.964752 0
start_lights
0  10.200000 -8.800000 140.000000  0.000000 -0.965926 0.258819  0.874488 0.971295 0
0  10.441154 -7.621024 144.399994  0.000000 -0.965926 0.258820  0.844017 0.972961 0
0  6.000000 -7.621024 144.399994  0.000000 -0.965926 0.258819  0.844017 0.942267 0
start_lights
0  10.200000 -8.800000 140.000000  0.000000 -0.965926 0.258819  0.874488 0.971295 0
0  6.000000 -7.621024 144.399994  0.000000 -0.965926 0.258819  0.844017 0.942267 0
0  6.000000 -8.800000 140.000000  0.000000 -0.965926 0.258819  0.874488 0.942267 0
start_lights
0  6.000000 -7.621024 144.399994  -1.000000 0.000000 0.000000  0.103349 0.775455 0
0  6.000000 -7.101408 144.100006  -1.000000 0.000000 0.000000  0.101272 0.779046 0
0  6.000000 -8.200000 140.000000  -1.000000 0.000000 0.000000  0.072879 0.771453 0
start_lights
0  6.000000 -7.621024 144.399994  -1.000000 0.000000 0.000000  0.103349 0.775455 0
0  6.000000 -8.200000 140.000000  -1.000000 0.000000 0.000000  0.072879 0.771453 0
0  6.000000 -8.800000 140.000000  -1.000000 0.000000 0.000000  0.072879 0.767307 0
start_lights
0  6.000000 -7.101408 144.100006  0.000000 0.965926 -0.258819  0.285196 0.975253 0
0  10.441154 -7.101408 144.100006  0.000000 0.965926 -0.258819  0.285196 0.944559 0
0  10.200000 -8.200000 140.000000  0.000000 0.965926 -0.258819  0.313590 0.946225 0
start_lights
0  6.000000 -7.101408 144.100006  0.000000 0.965926 -0.258819  0.285196 0.975253 0
0  10.200000 -8.200000 140.000000  0.000000 0.965926 -0.258819  0.313590 0.946225 0
0  6.000000 -8.200000 140.000000  0.000000 0.965926 -0.258818  0.313590 0.975253 0
start_lights
0  10.200000 -8.200000 140.000000  0.998275 0.000000 -0.058717  0.449179 0.841076 0
0  10.441154 -7.101408 144.100006  0.998514 -0.025409 -0.048204  0.477610 0.833483 0
0  10.200000 -8.800000 140.000000  0.998337 -0.002732 -0.057589  0.449179 0.845222 0
start_lights
0  10.441154 -7.101408 144.100006  0.998514 -0.025409 -0.048204  0.477610 0.833483 0
0  10.441154 -7.621024 144.399994  0.998501 -0.027361 -0.047394  0.479687 0.837074 0
0  10.200000 -8.800000 140.000000  0.998337 -0.002732 -0.057589  0.449179 0.845222 0
start_lights
0  10.441154 -7.621024 144.399994  0.000000 0.499985 0.866034  0.508736 0.573788 0
0  10.441154 -7.101408 144.100006  0.000000 0.499984 0.866034  0.508736 0.577379 0
0  6.000000 -7.101408 144.100006  0.000000 0.499986 0.866034  0.477980 0.577379 0
start_lights
0  10.441154 -7.621024 144.399994  0.000000 0.499985 0.866034  0.508736 0.573788 0
0  6.000000 -7.101408 144.100006  0.000000 0.499986 0.866034  0.477980 0.577379 0
0  6.000000 -7.621024 144.399994  0.000000 0.499986 0.866034  0.477980 0.573788 0
start_lights
0  6.000000 8.800000 122.000000  0.000000 0.000000 -1.000000  0.065463 0.964752 0
0  10.200000 8.800000 122.000000  0.000000 0.000000 -1.000000  0.065463 0.993780 0
0  10.200000 8.200000 122.000000  0.000000 0.000000 -1.000000  0.061308 0.993780 0
start_lights
0  6.000000 8.800000 122.000000  0.000000 0.000000 -1.000000  0.065463 0.964752 0
0  10.200000 8.200000 122.000000  0.000000 0.000000 -1.000000  0.061308 0.993780 0
0  6.000000 8.200000 122.000000  0.000000 0.000000 -1.000000  0.061308 0.964752 0
start_lights
0  10.200000 8.200000 122.000000  0.000000 -0.965926 -0.258819  0.053141 0.953186 0
0  10.441154 7.101408 126.099998  0.000000 -0.965926 -0.258819  0.051471 0.924849 0
0  6.000000 7.101408 126.099998  0.000000 -0.965926 -0.258819  0.082226 0.924849 0
start_lights
0  10.200000 8.200000 122.000000  0.000000 -0.965926 -0.258819  0.053141 0.953186 0
0  6.000000 7.101408 126.099998  0.000000 -0.965926 -0.258819  0.082226 0.924849 0
0  6.000000 8.200000 122.000000  0.000000 -0.965926 -0.258819  0.082226 0.953186 0
start_lights
0  6.000000 7.101408 126.099998  -1.000000 0.000000 0.000000  0.872411 0.850721 0
0  6.000000 7.621024 126.400002  -1.000000 0.000000 0.000000  0.874488 0.854312 0
0  6.000000 8.800000 122.000000  -1.000000 0.000000 0.000000  0.844017 0.862460 0
start_lights
0  6.000000 7.101408 126.099998  -1.000000 0.000000 0.000000  0.872411 0.850721 0
0  6.000000 8.800000 122.000000  -1.000000 0.000000 0.000000  0.844017 0.862460 0
0  6.000000 8.200000 122.000000  -1.000000 0.000000 0.000000  0.844017 0.858314 0
start_lights
0  6.000000 7.621024 126.400002  0.000000 0.965926 0.258819  0.449179 0.968164 0
0  10.441154 7.621024 126.400002  0.000000 0.965926 0.258819  0.449179 0.937469 0
0  10.200000 8.800000 122.000000  0.000000 0.965926 0.258819  0.479650 0.939136 0
start_lights
0  6.000000 7.621024 126.400002  0.000000 0.965926 0.258819  0.449179 0.968164 0
0  10.200000 8.800000 122.000000  0.000000 0.965926 0.258819  0.479650 0.939136 0
0  6.000000 8.800000 122.000000  0.000000 0.965926 0.258819  0.479650 0.968164 0
start_lights
0  10.200000 8.800000 122.000000  0.998337 0.002733 -0.057588  0.000000 0.767307 0
0  10.441154 7.101408 126.099998  0.998514 0.025412 -0.048204  0.028431 0.779046 0
0  10.200000 8.200000 122.000000  0.998275 0.000000 -0.058716  0.000000 0.771453 0
start_lights
0  10.441154 7.101408 126.099998  0.000000 -0.500005 0.866023  0.139298 0.691619 0
0  10.441154 7.621024 126.400002  0.000000 -0.500005 0.866023  0.139298 0.695211 0
0  6.000000 7.621024 126.400002  0.000000 -0.500004 0.866023  0.108542 0.695211 0
start_lights
0  10.441154 7.101408 126.099998  0.000000 -0.500005 0.866023  0.139298 0.691619 0
0  6.000000 7.621024 126.400002  0.000000 -0.500004 0.866023  0.108542 0.695211 0
0  6.000000 7.101408 126.099998  0.000000 -0.500003 0.866023  0.108542 0.691619 0
start_lights
0  10.441154 7.621024 126.400002  0.998501 0.027364 -0.047394  0.030507 0.775455 0
0  10.441154 7.101408 126.099998  0.998514 0.025412 -0.048204  0.028431 0.779046 0
0  10.200000 8.800000 122.000000  0.998337 0.002733 -0.057588  0.000000 0.767307 0
start_lights
0  6.000000 7.621024 126.400002  0.000000 0.707106 0.707108  0.108542 0.695211 0
0  6.000000 4.400000 129.621017  0.000000 0.707106 0.707108  0.108542 0.672949 0
0  11.100000 4.400000 129.621017  0.000000 0.707106 0.707108  0.143860 0.672949 0
start_lights
0  6.000000 7.621024 126.400002  0.000000 0.707106 0.707108  0.108542 0.695211 0
0  11.100000 4.400000 129.621017  0.000000 0.707106 0.707108  0.143860 0.672949 0
0  10.441154 7.621024 126.400002  0.000000 0.707106 0.707108  0.139298 0.695211 0
start_lights
0  11.100000 4.400000 129.621017  0.988975 0.128245 -0.074043  0.052941 0.797717 0
0  11.100000 4.100000 129.101410  0.989067 0.124806 -0.078548  0.049344 0.799790 0
0  10.441154 7.621024 126.400002  0.987777 0.084188 -0.131184  0.030507 0.775455 0
start_lights
0  11.100000 4.100000 129.101410  0.989067 0.124806 -0.078548  0.049344 0.799790 0
0  10.441154 7.101408 126.099998  0.987333 0.079333 -0.137405  0.028431 0.779046 0
0  10.441154 7.621024 126.400002  0.987777 0.084188 -0.131184  0.030507 0.775455 0
start_lights
0  11.100000 4.100000 129.101410  0.000000 -0.707107 -0.707106  0.046908 0.904105 0
0  6.000000 4.100000 129.101410  0.000000 -0.707107 -0.707106  0.082226 0.904105 0
0  6.000000 7.101408 126.099998  0.000000 -0.707107 -0.707106  0.082226 0.924849 0
start_lights
0  11.100000 4.100000 129.101410  0.000000 -0.707107 -0.707106  0.046908 0.904105 0
0  6.000000 7.101408 126.099998  0.000000 -0.707107 -0.707106  0.082226 0.924849 0
0  10.441154 7.101408 126.099998  0.000000 -0.707107 -0.707106  0.051471 0.924849 0
start_lights
0  6.000000 7.101408 126.099998  -1.000000 0.000000 0.000000  0.872411 0.850721 0
0  6.000000 4.100000 129.101410  -1.000000 0.000000 0.000000  0.893196 0.829977 0
0  6.000000 4.400000 129.621017  -1.000000 0.000000 0.000000  0.896794 0.832050 0
start_lights
0  6.000000 7.101408 126.099998  -1.000000 0.000000 0.000000  0.872411 0.850721 0
0  6.000000 4.400000 129.621017  -1.000000 0.000000 0.000000  0.896794 0.832050 0
0  6.000000 7.621024 126.400002  -1.000000 0.000000 0.000000  0.874488 0.854312 0
start_lights
0  6.000000 4.400000 129.621017  0.000000 -0.866022 0.500005  0.082226 0.900514 0
0  6.000000 4.100000 129.101410  0.000000 -0.866022 0.500005  0.082226 0.904105 0
0  11.100000 4.100000 129.101410  0.000000 -0.866022 0.500006  0.046908 0.904105 0
start_lights
0  6.000000 4.400000 129.621017  0.000000 -0.866022 0.500005  0.082226 0.900514 0
0  11.100000 4.100000 129.101410  0.000000 -0.866022 0.500006  0.046908 0.904105 0
0  11.100000 4.400000 129.621017  0.000000 -0.866022 0.500006  0.046908 0.900514 0
start_lights
0  6.000000 4.400000 129.621017  0.000000 0.258821 0.965925  0.108542 0.672949 0
0  6.000000 0.000000 130.800003  0.000000 0.258821 0.965925  0.108542 0.642539 0
0  12.000000 0.000000 130.800003  0.000000 0.258821 0.965925  0.150093 0.642539 0
start_lights
0  6.000000 4.400000 129.621017  0.000000 0.258821 0.965925  0.108542 0.672949 0
0  12.000000 0.000000 130.800003  0.000000 0.258821 0.965925  0.150093 0.642539 0
0  11.100000 4.400000 129.621017  0.000000 0.258821 0.965925  0.143860 0.672949 0
start_lights
0  12.000000 0.000000 130.800003  0.979715 0.200397 0.000000  0.061289 0.828127 0
0  12.000000 0.000000 130.199997  0.979881 0.199438 -0.007541  0.057136 0.828127 0
0  11.100000 4.400000 129.621017  0.977542 0.187206 -0.096772  0.052941 0.797717 0
start_lights
0  12.000000 0.000000 130.199997  0.979881 0.199438 -0.007541  0.057136 0.828127 0
0  11.100000 4.100000 129.101410  0.976747 0.185670 -0.107198  0.049344 0.799790 0
0  11.100000 4.400000 129.621017  0.977542 0.187206 -0.096772  0.052941 0.797717 0
start_lights
0  12.000000 0.000000 130.199997  0.000000 -0.258818 -0.965926  0.844017 0.902363 0
0  6.000000 0.000000 130.199997  0.000000 -0.258818 -0.965926  0.885568 0.902363 0
0  6.000000 4.100000 129.101410  0.000000 -0.258818 -0.965926  0.885568 0.930700 0
start_lights
0  12.000000 0.000000 130.199997  0.000000 -0.258818 -0.965926  0.844017 0.902363 0
0  6.000000 4.100000 129.101410  0.000000 -0.258818 -0.965926  0.885568 0.930700 0
0  11.100000 4.100000 129.101410  0.000000 -0.258818 -0.965926  0.850250 0.930700 0
start_lights
0  6.000000 4.100000 129.101410  -1.000000 0.000000 0.000000  0.893196 0.829977 0
0  6.000000 0.000000 130.199997  -1.000000 0.000000 0.000000  0.900804 0.801640 0
0  6.000000 0.000000 130.800003  -1.000000 0.000000 0.000000  0.904959 0.801640 0
start_lights
0  6.000000 4.100000 129.101410  -1.000000 0.000000 0.000000  0.893196 0.829977 0
0  6.000000 0.000000 130.800003  -1.000000 0.000000 0.000000  0.904959 0.801640 0
0  6.000000 4.400000 129.621017  -1.000000 0.000000 0.000000  0.896794 0.832050 0
start_lights
0  6.000000 0.000000 130.800003  0.000000 -1.000000 0.000000  0.916549 0.945905 0
0  6.000000 0.000000 130.199997  0.000000 -1.000000 0.000000  0.920704 0.945905 0
0  12.000000 0.000000 130.199997  0.000000 -1.000000 0.000000  0.920704 0.987374 0
start_lights
0  6.000000 0.000000 130.800003  0.000000 -1.000000 0.000000  0.916549 0.945905 0
0  12.000000 0.000000 130.199997  0.000000 -1.000000 0.000000  0.920704 0.987374 0
0  12.000000 0.000000 130.800003  0.000000 -1.000000 0.000000  0.916549 0.987374 0
start_lights
0  11.100000 -4.400000 129.621017  0.977542 -0.187209 -0.096774  0.052941 0.858537 0
0  12.000000 0.000000 130.199997  0.979881 -0.199438 -0.007541  0.057136 0.828127 0
0  12.000000 0.000000 130.800003  0.979715 -0.200397 0.000000  0.061289 0.828127 0
start_lights
0  6.000000 0.000000 130.800003  0.000000 -0.258821 0.965925  0.108542 0.642539 0
0  6.000000 -4.400000 129.621017  0.000000 -0.258821 0.965925  0.108542 0.612129 0
0  11.100000 -4.400000 129.621017  0.000000 -0.258821 0.965925  0.143860 0.612129 0
start_lights
0  6.000000 0.000000 130.800003  0.000000 -0.258821 0.965925  0.108542 0.642539 0
0  11.100000 -4.400000 129.621017  0.000000 -0.258821 0.965925  0.143860 0.612129 0
0  12.000000 0.000000 130.800003  0.000000 -0.258821 0.965925  0.150093 0.642539 0
start_lights
0  11.100000 -4.100000 129.101410  0.976746 -0.185673 -0.107200  0.049344 0.856464 0
0  12.000000 0.000000 130.199997  0.979881 -0.199438 -0.007541  0.057136 0.828127 0
0  11.100000 -4.400000 129.621017  0.977542 -0.187209 -0.096774  0.052941 0.858537 0
start_lights
0  6.000000 -4.400000 129.621017  0.000000 -0.866022 -0.500005  0.996402 0.053035 0
0  6.000000 -4.100000 129.101410  0.000000 -0.866022 -0.500005  1.000000 0.053035 0
0  11.100000 -4.100000 129.101410  0.000000 -0.866022 -0.500006  1.000000 0.088283 0
start_lights
0  6.000000 -4.400000 129.621017  0.000000 -0.866022 -0.500005  0.996402 0.053035 0
0  11.100000 -4.100000 129.101410  0.000000 -0.866022 -0.500006  1.000000 0.088283 0
0  11.100000 -4.400000 129.621017  0.000000 -0.866022 -0.500006  0.996402 0.088283 0
start_lights
0  11.100000 -4.100000 129.101410  0.000000 0.258818 -0.965926  0.850250 0.874027 0
0  6.000000 -4.100000 129.101410  0.000000 0.258818 -0.965926  0.885568 0.874027 0
0  6.000000 0.000000 130.199997  0.000000 0.258818 -0.965926  0.885568 0.902363 0
start_lights
0  11.100000 -4.100000 129.101410  0.000000 0.258818 -0.965926  0.850250 0.874027 0
0  6.000000 0.000000 130.199997  0.000000 0.258818 -0.965926  0.885568 0.902363 0
0  12.000000 0.000000 130.199997  0.000000 0.258818 -0.965926  0.844017 0.902363 0
start_lights
0  6.000000 0.000000 130.199997  -1.000000 0.000000 0.000000  0.900804 0.801640 0
0  6.000000 -4.100000 129.101410  -1.000000 0.000000 0.000000  0.893196 0.773303 0
0  6.000000 -4.400000 129.621017  -1.000000 0.000000 0.000000  0.896794 0.771230 0
start_lights
0  6.000000 0.000000 130.199997  -1.000000 0.000000 0.000000  0.900804 0.801640 0
0  6.000000 -4.400000 129.621017  -1.000000 0.000000 0.000000  0.896794 0.771230 0
0  6.000000 0.000000 130.800003  -1.000000 0.000000 0.000000  0.904959 0.801640 0
start_lights
0  11.100000 -4.400000 129.621017  0.988975 -0.128245 -0.074043  0.052941 0.858537 0
0  10.441154 -7.621024 126.400002  0.987777 -0.084186 -0.131183  0.030507 0.880799 0
0  11.100000 -4.100000 129.101410  0.989067 -0.124806 -0.078548  0.049344 0.856464 0
start_lights
0  10.441154 -7.621024 126.400002  0.987777 -0.084186 -0.131183  0.030507 0.880799 0
0  10.441154 -7.101408 126.099998  0.987333 -0.079331 -0.137405  0.028431 0.877208 0
0  11.100000 -4.100000 129.101410  0.989067 -0.124806 -0.078548  0.049344 0.856464 0
start_lights
0  10.441154 -7.101408 126.099998  0.000000 0.707107 -0.707106  0.124572 0.924849 0
0  6.000000 -7.101408 126.099998  0.000000 0.707107 -0.707106  0.093816 0.924849 0
0  6.000000 -4.100000 129.101410  0.000000 0.707107 -0.707106  0.093816 0.904105 0
start_lights
0  10.441154 -7.101408 126.099998  0.000000 0.707107 -0.707106  0.124572 0.924849 0
0  6.000000 -4.100000 129.101410  0.000000 0.707107 -0.707106  0.093816 0.904105 0
0  11.100000 -4.100000 129.101410  0.000000 0.707107 -0.707106  0.129134 0.904105 0
start_lights
0  6.000000 -4.100000 129.101410  0.000000 0.866022 0.500006  0.093816 0.904105 0
0  6.000000 -4.400000 129.621017  0.000000 0.866022 0.500006  0.093816 0.900514 0
0  11.100000 -4.400000 129.621017  0.000000 0.866022 0.500005  0.129134 0.900514 0
start_lights
0  6.000000 -4.100000 129.101410  0.000000 0.866022 0.500006  0.093816 0.904105 0
0  11.100000 -4.400000 129.621017  0.000000 0.866022 0.500005  0.129134 0.900514 0
0  11.100000 -4.100000 129.101410  0.000000 0.866022 0.500005  0.129134 0.904105 0
start_lights
0  6.000000 -4.400000 129.621017  0.000000 -0.707106 0.707108  0.108542 0.612129 0
0  6.000000 -7.621024 126.400002  0.000000 -0.707106 0.707108  0.108542 0.589867 0
0  10.441154 -7.621024 126.400002  0.000000 -0.707106 0.707108  0.139298 0.589867 0
start_lights
0  6.000000 -4.400000 129.621017  0.000000 -0.707106 0.707108  0.108542 0.612129 0
0  10.441154 -7.621024 126.400002  0.000000 -0.707106 0.707108  0.139298 0.589867 0
0  11.100000 -4.400000 129.621017  0.000000 -0.707106 0.707108  0.143860 0.612129 0
start_lights
0  6.000000 -7.621024 126.400002  0.000000 -0.500004 -0.866023  0.641923 0.559457 0
0  6.000000 -7.101408 126.099998  0.000000 -0.500003 -0.866023  0.645522 0.559457 0
0  10.441154 -7.101408 126.099998  0.000000 -0.500005 -0.866023  0.645522 0.590151 0
start_lights
0  6.000000 -7.621024 126.400002  0.000000 -0.500004 -0.866023  0.641923 0.559457 0
0  10.441154 -7.101408 126.099998  0.000000 -0.500005 -0.866023  0.645522 0.590151 0
0  10.441154 -7.621024 126.400002  0.000000 -0.500005 -0.866023  0.641923 0.590151 0
start_lights
0  6.000000 -7.101408 126.099998  -1.000000 0.000000 0.000000  0.872411 0.752559 0
0  6.000000 -7.621024 126.400002  -1.000000 0.000000 0.000000  0.874488 0.748968 0
0  6.000000 -4.400000 129.621017  -1.000000 0.000000 0.000000  0.896794 0.771230 0
start_lights
0  6.000000 -7.101408 126.099998  -1.000000 0.000000 0.000000  0.872411 0.752559 0
0  6.000000 -4.400000 129.621017  -1.000000 0.000000 0.000000  0.896794 0.771230 0
0  6.000000 -4.100000 129.101410  -1.000000 0.000000 0.000000  0.893196 0.773303 0
start_lights
0  6.000000 -8.200000 122.000000  0.000000 0.000000 -1.000000  0.112697 0.964752 0
0  10.200000 -8.200000 122.000000  0.000000 0.000000 -1.000000  0.112697 0.993780 0
0  10.200000 -8.800000 122.000000  0.000000 0.000000 -1.000000  0.108542 0.993780 0
start_lights
0  6.000000 -8.200000 122.000000  0.000000 0.000000 -1.000000  0.112697 0.964752 0
0  10.200000 -8.800000 122.000000  0.000000 0.000000 -1.000000  0.108542 0.993780 0
0  6.000000 -8.800000 122.000000  0.000000 0.000000 -1.000000  0.108542 0.964752 0
start_lights
0  10.200000 -8.800000 122.000000  0.000000 -0.965926 0.258819  0.194414 0.970229 0
0  10.441154 -7.621024 126.400002  0.000000 -0.965926 0.258819  0.163943 0.971896 0
0  6.000000 -7.621024 126.400002  0.000000 -0.965926 0.258819  0.163943 0.941201 0
start_lights
0  10.200000 -8.800000 122.000000  0.000000 -0.965926 0.258819  0.194414 0.970229 0
0  6.000000 -7.621024 126.400002  0.000000 -0.965926 0.258819  0.163943 0.941201 0
0  6.000000 -8.800000 122.000000  0.000000 -0.965926 0.258819  0.194414 0.941201 0
start_lights
0  6.000000 -7.621024 126.400002  -1.000000 0.000000 0.000000  0.874488 0.748968 0
0  6.000000 -7.101408 126.099998  -1.000000 0.000000 0.000000  0.872411 0.752559 0
0  6.000000 -8.200000 122.000000  -1.000000 0.000000 0.000000  0.844017 0.744967 0
start_lights
0  6.000000 -7.621024 126.400002  -1.000000 0.000000 0.000000  0.874488 0.748968 0
0  6.000000 -8.200000 122.000000  -1.000000 0.000000 0.000000  0.844017 0.744967 0
0  6.000000 -8.800000 122.000000  -1.000000 0.000000 0.000000  0.844017 0.740820 0
start_lights
0  6.000000 -7.101408 126.099998  0.000000 0.965926 -0.258819  0.093816 0.924849 0
0  10.441154 -7.101408 126.099998  0.000000 0.965926 -0.258819  0.124572 0.924849 0
0  10.200000 -8.200000 122.000000  0.000000 0.965926 -0.258819  0.122902 0.953186 0
start_lights
0  6.000000 -7.101408 126.099998  0.000000 0.965926 -0.258819  0.093816 0.924849 0
0  10.200000 -8.200000 122.000000  0.000000 0.965926 -0.258819  0.122902 0.953186 0
0  6.000000 -8.200000 122.000000  0.000000 0.965926 -0.258819  0.093816 0.953186 0
start_lights
0  10.200000 -8.200000 122.000000  0.998275 0.000000 -0.058716  0.000000 0.884800 0
0  10.441154 -7.101408 126.099998  0.998514 -0.025412 -0.048204  0.028431 0.877208 0
0  10.200000 -8.800000 122.000000  0.998337 -0.002733 -0.057588  0.000000 0.888947 0
start_lights
0  10.441154 -7.101408 126.099998  0.998514 -0.025412 -0.048204  0.028431 0.877208 0
0  10.441154 -7.621024 126.400002  0.998501 -0.027364 -0.047394  0.030507 0.880799 0
0  10.200000 -8.800000 122.000000  0.998337 -0.002733 -0.057588  0.000000 0.888947 0
start_lights
0  10.441154 -7.621024 126.400002  0.000000 0.500004 0.866023  0.139298 0.589867 0
0  10.441154 -7.101408 126.099998  0.000000 0.500003 0.866023  0.139298 0.593458 0
0  6.000000 -7.101408 126.099998  0.000000 0.500005 0.866023  0.108542 0.593458 0
start_lights
0  10.441154 -7.621024 126.400002  0.000000 0.500004 0.866023  0.139298 0.589867 0
0  6.000000 -7.101408 126.099998  0.000000 0.500005 0.866023  0.108542 0.593458 0
0  6.000000 -7.621024 126.400002  0.000000 0.500005 0.866023  0.108542 0.589867 0
start_lights
0  6.000000 8.800000 104.000000  0.000000 0.000000 -1.000000  0.081208 0.964752 0
0  10.200000 8.800000 104.000000  0.000000 0.000000 -1.000000  0.081208 0.993780 0
0  10.200000 8.200000 104.000000  0.000000 0.000000 -1.000000  0.077053 0.993780 0
start_lights
0  6.000000 8.800000 104.000000  0.000000 0.000000 -1.000000  0.081208 0.964752 0
0  10.200000 8.200000 104.000000  0.000000 0.000000 -1.000000  0.077053 0.993780 0
0  6.000000 8.200000 104.000000  0.000000 0.000000 -1.000000  0.077053 0.964752 0
start_lights
0  10.200000 8.200000 104.000000  0.000000 -0.965926 -0.258819  0.006233 0.953186 0
0  10.441154 7.101408 108.099998  0.000000 -0.965926 -0.258819  0.004563 0.924849 0
0  6.000000 7.101408 108.099998  0.000000 -0.965926 -0.258819  0.035318 0.924849 0
start_lights
0  10.200000 8.200000 104.000000  0.000000 -0.965926 -0.258819  0.006233 0.953186 0
0  6.000000 7.101408 108.099998  0.000000 -0.965926 -0.258819  0.035318 0.924849 0
0  6.000000 8.200000 104.000000  0.000000 -0.965926 -0.258819  0.035318 0.953186 0
start_lights
0  6.000000 7.101408 108.099998  -1.000000 0.000000 0.000000  0.356280 0.954534 0
0  6.000000 7.621024 108.400002  -1.000000 0.000000 0.000000  0.358358 0.958125 0
0  6.000000 8.800000 104.000000  -1.000000 0.000000 0.000000  0.327887 0.966273 0
start_lights
0  6.000000 7.101408 108.099998  -1.000000 0.000000 0.000000  0.356280 0.954534 0
0  6.000000 8.800000 104.000000  -1.000000 0.000000 0.000000  0.327887 0.966273 0
0  6.000000 8.200000 104.000000  -1.000000 0.000000 0.000000  0.327887 0.962127 0
start_lights
0  6.000000 7.621024 108.400002  0.000000 0.965926 0.258819  0.400418 0.964138 0
0  10.441154 7.621024 108.400002  0.000000 0.965926 0.258819  0.400418 0.933443 0
0  10.200000 8.800000 104.000000  0.000000 0.965926 0.258819  0.430889 0.935110 0
start_lights
0  6.000000 7.621024 108.400002  0.000000 0.965926 0.258819  0.400418 0.964138 0
0  10.200000 8.800000 104.000000  0.000000 0.965926 0.258819  0.430889 0.935110 0
0  6.000000 8.800000 104.000000  0.000000 0.965926 0.258819  0.430889 0.964138 0
start_lights
0  10.200000 8.800000 104.000000  0.998337 0.002733 -0.057588  0.641923 0.426250 0
0  10.441154 7.101408 108.099998  0.998514 0.025412 -0.048203  0.670354 0.437990 0
0  10.200000 8.200000 104.000000  0.998275 0.000000 -0.058717  0.641923 0.430397 0
start_lights
0  10.441154 7.101408 108.099998  0.000000 -0.500005 0.866023  0.692417 0.866295 0
0  10.441154 7.621024 108.400002  0.000000 -0.500005 0.866023  0.692417 0.869886 0
0  6.000000 7.621024 108.400002  0.000000 -0.500004 0.866023  0.661662 0.869886 0
start_lights
0  10.441154 7.101408 108.099998  0.000000 -0.500005 0.866023  0.692417 0.866295 0
0  6.000000 7.621024 108.400002  0.000000 -0.500004 0.866023  0.661662 0.869886 0
0  6.000000 7.101408 108.099998  0.000000 -0.500003 0.866023  0.661662 0.866295 0
start_lights
0  10.441154 7.621024 108.400002  0.998501 0.027364 -0.047394  0.672431 0.434398 0
0  10.441154 7.101408 108.099998  0.998514 0.025412 -0.048203  0.670354 0.437990 0
0  10.200000 8.800000 104.000000  0.998337 0.002733 -0.057588  0.641923 0.426250 0
start_lights
0  10.441154 7.101408 108.099998  0.000000 -0.707107 -0.707106  0.004563 0.924849 0
0  11.100000 4.100000 111.101410  0.000000 -0.707107 -0.707106  0.000000 0.904105 0
0  6.000000 4.100000 111.101410  0.000000 -0.707107 -0.707106  0.035318 0.904105 0
start_lights
0  10.441154 7.101408 108.099998  0.000000 -0.707107 -0.707106  0.004563 0.924849 0
0  6.000000 4.100000 111.101410  0.000000 -0.707107 -0.707106  0.035318 0.904105 0
0  6.000000 7.101408 108.099998  0.000000 -0.707107 -0.707106  0.035318 0.924849 0
start_lights
0  6.000000 4.100000 111.101410  -1.000000 0.000000 0.000000  0.377065 0.933790 0
0  6.000000 4.400000 111.621025  -1.000000 0.000000 0.000000  0.380664 0.935863 0
0  6.000000 7.621024 108.400002  -1.000000 0.000000 0.000000  0.358358 0.958125 0
start_lights
0  6.000000 4.100000 111.101410  -1.000000 0.000000 0.000000  0.377065 0.933790 0
0  6.000000 7.621024 108.400002  -1.000000 0.000000 0.000000  0.358358 0.958125 0
0  6.000000 7.101408 108.099998  -1.000000 0.000000 0.000000  0.356280 0.954534 0
start_lights
0  6.000000 4.400000 111.621025  0.000000 0.707107 0.707107  0.661662 0.847624 0
0  11.100000 4.400000 111.621025  0.000000 0.707107 0.707107  0.696980 0.847624 0
0  10.441154 7.621024 108.400002  0.000000 0.707107 0.707107  0.692417 0.869886 0
start_lights
0  6.000000 4.400000 111.621025  0.000000 0.707107 0.707107  0.661662 0.847624 0
0  10.441154 7.621024 108.400002  0.000000 0.707107 0.707107  0.692417 0.869886 0
0  6.000000 7.621024 108.400002  0.000000 0.707107 0.707107  0.661662 0.869886 0
start_lights
0  10.441154 7.621024 108.400002  0.987777 0.084188 -0.131186  0.672431 0.434398 0
0  11.100000 4.100000 111.101410  0.989067 0.124805 -0.078547  0.691267 0.458733 0
0  10.441154 7.101408 108.099998  0.987332 0.079333 -0.137408  0.670354 0.437990 0
start_lights
0  11.100000 4.100000 111.101410  0.000000 -0.866025 0.500001  0.000000 0.904105 0
0  11.100000 4.400000 111.621025  0.000000 -0.866025 0.500001  0.000000 0.900514 0
0  6.000000 4.400000 111.621025  0.000000 -0.866026 0.500000  0.035318 0.900514 0
start_lights
0  11.100000 4.100000 111.101410  0.000000 -0.866025 0.500001  0.000000 0.904105 0
0  6.000000 4.400000 111.621025  0.000000 -0.866026 0.500000  0.035318 0.900514 0
0  6.000000 4.100000 111.101410  0.000000 -0.866026 0.500000  0.035318 0.904105 0
start_lights
0  11.100000 4.400000 111.621025  0.988975 0.128243 -0.074041  0.694864 0.456660 0
0  11.100000 4.100000 111.101410  0.989067 0.124805 -0.078547  0.691267 0.458733 0
0  10.441154 7.621024 108.400002  0.987777 0.084188 -0.131186  0.672431 0.434398 0
start_lights
0  6.000000 4.400000 111.621025  0.000000 0.258819 0.965926  0.661662 0.847624 0
0  6.000000 0.000000 112.800003  0.000000 0.258819 0.965926  0.661662 0.817214 0
0  12.000000 0.000000 112.800003  0.000000 0.258819 0.965926  0.703213 0.817214 0
start_lights
0  6.000000 4.400000 111.621025  0.000000 0.258819 0.965926  0.661662 0.847624 0
0  12.000000 0.000000 112.800003  0.000000 0.258819 0.965926  0.703213 0.817214 0
0  11.100000 4.400000 111.621025  0.000000 0.258819 0.965926  0.696980 0.847624 0
start_lights
0  12.000000 0.000000 112.800003  0.979715 0.200397 0.000000  0.703213 0.487070 0
0  12.000000 0.000000 112.199997  0.979881 0.199439 -0.007542  0.699059 0.487070 0
0  11.100000 4.400000 111.621025  0.977539 0.187219 -0.096778  0.694864 0.456660 0
start_lights
0  12.000000 0.000000 112.199997  0.979881 0.199439 -0.007542  0.699059 0.487070 0
0  11.100000 4.100000 111.101410  0.976744 0.185685 -0.107205  0.691267 0.458733 0
0  11.100000 4.400000 111.621025  0.977539 0.187219 -0.096778  0.694864 0.456660 0
start_lights
0  12.000000 0.000000 112.199997  0.000000 -0.258818 -0.965926  0.661662 0.909789 0
0  6.000000 0.000000 112.199997  0.000000 -0.258818 -0.965926  0.703213 0.909789 0
0  6.000000 4.100000 111.101410  0.000000 -0.258818 -0.965926  0.703213 0.938126 0
start_lights
0  12.000000 0.000000 112.199997  0.000000 -0.258818 -0.965926  0.661662 0.909789 0
0  6.000000 4.100000 111.101410  0.000000 -0.258818 -0.965926  0.703213 0.938126 0
0  11.100000 4.100000 111.101410  0.000000 -0.258818 -0.965926  0.667894 0.938126 0
start_lights
0  6.000000 4.100000 111.101410  -1.000000 0.000000 0.000000  0.377065 0.933790 0
0  6.000000 0.000000 112.199997  -1.000000 0.000000 0.000000  0.384673 0.905453 0
0  6.000000 0.000000 112.800003  -1.000000 0.000000 0.000000  0.388828 0.905453 0
start_lights
0  6.000000 4.100000 111.101410  -1.000000 0.000000 0.000000  0.377065 0.933790 0
0  6.000000 0.000000 112.800003  -1.000000 0.000000 0.000000  0.388828 0.905453 0
0  6.000000 4.400000 111.621025  -1.000000 0.000000 0.000000  0.380664 0.935863 0
start_lights
0  6.000000 0.000000 112.800003  0.000000 -1.000000 0.000000  0.932293 0.945905 0
0  6.000000 0.000000 112.199997  0.000000 -1.000000 0.000000  0.936448 0.945905 0
0  12.000000 0.000000 112.199997  0.000000 -1.000000 0.000000  0.936448 0.987374 0
start_lights
0  6.000000 0.000000 112.800003  0.000000 -1.000000 0.000000  0.932293 0.945905 0
0  12.000000 0.000000 112.199997  0.000000 -1.000000 0.000000  0.936448 0.987374 0
0  12.000000 0.000000 112.800003  0.000000 -1.000000 0.000000  0.932293 0.987374 0
start_lights
0  11.100000 -4.400000 111.621025  0.977539 -0.187219 -0.096778  0.694864 0.517480 0
0  12.000000 0.000000 112.199997  0.979881 -0.199439 -0.007542  0.699059 0.487070 0
0  12.000000 0.000000 112.800003  0.979715 -0.200397 0.000000  0.703213 0.487070 0
start_lights
0  6.000000 0.000000 112.800003  0.000000 -0.258819 0.965926  0.661662 0.817214 0
0  6.000000 -4.400000 111.621025  0.000000 -0.258819 0.965926  0.661662 0.786804 0
0  11.100000 -4.400000 111.621025  0.000000 -0.258819 0.965926  0.696980 0.786804 0
start_lights
0  6.000000 0.000000 112.800003  0.000000 -0.258819 0.965926  0.661662 0.817214 0
0  11.100000 -4.400000 111.621025  0.000000 -0.258819 0.965926  0.696980 0.786804 0
0  12.000000 0.000000 112.800003  0.000000 -0.258819 0.965926  0.703213 0.817214 0
start_lights
0  11.100000 -4.100000 111.101410  0.976744 -0.185685 -0.107205  0.691267 0.515407 0
0  12.000000 0.000000 112.199997  0.979881 -0.199439 -0.007542  0.699059 0.487070 0
0  11.100000 -4.400000 111.621025  0.977539 -0.187219 -0.096778  0.694864 0.517480 0
start_lights
0  6.000000 -4.400000 111.621025  0.000000 -0.866026 -0.500000  0.948914 0.957472 0
0  6.000000 -4.100000 111.101410  0.000000 -0.866026 -0.500000  0.952512 0.957472 0
0  11.100000 -4.100000 111.101410  0.000000 -0.866025 -0.500001  0.952512 0.992720 0
start_lights
0  6.000000 -4.400000 111.621025  0.000000 -0.866026 -0.500000  0.948914 0.957472 0
0  11.100000 -4.100000 111.101410  0.000000 -0.866025 -0.500001  0.952512 0.992720 0
0  11.100000 -4.400000 111.621025  0.000000 -0.866025 -0.500001  0.948914 0.992720 0
start_lights
0  11.100000 -4.100000 111.101410  0.000000 0.258818 -0.965926  0.667894 0.881452 0
0  6.000000 -4.100000 111.101410  0.000000 0.258818 -0.965926  0.703213 0.881452 0
0  6.000000 0.000000 112.199997  0.000000 0.258818 -0.965926  0.703213 0.909789 0
start_lights
0  11.100000 -4.100000 111.101410  0.000000 0.258818 -0.965926  0.667894 0.881452 0
0  6.000000 0.000000 112.199997  0.000000 0.258818 -0.965926  0.703213 0.909789 0
0  12.000000 0.000000 112.199997  0.000000 0.258818 -0.965926  0.661662 0.909789 0
start_lights
0  6.000000 0.000000 112.199997  -1.000000 0.000000 0.000000  0.384673 0.905453 0
0  6.000000 -4.100000 111.101410  -1.000000 0.000000 0.000000  0.377065 0.877117 0
0  6.000000 -4.400000 111.621025  -1.000000 0.000000 0.000000  0.380664 0.875043 0
start_lights
0  6.000000 0.000000 112.199997  -1.000000 0.000000 0.000000  0.384673 0.905453 0
0  6.000000 -4.400000 111.621025  -1.000000 0.000000 0.000000  0.380664 0.875043 0
0  6.000000 0.000000 112.800003  -1.000000 0.000000 0.000000  0.388828 0.905453 0
start_lights
0  6.000000 -7.621024 108.400002  -1.000000 0.000000 0.000000  0.358358 0.852781 0
0  6.000000 -4.400000 111.621025  -1.000000 0.000000 0.000000  0.380664 0.875043 0
0  6.000000 -4.100000 111.101410  -1.000000 0.000000 0.000000  0.377065 0.877117 0
start_lights
0  6.000000 -7.621024 108.400002  -1.000000 0.000000 0.000000  0.358358 0.852781 0
0  6.000000 -4.100000 111.101410  -1.000000 0.000000 0.000000  0.377065 0.877117 0
0  6.000000 -7.101408 108.099998  -1.000000 0.000000 0.000000  0.356280 0.856373 0
start_lights
0  6.000000 -4.100000 111.101410  0.000000 0.707107 -0.707106  0.575938 0.926475 0
0  11.100000 -4.100000 111.101410  0.000000 0.707107 -0.707106  0.611257 0.926475 0
0  10.441154 -7.101408 108.099998  0.000000 0.707107 -0.707106  0.606694 0.947219 0
start_lights
0  6.000000 -4.100000 111.101410  0.000000 0.707107 -0.707106  0.575938 0.926475 0
0  10.441154 -7.101408 108.099998  0.000000 0.707107 -0.707106  0.606694 0.947219 0
0  6.000000 -7.101408 108.099998  0.000000 0.707107 -0.707106  0.575938 0.947219 0
start_lights
0  10.441154 -7.101408 108.099998  0.000000 -0.500005 -0.866023  0.033974 0.995447 0
0  10.441154 -7.621024 108.400002  0.000000 -0.500005 -0.866023  0.030376 0.995447 0
0  6.000000 -7.621024 108.400002  0.000000 -0.500004 -0.866023  0.030376 0.964752 0
start_lights
0  10.441154 -7.101408 108.099998  0.000000 -0.500005 -0.866023  0.033974 0.995447 0
0  6.000000 -7.621024 108.400002  0.000000 -0.500004 -0.866023  0.030376 0.964752 0
0  6.000000 -7.101408 108.099998  0.000000 -0.500003 -0.866023  0.033974 0.964752 0
start_lights
0  10.441154 -7.621024 108.400002  0.000000 -0.707107 0.707107  0.692417 0.764542 0
0  11.100000 -4.400000 111.621025  0.000000 -0.707107 0.707107  0.696980 0.786804 0
0  6.000000 -4.400000 111.621025  0.000000 -0.707107 0.707107  0.661662 0.786804 0
start_lights
0  10.441154 -7.621024 108.400002  0.000000 -0.707107 0.707107  0.692417 0.764542 0
0  6.000000 -4.400000 111.621025  0.000000 -0.707107 0.707107  0.661662 0.786804 0
0  6.000000 -7.621024 108.400002  0.000000 -0.707107 0.707107  0.661662 0.764542 0
start_lights
0  11.100000 -4.100000 111.101410  0.989067 -0.124805 -0.078547  0.691267 0.515407 0
0  10.441154 -7.621024 108.400002  0.987777 -0.084189 -0.131185  0.672431 0.539742 0
0  10.441154 -7.101408 108.099998  0.987333 -0.079334 -0.137407  0.670354 0.536151 0
start_lights
0  11.100000 -4.100000 111.101410  0.989067 -0.124805 -0.078547  0.691267 0.515407 0
0  11.100000 -4.400000 111.621025  0.988975 -0.128243 -0.074041  0.694864 0.517480 0
0  10.441154 -7.621024 108.400002  0.987777 -0.084189 -0.131185  0.672431 0.539742 0
start_lights
0  6.000000 -8.200000 104.000000  0.000000 0.000000 -1.000000  0.128442 0.964752 0
0  10.200000 -8.200000 104.000000  0.000000 0.000000 -1.000000  0.128442 0.993780 0
0  10.200000 -8.800000 104.000000  0.000000 0.000000 -1.000000  0.124287 0.993780 0
start_lights
0  6.000000 -8.200000 104.000000  0.000000 0.000000 -1.000000  0.128442 0.964752 0
0  10.200000 -8.800000 104.000000  0.000000 0.000000 -1.000000  0.124287 0.993780 0
0  6.000000 -8.800000 104.000000  0.000000 0.000000 -1.000000  0.124287 0.964752 0
start_lights
0  10.200000 -8.800000 104.000000  0.000000 -0.965926 0.258819  0.236475 0.970229 0
0  10.441154 -7.621024 108.400002  0.000000 -0.965926 0.258819  0.206004 0.971896 0
0  6.000000 -7.621024 108.400002  0.000000 -0.965926 0.258819  0.206004 0.941201 0
start_lights
0  10.200000 -8.800000 104.000000  0.000000 -0.965926 0.258819  0.236475 0.970229 0
0  6.000000 -7.621024 108.400002  0.000000 -0.965926 0.258819  0.206004 0.941201 0
0  6.000000 -8.800000 104.000000  0.000000 -0.965926 0.258819  0.236475 0.941201 0
start_lights
0  6.000000 -7.621024 108.400002  -1.000000 0.000000 0.000000  0.358358 0.852781 0
0  6.000000 -7.101408 108.099998  -1.000000 0.000000 0.000000  0.356280 0.856373 0
0  6.000000 -8.200000 104.000000  -1.000000 0.000000 0.000000  0.327887 0.848780 0
start_lights
0  6.000000 -7.621024 108.400002  -1.000000 0.000000 0.000000  0.358358 0.852781 0
0  6.000000 -8.200000 104.000000  -1.000000 0.000000 0.000000  0.327887 0.848780 0
0  6.000000 -8.800000 104.000000  -1.000000 0.000000 0.000000  0.327887 0.844633 0
start_lights
0  6.000000 -7.101408 108.099998  0.000000 0.965926 -0.258819  0.575938 0.947219 0
0  10.441154 -7.101408 108.099998  0.000000 0.965926 -0.258819  0.606694 0.947219 0
0  10.200000 -8.200000 104.000000  0.000000 0.965926 -0.258819  0.605024 0.975556 0
start_lights
0  6.000000 -7.101408 108.099998  0.000000 0.965926 -0.258819  0.575938 0.947219 0
0  10.200000 -8.200000 104.000000  0.000000 0.965926 -0.258819  0.605024 0.975556 0
0  6.000000 -8.200000 104.000000  0.000000 0.965926 -0.258819  0.575938 0.975556 0
start_lights
0  10.200000 -8.200000 104.000000  0.998275 0.000000 -0.058717  0.641923 0.543743 0
0  10.441154 -7.101408 108.099998  0.998514 -0.025412 -0.048203  0.670354 0.536151 0
0  10.200000 -8.800000 104.000000  0.998337 -0.002733 -0.057589  0.641923 0.547890 0
start_lights
0  10.441154 -7.101408 108.099998  0.998514 -0.025412 -0.048203  0.670354 0.536151 0
0  10.441154 -7.621024 108.400002  0.998501 -0.027364 -0.047394  0.672431 0.539742 0
0  10.200000 -8.800000 104.000000  0.998337 -0.002733 -0.057589  0.641923 0.547890 0
start_lights
0  10.441154 -7.621024 108.400002  0.000000 0.500004 0.866023  0.692417 0.764542 0
0  10.441154 -7.101408 108.099998  0.000000 0.500003 0.866023  0.692417 0.768133 0
0  6.000000 -7.101408 108.099998  0.000000 0.500005 0.866023  0.661662 0.768133 0
start_lights
0  10.441154 -7.621024 108.400002  0.000000 0.500004 0.866023  0.692417 0.764542 0
0  6.000000 -7.101408 108.099998  0.000000 0.500005 0.866023  0.661662 0.768133 0
0  6.000000 -7.621024 108.400002  0.000000 0.500005 0.866023  0.661662 0.764542 0
start_lights
0  3.000000 -0.400000 4.000000  0.000000 -1.000000 0.000000  0.244785 0.929635 0
0  8.000000 -0.400000 4.000000  0.000000 -1.000000 0.000000  0.210159 0.929635 0
0  3.000000 -0.399999 14.000000  0.000000 -1.000000 0.000000  0.244785 0.860521 0
start_lights
0  3.000000 0.400001 14.000000  0.000000 1.000000 -0.000000  0.575938 0.845795 0
0  8.000000 0.400000 4.000000  0.000000 1.000000 -0.000000  0.610564 0.914909 0
0  3.000000 0.400000 4.000000  0.000000 1.000000 -0.000000  0.575938 0.914909 0
start_lights
0  -6.500000 -5.700000 4.000000  0.500000 0.866025 0.000000  0.261172 0.982669 0
0  -5.807179 -6.100000 6.000000  0.500000 0.866025 0.000000  0.265970 0.968847 0
0  -5.807179 -6.100000 4.000000  0.500000 0.866025 0.000000  0.265970 0.982669 0
start_lights
0  3.000000 0.400000 4.000000  0.000000 0.000000 -1.000000  0.667202 0.949692 0
0  8.000000 -0.400000 4.000000  0.000000 0.000000 -1.000000  0.661662 0.984249 0
0  3.000000 -0.400000 4.000000  0.000000 0.000000 -1.000000  0.661662 0.949692 0
start_lights
0  8.000000 0.400000 4.000000  0.894427 0.000000 0.447214  0.975816 0.273128 0
0  3.000000 -0.399999 14.000000  0.894427 0.000000 0.447214  0.981356 0.205085 0
0  8.000000 -0.400000 4.000000  0.894427 0.000000 0.447214  0.981356 0.273128 0
start_lights
0  -5.807179 -6.100000 4.000000  1.000000 0.000000 0.000000  0.844017 0.998344 0
0  -5.807179 -6.900000 6.000000  1.000000 0.000000 0.000000  0.849558 0.984528 0
0  -5.807179 -6.900000 4.000000  1.000000 0.000000 0.000000  0.849558 0.998344 0
start_lights
0  6.500000 -5.700000 4.000000  0.500000 0.866025 0.000000  0.819993 0.985418 0
0  7.192821 -6.100000 6.000000  0.500000 0.866025 0.000000  0.824791 0.971595 0
0  7.192821 -6.100000 4.000000  0.500000 0.866025 0.000000  0.824791 0.985418 0
start_lights
0  -6.500000 7.300000 4.000000  0.500000 0.866025 0.000000  0.482778 0.704521 0
0  -5.807179 6.900000 6.000000  0.500000 0.866025 0.000000  0.487576 0.690698 0
0  -5.807179 6.900000 4.000000  0.500000 0.866025 0.000000  0.487576 0.704521 0
start_lights
0  -5.807179 -6.900000 4.000000  0.500000 -0.866025 0.000000  0.499165 0.704521 0
0  -6.500000 -7.300000 6.000000  0.500000 -0.866025 0.000000  0.503963 0.690698 0
0  -6.500000 -7.300000 4.000000  0.500000 -0.866025 0.000000  0.503963 0.704521 0
start_lights
0  6.500000 7.300000 4.000000  0.500000 0.866025 0.000000  0.665258 0.750719 0
0  7.192821 6.900000 6.000000  0.500000 0.866025 0.000000  0.670056 0.736897 0
0  7.192821 6.900000 4.000000  0.500000 0.866025 0.000000  0.670056 0.750719 0
start_lights
0  3.000000 3.000000 92.000000  0.000000 0.000000 1.000000  0.150093 0.706777 0
0  -3.000000 -3.000000 92.000000  0.000000 0.000000 1.000000  0.108542 0.748245 0
0  3.000000 -3.000000 92.000000  0.000000 0.000000 1.000000  0.108542 0.706777 0
start_lights
0  -6.500000 -7.300000 4.000000  -0.500000 -0.866025 0.000000  0.503963 0.704521 0
0  -7.192821 -6.900000 6.000000  -0.500000 -0.866025 0.000000  0.508761 0.690698 0
0  -7.192821 -6.900000 4.000000  -0.500000 -0.866025 0.000000  0.508761 0.704521 0
start_lights
0  -6.500000 -5.700000 6.000000  0.000000 0.000000 1.000000  0.327887 0.986134 0
0  -7.192821 -6.900000 6.000000  0.000000 0.000000 1.000000  0.332685 0.977840 0
0  -5.807179 -6.900000 6.000000  0.000000 0.000000 1.000000  0.337483 0.986134 0
start_lights
0  3.000000 3.000000 4.000000  1.000000 0.000000 0.000000  0.882186 0.607927 0
0  3.000000 -3.000000 92.000000  1.000000 0.000000 0.000000  0.923737 0.000000 0
0  3.000000 -3.000000 4.000000  1.000000 0.000000 0.000000  0.923737 0.607927 0
start_lights
0  -7.192821 -6.900000 4.000000  -1.000000 0.000000 0.000000  0.206314 0.997285 0
0  -7.192821 -6.100000 6.000000  -1.000000 0.000000 0.000000  0.211854 0.983462 0
0  -7.192821 -6.100000 4.000000  -1.000000 0.000000 0.000000  0.211854 0.997285 0
start_lights
0  -5.807179 6.100000 4.000000  0.500000 -0.866025 0.000000  0.400418 0.989527 0
0  -6.500000 5.700000 6.000000  0.500000 -0.866025 0.000000  0.405216 0.975704 0
0  -6.500000 5.700000 4.000000  0.500000 -0.866025 0.000000  0.405216 0.989527 0
start_lights
0  -5.807179 6.900000 4.000000  1.000000 0.000000 0.000000  0.861147 0.998344 0
0  -5.807179 6.100000 6.000000  1.000000 0.000000 0.000000  0.866687 0.984528 0
0  -5.807179 6.100000 4.000000  1.000000 0.000000 0.000000  0.866687 0.998344 0
start_lights
0  -7.192821 -6.100000 4.000000  -0.500000 0.866025 0.000000  0.256374 0.982669 0
0  -6.500000 -5.700000 6.000000  -0.500000 0.866025 0.000000  0.261172 0.968847 0
0  -6.500000 -5.700000 4.000000  -0.500000 0.866025 0.000000  0.261172 0.982669 0
start_lights
0  -5.807179 -6.100000 4.000000  0.000000 0.000000 -1.000000  0.470365 0.982495 0
0  -6.500000 -7.300000 4.000000  0.000000 0.000000 -1.000000  0.479961 0.982495 0
0  -7.192821 -6.100000 4.000000  0.000000 0.000000 -1.000000  0.475163 0.990788 0
start_lights
0  -6.500000 5.700000 4.000000  -0.500000 -0.866025 0.000000  0.405216 0.989527 0
0  -7.192821 6.100000 6.000000  -0.500000 -0.866025 0.000000  0.410014 0.975704 0
0  -7.192821 6.100000 4.000000  -0.500000 -0.866025 0.000000  0.410014 0.989527 0
start_lights
0  -5.807179 6.900000 6.000000  0.000000 0.000000 1.000000  0.989610 0.189026 0
0  -7.192821 6.900000 6.000000  0.000000 0.000000 1.000000  0.984812 0.180732 0
0  -6.500000 5.700000 6.000000  0.000000 0.000000 1.000000  0.994408 0.180732 0
start_lights
0  -3.000000 3.000000 4.000000  0.000000 1.000000 0.000000  0.722765 0.608202 0
0  3.000000 3.000000 92.000000  0.000000 1.000000 0.000000  0.764316 0.000000 0
0  3.000000 3.000000 4.000000  0.000000 1.000000 0.000000  0.764316 0.608202 0
start_lights
0  -7.192821 6.100000 4.000000  -1.000000 0.000000 0.000000  0.223444 0.997285 0
0  -7.192821 6.900000 6.000000  -1.000000 0.000000 0.000000  0.228984 0.983462 0
0  -7.192821 6.900000 4.000000  -1.000000 0.000000 0.000000  0.228984 0.997285 0
start_lights
0  7.192821 -6.900000 4.000000  0.500000 -0.866025 0.000000  0.495395 0.978938 0
0  6.500000 -7.300000 6.000000  0.500000 -0.866025 0.000000  0.500193 0.965115 0
0  6.500000 -7.300000 4.000000  0.500000 -0.866025 0.000000  0.500193 0.978938 0
start_lights
0  7.192821 -6.100000 4.000000  1.000000 0.000000 0.000000  0.878277 0.998344 0
0  7.192821 -6.900000 6.000000  1.000000 0.000000 0.000000  0.883817 0.984528 0
0  7.192821 -6.900000 4.000000  1.000000 0.000000 0.000000  0.883817 0.998344 0
start_lights
0  -7.192821 6.900000 4.000000  -0.500000 0.866025 0.000000  0.477980 0.704521 0
0  -6.500000 7.300000 6.000000  -0.500000 0.866025 0.000000  0.482778 0.690698 0
0  -6.500000 7.300000 4.000000  -0.500000 0.866025 0.000000  0.482778 0.704521 0
start_lights
0  -7.192821 6.100000 4.000000  0.000000 0.000000 -1.000000  0.358668 0.986134 0
0  -6.500000 7.300000 4.000000  0.000000 0.000000 -1.000000  0.349072 0.986134 0
0  -5.807179 6.100000 4.000000  0.000000 0.000000 -1.000000  0.353870 0.977840 0
start_lights
0  6.500000 -7.300000 4.000000  -0.500000 -0.866025 0.000000  0.500193 0.978938 0
0  5.807179 -6.900000 6.000000  -0.500000 -0.866025 0.000000  0.504991 0.965115 0
0  5.807179 -6.900000 4.000000  -0.500000 -0.866025 0.000000  0.504991 0.978938 0
start_lights
0  6.500000 -5.700000 6.000000  0.000000 0.000000 1.000000  0.163943 0.991756 0
0  5.807179 -6.900000 6.000000  0.000000 0.000000 1.000000  0.168741 0.983462 0
0  7.192821 -6.900000 6.000000  0.000000 0.000000 1.000000  0.173539 0.991756 0
start_lights
0  -3.000000 3.000000 4.000000  0.000000 0.000000 -1.000000  0.564349 0.934605 0
0  3.000000 -3.000000 4.000000  0.000000 0.000000 -1.000000  0.522798 0.976074 0
0  -3.000000 -3.000000 4.000000  0.000000 0.000000 -1.000000  0.522798 0.934605 0
start_lights
0  5.807179 -6.900000 4.000000  -1.000000 0.000000 0.000000  0.897158 0.997577 0
0  5.807179 -6.100000 6.000000  -1.000000 0.000000 0.000000  0.902698 0.983754 0
0  5.807179 -6.100000 4.000000  -1.000000 0.000000 0.000000  0.902698 0.997577 0
start_lights
0  7.192821 6.100000 4.000000  0.500000 -0.866025 0.000000  0.421603 0.989527 0
0  6.500000 5.700000 6.000000  0.500000 -0.866025 0.000000  0.426401 0.975704 0
0  6.500000 5.700000 4.000000  0.500000 -0.866025 0.000000  0.426401 0.989527 0
start_lights
0  7.192821 6.900000 4.000000  1.000000 0.000000 0.000000  0.722765 0.998625 0
0  7.192821 6.100000 6.000000  1.000000 0.000000 0.000000  0.728305 0.984809 0
0  7.192821 6.100000 4.000000  1.000000 0.000000 0.000000  0.728305 0.998625 0
start_lights
0  5.807179 -6.100000 4.000000  -0.500000 0.866025 0.000000  0.815196 0.985418 0
0  6.500000 -5.700000 6.000000  -0.500000 0.866025 0.000000  0.819993 0.971595 0
0  6.500000 -5.700000 4.000000  -0.500000 0.866025 0.000000  0.819993 0.985418 0
start_lights
0  6.500000 -7.300000 4.000000  0.000000 0.000000 -1.000000  0.379853 0.980605 0
0  5.807179 -6.100000 4.000000  0.000000 0.000000 -1.000000  0.375055 0.988898 0
0  7.192821 -6.100000 4.000000  0.000000 0.000000 -1.000000  0.370257 0.980605 0
start_lights
0  6.500000 5.700000 4.000000  -0.500000 -0.866025 0.000000  0.426401 0.989527 0
0  5.807179 6.100000 6.000000  -0.500000 -0.866025 0.000000  0.431199 0.975704 0
0  5.807179 6.100000 4.000000  -0.500000 -0.866025 0.000000  0.431199 0.989527 0
start_lights
0  -3.000000 -3.000000 4.000000  -1.000000 0.000000 0.000000  0.775905 0.608202 0
0  -3.000000 3.000000 92.000000  -1.000000 0.000000 0.000000  0.817456 0.000000 0
0  -3.000000 3.000000 4.000000  -1.000000 0.000000 0.000000  0.817456 0.608202 0
start_lights
0  7.192821 6.100000 4.000000  0.000000 0.000000 -1.000000  0.189927 0.983462 0
0  5.807179 6.100000 4.000000  0.000000 0.000000 -1.000000  0.194725 0.991756 0
0  6.500000 7.300000 4.000000  0.000000 0.000000 -1.000000  0.185129 0.991756 0
start_lights
0  5.807179 6.100000 4.000000  -1.000000 0.000000 0.000000  0.145410 0.997781 0
0  5.807179 6.900000 6.000000  -1.000000 0.000000 0.000000  0.150950 0.983958 0
0  5.807179 6.900000 4.000000  -1.000000 0.000000 0.000000  0.150950 0.997781 0
start_lights
0  3.000000 -3.000000 4.000000  0.000000 -1.000000 0.000000  0.829046 0.608202 0
0  -3.000000 -3.000000 92.000000  0.000000 -1.000000 0.000000  0.870597 0.000000 0
0  -3.000000 -3.000000 4.000000  0.000000 -1.000000 0.000000  0.870597 0.608202 0
start_lights
0  3.000000 0.400001 14.000000  -1.000000 0.000000 0.000000  0.954454 0.876791 0
0  3.000000 -0.400000 4.000000  -1.000000 0.000000 0.000000  0.948914 0.945905 0
0  3.000000 -0.399999 14.000000  -1.000000 0.000000 0.000000  0.948914 0.876791 0
start_lights
0  5.807179 6.900000 4.000000  -0.500000 0.866025 0.000000  0.660460 0.750719 0
0  6.500000 7.300000 6.000000  -0.500000 0.866025 0.000000  0.665258 0.736897 0
0  6.500000 7.300000 4.000000  -0.500000 0.866025 0.000000  0.665258 0.750719 0
start_lights
0  7.192821 6.100000 6.000000  0.000000 0.000000 1.000000  0.458775 0.988024 0
0  6.500000 7.300000 6.000000  0.000000 0.000000 1.000000  0.449179 0.988024 0
0  5.807179 6.100000 6.000000  0.000000 0.000000 1.000000  0.453977 0.979730 0
start_lights
0  -0.400001 3.000000 14.000000  -1.000000 0.000000 -0.000000  0.449179 0.856789 0
0  -0.399999 8.000000 4.000000  -1.000000 0.000000 -0.000000  0.483805 0.925903 0
0  -0.400000 3.000000 4.000000  -1.000000 0.000000 -0.000000  0.449179 0.925903 0
start_lights
0  0.400000 3.000000 4.000000  1.000000 -0.000000 0.000000  0.431385 0.906417 0
0  0.400001 8.000000 4.000000  1.000000 -0.000000 0.000000  0.400418 0.921877 0
0  0.399999 3.000000 14.000000  1.000000 -0.000000 0.000000  0.400418 0.844633 0
start_lights
0  -0.400000 3.000000 4.000000  0.000000 0.000000 -1.000000  0.684331 0.949692 0
0  0.400001 8.000000 4.000000  0.000000 0.000000 -1.000000  0.678791 0.984249 0
0  0.400000 3.000000 4.000000  0.000000 0.000000 -1.000000  0.678791 0.949692 0
start_lights
0  -0.399999 8.000000 4.000000  0.000000 0.894427 0.447214  0.967683 0.178842 0
0  0.399999 3.000000 14.000000  0.000000 0.894427 0.447214  0.973223 0.109728 0
0  0.400001 8.000000 4.000000  0.000000 0.894427 0.447214  0.973223 0.178842 0
start_lights
0  -0.400001 3.000000 14.000000  0.000000 -1.000000 -0.000000  0.150950 0.903278 0
0  0.400000 3.000000 4.000000  0.000000 -1.000000 -0.000000  0.145410 0.972392 0
0  0.399999 3.000000 14.000000  0.000000 -1.000000 -0.000000  0.145410 0.903278 0
start_lights
0  -3.000000 -0.400001 14.000000  -0.000000 -1.000000 -0.000000  0.163943 0.860521 0
0  -8.000000 -0.399999 4.000000  -0.000000 -1.000000 -0.000000  0.198569 0.929635 0
0  -3.000000 -0.400000 4.000000  -0.000000 -1.000000 -0.000000  0.163943 0.929635 0
start_lights
0  -3.000000 0.400000 4.000000  0.000000 1.000000 0.000000  0.757391 0.930981 0
0  -8.000000 0.400001 4.000000  0.000000 1.000000 0.000000  0.722765 0.930981 0
0  -3.000000 0.400000 14.000000  0.000000 1.000000 0.000000  0.757391 0.861868 0
start_lights
0  -3.000000 -0.400000 4.000000  -0.000000 0.000000 -1.000000  0.701461 0.949692 0
0  -8.000000 0.400001 4.000000  -0.000000 0.000000 -1.000000  0.695921 0.984249 0
0  -3.000000 0.400000 4.000000  0.000000 0.000000 -1.000000  0.695921 0.949692 0
start_lights
0  -8.000000 -0.399999 4.000000  -0.894427 0.000000 0.447214  0.971664 0.410171 0
0  -3.000000 0.400000 14.000000  -0.894427 0.000000 0.447214  0.977204 0.341057 0
0  -8.000000 0.400001 4.000000  -0.894427 0.000000 0.447214  0.977204 0.410171 0
start_lights
0  -3.000000 -0.400001 14.000000  1.000000 0.000000 0.000000  0.977204 0.583098 0
0  -3.000000 0.400000 4.000000  1.000000 0.000000 0.000000  0.971664 0.652180 0
0  -3.000000 0.400000 14.000000  1.000000 0.000000 0.000000  0.971664 0.583098 0
start_lights
0  0.400001 -3.000000 14.000000  1.000000 0.000000 -0.000000  0.564349 0.845795 0
0  0.400001 -8.000000 4.000000  1.000000 0.000000 -0.000000  0.564349 0.923039 0
0  0.400000 -3.000000 4.000000  1.000000 0.000000 -0.000000  0.533381 0.907579 0
start_lights
0  -0.400000 -3.000000 4.000000  -1.000000 -0.000000 0.000000  0.803606 0.930981 0
0  -0.399999 -8.000000 4.000000  -1.000000 -0.000000 0.000000  0.768980 0.930981 0
0  -0.399999 -3.000000 14.000000  -1.000000 -0.000000 0.000000  0.803606 0.861868 0
start_lights
0  0.400000 -3.000000 4.000000  0.000000 0.000000 -1.000000  0.632650 0.988678 0
0  -0.399999 -8.000000 4.000000  0.000000 0.000000 -1.000000  0.638190 0.954121 0
0  -0.400000 -3.000000 4.000000  0.000000 0.000000 -1.000000  0.638190 0.988678 0
start_lights
0  0.400001 -8.000000 4.000000  0.000000 -0.894427 0.447214  0.971664 0.490851 0
0  -0.399999 -3.000000 14.000000  0.000000 -0.894427 0.447214  0.977204 0.421737 0
0  -0.399999 -8.000000 4.000000  0.000000 -0.894427 0.447214  0.977204 0.490851 0
start_lights
0  0.400001 -3.000000 14.000000  0.000000 1.000000 -0.000000  0.977204 0.502418 0
0  -0.400000 -3.000000 4.000000  0.000000 1.000000 0.000000  0.971664 0.571531 0
0  -0.399999 -3.000000 14.000000  0.000000 1.000000 -0.000000  0.971664 0.502418 0
start_lights
0  -7.000000 -12.000000 152.000000  -1.000000 0.000000 0.000000  0.670848 0.725330 0
0  -7.000000 12.000000 153.500000  -1.000000 0.000000 0.000000  0.660460 0.559457 0
0  -7.000000 12.000000 152.000000  -1.000000 0.000000 0.000000  0.670848 0.559457 0
start_lights
0  -7.000000 12.000000 152.000000  0.000000 1.000000 0.000000  0.907585 0.716528 0
0  7.000000 12.000000 153.500000  0.000000 1.000000 0.000000  0.897198 0.619769 0
0  7.000000 12.000000 152.000000  0.000000 1.000000 0.000000  0.907585 0.619769 0
start_lights
0  7.000000 12.000000 152.000000  1.000000 0.000000 0.000000  0.945710 0.725838 0
0  7.000000 -12.000000 153.500000  1.000000 0.000000 0.000000  0.935327 0.559965 0
0  7.000000 -12.000000 152.000000  1.000000 0.000000 0.000000  0.945710 0.559965 0
start_lights
0  7.000000 -12.000000 152.000000  0.000000 -1.000000 0.000000  0.643038 0.942555 0
0  -7.000000 -12.000000 153.500000  0.000000 -1.000000 0.000000  0.632650 0.845795 0
0  -7.000000 -12.000000 152.000000  0.000000 -1.000000 0.000000  0.643038 0.845795 0
start_lights
0  -7.000000 12.000000 152.000000  0.000000 0.000000 -1.000000  0.424839 0.576044 0
0  7.000000 -12.000000 152.000000  0.000000 0.000000 -1.000000  0.327887 0.410171 0
0  -7.000000 -12.000000 152.000000  0.000000 0.000000 -1.000000  0.424839 0.410171 0
start_lights
0  7.000000 12.000000 153.500000  0.000000 0.000000 1.000000  0.260896 0.591935 0
0  -7.000000 -12.000000 153.500000  0.000000 0.000000 1.000000  0.163943 0.426062 0
0  7.000000 -12.000000 153.500000  0.000000 0.000000 1.000000  0.260896 0.426062 0
start_lights
0  6.200000 -7.000000 140.000000  0.948683 0.316228 -0.000000  0.790229 0.748852 0
0  6.600000 -7.101408 135.899994  0.948683 0.273860 0.158115  0.817742 0.755488 0
0  6.200000 -6.062178 136.500000  0.948684 0.273861 0.158113  0.811948 0.761373 0
start_lights
0  6.200000 6.062178 143.500000  0.948684 -0.273860 -0.158113  0.743406 0.829791 0
0  6.599999 4.100000 147.101410  0.948683 -0.158113 -0.273862  0.722765 0.810228 0
0  6.199999 3.500000 146.062180  0.948683 -0.158116 -0.273862  0.730869 0.808103 0
start_lights
0  -6.500000 0.600000 153.500000  0.500000 0.866026 0.000000  0.960903 0.720126 0
0  -5.980385 0.300000 161.000000  0.500000 0.866025 0.000000  0.964501 0.668291 0
0  -5.980385 0.300000 153.500000  0.500000 0.866026 0.000000  0.964501 0.720126 0
start_lights
0  6.200000 -6.062178 136.500000  0.948684 0.273861 0.158113  0.811948 0.761373 0
0  6.600000 -4.100000 132.898590  0.948682 0.158114 0.273865  0.832428 0.780893 0
0  6.200000 -3.500000 133.937820  0.948682 0.158115 0.273864  0.824484 0.783061 0
start_lights
0  6.200000 7.000000 140.000000  0.948683 -0.316228 0.000001  0.765125 0.842312 0
0  6.600000 7.101408 144.100006  0.948684 -0.273859 -0.158114  0.737450 0.835633 0
0  6.200000 6.062178 143.500000  0.948684 -0.273860 -0.158113  0.743406 0.829791 0
start_lights
0  -5.980385 0.300000 153.500000  1.000000 0.000000 0.000000  0.992945 0.256897 0
0  -5.980385 -0.300000 161.000000  1.000000 0.000000 0.000000  0.997100 0.205085 0
0  -5.980385 -0.300000 153.500000  1.000000 0.000000 0.000000  0.997100 0.256897 0
start_lights
0  6.199999 -3.500000 146.062180  0.948683 0.158113 -0.273861  0.743421 0.761373 0
0  6.600000 -7.101408 144.100006  0.948683 0.273862 -0.158113  0.762917 0.740820 0
0  6.200000 -6.062178 143.500000  0.948683 0.273862 -0.158114  0.765146 0.748852 0
start_lights
0  6.200000 6.062178 136.500000  0.948683 -0.273863 0.158116  0.790208 0.842312 0
0  6.600000 8.200000 140.000000  0.948683 -0.316228 -0.000001  0.762893 0.850301 0
0  6.200000 7.000000 140.000000  0.948683 -0.316228 0.000001  0.765125 0.842312 0
start_lights
0  -5.980385 -0.300000 153.500000  0.500000 -0.866025 0.000000  0.976090 0.720126 0
0  -6.500000 -0.600000 161.000000  0.500000 -0.866026 0.000000  0.979689 0.668291 0
0  -6.500000 -0.600000 153.500000  0.500000 -0.866025 0.000000  0.979689 0.720126 0
start_lights
0  6.199999 0.000000 147.000000  0.948682 -0.000001 -0.316231  0.730875 0.783061 0
0  6.599999 -4.100000 147.101410  0.948683 0.158115 -0.273861  0.737468 0.755488 0
0  6.199999 -3.500000 146.062180  0.948683 0.158113 -0.273861  0.743421 0.761373 0
start_lights
0  6.200000 3.500000 133.937820  0.948684 -0.158112 0.273861  0.811932 0.829791 0
0  6.600000 7.101408 135.899994  0.948683 -0.273862 0.158114  0.792275 0.850301 0
0  6.200000 6.062178 136.500000  0.948683 -0.273863 0.158116  0.790208 0.842312 0
start_lights
0  -6.500000 -0.600000 153.500000  -0.500000 -0.866026 0.000000  0.979689 0.720126 0
0  -7.019615 -0.300000 161.000000  -0.500000 -0.866025 0.000000  0.983287 0.668291 0
0  -7.019615 -0.300000 153.500000  -0.500000 -0.866026 0.000000  0.983287 0.720126 0
start_lights
0  -6.500000 0.600000 161.000000  0.000000 0.000000 1.000000  0.739894 0.991029 0
0  -7.019615 -0.300000 161.000000  0.000000 0.000000 1.000000  0.743493 0.984809 0
0  -5.980385 -0.300000 161.000000  0.000000 0.000000 1.000000  0.747091 0.991029 0
start_lights
0  6.200001 0.000000 133.000000  0.948682 0.000000 0.316231  0.824479 0.808103 0
0  6.600000 4.100000 132.898590  0.948684 -0.158113 0.273860  0.817724 0.835633 0
0  6.200000 3.500000 133.937820  0.948684 -0.158112 0.273861  0.811932 0.829791 0
start_lights
0  -7.019615 -0.300000 153.500000  -1.000000 0.000000 0.000000  0.988793 0.597612 0
0  -7.019615 0.300000 161.000000  -1.000000 0.000000 0.000000  0.992948 0.545776 0
0  -7.019615 0.300000 153.500000  -1.000000 0.000000 0.000000  0.992948 0.597612 0
start_lights
0  6.200000 -6.062178 143.500000  0.948683 0.273862 -0.158114  0.765146 0.748852 0
0  6.600000 -8.200000 140.000000  0.948683 0.316228 0.000001  0.792300 0.740820 0
0  6.200000 -7.000000 140.000000  0.948683 0.316228 -0.000000  0.790229 0.748852 0
start_lights
0  6.199999 3.500000 146.062180  0.948683 -0.158116 -0.273862  0.730869 0.808103 0
0  6.599999 0.000000 148.199997  0.948682 0.000001 -0.316231  0.722771 0.780893 0
0  6.199999 0.000000 147.000000  0.948682 -0.000001 -0.316231  0.730875 0.783061 0
start_lights
0  -7.019615 0.300000 153.500000  -0.500000 0.866025 0.000000  0.957304 0.720126 0
0  -6.500000 0.600000 161.000000  -0.500000 0.866026 0.000000  0.960903 0.668291 0
0  -6.500000 0.600000 153.500000  -0.500000 0.866025 0.000000  0.960903 0.720126 0
start_lights
0  -5.980385 0.300000 153.500000  0.000000 0.000000 -1.000000  0.758681 0.986882 0
0  -6.500000 -0.600000 153.500000  0.000000 0.000000 -1.000000  0.765878 0.986882 0
0  -7.019615 0.300000 153.500000  0.000000 0.000000 -1.000000  0.762279 0.993103 0
start_lights
0  6.200000 -3.500000 133.937820  0.948682 0.158115 0.273864  0.824484 0.783061 0
0  6.600000 0.000000 131.800003  0.948682 -0.000001 0.316232  0.832421 0.810228 0
0  6.200001 0.000000 133.000000  0.948682 0.000000 0.316231  0.824479 0.808103 0
start_lights
0  6.600000 0.000000 131.800003  0.000000 -0.000000 -1.000000  0.897158 0.923107 0
0  6.000000 4.100000 132.898590  0.000000 0.499999 -0.866026  0.901313 0.951444 0
0  6.600000 4.100000 132.898590  0.000000 0.499999 -0.866026  0.897158 0.951444 0
start_lights
0  6.600000 4.100000 132.898590  0.000000 0.499999 -0.866026  0.897158 0.951444 0
0  6.000000 7.101408 135.899994  0.000000 0.866026 -0.499999  0.901313 0.972188 0
0  6.600000 7.101408 135.899994  0.000000 0.866026 -0.500000  0.897158 0.972188 0
start_lights
0  6.600000 7.101408 135.899994  0.000000 0.866026 -0.500000  0.521527 0.913462 0
0  6.000000 8.200000 140.000000  0.000000 1.000000 0.000000  0.517372 0.885126 0
0  6.600000 8.200000 140.000000  0.000000 1.000000 -0.000000  0.521527 0.885126 0
start_lights
0  6.600000 8.200000 140.000000  0.000000 1.000000 -0.000000  0.521527 0.885126 0
0  6.000000 7.101408 144.100006  0.000000 0.866025 0.500000  0.517372 0.856789 0
0  6.600000 7.101408 144.100006  0.000000 0.866026 0.500000  0.521527 0.856789 0
start_lights
0  6.600000 7.101408 144.100006  0.000000 0.866026 0.500000  0.971838 0.098161 0
0  6.000000 4.100000 147.101410  0.000000 0.499998 0.866026  0.967682 0.077417 0
0  6.599999 4.100000 147.101410  0.000000 0.499999 0.866026  0.971838 0.077417 0
start_lights
0  6.599999 4.100000 147.101410  0.000000 0.499999 0.866026  0.971838 0.077417 0
0  6.000000 0.000000 148.199997  0.000000 0.000000 1.000000  0.967682 0.049081 0
0  6.599999 0.000000 148.199997  0.000000 0.000000 1.000000  0.971838 0.049081 0
start_lights
0  6.599999 0.000000 148.199997  0.000000 0.000000 1.000000  0.971838 0.049081 0
0  6.000000 -4.100000 147.101410  0.000000 -0.499999 0.866026  0.967682 0.020744 0
0  6.599999 -4.100000 147.101410  0.000000 -0.499999 0.866026  0.971838 0.020744 0
start_lights
0  6.599999 -4.100000 147.101410  0.000000 -0.499999 0.866026  0.971838 0.020744 0
0  6.000000 -7.101408 144.100006  0.000000 -0.866025 0.500000  0.967682 0.000000 0
0  6.600000 -7.101408 144.100006  0.000000 -0.866025 0.500000  0.971838 0.000000 0
start_lights
0  6.600000 -7.101408 144.100006  0.000000 -0.866025 0.500000  0.984812 0.109728 0
0  6.000000 -8.200000 140.000000  0.000000 -1.000000 0.000000  0.988967 0.138064 0
0  6.600000 -8.200000 140.000000  0.000000 -1.000000 0.000001  0.984812 0.138064 0
start_lights
0  6.600000 -8.200000 140.000000  0.000000 -1.000000 0.000001  0.984812 0.138064 0
0  6.000000 -7.101408 135.899994  0.000000 -0.866025 -0.500001  0.988967 0.166401 0
0  6.600000 -7.101408 135.899994  0.000000 -0.866025 -0.500001  0.984812 0.166401 0
start_lights
0  6.600000 -7.101408 135.899994  0.000000 -0.866025 -0.500001  0.897158 0.874027 0
0  6.000000 -4.100000 132.898590  0.000000 -0.499999 -0.866026  0.901313 0.894771 0
0  6.600000 -4.100000 132.898590  0.000000 -0.500000 -0.866025  0.897158 0.894771 0
start_lights
0  6.600000 -4.100000 132.898590  0.000000 -0.500000 -0.866025  0.897158 0.894771 0
0  6.000000 0.000000 131.800003  0.000000 0.000000 -1.000000  0.901313 0.923107 0
0  6.600000 0.000000 131.800003  0.000000 -0.000000 -1.000000  0.897158 0.923107 0
start_lights
0  6.000000 0.000000 131.800003  -1.000000 0.000000 0.000000  0.573536 0.713174 0
0  6.000000 3.500000 133.937820  -1.000000 0.000000 0.000000  0.600780 0.705163 0
0  6.000000 4.100000 132.898590  -1.000000 0.000000 0.000000  0.602930 0.713174 0
start_lights
0  6.000000 4.100000 132.898590  -1.000000 0.000000 0.000000  0.602930 0.713174 0
0  6.000000 6.062178 136.500000  -1.000000 0.000000 -0.000000  0.622511 0.692642 0
0  6.000000 7.101408 135.899994  -1.000000 0.000000 -0.000000  0.628387 0.698506 0
start_lights
0  6.000000 7.101408 135.899994  -1.000000 0.000000 -0.000000  0.628387 0.698506 0
0  6.000000 7.000000 140.000000  -1.000000 0.000000 -0.000000  0.635057 0.670954 0
0  6.000000 8.200000 140.000000  -1.000000 0.000000 -0.000000  0.643084 0.673100 0
start_lights
0  6.000000 8.200000 140.000000  -1.000000 0.000000 -0.000000  0.643084 0.673100 0
0  6.000000 6.062178 143.500000  -1.000000 0.000000 -0.000000  0.635057 0.645910 0
0  6.000000 7.101408 144.100006  -1.000000 0.000000 -0.000000  0.643084 0.643764 0
start_lights
0  6.000000 7.101408 144.100006  -1.000000 0.000000 -0.000000  0.643084 0.643764 0
0  6.000000 3.500000 146.062180  -1.000000 -0.000000 0.000000  0.622511 0.624222 0
0  6.000000 4.100000 147.101410  -1.000000 -0.000000 0.000000  0.628387 0.618358 0
start_lights
0  6.000000 4.100000 147.101410  -1.000000 -0.000000 0.000000  0.628387 0.618358 0
0  6.000000 0.000000 147.000000  -1.000000 0.000000 0.000000  0.600780 0.611701 0
0  6.000000 0.000000 148.199997  -1.000000 0.000000 0.000000  0.602930 0.603690 0
start_lights
0  6.000000 0.000000 148.199997  -1.000000 0.000000 0.000000  0.602930 0.603690 0
0  6.000000 -3.500000 146.062180  -1.000000 0.000000 0.000000  0.575686 0.611701 0
0  6.000000 -4.100000 147.101410  -1.000000 0.000000 0.000000  0.573536 0.603690 0
start_lights
0  6.000000 -4.100000 147.101410  -1.000000 0.000000 0.000000  0.573536 0.603690 0
0  6.000000 -6.062178 143.500000  -1.000000 0.000000 -0.000000  0.553955 0.624222 0
0  6.000000 -7.101408 144.100006  -1.000000 0.000000 -0.000000  0.548079 0.618358 0
start_lights
0  6.000000 -7.101408 144.100006  -1.000000 0.000000 -0.000000  0.548079 0.618358 0
0  6.000000 -7.000000 140.000000  -1.000000 0.000000 -0.000000  0.541408 0.645910 0
0  6.000000 -8.200000 140.000000  -1.000000 0.000000 -0.000000  0.533381 0.643764 0
start_lights
0  6.000000 -8.200000 140.000000  -1.000000 0.000000 -0.000000  0.533381 0.643764 0
0  6.000000 -6.062178 136.500000  -1.000000 0.000000 -0.000000  0.541408 0.670954 0
0  6.000000 -7.101408 135.899994  -1.000000 0.000000 -0.000000  0.533381 0.673100 0
start_lights
0  6.000000 -7.101408 135.899994  -1.000000 0.000000 -0.000000  0.533381 0.673100 0
0  6.000000 -3.500000 133.937820  -1.000000 -0.000000 0.000000  0.553955 0.692642 0
0  6.000000 -4.100000 132.898590  -1.000000 -0.000000 0.000000  0.548079 0.698506 0
start_lights
0  6.000000 -4.100000 132.898590  -1.000000 -0.000000 0.000000  0.548079 0.698506 0
0  6.000000 0.000000 133.000000  -1.000000 0.000000 0.000000  0.575686 0.705163 0
0  6.000000 0.000000 131.800003  -1.000000 0.000000 0.000000  0.573536 0.713174 0
start_lights
0  6.000000 0.000000 133.000000  0.000000 -0.000003 1.000000  0.094692 0.723242 0
0  6.200000 3.500000 133.937820  0.000000 -0.499998 0.866026  0.096077 0.747432 0
0  6.000000 3.500000 133.937820  0.000000 -0.500002 0.866024  0.094692 0.747432 0
start_lights
0  6.000000 3.500000 133.937820  0.000000 -0.500002 0.866024  0.466390 0.657584 0
0  6.200000 6.062178 136.500000  0.000000 -0.866024 0.500003  0.465005 0.639876 0
0  6.000000 6.062178 136.500000  0.000000 -0.866026 0.499999  0.466390 0.639876 0
start_lights
0  6.000000 6.062178 136.500000  0.000000 -0.866026 0.499999  0.466390 0.639876 0
0  6.200000 7.000000 140.000000  0.000000 -1.000000 0.000001  0.465005 0.615686 0
0  6.000000 7.000000 140.000000  0.000000 -1.000000 -0.000004  0.466390 0.615686 0
start_lights
0  6.000000 7.000000 140.000000  0.000000 -1.000000 -0.000004  0.466390 0.615686 0
0  6.200000 6.062178 143.500000  0.000000 -0.866027 -0.499997  0.465005 0.591496 0
0  6.000000 6.062178 143.500000  0.000000 -0.866025 -0.500001  0.466390 0.591496 0
start_lights
0  6.000000 6.062178 143.500000  0.000000 -0.866025 -0.500001  0.466390 0.591496 0
0  6.199999 3.500000 146.062180  0.000000 -0.500001 -0.866025  0.465005 0.573788 0
0  6.000000 3.500000 146.062180  0.000000 -0.499997 -0.866027  0.466390 0.573788 0
start_lights
0  6.000000 3.500000 146.062180  0.000000 -0.499997 -0.866027  0.997533 0.789200 0
0  6.199999 0.000000 147.000000  0.000000 -0.000002 -1.000000  0.996148 0.765010 0
0  6.000000 0.000000 147.000000  0.000000 0.000002 -1.000000  0.997533 0.765010 0
start_lights
0  6.000000 0.000000 147.000000  0.000000 0.000002 -1.000000  0.997533 0.765010 0
0  6.199999 -3.500000 146.062180  0.000000 0.499999 -0.866026  0.996148 0.740820 0
0  6.000000 -3.500000 146.062180  0.000000 0.500003 -0.866024  0.997533 0.740820 0
start_lights
0  6.000000 -3.500000 146.062180  0.000000 0.500003 -0.866024  0.983427 0.000000 0
0  6.200000 -6.062178 143.500000  0.000000 0.866024 -0.500003  0.984812 0.017708 0
0  6.000000 -6.062178 143.500000  0.000000 0.866026 -0.499999  0.983427 0.017708 0
start_lights
0  6.000000 -6.062178 143.500000  0.000000 0.866026 -0.499999  0.983427 0.017708 0
0  6.200000 -7.000000 140.000000  0.000000 1.000000 -0.000002  0.984812 0.041898 0
0  6.000000 -7.000000 140.000000  0.000000 1.000000 0.000003  0.983427 0.041898 0
start_lights
0  6.000000 -7.000000 140.000000  0.000000 1.000000 0.000003  0.983427 0.041898 0
0  6.200000 -6.062178 136.500000  0.000000 0.866027 0.499997  0.984812 0.066088 0
0  6.000000 -6.062178 136.500000  0.000000 0.866025 0.500001  0.983427 0.066088 0
start_lights
0  6.000000 -6.062178 136.500000  0.000000 0.866025 0.500001  0.983427 0.066088 0
0  6.200000 -3.500000 133.937820  0.000000 0.500003 0.866024  0.984812 0.083796 0
0  6.000000 -3.500000 133.937820  0.000000 0.499999 0.866026  0.983427 0.083796 0
start_lights
0  6.000000 -3.500000 133.937820  0.000000 0.499999 0.866026  0.094692 0.699052 0
0  6.200001 0.000000 133.000000  0.000000 0.000002 1.000000  0.096077 0.723242 0
0  6.000000 0.000000 133.000000  0.000000 -0.000003 1.000000  0.094692 0.723242 0
start_lights
0  6.200001 0.000000 115.000000  0.948683 0.000001 0.316230  0.171893 0.806757 0
0  6.600000 4.100000 114.898590  0.948684 -0.158114 0.273860  0.163944 0.779546 0
0  6.200000 3.500000 115.937820  0.948684 -0.158113 0.273861  0.171887 0.781714 0
start_lights
0  6.200000 3.500000 115.937820  0.948684 -0.158113 0.273861  0.171887 0.781714 0
0  6.600000 7.101408 117.900002  0.948683 -0.273863 0.158114  0.178629 0.754141 0
0  6.200000 6.062178 118.500000  0.948682 -0.273863 0.158116  0.184423 0.760027 0
start_lights
0  6.200000 6.062178 118.500000  0.948682 -0.273863 0.158116  0.184423 0.760027 0
0  6.600000 8.200000 122.000000  0.948683 -0.316228 -0.000001  0.204072 0.739473 0
0  6.200000 7.000000 122.000000  0.948683 -0.316228 0.000001  0.206143 0.747505 0
start_lights
0  6.200000 7.000000 122.000000  0.948683 -0.316228 0.000001  0.206143 0.747505 0
0  6.600000 7.101408 126.099998  0.948684 -0.273859 -0.158114  0.233454 0.739473 0
0  6.200000 6.062178 125.500000  0.948684 -0.273860 -0.158113  0.231225 0.747505 0
start_lights
0  6.200000 6.062178 125.500000  0.948684 -0.273860 -0.158113  0.231225 0.747505 0
0  6.599999 4.100000 129.101410  0.948683 -0.158113 -0.273864  0.258903 0.754141 0
0  6.199999 3.500000 128.062180  0.948683 -0.158115 -0.273863  0.252950 0.760027 0
start_lights
0  6.199999 3.500000 128.062180  0.948683 -0.158115 -0.273863  0.252950 0.760027 0
0  6.599999 0.000000 130.199997  0.948682 0.000001 -0.316232  0.273600 0.779546 0
0  6.199999 0.000000 129.000000  0.948682 -0.000001 -0.316232  0.265496 0.781714 0
start_lights
0  6.199999 0.000000 129.000000  0.948682 -0.000001 -0.316232  0.265496 0.781714 0
0  6.599999 -4.100000 129.101410  0.948683 0.158114 -0.273862  0.273607 0.808881 0
0  6.199999 -3.500000 128.062180  0.948683 0.158113 -0.273864  0.265502 0.806757 0
start_lights
0  6.199999 -3.500000 128.062180  0.948683 0.158113 -0.273864  0.265502 0.806757 0
0  6.600000 -7.101408 126.099998  0.948684 0.273861 -0.158113  0.258921 0.834287 0
0  6.200000 -6.062178 125.500000  0.948683 0.273861 -0.158115  0.252966 0.828444 0
start_lights
0  6.200000 -6.062178 125.500000  0.948683 0.273861 -0.158115  0.252966 0.828444 0
0  6.600000 -8.200000 122.000000  0.948683 0.316228 0.000001  0.233479 0.848954 0
0  6.200000 -7.000000 122.000000  0.948683 0.316228 -0.000001  0.231247 0.840965 0
start_lights
0  6.200000 -7.000000 122.000000  0.948683 0.316228 -0.000001  0.231247 0.840965 0
0  6.600000 -7.101408 117.900002  0.948683 0.273861 0.158115  0.204096 0.848954 0
0  6.200000 -6.062178 118.500000  0.948683 0.273862 0.158114  0.206164 0.840965 0
start_lights
0  6.200000 -6.062178 118.500000  0.948683 0.273862 0.158114  0.206164 0.840965 0
0  6.600000 -4.100000 114.898590  0.948684 0.158113 0.273861  0.178647 0.834287 0
0  6.200000 -3.500000 115.937820  0.948683 0.158114 0.273861  0.184439 0.828444 0
start_lights
0  6.200000 -3.500000 115.937820  0.948683 0.158114 0.273861  0.184439 0.828444 0
0  6.600000 0.000000 113.800003  0.948683 -0.000001 0.316229  0.163950 0.808881 0
0  6.200001 0.000000 115.000000  0.948683 0.000001 0.316230  0.171893 0.806757 0
start_lights
0  6.600000 0.000000 113.800003  0.000000 -0.000000 -1.000000  0.983173 0.959882 0
0  6.000000 4.100000 114.898590  0.000000 0.500000 -0.866025  0.987328 0.988218 0
0  6.600000 4.100000 114.898590  0.000000 0.499999 -0.866026  0.983173 0.988218 0
start_lights
0  6.600000 4.100000 114.898590  0.000000 0.499999 -0.866026  0.923330 0.717930 0
0  6.000000 7.101408 117.900002  0.000000 0.866026 -0.500000  0.919175 0.697186 0
0  6.600000 7.101408 117.900002  0.000000 0.866025 -0.500000  0.923330 0.697186 0
start_lights
0  6.600000 7.101408 117.900002  0.000000 0.866025 -0.500000  0.923330 0.697186 0
0  6.000000 8.200000 122.000000  0.000000 1.000000 0.000001  0.919175 0.668850 0
0  6.600000 8.200000 122.000000  0.000000 1.000000 0.000000  0.923330 0.668850 0
start_lights
0  6.600000 8.200000 122.000000  0.000000 1.000000 0.000000  0.923330 0.668850 0
0  6.000000 7.101408 126.099998  0.000000 0.866026 0.500000  0.919175 0.640513 0
0  6.600000 7.101408 126.099998  0.000000 0.866026 0.499999  0.923330 0.640513 0
start_lights
0  6.600000 7.101408 126.099998  0.000000 0.866026 0.499999  0.923330 0.640513 0
0  6.000000 4.100000 129.101410  0.000000 0.499999 0.866026  0.919175 0.619769 0
0  6.599999 4.100000 129.101410  0.000000 0.499999 0.866026  0.923330 0.619769 0
start_lights
0  6.599999 4.100000 129.101410  0.000000 0.499999 0.866026  0.992948 0.397730 0
0  6.000000 0.000000 130.199997  0.000000 0.000000 1.000000  0.988793 0.369394 0
0  6.599999 0.000000 130.199997  0.000000 0.000000 1.000000  0.992948 0.369394 0
start_lights
0  6.599999 0.000000 130.199997  0.000000 0.000000 1.000000  0.992948 0.369394 0
0  6.000000 -4.100000 129.101410  0.000000 -0.500000 0.866025  0.988793 0.341057 0
0  6.599999 -4.100000 129.101410  0.000000 -0.500000 0.866026  0.992948 0.341057 0
start_lights
0  6.599999 -4.100000 129.101410  0.000000 -0.500000 0.866026  0.815195 0.861868 0
0  6.000000 -7.101408 126.099998  0.000000 -0.866025 0.500000  0.819351 0.882612 0
0  6.600000 -7.101408 126.099998  0.000000 -0.866025 0.500000  0.815195 0.882612 0
start_lights
0  6.600000 -7.101408 126.099998  0.000000 -0.866025 0.500000  0.815195 0.882612 0
0  6.000000 -8.200000 122.000000  0.000000 -1.000000 -0.000000  0.819351 0.910948 0
0  6.600000 -8.200000 122.000000  0.000000 -1.000000 0.000000  0.815195 0.910948 0
start_lights
0  6.600000 -8.200000 122.000000  0.000000 -1.000000 0.000000  0.815195 0.910948 0
0  6.000000 -7.101408 117.900002  0.000000 -0.866025 -0.500000  0.819351 0.939285 0
0  6.600000 -7.101408 117.900002  0.000000 -0.866026 -0.500000  0.815195 0.939285 0
start_lights
0  6.600000 -7.101408 117.900002  0.000000 -0.866026 -0.500000  0.815195 0.939285 0
0  6.000000 -4.100000 114.898590  0.000000 -0.499999 -0.866026  0.819351 0.960029 0
0  6.600000 -4.100000 114.898590  0.000000 -0.500000 -0.866025  0.815195 0.960029 0
start_lights
0  6.600000 -4.100000 114.898590  0.000000 -0.500000 -0.866025  0.983173 0.931545 0
0  6.000000 0.000000 113.800003  0.000000 0.000000 -1.000000  0.987328 0.959882 0
0  6.600000 0.000000 113.800003  0.000000 -0.000000 -1.000000  0.983173 0.959882 0
start_lights
0  6.000000 0.000000 113.800003  -1.000000 0.000000 0.000000  0.762919 0.729253 0
0  6.000000 3.500000 115.937820  -1.000000 0.000000 0.000000  0.790163 0.721242 0
0  6.000000 4.100000 114.898590  -1.000000 0.000000 0.000000  0.792314 0.729253 0
start_lights
0  6.000000 4.100000 114.898590  -1.000000 0.000000 0.000000  0.792314 0.729253 0
0  6.000000 6.062178 118.500000  -1.000000 0.000000 -0.000000  0.811894 0.708721 0
0  6.000000 7.101408 117.900002  -1.000000 0.000000 -0.000000  0.817770 0.714585 0
start_lights
0  6.000000 7.101408 117.900002  -1.000000 0.000000 -0.000000  0.817770 0.714585 0
0  6.000000 7.000000 122.000000  -1.000000 0.000000 -0.000000  0.824441 0.687033 0
0  6.000000 8.200000 122.000000  -1.000000 0.000000 -0.000000  0.832468 0.689179 0
start_lights
0  6.000000 8.200000 122.000000  -1.000000 0.000000 -0.000000  0.832468 0.689179 0
0  6.000000 6.062178 125.500000  -1.000000 0.000000 -0.000000  0.824441 0.661989 0
0  6.000000 7.101408 126.099998  -1.000000 0.000000 -0.000000  0.832468 0.659843 0
start_lights
0  6.000000 7.101408 126.099998  -1.000000 0.000000 -0.000000  0.832468 0.659843 0
0  6.000000 3.500000 128.062180  -1.000000 -0.000000 0.000000  0.811894 0.640301 0
0  6.000000 4.100000 129.101410  -1.000000 -0.000000 0.000000  0.817770 0.634437 0
start_lights
0  6.000000 4.100000 129.101410  -1.000000 -0.000000 0.000000  0.817770 0.634437 0
0  6.000000 0.000000 129.000000  -1.000000 0.000000 0.000000  0.790163 0.627780 0
0  6.000000 0.000000 130.199997  -1.000000 0.000000 0.000000  0.792314 0.619769 0
start_lights
0  6.000000 0.000000 130.199997  -1.000000 0.000000 0.000000  0.792314 0.619769 0
0  6.000000 -3.500000 128.062180  -1.000000 0.000000 0.000000  0.765070 0.627780 0
0  6.000000 -4.100000 129.101410  -1.000000 0.000000 0.000000  0.762919 0.619769 0
start_lights
0  6.000000 -4.100000 129.101410  -1.000000 0.000000 0.000000  0.762919 0.619769 0
0  6.000000 -6.062178 125.500000  -1.000000 0.000000 -0.000000  0.743338 0.640301 0
0  6.000000 -7.101408 126.099998  -1.000000 0.000000 -0.000000  0.737462 0.634437 0
start_lights
0  6.000000 -7.101408 126.099998  -1.000000 0.000000 -0.000000  0.737462 0.634437 0
0  6.000000 -7.000000 122.000000  -1.000000 0.000000 -0.000000  0.730792 0.661989 0
0  6.000000 -8.200000 122.000000  -1.000000 0.000000 -0.000000  0.722765 0.659843 0
start_lights
0  6.000000 -8.200000 122.000000  -1.000000 0.000000 -0.000000  0.722765 0.659843 0
0  6.000000 -6.062178 118.500000  -1.000000 0.000000 -0.000000  0.730792 0.687033 0
0  6.000000 -7.101408 117.900002  -1.000000 0.000000 -0.000000  0.722765 0.689179 0
start_lights
0  6.000000 -7.101408 117.900002  -1.000000 0.000000 -0.000000  0.722765 0.689179 0
0  6.000000 -3.500000 115.937820  -1.000000 -0.000000 0.000000  0.743338 0.708721 0
0  6.000000 -4.100000 114.898590  -1.000000 -0.000000 0.000000  0.737462 0.714585 0
start_lights
0  6.000000 -4.100000 114.898590  -1.000000 -0.000000 0.000000  0.737462 0.714585 0
0  6.000000 0.000000 115.000000  -1.000000 0.000000 0.000000  0.765070 0.721242 0
0  6.000000 0.000000 113.800003  -1.000000 0.000000 0.000000  0.762919 0.729253 0
start_lights
0  6.000000 0.000000 115.000000  0.000000 -0.000003 1.000000  0.992945 0.292654 0
0  6.200000 3.500000 115.937820  0.000000 -0.499998 0.866026  0.994330 0.316844 0
0  6.000000 3.500000 115.937820  0.000000 -0.500002 0.866024  0.992945 0.316844 0
start_lights
0  6.000000 3.500000 115.937820  0.000000 -0.500002 0.866024  0.096077 0.687486 0
0  6.200000 6.062178 118.500000  0.000000 -0.866024 0.500003  0.094692 0.669778 0
0  6.000000 6.062178 118.500000  0.000000 -0.866026 0.499999  0.096077 0.669778 0
start_lights
0  6.000000 6.062178 118.500000  0.000000 -0.866026 0.499999  0.096077 0.669778 0
0  6.200000 7.000000 122.000000  0.000000 -1.000000 0.000001  0.094692 0.645588 0
0  6.000000 7.000000 122.000000  0.000000 -1.000000 -0.000004  0.096077 0.645588 0
start_lights
0  6.000000 7.000000 122.000000  0.000000 -1.000000 -0.000004  0.096077 0.645588 0
0  6.200000 6.062178 125.500000  0.000000 -0.866027 -0.499997  0.094692 0.621398 0
0  6.000000 6.062178 125.500000  0.000000 -0.866025 -0.500001  0.096077 0.621398 0
start_lights
0  6.000000 6.062178 125.500000  0.000000 -0.866025 -0.500001  0.096077 0.621398 0
0  6.199999 3.500000 128.062180  0.000000 -0.500001 -0.866025  0.094692 0.603690 0
0  6.000000 3.500000 128.062180  0.000000 -0.499997 -0.866027  0.096077 0.603690 0
start_lights
0  6.000000 3.500000 128.062180  0.000000 -0.499997 -0.866027  0.997533 0.849146 0
0  6.199999 0.000000 129.000000  0.000000 -0.000002 -1.000000  0.996148 0.824956 0
0  6.000000 0.000000 129.000000  0.000000 0.000002 -1.000000  0.997533 0.824956 0
start_lights
0  6.000000 0.000000 129.000000  0.000000 0.000002 -1.000000  0.997533 0.824956 0
0  6.199999 -3.500000 128.062180  0.000000 0.499999 -0.866026  0.996148 0.800766 0
0  6.000000 -3.500000 128.062180  0.000000 0.500003 -0.866024  0.997533 0.800766 0
start_lights
0  6.000000 -3.500000 128.062180  0.000000 0.500003 -0.866024  0.830940 0.861868 0
0  6.200000 -6.062178 125.500000  0.000000 0.866024 -0.500003  0.832325 0.879576 0
0  6.000000 -6.062178 125.500000  0.000000 0.866026 -0.499999  0.830940 0.879576 0
start_lights
0  6.000000 -6.062178 125.500000  0.000000 0.866026 -0.499999  0.830940 0.879576 0
0  6.200000 -7.000000 122.000000  0.000000 1.000000 -0.000002  0.832325 0.903766 0
0  6.000000 -7.000000 122.000000  0.000000 1.000000 0.000003  0.830940 0.903766 0
start_lights
0  6.000000 -7.000000 122.000000  0.000000 1.000000 0.000003  0.830940 0.903766 0
0  6.200000 -6.062178 118.500000  0.000000 0.866027 0.499997  0.832325 0.927956 0
0  6.000000 -6.062178 118.500000  0.000000 0.866025 0.500001  0.830940 0.927956 0
start_lights
0  6.000000 -6.062178 118.500000  0.000000 0.866025 0.500001  0.830940 0.927956 0
0  6.200000 -3.500000 115.937820  0.000000 0.500003 0.866024  0.832325 0.945664 0
0  6.000000 -3.500000 115.937820  0.000000 0.499999 0.866026  0.830940 0.945664 0
start_lights
0  6.000000 -3.500000 115.937820  0.000000 0.499999 0.866026  0.992945 0.268464 0
0  6.200001 0.000000 115.000000  0.000000 0.000002 1.000000  0.994330 0.292654 0
0  6.000000 0.000000 115.000000  0.000000 -0.000003 1.000000  0.992945 0.292654 0
start_lights
0  6.200001 0.000000 97.000000  0.948683 0.000001 0.316230  0.541325 0.792017 0
0  6.600000 4.100000 96.898590  0.948684 -0.158114 0.273860  0.533381 0.764805 0
0  6.200000 3.500000 97.937820  0.948683 -0.158113 0.273861  0.541325 0.766974 0
start_lights
0  6.200000 3.500000 97.937820  0.948683 -0.158113 0.273861  0.541325 0.766974 0
0  6.600000 7.101408 99.900002  0.948683 -0.273862 0.158113  0.548073 0.739403 0
0  6.200000 6.062178 100.500000  0.948683 -0.273861 0.158114  0.553866 0.745290 0
start_lights
0  6.200000 6.062178 100.500000  0.948683 -0.273861 0.158114  0.553866 0.745290 0
0  6.600000 8.200000 104.000000  0.948683 -0.316228 -0.000001  0.573519 0.724741 0
0  6.200000 7.000000 104.000000  0.948683 -0.316228 0.000001  0.575588 0.732774 0
start_lights
0  6.200000 7.000000 104.000000  0.948683 -0.316228 0.000001  0.575588 0.732774 0
0  6.600000 7.101408 108.099998  0.948684 -0.273860 -0.158114  0.602901 0.724747 0
0  6.200000 6.062178 107.500000  0.948684 -0.273861 -0.158113  0.600670 0.732779 0
start_lights
0  6.200000 6.062178 107.500000  0.948684 -0.273861 -0.158113  0.600670 0.732779 0
0  6.599999 4.100000 111.101410  0.948684 -0.158113 -0.273861  0.628347 0.739421 0
0  6.199999 3.500000 110.062180  0.948683 -0.158115 -0.273861  0.622393 0.745305 0
start_lights
0  6.199999 3.500000 110.062180  0.948683 -0.158115 -0.273861  0.622393 0.745305 0
0  6.599999 0.000000 112.199997  0.948683 0.000001 -0.316229  0.643038 0.764830 0
0  6.199999 0.000000 111.000000  0.948683 -0.000001 -0.316230  0.634934 0.766996 0
start_lights
0  6.199999 0.000000 111.000000  0.948683 -0.000001 -0.316230  0.634934 0.766996 0
0  6.599999 -4.100000 111.101410  0.948684 0.158114 -0.273860  0.643038 0.794165 0
0  6.199999 -3.500000 110.062180  0.948684 0.158113 -0.273861  0.634934 0.792038 0
start_lights
0  6.199999 -3.500000 110.062180  0.948684 0.158113 -0.273861  0.634934 0.792038 0
0  6.600000 -7.101408 108.099998  0.948683 0.273863 -0.158113  0.628347 0.819567 0
0  6.200000 -6.062178 107.500000  0.948683 0.273862 -0.158115  0.622393 0.813723 0
start_lights
0  6.200000 -6.062178 107.500000  0.948683 0.273862 -0.158115  0.622393 0.813723 0
0  6.600000 -8.200000 104.000000  0.948683 0.316227 0.000001  0.602901 0.834229 0
0  6.200000 -7.000000 104.000000  0.948683 0.316228 -0.000001  0.600670 0.826239 0
start_lights
0  6.200000 -7.000000 104.000000  0.948683 0.316228 -0.000001  0.600670 0.826239 0
0  6.600000 -7.101408 99.900002  0.948683 0.273861 0.158115  0.573519 0.834222 0
0  6.200000 -6.062178 100.500000  0.948683 0.273862 0.158114  0.575588 0.826233 0
start_lights
0  6.200000 -6.062178 100.500000  0.948683 0.273862 0.158114  0.575588 0.826233 0
0  6.600000 -4.100000 96.898590  0.948684 0.158112 0.273860  0.548073 0.819549 0
0  6.200000 -3.500000 97.937820  0.948684 0.158114 0.273860  0.553866 0.813707 0
start_lights
0  6.200000 -3.500000 97.937820  0.948684 0.158114 0.273860  0.553866 0.813707 0
0  6.600000 0.000000 95.800003  0.948683 -0.000001 0.316229  0.533381 0.794140 0
0  6.200001 0.000000 97.000000  0.948683 0.000001 0.316230  0.541325 0.792017 0
start_lights
0  6.600000 0.000000 95.800003  0.000000 -0.000000 -1.000000  0.988793 0.437633 0
0  6.000000 4.100000 96.898590  0.000000 0.500000 -0.866025  0.992948 0.465970 0
0  6.600000 4.100000 96.898590  0.000000 0.499999 -0.866026  0.988793 0.465970 0
start_lights
0  6.600000 4.100000 96.898590  0.000000 0.499999 -0.866026  0.971583 0.838981 0
0  6.000000 7.101408 99.900002  0.000000 0.866026 -0.500000  0.967428 0.818237 0
0  6.600000 7.101408 99.900002  0.000000 0.866025 -0.500000  0.971583 0.818237 0
start_lights
0  6.600000 7.101408 99.900002  0.000000 0.866025 -0.500000  0.971583 0.818237 0
0  6.000000 8.200000 104.000000  0.000000 1.000000 0.000001  0.967428 0.789900 0
0  6.600000 8.200000 104.000000  0.000000 1.000000 0.000000  0.971583 0.789900 0
start_lights
0  6.600000 8.200000 104.000000  0.000000 1.000000 0.000000  0.971583 0.789900 0
0  6.000000 7.101408 108.099998  0.000000 0.866026 0.500000  0.967428 0.761564 0
0  6.600000 7.101408 108.099998  0.000000 0.866026 0.499999  0.971583 0.761564 0
start_lights
0  6.600000 7.101408 108.099998  0.000000 0.866026 0.499999  0.971583 0.761564 0
0  6.000000 4.100000 111.101410  0.000000 0.499999 0.866026  0.967428 0.740820 0
0  6.599999 4.100000 111.101410  0.000000 0.499999 0.866026  0.971583 0.740820 0
start_lights
0  6.599999 4.100000 111.101410  0.000000 0.499999 0.866026  0.992948 0.534210 0
0  6.000000 0.000000 112.199997  0.000000 0.000000 1.000000  0.988793 0.505873 0
0  6.599999 0.000000 112.199997  0.000000 0.000000 1.000000  0.992948 0.505873 0
start_lights
0  6.599999 0.000000 112.199997  0.000000 0.000000 1.000000  0.992948 0.505873 0
0  6.000000 -4.100000 111.101410  0.000000 -0.500000 0.866025  0.988793 0.477537 0
0  6.599999 -4.100000 111.101410  0.000000 -0.500000 0.866026  0.992948 0.477537 0
start_lights
0  6.599999 -4.100000 111.101410  0.000000 -0.500000 0.866026  0.967428 0.850548 0
0  6.000000 -7.101408 108.099998  0.000000 -0.866025 0.500000  0.971583 0.871292 0
0  6.600000 -7.101408 108.099998  0.000000 -0.866025 0.500000  0.967428 0.871292 0
start_lights
0  6.600000 -7.101408 108.099998  0.000000 -0.866025 0.500000  0.967428 0.871292 0
0  6.000000 -8.200000 104.000000  0.000000 -1.000000 -0.000000  0.971583 0.899628 0
0  6.600000 -8.200000 104.000000  0.000000 -1.000000 0.000000  0.967428 0.899628 0
start_lights
0  6.600000 -8.200000 104.000000  0.000000 -1.000000 0.000000  0.967428 0.899628 0
0  6.000000 -7.101408 99.900002  0.000000 -0.866025 -0.500000  0.971583 0.927965 0
0  6.600000 -7.101408 99.900002  0.000000 -0.866026 -0.500000  0.967428 0.927965 0
start_lights
0  6.600000 -7.101408 99.900002  0.000000 -0.866026 -0.500000  0.967428 0.927965 0
0  6.000000 -4.100000 96.898590  0.000000 -0.499999 -0.866026  0.971583 0.948709 0
0  6.600000 -4.100000 96.898590  0.000000 -0.500000 -0.866025  0.967428 0.948709 0
start_lights
0  6.600000 -4.100000 96.898590  0.000000 -0.500000 -0.866025  0.988793 0.409297 0
0  6.000000 0.000000 95.800003  0.000000 0.000000 -1.000000  0.992948 0.437633 0
0  6.600000 0.000000 95.800003  0.000000 -0.000000 -1.000000  0.988793 0.437633 0
start_lights
0  6.000000 0.000000 95.800003  -1.000000 0.000000 0.000000  0.368041 0.833067 0
0  6.000000 3.500000 97.937820  -1.000000 0.000000 0.000000  0.395285 0.825056 0
0  6.000000 4.100000 96.898590  -1.000000 0.000000 0.000000  0.397436 0.833067 0
start_lights
0  6.000000 4.100000 96.898590  -1.000000 0.000000 0.000000  0.397436 0.833067 0
0  6.000000 6.062178 100.500000  -1.000000 0.000000 -0.000000  0.417016 0.812534 0
0  6.000000 7.101408 99.900002  -1.000000 0.000000 -0.000000  0.422892 0.818398 0
start_lights
0  6.000000 7.101408 99.900002  -1.000000 0.000000 -0.000000  0.422892 0.818398 0
0  6.000000 7.000000 104.000000  -1.000000 0.000000 -0.000000  0.429563 0.790846 0
0  6.000000 8.200000 104.000000  -1.000000 0.000000 -0.000000  0.437590 0.792992 0
start_lights
0  6.000000 8.200000 104.000000  -1.000000 0.000000 -0.000000  0.437590 0.792992 0
0  6.000000 6.062178 107.500000  -1.000000 0.000000 -0.000000  0.429563 0.765803 0
0  6.000000 7.101408 108.099998  -1.000000 0.000000 -0.000000  0.437590 0.763656 0
start_lights
0  6.000000 7.101408 108.099998  -1.000000 0.000000 -0.000000  0.437590 0.763656 0
0  6.000000 3.500000 110.062180  -1.000000 -0.000000 0.000000  0.417016 0.744115 0
0  6.000000 4.100000 111.101410  -1.000000 -0.000000 0.000000  0.422892 0.738250 0
start_lights
0  6.000000 4.100000 111.101410  -1.000000 -0.000000 0.000000  0.422892 0.738250 0
0  6.000000 0.000000 111.000000  -1.000000 0.000000 0.000000  0.395285 0.731593 0
0  6.000000 0.000000 112.199997  -1.000000 0.000000 0.000000  0.397436 0.723582 0
start_lights
0  6.000000 0.000000 112.199997  -1.000000 0.000000 0.000000  0.397436 0.723582 0
0  6.000000 -3.500000 110.062180  -1.000000 0.000000 0.000000  0.370192 0.731593 0
0  6.000000 -4.100000 111.101410  -1.000000 0.000000 0.000000  0.368041 0.723582 0
start_lights
0  6.000000 -4.100000 111.101410  -1.000000 0.000000 0.000000  0.368041 0.723582 0
0  6.000000 -6.062178 107.500000  -1.000000 0.000000 -0.000000  0.348460 0.744115 0
0  6.000000 -7.101408 108.099998  -1.000000 0.000000 -0.000000  0.342584 0.738250 0
start_lights
0  6.000000 -7.101408 108.099998  -1.000000 0.000000 -0.000000  0.342584 0.738250 0
0  6.000000 -7.000000 104.000000  -1.000000 0.000000 -0.000000  0.335914 0.765803 0
0  6.000000 -8.200000 104.000000  -1.000000 0.000000 -0.000000  0.327887 0.763656 0
start_lights
0  6.000000 -8.200000 104.000000  -1.000000 0.000000 -0.000000  0.327887 0.763656 0
0  6.000000 -6.062178 100.500000  -1.000000 0.000000 -0.000000  0.335914 0.790846 0
0  6.000000 -7.101408 99.900002  -1.000000 0.000000 -0.000000  0.327887 0.792992 0
start_lights
0  6.000000 -7.101408 99.900002  -1.000000 0.000000 -0.000000  0.327887 0.792992 0
0  6.000000 -3.500000 97.937820  -1.000000 -0.000000 0.000000  0.348460 0.812534 0
0  6.000000 -4.100000 96.898590  -1.000000 -0.000000 0.000000  0.342584 0.818399 0
start_lights
0  6.000000 -4.100000 96.898590  -1.000000 -0.000000 0.000000  0.342584 0.818399 0
0  6.000000 0.000000 97.000000  -1.000000 0.000000 0.000000  0.370192 0.825056 0
0  6.000000 0.000000 95.800003  -1.000000 0.000000 0.000000  0.368041 0.833067 0
start_lights
0  6.000000 0.000000 97.000000  0.000000 -0.000003 1.000000  0.994877 0.692481 0
0  6.200000 3.500000 97.937820  0.000000 -0.499998 0.866026  0.996262 0.716671 0
0  6.000000 3.500000 97.937820  0.000000 -0.500002 0.866024  0.994877 0.716671 0
start_lights
0  6.000000 3.500000 97.937820  0.000000 -0.500002 0.866024  0.984558 0.824616 0
0  6.200000 6.062178 100.500000  0.000000 -0.866024 0.500003  0.983173 0.806908 0
0  6.000000 6.062178 100.500000  0.000000 -0.866026 0.499999  0.984558 0.806908 0
start_lights
0  6.000000 6.062178 100.500000  0.000000 -0.866026 0.499999  0.984558 0.806908 0
0  6.200000 7.000000 104.000000  0.000000 -1.000000 0.000001  0.983173 0.782718 0
0  6.000000 7.000000 104.000000  0.000000 -1.000000 -0.000004  0.984558 0.782718 0
start_lights
0  6.000000 7.000000 104.000000  0.000000 -1.000000 -0.000004  0.984558 0.782718 0
0  6.200000 6.062178 107.500000  0.000000 -0.866027 -0.499997  0.983173 0.758528 0
0  6.000000 6.062178 107.500000  0.000000 -0.866025 -0.500001  0.984558 0.758528 0
start_lights
0  6.000000 6.062178 107.500000  0.000000 -0.866025 -0.500001  0.984558 0.758528 0
0  6.199999 3.500000 110.062180  0.000000 -0.500001 -0.866025  0.983173 0.740820 0
0  6.000000 3.500000 110.062180  0.000000 -0.499997 -0.866027  0.984558 0.740820 0
start_lights
0  6.000000 3.500000 110.062180  0.000000 -0.499997 -0.866027  0.997533 0.909092 0
0  6.199999 0.000000 111.000000  0.000000 -0.000002 -1.000000  0.996148 0.884902 0
0  6.000000 0.000000 111.000000  0.000000 0.000002 -1.000000  0.997533 0.884902 0
start_lights
0  6.000000 0.000000 111.000000  0.000000 0.000002 -1.000000  0.997533 0.884902 0
0  6.199999 -3.500000 110.062180  0.000000 0.499999 -0.866026  0.996148 0.860712 0
0  6.000000 -3.500000 110.062180  0.000000 0.500003 -0.866024  0.997533 0.860712 0
start_lights
0  6.000000 -3.500000 110.062180  0.000000 0.500003 -0.866024  0.983173 0.836182 0
0  6.200000 -6.062178 107.500000  0.000000 0.866024 -0.500003  0.984558 0.853891 0
0  6.000000 -6.062178 107.500000  0.000000 0.866026 -0.499999  0.983173 0.853891 0
start_lights
0  6.000000 -6.062178 107.500000  0.000000 0.866026 -0.499999  0.983173 0.853891 0
0  6.200000 -7.000000 104.000000  0.000000 1.000000 -0.000002  0.984558 0.878081 0
0  6.000000 -7.000000 104.000000  0.000000 1.000000 0.000003  0.983173 0.878081 0
start_lights
0  6.000000 -7.000000 104.000000  0.000000 1.000000 0.000003  0.983173 0.878081 0
0  6.200000 -6.062178 100.500000  0.000000 0.866027 0.499997  0.984558 0.902270 0
0  6.000000 -6.062178 100.500000  0.000000 0.866025 0.500001  0.983173 0.902270 0
start_lights
0  6.000000 -6.062178 100.500000  0.000000 0.866025 0.500001  0.983173 0.902270 0
0  6.200000 -3.500000 97.937820  0.000000 0.500003 0.866024  0.984558 0.919979 0
0  6.000000 -3.500000 97.937820  0.000000 0.499999 0.866026  0.983173 0.919979 0
start_lights
0  6.000000 -3.500000 97.937820  0.000000 0.499999 0.866026  0.994877 0.668291 0
0  6.200001 0.000000 97.000000  0.000000 0.000002 1.000000  0.996262 0.692481 0
0  6.000000 0.000000 97.000000  0.000000 -0.000003 1.000000  0.994877 0.692481 0
start_lights
0  -7.000000 -12.000000 90.500000  -1.000000 0.000000 0.000000  0.945715 0.370959 0
0  -7.000000 12.000000 92.000000  -1.000000 0.000000 0.000000  0.935327 0.205085 0
0  -7.000000 12.000000 90.500000  -1.000000 0.000000 0.000000  0.945715 0.205085 0
start_lights
0  -7.000000 12.000000 90.500000  0.000000 1.000000 0.000000  0.505783 0.953548 0
0  7.000000 12.000000 92.000000  0.000000 1.000000 0.000000  0.495395 0.856789 0
0  7.000000 12.000000 90.500000  0.000000 1.000000 0.000000  0.505783 0.856789 0
start_lights
0  7.000000 12.000000 90.500000  1.000000 0.000000 0.000000  0.945710 0.548399 0
0  7.000000 -12.000000 92.000000  1.000000 0.000000 0.000000  0.935327 0.382525 0
0  7.000000 -12.000000 90.500000  1.000000 0.000000 0.000000  0.945710 0.382525 0
start_lights
0  7.000000 -12.000000 90.500000  0.000000 -1.000000 0.000000  0.266762 0.957280 0
0  -7.000000 -12.000000 92.000000  0.000000 -1.000000 0.000000  0.256374 0.860521 0
0  -7.000000 -12.000000 90.500000  0.000000 -1.000000 0.000000  0.266762 0.860521 0
start_lights
0  -7.000000 12.000000 90.500000  0.000000 0.000000 -1.000000  0.096953 0.592123 0
0  7.000000 -12.000000 90.500000  0.000000 0.000000 -1.000000  0.000000 0.426250 0
0  -7.000000 -12.000000 90.500000  0.000000 0.000000 -1.000000  0.096953 0.426250 0
start_lights
0  7.000000 12.000000 92.000000  0.000000 0.000000 1.000000  0.630334 0.592123 0
0  -7.000000 -12.000000 92.000000  0.000000 0.000000 1.000000  0.533381 0.426250 0
0  7.000000 -12.000000 92.000000  0.000000 0.000000 1.000000  0.630334 0.426250 0
start_lights
0  6.000000 -11.000000 93.000000  -1.000000 0.000000 0.000000  0.314036 0.578112 0
0  6.000000 11.000000 99.000000  -1.000000 0.000000 0.000000  0.272485 0.426062 0
0  6.000000 11.000000 93.000000  -1.000000 0.000000 0.000000  0.314036 0.426062 0
start_lights
0  6.000000 11.000000 93.000000  0.000000 1.000000 0.000000  0.988793 0.650646 0
0  6.400000 11.000000 99.000000  0.000000 1.000000 0.000000  0.991563 0.609178 0
0  6.400000 11.000000 93.000000  0.000000 1.000000 0.000000  0.991563 0.650646 0
start_lights
0  6.400000 11.000000 93.000000  1.000000 0.000000 0.000000  0.150074 0.578300 0
0  6.400000 -11.000000 99.000000  1.000000 0.000000 0.000000  0.108542 0.426250 0
0  6.400000 -11.000000 93.000000  1.000000 0.000000 0.000000  0.150074 0.426250 0
start_lights
0  6.400000 -11.000000 93.000000  0.000000 -1.000000 0.000000  0.996402 0.041468 0
0  6.000000 -11.000000 99.000000  0.000000 -1.000000 0.000000  0.999172 0.000000 0
0  6.000000 -11.000000 93.000000  0.000000 -1.000000 0.000000  0.999172 0.041468 0
start_lights
0  6.000000 11.000000 93.000000  0.000000 0.000000 -1.000000  0.960074 0.493107 0
0  6.400000 -11.000000 93.000000  0.000000 0.000000 -1.000000  0.957304 0.341057 0
0  6.000000 -11.000000 93.000000  0.000000 0.000000 -1.000000  0.960074 0.341057 0
start_lights
0  6.400000 11.000000 99.000000  0.000000 0.000000 1.000000  0.960074 0.656725 0
0  6.000000 -11.000000 99.000000  0.000000 0.000000 1.000000  0.957304 0.504674 0
0  6.400000 -11.000000 99.000000  0.000000 0.000000 1.000000  0.960074 0.504674 0
lamp_red
0  7.600000 0.000000 140.000000  1.000000 0.000000 0.000000  0.500000 0.500000 0
0  7.350000 0.000000 136.149994  0.986721 -0.000000 -0.162425  0.500000 0.225000 0
0  7.350000 1.925000 136.665802  0.986721 0.081212 -0.140663  0.637500 0.261843 0
lamp_red
0  7.600000 0.000000 140.000000  1.000000 0.000000 0.000000  0.500000 0.500000 0
0  7.350000 1.925000 136.665802  0.986721 0.081212 -0.140663  0.637500 0.261843 0
0  7.350000 3.334198 138.074997  0.986721 0.140664 -0.081213  0.738157 0.362500 0
lamp_red
0  7.600000 0.000000 140.000000  1.000000 0.000000 0.000000  0.500000 0.500000 0
0  7.350000 3.334198 138.074997  0.986721 0.140664 -0.081213  0.738157 0.362500 0
0  7.350000 3.850000 140.000000  0.986721 0.162424 -0.000000  0.775000 0.500000 0
lamp_red
0  7.600000 0.000000 140.000000  1.000000 0.000000 0.000000  0.500000 0.500000 0
0  7.350000 3.850000 140.000000  0.986721 0.162424 -0.000000  0.775000 0.500000 0
0  7.350000 3.334198 141.925003  0.986721 0.140663 0.081212  0.738157 0.637500 0
lamp_red
0  7.600000 0.000000 140.000000  1.000000 0.000000 0.000000  0.500000 0.500000 0
0  7.350000 3.334198 141.925003  0.986721 0.140663 0.081212  0.738157 0.637500 0
0  7.350000 1.925000 143.334198  0.986721 0.081213 0.140665  0.637500 0.738157 0
lamp_red
0  7.600000 0.000000 140.000000  1.000000 0.000000 0.000000  0.500000 0.500000 0
0  7.350000 1.925000 143.334198  0.986721 0.081213 0.140665  0.637500 0.738157 0
0  7.350000 0.000000 143.850006  0.986721 0.000001 0.162427  0.500000 0.775000 0
lamp_red
0  7.600000 0.000000 140.000000  1.000000 0.000000 0.000000  0.500000 0.500000 0
0  7.350000 0.000000 143.850006  0.986721 0.000001 0.162427  0.500000 0.775000 0
0  7.350000 -1.925000 143.334198  0.986721 -0.081212 0.140664  0.362500 0.738157 0
lamp_red
0  7.600000 0.000000 140.000000  1.000000 0.000000 0.000000  0.500000 0.500000 0
0  7.350000 -1.925000 143.334198  0.986721 -0.081212 0.140664  0.362500 0.738157 0
0  7.350000 -3.334198 141.925003  0.986721 -0.140664 0.081213  0.261843 0.637500 0
lamp_red
0  7.600000 0.000000 140.000000  1.000000 0.000000 0.000000  0.500000 0.500000 0
0  7.350000 -3.334198 141.925003  0.986721 -0.140664 0.081213  0.261843 0.637500 0
0  7.350000 -3.850000 140.000000  0.986721 -0.162425 0.000001  0.225000 0.500000 0
lamp_red
0  7.600000 0.000000 140.000000  1.000000 0.000000 0.000000  0.500000 0.500000 0
0  7.350000 -3.850000 140.000000  0.986721 -0.162425 0.000001  0.225000 0.500000 0
0  7.350000 -3.334198 138.074997  0.986721 -0.140664 -0.081212  0.261843 0.362500 0
lamp_red
0  7.600000 0.000000 140.000000  1.000000 0.000000 0.000000  0.500000 0.500000 0
0  7.350000 -3.334198 138.074997  0.986721 -0.140664 -0.081212  0.261843 0.362500 0
0  7.350000 -1.925000 136.665802  0.986721 -0.081212 -0.140664  0.362500 0.261843 0
lamp_red
0  7.600000 0.000000 140.000000  1.000000 0.000000 0.000000  0.500000 0.500000 0
0  7.350000 -1.925000 136.665802  0.986721 -0.081212 -0.140664  0.362500 0.261843 0
0  7.350000 0.000000 136.149994  0.986721 -0.000000 -0.162425  0.500000 0.225000 0
lamp_red
0  7.350000 0.000000 136.149994  0.986721 -0.000000 -0.162425  0.500000 0.225000 0
0  6.850000 2.975000 134.847153  0.913836 0.203041 -0.351680  0.712500 0.131939 0
0  7.350000 1.925000 136.665802  0.986721 0.081212 -0.140663  0.637500 0.261843 0
lamp_red
0  7.350000 1.925000 136.665802  0.986721 0.081212 -0.140663  0.637500 0.261843 0
0  6.850000 5.152851 137.024994  0.913833 0.351683 -0.203047  0.868061 0.287500 0
0  7.350000 3.334198 138.074997  0.986721 0.140664 -0.081213  0.738157 0.362500 0
lamp_red
0  7.350000 3.334198 138.074997  0.986721 0.140664 -0.081213  0.738157 0.362500 0
0  6.850000 5.950000 140.000000  0.913835 0.406086 -0.000001  0.925000 0.500000 0
0  7.350000 3.850000 140.000000  0.986721 0.162424 -0.000000  0.775000 0.500000 0
lamp_red
0  7.350000 3.850000 140.000000  0.986721 0.162424 -0.000000  0.775000 0.500000 0
0  6.850000 5.152851 142.975006  0.913835 0.351680 0.203041  0.868061 0.712500 0
0  7.350000 3.334198 141.925003  0.986721 0.140663 0.081212  0.738157 0.637500 0
lamp_red
0  7.350000 3.334198 141.925003  0.986721 0.140663 0.081212  0.738157 0.637500 0
0  6.849999 2.975000 145.152847  0.913835 0.203044 0.351681  0.712500 0.868061 0
0  7.350000 1.925000 143.334198  0.986721 0.081213 0.140665  0.637500 0.738157 0
lamp_red
0  7.350000 1.925000 143.334198  0.986721 0.081213 0.140665  0.637500 0.738157 0
0  6.849999 0.000000 145.949997  0.913834 0.000002 0.406087  0.500000 0.925000 0
0  7.350000 0.000000 143.850006  0.986721 0.000001 0.162427  0.500000 0.775000 0
lamp_red
0  7.350000 0.000000 143.850006  0.986721 0.000001 0.162427  0.500000 0.775000 0
0  6.849999 -2.975000 145.152847  0.913836 -0.203040 0.351680  0.287500 0.868061 0
0  7.350000 -1.925000 143.334198  0.986721 -0.081212 0.140664  0.362500 0.738157 0
lamp_red
0  7.350000 -1.925000 143.334198  0.986721 -0.081212 0.140664  0.362500 0.738157 0
0  6.850000 -5.152851 142.975006  0.913834 -0.351682 0.203047  0.131939 0.712500 0
0  7.350000 -3.334198 141.925003  0.986721 -0.140664 0.081213  0.261843 0.637500 0
lamp_red
0  7.350000 -3.334198 141.925003  0.986721 -0.140664 0.081213  0.261843 0.637500 0
0  6.850000 -5.950000 140.000000  0.913834 -0.406087 0.000001  0.075000 0.500000 0
0  7.350000 -3.850000 140.000000  0.986721 -0.162425 0.000001  0.225000 0.500000 0
lamp_red
0  7.350000 -3.850000 140.000000  0.986721 -0.162425 0.000001  0.225000 0.500000 0
0  6.850000 -5.152851 137.024994  0.913835 -0.351682 -0.203043  0.131939 0.287500 0
0  7.350000 -3.334198 138.074997  0.986721 -0.140664 -0.081212  0.261843 0.362500 0
lamp_red
0  7.350000 -3.334198 138.074997  0.986721 -0.140664 -0.081212  0.261843 0.362500 0
0  6.850000 -2.975000 134.847153  0.913835 -0.203044 -0.351680  0.287500 0.131939 0
0  7.350000 -1.925000 136.665802  0.986721 -0.081212 -0.140664  0.362500 0.261843 0
lamp_red
0  7.350000 -1.925000 136.665802  0.986721 -0.081212 -0.140664  0.362500 0.261843 0
0  6.850000 0.000000 134.050003  0.913835 -0.000002 -0.406086  0.500000 0.075000 0
0  7.350000 0.000000 136.149994  0.986721 -0.000000 -0.162425  0.500000 0.225000 0
lamp_red
0  6.850000 0.000000 134.050003  0.913835 -0.000002 -0.406086  0.500000 0.075000 0
0  6.200000 3.500000 133.937820  0.850268 0.263175 -0.455831  0.750000 0.066987 0
0  6.850000 2.975000 134.847153  0.913836 0.203041 -0.351680  0.712500 0.131939 0
lamp_red
0  6.850000 2.975000 134.847153  0.913836 0.203041 -0.351680  0.712500 0.131939 0
0  6.200000 6.062178 136.500000  0.850262 0.455841 -0.263179  0.933013 0.250000 0
0  6.850000 5.152851 137.024994  0.913833 0.351683 -0.203047  0.868061 0.287500 0
lamp_red
0  6.850000 5.152851 137.024994  0.913833 0.351683 -0.203047  0.868061 0.287500 0
0  6.200000 7.000000 140.000000  0.850264 0.526356 0.000002  1.000000 0.500000 0
0  6.850000 5.950000 140.000000  0.913835 0.406086 -0.000001  0.925000 0.500000 0
lamp_red
0  6.850000 5.950000 140.000000  0.913835 0.406086 -0.000001  0.925000 0.500000 0
0  6.200000 6.062178 143.500000  0.850266 0.455835 0.263177  0.933013 0.750000 0
0  6.850000 5.152851 142.975006  0.913835 0.351680 0.203041  0.868061 0.712500 0
lamp_red
0  6.850000 5.152851 142.975006  0.913835 0.351680 0.203041  0.868061 0.712500 0
0  6.199999 3.500000 146.062180  0.850266 0.263175 0.455836  0.750000 0.933013 0
0  6.849999 2.975000 145.152847  0.913835 0.203044 0.351681  0.712500 0.868061 0
lamp_red
0  6.849999 2.975000 145.152847  0.913835 0.203044 0.351681  0.712500 0.868061 0
0  6.199999 0.000000 147.000000  0.850266 -0.000001 0.526353  0.500000 1.000000 0
0  6.849999 0.000000 145.949997  0.913834 0.000002 0.406087  0.500000 0.925000 0
lamp_red
0  6.849999 0.000000 145.949997  0.913834 0.000002 0.406087  0.500000 0.925000 0
0  6.199999 -3.500000 146.062180  0.850269 -0.263175 0.455832  0.250000 0.933013 0
0  6.849999 -2.975000 145.152847  0.913836 -0.203040 0.351680  0.287500 0.868061 0
lamp_red
0  6.849999 -2.975000 145.152847  0.913836 -0.203040 0.351680  0.287500 0.868061 0
0  6.200000 -6.062178 143.500000  0.850263 -0.455839 0.263178  0.066987 0.750000 0
0  6.850000 -5.152851 142.975006  0.913834 -0.351682 0.203047  0.131939 0.712500 0
lamp_red
0  6.850000 -5.152851 142.975006  0.913834 -0.351682 0.203047  0.131939 0.712500 0
0  6.200000 -7.000000 140.000000  0.850263 -0.526358 -0.000002  0.000000 0.500000 0
0  6.850000 -5.950000 140.000000  0.913834 -0.406087 0.000001  0.075000 0.500000 0
lamp_red
0  6.850000 -5.950000 140.000000  0.913834 -0.406087 0.000001  0.075000 0.500000 0
0  6.200000 -6.062178 136.500000  0.850264 -0.455837 -0.263179  0.066987 0.250000 0
0  6.850000 -5.152851 137.024994  0.913835 -0.351682 -0.203043  0.131939 0.287500 0
lamp_red
0  6.850000 -5.152851 137.024994  0.913835 -0.351682 -0.203043  0.131939 0.287500 0
0  6.200000 -3.500000 133.937820  0.850265 -0.263176 -0.455837  0.250000 0.066987 0
0  6.850000 -2.975000 134.847153  0.913835 -0.203044 -0.351680  0.287500 0.131939 0
lamp_red
0  6.850000 -2.975000 134.847153  0.913835 -0.203044 -0.351680  0.287500 0.131939 0
0  6.200001 0.000000 133.000000  0.850266 0.000001 -0.526353  0.500000 0.000000 0
0  6.850000 0.000000 134.050003  0.913835 -0.000002 -0.406086  0.500000 0.075000 0
lamp_red
0  6.200001 0.000000 133.000000  0.000000 0.000002 -1.000000  0.500000 0.000000 0
0  6.000000 3.500000 133.937820  0.000000 0.499999 -0.866026  0.750000 0.066987 0
0  6.200000 3.500000 133.937820  0.000000 0.500003 -0.866024  0.750000 0.066987 0
lamp_red
0  6.200000 3.500000 133.937820  0.000000 0.500003 -0.866024  0.750000 0.066987 0
0  6.000000 6.062178 136.500000  0.000000 0.866025 -0.500001  0.933013 0.250000 0
0  6.200000 6.062178 136.500000  0.000000 0.866027 -0.499997  0.933013 0.250000 0
lamp_red
0  6.200000 6.062178 136.500000  0.000000 0.866027 -0.499997  0.933013 0.250000 0
0  6.000000 7.000000 140.000000  0.000000 1.000000 -0.000003  1.000000 0.500000 0
0  6.200000 7.000000 140.000000  0.000000 1.000000 0.000002  1.000000 0.500000 0
lamp_red
0  6.200000 7.000000 140.000000  0.000000 1.000000 0.000002  1.000000 0.500000 0
0  6.000000 6.062178 143.500000  0.000000 0.866026 0.499999  0.933013 0.750000 0
0  6.200000 6.062178 143.500000  0.000000 0.866024 0.500003  0.933013 0.750000 0
lamp_red
0  6.200000 6.062178 143.500000  0.000000 0.866024 0.500003  0.933013 0.750000 0
0  6.000000 3.500000 146.062180  0.000000 0.500003 0.866024  0.750000 0.933013 0
0  6.199999 3.500000 146.062180  0.000000 0.499999 0.866026  0.750000 0.933013 0
lamp_red
0  6.199999 3.500000 146.062180  0.000000 0.499999 0.866026  0.750000 0.933013 0
0  6.000000 0.000000 147.000000  0.000000 0.000002 1.000000  0.500000 1.000000 0
0  6.199999 0.000000 147.000000  0.000000 -0.000002 1.000000  0.500000 1.000000 0
lamp_red
0  6.199999 0.000000 147.000000  0.000000 -0.000002 1.000000  0.500000 1.000000 0
0  6.000000 -3.500000 146.062180  0.000000 -0.499997 0.866027  0.250000 0.933013 0
0  6.199999 -3.500000 146.062180  0.000000 -0.500001 0.866025  0.250000 0.933013 0
lamp_red
0  6.199999 -3.500000 146.062180  0.000000 -0.500001 0.866025  0.250000 0.933013 0
0  6.000000 -6.062178 143.500000  0.000000 -0.866025 0.500001  0.066987 0.750000 0
0  6.200000 -6.062178 143.500000  0.000000 -0.866027 0.499997  0.066987 0.750000 0
lamp_red
0  6.200000 -6.062178 143.500000  0.000000 -0.866027 0.499997  0.066987 0.750000 0
0  6.000000 -7.000000 140.000000  0.000000 -1.000000 0.000004  0.000000 0.500000 0
0  6.200000 -7.000000 140.000000  0.000000 -1.000000 -0.000001  0.000000 0.500000 0
lamp_red
0  6.200000 -7.000000 140.000000  0.000000 -1.000000 -0.000001  0.000000 0.500000 0
0  6.000000 -6.062178 136.500000  0.000000 -0.866026 -0.499999  0.066987 0.250000 0
0  6.200000 -6.062178 136.500000  0.000000 -0.866024 -0.500003  0.066987 0.250000 0
lamp_red
0  6.200000 -6.062178 136.500000  0.000000 -0.866024 -0.500003  0.066987 0.250000 0
0  6.000000 -3.500000 133.937820  0.000000 -0.500002 -0.866024  0.250000 0.066987 0
0  6.200000 -3.500000 133.937820  0.000000 -0.499998 -0.866026  0.250000 0.066987 0
lamp_red
0  6.200000 -3.500000 133.937820  0.000000 -0.499998 -0.866026  0.250000 0.066987 0
0  6.000000 0.000000 133.000000  0.000000 -0.000003 -1.000000  0.500000 0.000000 0
0  6.200001 0.000000 133.000000  0.000000 0.000002 -1.000000  0.500000 0.000000 0
lamp_red
0  6.000000 3.500000 133.937820  -1.000000 0.000000 -0.000000  0.750000 0.066987 0
0  6.000000 0.000000 133.000000  -1.000000 0.000000 -0.000000  0.500000 0.000000 0
0  6.000000 0.000000 140.000000  -1.000000 0.000000 -0.000000  0.500000 0.500000 0
lamp_red
0  6.000000 6.062178 136.500000  -1.000000 0.000000 -0.000000  0.933013 0.250000 0
0  6.000000 3.500000 133.937820  -1.000000 0.000000 -0.000000  0.750000 0.066987 0
0  6.000000 0.000000 140.000000  -1.000000 0.000000 -0.000000  0.500000 0.500000 0
lamp_red
0  6.000000 7.000000 140.000000  -1.000000 0.000000 -0.000000  1.000000 0.500000 0
0  6.000000 6.062178 136.500000  -1.000000 0.000000 -0.000000  0.933013 0.250000 0
0  6.000000 0.000000 140.000000  -1.000000 0.000000 -0.000000  0.500000 0.500000 0
lamp_red
0  6.000000 6.062178 143.500000  -1.000000 0.000000 -0.000000  0.933013 0.750000 0
0  6.000000 7.000000 140.000000  -1.000000 0.000000 -0.000000  1.000000 0.500000 0
0  6.000000 0.000000 140.000000  -1.000000 0.000000 -0.000000  0.500000 0.500000 0
lamp_red
0  6.000000 3.500000 146.062180  -1.000000 0.000000 -0.000000  0.750000 0.933013 0
0  6.000000 6.062178 143.500000  -1.000000 0.000000 -0.000000  0.933013 0.750000 0
0  6.000000 0.000000 140.000000  -1.000000 0.000000 -0.000000  0.500000 0.500000 0
lamp_red
0  6.000000 0.000000 147.000000  -1.000000 0.000000 -0.000000  0.500000 1.000000 0
0  6.000000 3.500000 146.062180  -1.000000 0.000000 -0.000000  0.750000 0.933013 0
0  6.000000 0.000000 140.000000  -1.000000 0.000000 -0.000000  0.500000 0.500000 0
lamp_red
0  6.000000 -3.500000 146.062180  -1.000000 0.000000 -0.000000  0.250000 0.933013 0
0  6.000000 0.000000 147.000000  -1.000000 0.000000 -0.000000  0.500000 1.000000 0
0  6.000000 0.000000 140.000000  -1.000000 0.000000 -0.000000  0.500000 0.500000 0
lamp_red
0  6.000000 -6.062178 143.500000  -1.000000 0.000000 -0.000000  0.066987 0.750000 0
0  6.000000 -3.500000 146.062180  -1.000000 0.000000 -0.000000  0.250000 0.933013 0
0  6.000000 0.000000 140.000000  -1.000000 0.000000 -0.000000  0.500000 0.500000 0
lamp_red
0  6.000000 -7.000000 140.000000  -1.000000 0.000000 -0.000000  0.000000 0.500000 0
0  6.000000 -6.062178 143.500000  -1.000000 0.000000 -0.000000  0.066987 0.750000 0
0  6.000000 0.000000 140.000000  -1.000000 0.000000 -0.000000  0.500000 0.500000 0
lamp_red
0  6.000000 -6.062178 136.500000  -1.000000 0.000000 -0.000000  0.066987 0.250000 0
0  6.000000 -7.000000 140.000000  -1.000000 0.000000 -0.000000  0.000000 0.500000 0
0  6.000000 0.000000 140.000000  -1.000000 0.000000 -0.000000  0.500000 0.500000 0
lamp_red
0  6.000000 -3.500000 133.937820  -1.000000 0.000000 -0.000000  0.250000 0.066987 0
0  6.000000 -6.062178 136.500000  -1.000000 0.000000 -0.000000  0.066987 0.250000 0
0  6.000000 0.000000 140.000000  -1.000000 0.000000 -0.000000  0.500000 0.500000 0
lamp_red
0  6.000000 0.000000 133.000000  -1.000000 0.000000 -0.000000  0.500000 0.000000 0
0  6.000000 -3.500000 133.937820  -1.000000 0.000000 -0.000000  0.250000 0.066987 0
0  6.000000 0.000000 140.000000  -1.000000 0.000000 -0.000000  0.500000 0.500000 0
lamp_yellow
0  7.600000 0.000000 122.000000  1.000000 -0.000000 0.000000  0.500000 0.500000 0
0  7.350000 0.000000 118.150002  0.986721 -0.000000 -0.162425  0.500000 0.225000 0
0  7.350000 1.925000 118.665802  0.986721 0.081212 -0.140665  0.637500 0.261843 0
lamp_yellow
0  7.600000 0.000000 122.000000  1.000000 -0.000000 0.000000  0.500000 0.500000 0
0  7.350000 1.925000 118.665802  0.986721 0.081212 -0.140665  0.637500 0.261843 0
0  7.350000 3.334198 120.074997  0.986721 0.140664 -0.081212  0.738157 0.362500 0
lamp_yellow
0  7.600000 0.000000 122.000000  1.000000 -0.000000 0.000000  0.500000 0.500000 0
0  7.350000 3.334198 120.074997  0.986721 0.140664 -0.081212  0.738157 0.362500 0
0  7.350000 3.850000 122.000000  0.986721 0.162425 -0.000000  0.775000 0.500000 0
lamp_yellow
0  7.600000 0.000000 122.000000  1.000000 -0.000000 0.000000  0.500000 0.500000 0
0  7.350000 3.850000 122.000000  0.986721 0.162425 -0.000000  0.775000 0.500000 0
0  7.350000 3.334198 123.925003  0.986721 0.140665 0.081213  0.738157 0.637500 0
lamp_yellow
0  7.600000 0.000000 122.000000  1.000000 -0.000000 0.000000  0.500000 0.500000 0
0  7.350000 3.334198 123.925003  0.986721 0.140665 0.081213  0.738157 0.637500 0
0  7.350000 1.925000 125.334198  0.986721 0.081213 0.140665  0.637500 0.738157 0
lamp_yellow
0  7.600000 0.000000 122.000000  1.000000 -0.000000 0.000000  0.500000 0.500000 0
0  7.350000 1.925000 125.334198  0.986721 0.081213 0.140665  0.637500 0.738157 0
0  7.350000 0.000000 125.849998  0.986721 0.000000 0.162426  0.500000 0.775000 0
lamp_yellow
0  7.600000 0.000000 122.000000  1.000000 -0.000000 0.000000  0.500000 0.500000 0
0  7.350000 0.000000 125.849998  0.986721 0.000000 0.162426  0.500000 0.775000 0
0  7.350000 -1.925000 125.334198  0.986721 -0.081212 0.140665  0.362500 0.738157 0
lamp_yellow
0  7.600000 0.000000 122.000000  1.000000 -0.000000 0.000000  0.500000 0.500000 0
0  7.350000 -1.925000 125.334198  0.986721 -0.081212 0.140665  0.362500 0.738157 0
0  7.350000 -3.334198 123.925003  0.986721 -0.140663 0.081212  0.261843 0.637500 0
lamp_yellow
0  7.600000 0.000000 122.000000  1.000000 -0.000000 0.000000  0.500000 0.500000 0
0  7.350000 -3.334198 123.925003  0.986721 -0.140663 0.081212  0.261843 0.637500 0
0  7.350000 -3.850000 122.000000  0.986721 -0.162425 0.000000  0.225000 0.500000 0
lamp_yellow
0  7.600000 0.000000 122.000000  1.000000 -0.000000 0.000000  0.500000 0.500000 0
0  7.350000 -3.850000 122.000000  0.986721 -0.162425 0.000000  0.225000 0.500000 0
0  7.350000 -3.334198 120.074997  0.986721 -0.140665 -0.081212  0.261843 0.362500 0
lamp_yellow
0  7.600000 0.000000 122.000000  1.000000 -0.000000 0.000000  0.500000 0.500000 0
0  7.350000 -3.334198 120.074997  0.986721 -0.140665 -0.081212  0.261843 0.362500 0
0  7.350000 -1.925000 118.665802  0.986721 -0.081212 -0.140664  0.362500 0.261843 0
lamp_yellow
0  7.600000 0.000000 122.000000  1.000000 -0.000000 0.000000  0.500000 0.500000 0
0  7.350000 -1.925000 118.665802  0.986721 -0.081212 -0.140664  0.362500 0.261843 0
0  7.350000 0.000000 118.150002  0.986721 -0.000000 -0.162425  0.500000 0.225000 0
lamp_yellow
0  7.350000 0.000000 118.150002  0.986721 -0.000000 -0.162425  0.500000 0.225000 0
0  6.850000 2.975000 116.847153  0.913835 0.203042 -0.351681  0.712500 0.131939 0
0  7.350000 1.925000 118.665802  0.986721 0.081212 -0.140665  0.637500 0.261843 0
lamp_yellow
0  7.350000 1.925000 118.665802  0.986721 0.081212 -0.140665  0.637500 0.261843 0
0  6.850000 5.152851 119.025002  0.913835 0.351680 -0.203043  0.868061 0.287500 0
0  7.350000 3.334198 120.074997  0.986721 0.140664 -0.081212  0.738157 0.362500 0
lamp_yellow
0  7.350000 3.334198 120.074997  0.986721 0.140664 -0.081212  0.738157 0.362500 0
0  6.850000 5.950000 122.000000  0.913835 0.406085 -0.000001  0.925000 0.500000 0
0  7.350000 3.850000 122.000000  0.986721 0.162425 -0.000000  0.775000 0.500000 0
lamp_yellow
0  7.350000 3.850000 122.000000  0.986721 0.162425 -0.000000  0.775000 0.500000 0
0  6.850000 5.152851 124.974998  0.913835 0.351682 0.203042  0.868061 0.712500 0
0  7.350000 3.334198 123.925003  0.986721 0.140665 0.081213  0.738157 0.637500 0
lamp_yellow
0  7.350000 3.334198 123.925003  0.986721 0.140665 0.081213  0.738157 0.637500 0
0  6.849999 2.975000 127.152847  0.913836 0.203043 0.351678  0.712500 0.868061 0
0  7.350000 1.925000 125.334198  0.986721 0.081213 0.140665  0.637500 0.738157 0
lamp_yellow
0  7.350000 1.925000 125.334198  0.986721 0.081213 0.140665  0.637500 0.738157 0
0  6.849999 0.000000 127.949997  0.913835 0.000002 0.406086  0.500000 0.925000 0
0  7.350000 0.000000 125.849998  0.986721 0.000000 0.162426  0.500000 0.775000 0
lamp_yellow
0  7.350000 0.000000 125.849998  0.986721 0.000000 0.162426  0.500000 0.775000 0
0  6.849999 -2.975000 127.152847  0.913835 -0.203042 0.351681  0.287500 0.868061 0
0  7.350000 -1.925000 125.334198  0.986721 -0.081212 0.140665  0.362500 0.738157 0
lamp_yellow
0  7.350000 -1.925000 125.334198  0.986721 -0.081212 0.140665  0.362500 0.738157 0
0  6.850000 -5.152851 124.974998  0.913835 -0.351680 0.203044  0.131939 0.712500 0
0  7.350000 -3.334198 123.925003  0.986721 -0.140663 0.081212  0.261843 0.637500 0
lamp_yellow
0  7.350000 -3.334198 123.925003  0.986721 -0.140663 0.081212  0.261843 0.637500 0
0  6.850000 -5.950000 122.000000  0.913835 -0.406086 0.000001  0.075000 0.500000 0
0  7.350000 -3.850000 122.000000  0.986721 -0.162425 0.000000  0.225000 0.500000 0
lamp_yellow
0  7.350000 -3.850000 122.000000  0.986721 -0.162425 0.000000  0.225000 0.500000 0
0  6.850000 -5.152851 119.025002  0.913836 -0.351680 -0.203041  0.131939 0.287500 0
0  7.350000 -3.334198 120.074997  0.986721 -0.140665 -0.081212  0.261843 0.362500 0
lamp_yellow
0  7.350000 -3.334198 120.074997  0.986721 -0.140665 -0.081212  0.261843 0.362500 0
0  6.850000 -2.975000 116.847153  0.913836 -0.203044 -0.351679  0.287500 0.131939 0
0  7.350000 -1.925000 118.665802  0.986721 -0.081212 -0.140664  0.362500 0.261843 0
lamp_yellow
0  7.350000 -1.925000 118.665802  0.986721 -0.081212 -0.140664  0.362500 0.261843 0
0  6.850000 0.000000 116.050003  0.913836 -0.000001 -0.406083  0.500000 0.075000 0
0  7.350000 0.000000 118.150002  0.986721 -0.000000 -0.162425  0.500000 0.225000 0
lamp_yellow
0  6.850000 0.000000 116.050003  0.913836 -0.000001 -0.406083  0.500000 0.075000 0
0  6.200000 3.500000 115.937820  0.850265 0.263179 -0.455835  0.750000 0.066987 0
0  6.850000 2.975000 116.847153  0.913835 0.203042 -0.351681  0.712500 0.131939 0
lamp_yellow
0  6.850000 2.975000 116.847153  0.913835 0.203042 -0.351681  0.712500 0.131939 0
0  6.200000 6.062178 118.500000  0.850265 0.455838 -0.263176  0.933013 0.250000 0
0  6.850000 5.152851 119.025002  0.913835 0.351680 -0.203043  0.868061 0.287500 0
lamp_yellow
0  6.850000 5.152851 119.025002  0.913835 0.351680 -0.203043  0.868061 0.287500 0
0  6.200000 7.000000 122.000000  0.850266 0.526354 0.000002  1.000000 0.500000 0
0  6.850000 5.950000 122.000000  0.913835 0.406085 -0.000001  0.925000 0.500000 0
lamp_yellow
0  6.850000 5.950000 122.000000  0.913835 0.406085 -0.000001  0.925000 0.500000 0
0  6.200000 6.062178 125.500000  0.850265 0.455836 0.263180  0.933013 0.750000 0
0  6.850000 5.152851 124.974998  0.913835 0.351682 0.203042  0.868061 0.712500 0
lamp_yellow
0  6.850000 5.152851 124.974998  0.913835 0.351682 0.203042  0.868061 0.712500 0
0  6.199999 3.500000 128.062180  0.850269 0.263174 0.455832  0.750000 0.933013 0
0  6.849999 2.975000 127.152847  0.913836 0.203043 0.351678  0.712500 0.868061 0
lamp_yellow
0  6.849999 2.975000 127.152847  0.913836 0.203043 0.351678  0.712500 0.868061 0
0  6.199999 0.000000 129.000000  0.850267 -0.000001 0.526352  0.500000 1.000000 0
0  6.849999 0.000000 127.949997  0.913835 0.000002 0.406086  0.500000 0.925000 0
lamp_yellow
0  6.849999 0.000000 127.949997  0.913835 0.000002 0.406086  0.500000 0.925000 0
0  6.199999 -3.500000 128.062180  0.850266 -0.263179 0.455834  0.250000 0.933013 0
0  6.849999 -2.975000 127.152847  0.913835 -0.203042 0.351681  0.287500 0.868061 0
lamp_yellow
0  6.849999 -2.975000 127.152847  0.913835 -0.203042 0.351681  0.287500 0.868061 0
0  6.200000 -6.062178 125.500000  0.850265 -0.455838 0.263176  0.066987 0.750000 0
0  6.850000 -5.152851 124.974998  0.913835 -0.351680 0.203044  0.131939 0.712500 0
lamp_yellow
0  6.850000 -5.152851 124.974998  0.913835 -0.351680 0.203044  0.131939 0.712500 0
0  6.200000 -7.000000 122.000000  0.850265 -0.526356 -0.000002  0.000000 0.500000 0
0  6.850000 -5.950000 122.000000  0.913835 -0.406086 0.000001  0.075000 0.500000 0
lamp_yellow
0  6.850000 -5.950000 122.000000  0.913835 -0.406086 0.000001  0.075000 0.500000 0
0  6.200000 -6.062178 118.500000  0.850267 -0.455834 -0.263177  0.066987 0.250000 0
0  6.850000 -5.152851 119.025002  0.913836 -0.351680 -0.203041  0.131939 0.287500 0
lamp_yellow
0  6.850000 -5.152851 119.025002  0.913836 -0.351680 -0.203041  0.131939 0.287500 0
0  6.200000 -3.500000 115.937820  0.850267 -0.263174 -0.455835  0.250000 0.066987 0
0  6.850000 -2.975000 116.847153  0.913836 -0.203044 -0.351679  0.287500 0.131939 0
lamp_yellow
0  6.850000 -2.975000 116.847153  0.913836 -0.203044 -0.351679  0.287500 0.131939 0
0  6.200001 0.000000 115.000000  0.850268 0.000002 -0.526350  0.500000 0.000000 0
0  6.850000 0.000000 116.050003  0.913836 -0.000001 -0.406083  0.500000 0.075000 0
lamp_yellow
0  6.200001 0.000000 115.000000  0.000000 0.000002 -1.000000  0.500000 0.000000 0
0  6.000000 3.500000 115.937820  0.000000 0.499999 -0.866026  0.750000 0.066987 0
0  6.200000 3.500000 115.937820  0.000000 0.500003 -0.866024  0.750000 0.066987 0
lamp_yellow
0  6.200000 3.500000 115.937820  0.000000 0.500003 -0.866024  0.750000 0.066987 0
0  6.000000 6.062178 118.500000  0.000000 0.866025 -0.500001  0.933013 0.250000 0
0  6.200000 6.062178 118.500000  0.000000 0.866027 -0.499997  0.933013 0.250000 0
lamp_yellow
0  6.200000 6.062178 118.500000  0.000000 0.866027 -0.499997  0.933013 0.250000 0
0  6.000000 7.000000 122.000000  0.000000 1.000000 -0.000003  1.000000 0.500000 0
0  6.200000 7.000000 122.000000  0.000000 1.000000 0.000002  1.000000 0.500000 0
lamp_yellow
0  6.200000 7.000000 122.000000  0.000000 1.000000 0.000002  1.000000 0.500000 0
0  6.000000 6.062178 125.500000  0.000000 0.866026 0.499999  0.933013 0.750000 0
0  6.200000 6.062178 125.500000  0.000000 0.866024 0.500003  0.933013 0.750000 0
lamp_yellow
0  6.200000 6.062178 125.500000  0.000000 0.866024 0.500003  0.933013 0.750000 0
0  6.000000 3.500000 128.062180  0.000000 0.500003 0.866024  0.750000 0.933013 0
0  6.199999 3.500000 128.062180  0.000000 0.499999 0.866026  0.750000 0.933013 0
lamp_yellow
0  6.199999 3.500000 128.062180  0.000000 0.499999 0.866026  0.750000 0.933013 0
0  6.000000 0.000000 129.000000  0.000000 0.000002 1.000000  0.500000 1.000000 0
0  6.199999 0.000000 129.000000  0.000000 -0.000002 1.000000  0.500000 1.000000 0
lamp_yellow
0  6.199999 0.000000 129.000000  0.000000 -0.000002 1.000000  0.500000 1.000000 0
0  6.000000 -3.500000 128.062180  0.000000 -0.499997 0.866027  0.250000 0.933013 0
0  6.199999 -3.500000 128.062180  0.000000 -0.500001 0.866025  0.250000 0.933013 0
lamp_yellow
0  6.199999 -3.500000 128.062180  0.000000 -0.500001 0.866025  0.250000 0.933013 0
0  6.000000 -6.062178 125.500000  0.000000 -0.866025 0.500001  0.066987 0.750000 0
0  6.200000 -6.062178 125.500000  0.000000 -0.866027 0.499997  0.066987 0.750000 0
lamp_yellow
0  6.200000 -6.062178 125.500000  0.000000 -0.866027 0.499997  0.066987 0.750000 0
0  6.000000 -7.000000 122.000000  0.000000 -1.000000 0.000004  0.000000 0.500000 0
0  6.200000 -7.000000 122.000000  0.000000 -1.000000 -0.000001  0.000000 0.500000 0
lamp_yellow
0  6.200000 -7.000000 122.000000  0.000000 -1.000000 -0.000001  0.000000 0.500000 0
0  6.000000 -6.062178 118.500000  0.000000 -0.866026 -0.499999  0.066987 0.250000 0
0  6.200000 -6.062178 118.500000  0.000000 -0.866024 -0.500003  0.066987 0.250000 0
lamp_yellow
0  6.200000 -6.062178 118.500000  0.000000 -0.866024 -0.500003  0.066987 0.250000 0
0  6.000000 -3.500000 115.937820  0.000000 -0.500002 -0.866024  0.250000 0.066987 0
0  6.200000 -3.500000 115.937820  0.000000 -0.499998 -0.866026  0.250000 0.066987 0
lamp_yellow
0  6.200000 -3.500000 115.937820  0.000000 -0.499998 -0.866026  0.250000 0.066987 0
0  6.000000 0.000000 115.000000  0.000000 -0.000003 -1.000000  0.500000 0.000000 0
0  6.200001 0.000000 115.000000  0.000000 0.000002 -1.000000  0.500000 0.000000 0
lamp_yellow
0  6.000000 3.500000 115.937820  -1.000000 0.000000 -0.000000  0.750000 0.066987 0
0  6.000000 0.000000 115.000000  -1.000000 0.000000 -0.000000  0.500000 0.000000 0
0  6.000000 0.000000 122.000000  -1.000000 0.000000 -0.000000  0.500000 0.500000 0
lamp_yellow
0  6.000000 6.062178 118.500000  -1.000000 0.000000 -0.000000  0.933013 0.250000 0
0  6.000000 3.500000 115.937820  -1.000000 0.000000 -0.000000  0.750000 0.066987 0
0  6.000000 0.000000 122.000000  -1.000000 0.000000 -0.000000  0.500000 0.500000 0
lamp_yellow
0  6.000000 7.000000 122.000000  -1.000000 0.000000 -0.000000  1.000000 0.500000 0
0  6.000000 6.062178 118.500000  -1.000000 0.000000 -0.000000  0.933013 0.250000 0
0  6.000000 0.000000 122.000000  -1.000000 0.000000 -0.000000  0.500000 0.500000 0
lamp_yellow
0  6.000000 6.062178 125.500000  -1.000000 0.000000 -0.000000  0.933013 0.750000 0
0  6.000000 7.000000 122.000000  -1.000000 0.000000 -0.000000  1.000000 0.500000 0
0  6.000000 0.000000 122.000000  -1.000000 0.000000 -0.000000  0.500000 0.500000 0
lamp_yellow
0  6.000000 3.500000 128.062180  -1.000000 0.000000 -0.000000  0.750000 0.933013 0
0  6.000000 6.062178 125.500000  -1.000000 0.000000 -0.000000  0.933013 0.750000 0
0  6.000000 0.000000 122.000000  -1.000000 0.000000 -0.000000  0.500000 0.500000 0
lamp_yellow
0  6.000000 0.000000 129.000000  -1.000000 0.000000 -0.000000  0.500000 1.000000 0
0  6.000000 3.500000 128.062180  -1.000000 0.000000 -0.000000  0.750000 0.933013 0
0  6.000000 0.000000 122.000000  -1.000000 0.000000 -0.000000  0.500000 0.500000 0
lamp_yellow
0  6.000000 -3.500000 128.062180  -1.000000 0.000000 -0.000000  0.250000 0.933013 0
0  6.000000 0.000000 129.000000  -1.000000 0.000000 -0.000000  0.500000 1.000000 0
0  6.000000 0.000000 122.000000  -1.000000 0.000000 -0.000000  0.500000 0.500000 0
lamp_yellow
0  6.000000 -6.062178 125.500000  -1.000000 0.000000 -0.000000  0.066987 0.750000 0
0  6.000000 -3.500000 128.062180  -1.000000 0.000000 -0.000000  0.250000 0.933013 0
0  6.000000 0.000000 122.000000  -1.000000 0.000000 -0.000000  0.500000 0.500000 0
lamp_yellow
0  6.000000 -7.000000 122.000000  -1.000000 0.000000 -0.000000  0.000000 0.500000 0
0  6.000000 -6.062178 125.500000  -1.000000 0.000000 -0.000000  0.066987 0.750000 0
0  6.000000 0.000000 122.000000  -1.000000 0.000000 -0.000000  0.500000 0.500000 0
lamp_yellow
0  6.000000 -6.062178 118.500000  -1.000000 0.000000 -0.000000  0.066987 0.250000 0
0  6.000000 -7.000000 122.000000  -1.000000 0.000000 -0.000000  0.000000 0.500000 0
0  6.000000 0.000000 122.000000  -1.000000 0.000000 -0.000000  0.500000 0.500000 0
lamp_yellow
0  6.000000 -3.500000 115.937820  -1.000000 0.000000 -0.000000  0.250000 0.066987 0
0  6.000000 -6.062178 118.500000  -1.000000 0.000000 -0.000000  0.066987 0.250000 0
0  6.000000 0.000000 122.000000  -1.000000 0.000000 -0.000000  0.500000 0.500000 0
lamp_yellow
0  6.000000 0.000000 115.000000  -1.000000 0.000000 -0.000000  0.500000 0.000000 0
0  6.000000 -3.500000 115.937820  -1.000000 0.000000 -0.000000  0.250000 0.066987 0
0  6.000000 0.000000 122.000000  -1.000000 0.000000 -0.000000  0.500000 0.500000 0
lamp_green
0  7.600000 0.000000 104.000000  1.000000 -0.000000 0.000000  0.500000 0.500000 0
0  7.350000 0.000000 100.150002  0.986721 -0.000000 -0.162425  0.500000 0.225000 0
0  7.350000 1.925000 100.665802  0.986721 0.081212 -0.140665  0.637500 0.261843 0
lamp_green
0  7.600000 0.000000 104.000000  1.000000 -0.000000 0.000000  0.500000 0.500000 0
0  7.350000 1.925000 100.665802  0.986721 0.081212 -0.140665  0.637500 0.261843 0
0  7.350000 3.334198 102.074997  0.986721 0.140664 -0.081212  0.738157 0.362500 0
lamp_green
0  7.600000 0.000000 104.000000  1.000000 -0.000000 0.000000  0.500000 0.500000 0
0  7.350000 3.334198 102.074997  0.986721 0.140664 -0.081212  0.738157 0.362500 0
0  7.350000 3.850000 104.000000  0.986721 0.162425 -0.000000  0.775000 0.500000 0
lamp_green
0  7.600000 0.000000 104.000000  1.000000 -0.000000 0.000000  0.500000 0.500000 0
0  7.350000 3.850000 104.000000  0.986721 0.162425 -0.000000  0.775000 0.500000 0
0  7.350000 3.334198 105.925003  0.986721 0.140665 0.081212  0.738157 0.637500 0
lamp_green
0  7.600000 0.000000 104.000000  1.000000 -0.000000 0.000000  0.500000 0.500000 0
0  7.350000 3.334198 105.925003  0.986721 0.140665 0.081212  0.738157 0.637500 0
0  7.350000 1.925000 107.334198  0.986721 0.081213 0.140664  0.637500 0.738157 0
lamp_green
0  7.600000 0.000000 104.000000  1.000000 -0.000000 0.000000  0.500000 0.500000 0
0  7.350000 1.925000 107.334198  0.986721 0.081213 0.140664  0.637500 0.738157 0
0  7.350000 0.000000 107.849998  0.986721 0.000000 0.162425  0.500000 0.775000 0
lamp_green
0  7.600000 0.000000 104.000000  1.000000 -0.000000 0.000000  0.500000 0.500000 0
0  7.350000 0.000000 107.849998  0.986721 0.000000 0.162425  0.500000 0.775000 0
0  7.350000 -1.925000 107.334198  0.986721 -0.081212 0.140665  0.362500 0.738157 0
lamp_green
0  7.600000 0.000000 104.000000  1.000000 -0.000000 0.000000  0.500000 0.500000 0
0  7.350000 -1.925000 107.334198  0.986721 -0.081212 0.140665  0.362500 0.738157 0
0  7.350000 -3.334198 105.925003  0.986721 -0.140663 0.081212  0.261843 0.637500 0
lamp_green
0  7.600000 0.000000 104.000000  1.000000 -0.000000 0.000000  0.500000 0.500000 0
0  7.350000 -3.334198 105.925003  0.986721 -0.140663 0.081212  0.261843 0.637500 0
0  7.350000 -3.850000 104.000000  0.986721 -0.162425 0.000000  0.225000 0.500000 0
lamp_green
0  7.600000 0.000000 104.000000  1.000000 -0.000000 0.000000  0.500000 0.500000 0
0  7.350000 -3.850000 104.000000  0.986721 -0.162425 0.000000  0.225000 0.500000 0
0  7.350000 -3.334198 102.074997  0.986721 -0.140665 -0.081212  0.261843 0.362500 0
lamp_green
0  7.600000 0.000000 104.000000  1.000000 -0.000000 0.000000  0.500000 0.500000 0
0  7.350000 -3.334198 102.074997  0.986721 -0.140665 -0.081212  0.261843 0.362500 0
0  7.350000 -1.925000 100.665802  0.986721 -0.081212 -0.140664  0.362500 0.261843 0
lamp_green
0  7.600000 0.000000 104.000000  1.000000 -0.000000 0.000000  0.500000 0.500000 0
0  7.350000 -1.925000 100.665802  0.986721 -0.081212 -0.140664  0.362500 0.261843 0
0  7.350000 0.000000 100.150002  0.986721 -0.000000 -0.162425  0.500000 0.225000 0
lamp_green
0  7.350000 0.000000 100.150002  0.986721 -0.000000 -0.162425  0.500000 0.225000 0
0  6.850000 2.975000 98.847153  0.913835 0.203042 -0.351680  0.712500 0.131939 0
0  7.350000 1.925000 100.665802  0.986721 0.081212 -0.140665  0.637500 0.261843 0
lamp_green
0  7.350000 1.925000 100.665802  0.986721 0.081212 -0.140665  0.637500 0.261843 0
0  6.850000 5.152851 101.025002  0.913835 0.351680 -0.203043  0.868061 0.287500 0
0  7.350000 3.334198 102.074997  0.986721 0.140664 -0.081212  0.738157 0.362500 0
lamp_green
0  7.350000 3.334198 102.074997  0.986721 0.140664 -0.081212  0.738157 0.362500 0
0  6.850000 5.950000 104.000000  0.913835 0.406086 -0.000001  0.925000 0.500000 0
0  7.350000 3.850000 104.000000  0.986721 0.162425 -0.000000  0.775000 0.500000 0
lamp_green
0  7.350000 3.850000 104.000000  0.986721 0.162425 -0.000000  0.775000 0.500000 0
0  6.850000 5.152851 106.974998  0.913835 0.351680 0.203041  0.868061 0.712500 0
0  7.350000 3.334198 105.925003  0.986721 0.140665 0.081212  0.738157 0.637500 0
lamp_green
0  7.350000 3.334198 105.925003  0.986721 0.140665 0.081212  0.738157 0.637500 0
0  6.849999 2.975000 109.152847  0.913836 0.203043 0.351678  0.712500 0.868061 0
0  7.350000 1.925000 107.334198  0.986721 0.081213 0.140664  0.637500 0.738157 0
lamp_green
0  7.350000 1.925000 107.334198  0.986721 0.081213 0.140664  0.637500 0.738157 0
0  6.849999 0.000000 109.949997  0.913836 0.000001 0.406084  0.500000 0.925000 0
0  7.350000 0.000000 107.849998  0.986721 0.000000 0.162425  0.500000 0.775000 0
lamp_green
0  7.350000 0.000000 107.849998  0.986721 0.000000 0.162425  0.500000 0.775000 0
0  6.849999 -2.975000 109.152847  0.913835 -0.203041 0.351681  0.287500 0.868061 0
0  7.350000 -1.925000 107.334198  0.986721 -0.081212 0.140665  0.362500 0.738157 0
lamp_green
0  7.350000 -1.925000 107.334198  0.986721 -0.081212 0.140665  0.362500 0.738157 0
0  6.850000 -5.152851 106.974998  0.913835 -0.351680 0.203044  0.131939 0.712500 0
0  7.350000 -3.334198 105.925003  0.986721 -0.140663 0.081212  0.261843 0.637500 0
lamp_green
0  7.350000 -3.334198 105.925003  0.986721 -0.140663 0.081212  0.261843 0.637500 0
0  6.850000 -5.950000 104.000000  0.913835 -0.406086 0.000001  0.075000 0.500000 0
0  7.350000 -3.850000 104.000000  0.986721 -0.162425 0.000000  0.225000 0.500000 0
lamp_green
0  7.350000 -3.850000 104.000000  0.986721 -0.162425 0.000000  0.225000 0.500000 0
0  6.850000 -5.152851 101.025002  0.913835 -0.351681 -0.203041  0.131939 0.287500 0
0  7.350000 -3.334198 102.074997  0.986721 -0.140665 -0.081212  0.261843 0.362500 0
lamp_green
0  7.350000 -3.334198 102.074997  0.986721 -0.140665 -0.081212  0.261843 0.362500 0
0  6.850000 -2.975000 98.847153  0.913836 -0.203042 -0.351678  0.287500 0.131939 0
0  7.350000 -1.925000 100.665802  0.986721 -0.081212 -0.140664  0.362500 0.261843 0
lamp_green
0  7.350000 -1.925000 100.665802  0.986721 -0.081212 -0.140664  0.362500 0.261843 0
0  6.850000 0.000000 98.050003  0.913836 -0.000001 -0.406083  0.500000 0.075000 0
0  7.350000 0.000000 100.150002  0.986721 -0.000000 -0.162425  0.500000 0.225000 0
lamp_green
0  6.850000 0.000000 98.050003  0.913836 -0.000001 -0.406083  0.500000 0.075000 0
0  6.200000 3.500000 97.937820  0.850267 0.263178 -0.455833  0.750000 0.066987 0
0  6.850000 2.975000 98.847153  0.913835 0.203042 -0.351680  0.712500 0.131939 0
lamp_green
0  6.850000 2.975000 98.847153  0.913835 0.203042 -0.351680  0.712500 0.131939 0
0  6.200000 6.062178 100.500000  0.850266 0.455837 -0.263175  0.933013 0.250000 0
0  6.850000 5.152851 101.025002  0.913835 0.351680 -0.203043  0.868061 0.287500 0
lamp_green
0  6.850000 5.152851 101.025002  0.913835 0.351680 -0.203043  0.868061 0.287500 0
0  6.200000 7.000000 104.000000  0.850265 0.526354 0.000002  1.000000 0.500000 0
0  6.850000 5.950000 104.000000  0.913835 0.406086 -0.000001  0.925000 0.500000 0
lamp_green
0  6.850000 5.950000 104.000000  0.913835 0.406086 -0.000001  0.925000 0.500000 0
0  6.200000 6.062178 107.500000  0.850267 0.455834 0.263177  0.933013 0.750000 0
0  6.850000 5.152851 106.974998  0.913835 0.351680 0.203041  0.868061 0.712500 0
lamp_green
0  6.850000 5.152851 106.974998  0.913835 0.351680 0.203041  0.868061 0.712500 0
0  6.199999 3.500000 110.062180  0.850268 0.263173 0.455834  0.750000 0.933013 0
0  6.849999 2.975000 109.152847  0.913836 0.203043 0.351678  0.712500 0.868061 0
lamp_green
0  6.849999 2.975000 109.152847  0.913836 0.203043 0.351678  0.712500 0.868061 0
0  6.199999 0.000000 111.000000  0.850268 -0.000002 0.526350  0.500000 1.000000 0
0  6.849999 0.000000 109.949997  0.913836 0.000001 0.406084  0.500000 0.925000 0
lamp_green
0  6.849999 0.000000 109.949997  0.913836 0.000001 0.406084  0.500000 0.925000 0
0  6.199999 -3.500000 110.062180  0.850267 -0.263177 0.455833  0.250000 0.933013 0
0  6.849999 -2.975000 109.152847  0.913835 -0.203041 0.351681  0.287500 0.868061 0
lamp_green
0  6.849999 -2.975000 109.152847  0.913835 -0.203041 0.351681  0.287500 0.868061 0
0  6.200000 -6.062178 107.500000  0.850265 -0.455837 0.263176  0.066987 0.750000 0
0  6.850000 -5.152851 106.974998  0.913835 -0.351680 0.203044  0.131939 0.712500 0
lamp_green
0  6.850000 -5.152851 106.974998  0.913835 -0.351680 0.203044  0.131939 0.712500 0
0  6.200000 -7.000000 104.000000  0.850265 -0.526355 -0.000002  0.000000 0.500000 0
0  6.850000 -5.950000 104.000000  0.913835 -0.406086 0.000001  0.075000 0.500000 0
lamp_green
0  6.850000 -5.950000 104.000000  0.913835 -0.406086 0.000001  0.075000 0.500000 0
0  6.200000 -6.062178 100.500000  0.850266 -0.455835 -0.263178  0.066987 0.250000 0
0  6.850000 -5.152851 101.025002  0.913835 -0.351681 -0.203041  0.131939 0.287500 0
lamp_green
0  6.850000 -5.152851 101.025002  0.913835 -0.351681 -0.203041  0.131939 0.287500 0
0  6.200000 -3.500000 97.937820  0.850268 -0.263173 -0.455834  0.250000 0.066987 0
0  6.850000 -2.975000 98.847153  0.913836 -0.203042 -0.351678  0.287500 0.131939 0
lamp_green
0  6.850000 -2.975000 98.847153  0.913836 -0.203042 -0.351678  0.287500 0.131939 0
0  6.200001 0.000000 97.000000  0.850268 0.000002 -0.526350  0.500000 0.000000 0
0  6.850000 0.000000 98.050003  0.913836 -0.000001 -0.406083  0.500000 0.075000 0
lamp_green
0  6.200001 0.000000 97.000000  0.000000 0.000002 -1.000000  0.500000 0.000000 0
0  6.000000 3.500000 97.937820  0.000000 0.499999 -0.866026  0.750000 0.066987 0
0  6.200000 3.500000 97.937820  0.000000 0.500003 -0.866024  0.750000 0.066987 0
lamp_green
0  6.200000 3.500000 97.937820  0.000000 0.500003 -0.866024  0.750000 0.066987 0
0  6.000000 6.062178 100.500000  0.000000 0.866025 -0.500001  0.933013 0.250000 0
0  6.200000 6.062178 100.500000  0.000000 0.866027 -0.499997  0.933013 0.250000 0
lamp_green
0  6.200000 6.062178 100.500000  0.000000 0.866027 -0.499997  0.933013 0.250000 0
0  6.000000 7.000000 104.000000  0.000000 1.000000 -0.000003  1.000000 0.500000 0
0  6.200000 7.000000 104.000000  0.000000 1.000000 0.000002  1.000000 0.500000 0
lamp_green
0  6.200000 7.000000 104.000000  0.000000 1.000000 0.000002  1.000000 0.500000 0
0  6.000000 6.062178 107.500000  0.000000 0.866026 0.499999  0.933013 0.750000 0
0  6.200000 6.062178 107.500000  0.000000 0.866024 0.500003  0.933013 0.750000 0
lamp_green
0  6.200000 6.062178 107.500000  0.000000 0.866024 0.500003  0.933013 0.750000 0
0  6.000000 3.500000 110.062180  0.000000 0.500003 0.866024  0.750000 0.933013 0
0  6.199999 3.500000 110.062180  0.000000 0.499999 0.866026  0.750000 0.933013 0
lamp_green
0  6.199999 3.500000 110.062180  0.000000 0.499999 0.866026  0.750000 0.933013 0
0  6.000000 0.000000 111.000000  0.000000 0.000002 1.000000  0.500000 1.000000 0
0  6.199999 0.000000 111.000000  0.000000 -0.000002 1.000000  0.500000 1.000000 0
lamp_green
0  6.199999 0.000000 111.000000  0.000000 -0.000002 1.000000  0.500000 1.000000 0
0  6.000000 -3.500000 110.062180  0.000000 -0.499997 0.866027  0.250000 0.933013 0
0  6.199999 -3.500000 110.062180  0.000000 -0.500001 0.866025  0.250000 0.933013 0
lamp_green
0  6.199999 -3.500000 110.062180  0.000000 -0.500001 0.866025  0.250000 0.933013 0
0  6.000000 -6.062178 107.500000  0.000000 -0.866025 0.500001  0.066987 0.750000 0
0  6.200000 -6.062178 107.500000  0.000000 -0.866027 0.499997  0.066987 0.750000 0
lamp_green
0  6.200000 -6.062178 107.500000  0.000000 -0.866027 0.499997  0.066987 0.750000 0
0  6.000000 -7.000000 104.000000  0.000000 -1.000000 0.000004  0.000000 0.500000 0
0  6.200000 -7.000000 104.000000  0.000000 -1.000000 -0.000001  0.000000 0.500000 0
lamp_green
0  6.200000 -7.000000 104.000000  0.000000 -1.000000 -0.000001  0.000000 0.500000 0
0  6.000000 -6.062178 100.500000  0.000000 -0.866026 -0.499999  0.066987 0.250000 0
0  6.200000 -6.062178 100.500000  0.000000 -0.866024 -0.500003  0.066987 0.250000 0
lamp_green
0  6.200000 -6.062178 100.500000  0.000000 -0.866024 -0.500003  0.066987 0.250000 0
0  6.000000 -3.500000 97.937820  0.000000 -0.500002 -0.866024  0.250000 0.066987 0
0  6.200000 -3.500000 97.937820  0.000000 -0.499998 -0.866026  0.250000 0.066987 0
lamp_green
0  6.200000 -3.500000 97.937820  0.000000 -0.499998 -0.866026  0.250000 0.066987 0
0  6.000000 0.000000 97.000000  0.000000 -0.000003 -1.000000  0.500000 0.000000 0
0  6.200001 0.000000 97.000000  0.000000 0.000002 -1.000000  0.500000 0.000000 0
lamp_green
0  6.000000 3.500000 97.937820  -1.000000 0.000000 -0.000000  0.750000 0.066987 0
0  6.000000 0.000000 97.000000  -1.000000 0.000000 -0.000000  0.500000 0.000000 0
0  6.000000 0.000000 104.000000  -1.000000 0.000000 -0.000000  0.500000 0.500000 0
lamp_green
0  6.000000 6.062178 100.500000  -1.000000 0.000000 -0.000000  0.933013 0.250000 0
0  6.000000 3.500000 97.937820  -1.000000 0.000000 -0.000000  0.750000 0.066987 0
0  6.000000 0.000000 104.000000  -1.000000 0.000000 -0.000000  0.500000 0.500000 0
lamp_green
0  6.000000 7.000000 104.000000  -1.000000 0.000000 -0.000000  1.000000 0.500000 0
0  6.000000 6.062178 100.500000  -1.000000 0.000000 -0.000000  0.933013 0.250000 0
0  6.000000 0.000000 104.000000  -1.000000 0.000000 -0.000000  0.500000 0.500000 0
lamp_green
0  6.000000 6.062178 107.500000  -1.000000 0.000000 -0.000000  0.933013 0.750000 0
0  6.000000 7.000000 104.000000  -1.000000 0.000000 -0.000000  1.000000 0.500000 0
0  6.000000 0.000000 104.000000  -1.000000 0.000000 -0.000000  0.500000 0.500000 0
lamp_green
0  6.000000 3.500000 110.062180  -1.000000 0.000000 -0.000000  0.750000 0.933013 0
0  6.000000 6.062178 107.500000  -1.000000 0.000000 -0.000000  0.933013 0.750000 0
0  6.000000 0.000000 104.000000  -1.000000 0.000000 -0.000000  0.500000 0.500000 0
lamp_green
0  6.000000 0.000000 111.000000  -1.000000 0.000000 -0.000000  0.500000 1.000000 0
0  6.000000 3.500000 110.062180  -1.000000 0.000000 -0.000000  0.750000 0.933013 0
0  6.000000 0.000000 104.000000  -1.000000 0.000000 -0.000000  0.500000 0.500000 0
lamp_green
0  6.000000 -3.500000 110.062180  -1.000000 0.000000 -0.000000  0.250000 0.933013 0
0  6.000000 0.000000 111.000000  -1.000000 0.000000 -0.000000  0.500000 1.000000 0
0  6.000000 0.000000 104.000000  -1.000000 0.000000 -0.000000  0.500000 0.500000 0
lamp_green
0  6.000000 -6.062178 107.500000  -1.000000 0.000000 -0.000000  0.066987 0.750000 0
0  6.000000 -3.500000 110.062180  -1.000000 0.000000 -0.000000  0.250000 0.933013 0
0  6.000000 0.000000 104.000000  -1.000000 0.000000 -0.000000  0.500000 0.500000 0
lamp_green
0  6.000000 -7.000000 104.000000  -1.000000 0.000000 -0.000000  0.000000 0.500000 0
0  6.000000 -6.062178 107.500000  -1.000000 0.000000 -0.000000  0.066987 0.750000 0
0  6.000000 0.000000 104.000000  -1.000000 0.000000 -0.000000  0.500000 0.500000 0
lamp_green
0  6.000000 -6.062178 100.500000  -1.000000 0.000000 -0.000000  0.066987 0.250000 0
0  6.000000 -7.000000 104.000000  -1.000000 0.000000 -0.000000  0.000000 0.500000 0
0  6.000000 0.000000 104.000000  -1.000000 0.000000 -0.000000  0.500000 0.500000 0
lamp_green
0  6.000000 -3.500000 97.937820  -1.000000 0.000000 -0.000000  0.250000 0.066987 0
0  6.000000 -6.062178 100.500000  -1.000000 0.000000 -0.000000  0.066987 0.250000 0
0  6.000000 0.000000 104.000000  -1.000000 0.000000 -0.000000  0.500000 0.500000 0
lamp_green
0  6.000000 0.000000 97.000000  -1.000000 0.000000 -0.000000  0.500000 0.000000 0
0  6.000000 -3.500000 97.937820  -1.000000 0.000000 -0.000000  0.250000 0.066987 0
0  6.000000 0.000000 104.000000  -1.000000 0.000000 -0.000000  0.500000 0.500000 0
start_lights
0  -14.000000 -14.000000 0.000000  -1.000000 0.000000 0.000000  0.703213 0.752976 0
0  -14.000000 -14.000000 3.000000  -1.000000 0.000000 0.000000  0.682437 0.752976 0
0  -14.000000 14.000000 3.000000  -1.000000 0.000000 0.000000  0.682437 0.559457 0
start_lights
0  -14.000000 14.000000 0.000000  0.000000 1.000000 0.000000  0.305972 0.932992 0
0  -14.000000 14.000000 3.000000  0.000000 1.000000 0.000000  0.285196 0.932992 0
0  14.000000 14.000000 3.000000  0.000000 1.000000 0.000000  0.285196 0.739473 0
start_lights
0  14.000000 14.000000 0.000000  1.000000 0.000000 0.000000  0.956093 0.193519 0
0  14.000000 14.000000 3.000000  1.000000 0.000000 0.000000  0.935327 0.193519 0
0  14.000000 -14.000000 3.000000  1.000000 0.000000 0.000000  0.935327 0.000000 0
start_lights
0  14.000000 -14.000000 0.000000  0.000000 -1.000000 0.000000  0.937324 0.934339 0
0  14.000000 -14.000000 3.000000  0.000000 -1.000000 0.000000  0.916549 0.934339 0
0  -14.000000 -14.000000 3.000000  0.000000 -1.000000 0.000000  0.916549 0.740820 0
start_lights
0  -14.000000 14.000000 0.000000  0.000000 0.000000 -1.000000  0.521792 0.000000 0
0  14.000000 14.000000 0.000000  0.000000 0.000000 -1.000000  0.521792 0.193519 0
0  14.000000 -14.000000 0.000000  0.000000 0.000000 -1.000000  0.327887 0.193519 0
start_lights
0  14.000000 14.000000 3.000000  0.000000 0.000000 1.000000  0.521792 0.205085 0
0  -14.000000 14.000000 3.000000  0.000000 0.000000 1.000000  0.521792 0.398604 0
0  -14.000000 -14.000000 3.000000  0.000000 0.000000 1.000000  0.327887 0.398604 0
start_lights
0  -9.000000 -9.000000 3.000000  -1.000000 0.000000 0.000000  0.955839 0.865225 0
0  -9.000000 -9.000000 4.000000  -1.000000 0.000000 0.000000  0.948914 0.865225 0
0  -9.000000 9.000000 4.000000  -1.000000 0.000000 0.000000  0.948914 0.740820 0
start_lights
0  -9.000000 9.000000 3.000000  0.000000 1.000000 0.000000  0.314037 0.714084 0
0  -9.000000 9.000000 4.000000  0.000000 1.000000 0.000000  0.307111 0.714084 0
0  9.000000 9.000000 4.000000  0.000000 1.000000 0.000000  0.307111 0.589679 0
start_lights
0  9.000000 9.000000 3.000000  1.000000 0.000000 0.000000  0.964226 0.329490 0
0  9.000000 9.000000 4.000000  1.000000 0.000000 0.000000  0.957304 0.329490 0
0  9.000000 -9.000000 4.000000  1.000000 0.000000 0.000000  0.957304 0.205085 0
start_lights
0  9.000000 -9.000000 3.000000  0.000000 -1.000000 0.000000  0.152335 0.891712 0
0  9.000000 -9.000000 4.000000  0.000000 -1.000000 0.000000  0.145410 0.891712 0
0  -9.000000 -9.000000 4.000000  0.000000 -1.000000 0.000000  0.145410 0.767307 0
start_lights
0  -9.000000 9.000000 3.000000  0.000000 0.000000 -1.000000  0.452540 0.587611 0
0  9.000000 9.000000 3.000000  0.000000 0.000000 -1.000000  0.452540 0.712016 0
0  9.000000 -9.000000 3.000000  0.000000 0.000000 -1.000000  0.327887 0.712016 0
start_lights
0  9.000000 9.000000 4.000000  0.000000 0.000000 1.000000  0.288597 0.603502 0
0  -9.000000 9.000000 4.000000  0.000000 0.000000 1.000000  0.288597 0.727907 0
0  -9.000000 -9.000000 4.000000  0.000000 0.000000 1.000000  0.163943 0.727907 0
start_lights
0  -6.000000 -11.000000 92.000000  -1.000000 0.000000 0.000000  0.000000 0.414683 0
0  -6.000000 -11.000000 152.000000  -1.000000 0.000000 0.000000  0.000000 0.000000 0
0  -6.000000 11.000000 152.000000  -1.000000 0.000000 0.000000  0.152354 0.000000 0
start_lights
0  -6.000000 11.000000 92.000000  0.000000 1.000000 0.000000  0.533381 0.414683 0
0  -6.000000 11.000000 152.000000  0.000000 1.000000 0.000000  0.533381 0.000000 0
0  6.000000 11.000000 152.000000  0.000000 1.000000 0.000000  0.616484 0.000000 0
start_lights
0  6.000000 11.000000 92.000000  1.000000 0.000000 0.000000  0.163943 0.414495 0
0  6.000000 11.000000 152.000000  1.000000 0.000000 0.000000  0.163943 0.000000 0
0  6.000000 -11.000000 152.000000  1.000000 0.000000 0.000000  0.316297 0.000000 0
start_lights
0  6.000000 -11.000000 92.000000  0.000000 -1.000000 0.000000  0.628073 0.414683 0
0  6.000000 -11.000000 152.000000  0.000000 -1.000000 0.000000  0.628073 0.000000 0
0  -6.000000 -11.000000 152.000000  0.000000 -1.000000 0.000000  0.711175 0.000000 0
start_lights
0  -6.000000 11.000000 92.000000  0.000000 0.000000 -1.000000  0.519531 0.562221 0
0  6.000000 11.000000 92.000000  0.000000 0.000000 -1.000000  0.436429 0.562221 0
0  6.000000 -11.000000 92.000000  0.000000 0.000000 -1.000000  0.436429 0.410171 0
start_lights
0  6.000000 11.000000 152.000000  0.000000 0.000000 1.000000  0.083102 0.755740 0
0  -6.000000 11.000000 152.000000  0.000000 0.000000 1.000000  0.000000 0.755740 0
0  -6.000000 -11.000000 152.000000  0.000000 0.000000 1.000000  0.000000 0.603690 0
start_lights
0  -6.500000 -5.700000 4.000000  0.500000 0.866025 0.000000  0.261172 0.982669 0
0  -6.500000 -5.700000 6.000000  0.500000 0.866025 0.000000  0.261172 0.968847 0
0  -5.807179 -6.100000 6.000000  0.500000 0.866025 0.000000  0.265970 0.968847 0
start_lights
0  3.000000 0.400000 4.000000  0.000000 0.000000 -1.000000  0.667202 0.949692 0
0  8.000000 0.400000 4.000000  0.000000 0.000000 -1.000000  0.667202 0.984249 0
0  8.000000 -0.400000 4.000000  0.000000 0.000000 -1.000000  0.661662 0.984249 0
start_lights
0  8.000000 0.400000 4.000000  0.894427 0.000000 0.447214  0.975816 0.273128 0
0  3.000000 0.400001 14.000000  0.894427 0.000000 0.447214  0.975816 0.205085 0
0  3.000000 -0.399999 14.000000  0.894427 0.000000 0.447214  0.981356 0.205085 0
start_lights
0  -5.807179 -6.100000 4.000000  1.000000 0.000000 0.000000  0.844017 0.998344 0
0  -5.807179 -6.100000 6.000000  1.000000 0.000000 0.000000  0.844017 0.984528 0
0  -5.807179 -6.900000 6.000000  1.000000 0.000000 0.000000  0.849558 0.984528 0
start_lights
0  6.500000 -5.700000 4.000000  0.500000 0.866025 0.000000  0.819993 0.985418 0
0  6.500000 -5.700000 6.000000  0.500000 0.866025 0.000000  0.819993 0.971595 0
0  7.192821 -6.100000 6.000000  0.500000 0.866025 0.000000  0.824791 0.971595 0
start_lights
0  -6.500000 7.300000 4.000000  0.500000 0.866025 0.000000  0.482778 0.704521 0
0  -6.500000 7.300000 6.000000  0.500000 0.866025 0.000000  0.482778 0.690698 0
0  -5.807179 6.900000 6.000000  0.500000 0.866025 0.000000  0.487576 0.690698 0
start_lights
0  -5.807179 -6.900000 4.000000  0.500000 -0.866025 0.000000  0.499165 0.704521 0
0  -5.807179 -6.900000 6.000000  0.500000 -0.866025 0.000000  0.499165 0.690698 0
0  -6.500000 -7.300000 6.000000  0.500000 -0.866025 0.000000  0.503963 0.690698 0
start_lights
0  6.500000 7.300000 4.000000  0.500000 0.866025 0.000000  0.665258 0.750719 0
0  6.500000 7.300000 6.000000  0.500000 0.866025 0.000000  0.665258 0.736897 0
0  7.192821 6.900000 6.000000  0.500000 0.866025 0.000000  0.670056 0.736897 0
start_lights
0  3.000000 3.000000 92.000000  0.000000 0.000000 1.000000  0.150093 0.706777 0
0  -3.000000 3.000000 92.000000  0.000000 0.000000 1.000000  0.150093 0.748245 0
0  -3.000000 -3.000000 92.000000  0.000000 0.000000 1.000000  0.108542 0.748245 0
start_lights
0  -6.500000 -7.300000 4.000000  -0.500000 -0.866025 0.000000  0.503963 0.704521 0
0  -6.500000 -7.300000 6.000000  -0.500000 -0.866025 0.000000  0.503963 0.690698 0
0  -7.192821 -6.900000 6.000000  -0.500000 -0.866025 0.000000  0.508761 0.690698 0
start_lights
0  -5.807179 -6.900000 6.000000  0.000000 0.000000 1.000000  0.337483 0.986134 0
0  -5.807179 -6.100000 6.000000  0.000000 0.000000 1.000000  0.332685 0.988898 0
0  -6.500000 -5.700000 6.000000  0.000000 0.000000 1.000000  0.327887 0.986134 0
start_lights
0  -6.500000 -5.700000 6.000000  0.000000 0.000000 1.000000  0.327887 0.986134 0
0  -7.192821 -6.100000 6.000000  0.000000 0.000000 1.000000  0.327887 0.980604 0
0  -7.192821 -6.900000 6.000000  0.000000 0.000000 1.000000  0.332685 0.977840 0
start_lights
0  -7.192821 -6.900000 6.000000  0.000000 0.000000 1.000000  0.332685 0.977840 0
0  -6.500000 -7.300000 6.000000  0.000000 0.000000 1.000000  0.337483 0.980604 0
0  -5.807179 -6.900000 6.000000  0.000000 0.000000 1.000000  0.337483 0.986134 0
start_lights
0  3.000000 3.000000 4.000000  1.000000 0.000000 0.000000  0.882186 0.607927 0
0  3.000000 3.000000 92.000000  1.000000 0.000000 0.000000  0.882186 0.000000 0
0  3.000000 -3.000000 92.000000  1.000000 0.000000 0.000000  0.923737 0.000000 0
start_lights
0  -7.192821 -6.900000 4.000000  -1.000000 0.000000 0.000000  0.206314 0.997285 0
0  -7.192821 -6.900000 6.000000  -1.000000 0.000000 0.000000  0.206314 0.983462 0
0  -7.192821 -6.100000 6.000000  -1.000000 0.000000 0.000000  0.211854 0.983462 0
start_lights
0  -5.807179 6.100000 4.000000  0.500000 -0.866025 0.000000  0.400418 0.989527 0
0  -5.807179 6.100000 6.000000  0.500000 -0.866025 0.000000  0.400418 0.975704 0
0  -6.500000 5.700000 6.000000  0.500000 -0.866025 0.000000  0.405216 0.975704 0
start_lights
0  -5.807179 6.900000 4.000000  1.000000 0.000000 0.000000  0.861147 0.998344 0
0  -5.807179 6.900000 6.000000  1.000000 0.000000 0.000000  0.861147 0.984528 0
0  -5.807179 6.100000 6.000000  1.000000 0.000000 0.000000  0.866687 0.984528 0
start_lights
0  -7.192821 -6.100000 4.000000  -0.500000 0.866025 0.000000  0.256374 0.982669 0
0  -7.192821 -6.100000 6.000000  -0.500000 0.866025 0.000000  0.256374 0.968847 0
0  -6.500000 -5.700000 6.000000  -0.500000 0.866025 0.000000  0.261172 0.968847 0
start_lights
0  -7.192821 -6.100000 4.000000  0.000000 0.000000 -1.000000  0.475163 0.990788 0
0  -6.500000 -5.700000 4.000000  0.000000 0.000000 -1.000000  0.470365 0.988024 0
0  -5.807179 -6.100000 4.000000  0.000000 0.000000 -1.000000  0.470365 0.982495 0
start_lights
0  -5.807179 -6.100000 4.000000  0.000000 0.000000 -1.000000  0.470365 0.982495 0
0  -5.807179 -6.900000 4.000000  0.000000 0.000000 -1.000000  0.475163 0.979730 0
0  -6.500000 -7.300000 4.000000  0.000000 0.000000 -1.000000  0.479961 0.982495 0
start_lights
0  -6.500000 -7.300000 4.000000  0.000000 0.000000 -1.000000  0.479961 0.982495 0
0  -7.192821 -6.900000 4.000000  0.000000 0.000000 -1.000000  0.479961 0.988024 0
0  -7.192821 -6.100000 4.000000  0.000000 0.000000 -1.000000  0.475163 0.990788 0
start_lights
0  -6.500000 5.700000 4.000000  -0.500000 -0.866025 0.000000  0.405216 0.989527 0
0  -6.500000 5.700000 6.000000  -0.500000 -0.866025 0.000000  0.405216 0.975704 0
0  -7.192821 6.100000 6.000000  -0.500000 -0.866025 0.000000  0.410014 0.975704 0
start_lights
0  -6.500000 5.700000 6.000000  0.000000 0.000000 1.000000  0.994408 0.180732 0
0  -5.807179 6.100000 6.000000  0.000000 0.000000 1.000000  0.994408 0.186261 0
0  -5.807179 6.900000 6.000000  0.000000 0.000000 1.000000  0.989610 0.189026 0
start_lights
0  -5.807179 6.900000 6.000000  0.000000 0.000000 1.000000  0.989610 0.189026 0
0  -6.500000 7.300000 6.000000  0.000000 0.000000 1.000000  0.984812 0.186261 0
0  -7.192821 6.900000 6.000000  0.000000 0.000000 1.000000  0.984812 0.180732 0
start_lights
0  -7.192821 6.900000 6.000000  0.000000 0.000000 1.000000  0.984812 0.180732 0
0  -7.192821 6.100000 6.000000  0.000000 0.000000 1.000000  0.989610 0.177968 0
0  -6.500000 5.700000 6.000000  0.000000 0.000000 1.000000  0.994408 0.180732 0
start_lights
0  -3.000000 3.000000 4.000000  0.000000 1.000000 0.000000  0.722765 0.608202 0
0  -3.000000 3.000000 92.000000  0.000000 1.000000 0.000000  0.722765 0.000000 0
0  3.000000 3.000000 92.000000  0.000000 1.000000 0.000000  0.764316 0.000000 0
start_lights
0  -7.192821 6.100000 4.000000  -1.000000 0.000000 0.000000  0.223444 0.997285 0
0  -7.192821 6.100000 6.000000  -1.000000 0.000000 0.000000  0.223444 0.983462 0
0  -7.192821 6.900000 6.000000  -1.000000 0.000000 0.000000  0.228984 0.983462 0
start_lights
0  7.192821 -6.900000 4.000000  0.500000 -0.866025 0.000000  0.495395 0.978938 0
0  7.192821 -6.900000 6.000000  0.500000 -0.866025 0.000000  0.495395 0.965115 0
0  6.500000 -7.300000 6.000000  0.500000 -0.866025 0.000000  0.500193 0.965115 0
start_lights
0  7.192821 -6.100000 4.000000  1.000000 0.000000 0.000000  0.878277 0.998344 0
0  7.192821 -6.100000 6.000000  1.000000 0.000000 0.000000  0.878277 0.984528 0
0  7.192821 -6.900000 6.000000  1.000000 0.000000 0.000000  0.883817 0.984528 0
start_lights
0  -7.192821 6.900000 4.000000  -0.500000 0.866025 0.000000  0.477980 0.704521 0
0  -7.192821 6.900000 6.000000  -0.500000 0.866025 0.000000  0.477980 0.690698 0
0  -6.500000 7.300000 6.000000  -0.500000 0.866025 0.000000  0.482778 0.690698 0
start_lights
0  -5.807179 6.100000 4.000000  0.000000 0.000000 -1.000000  0.353870 0.977840 0
0  -6.500000 5.700000 4.000000  0.000000 0.000000 -1.000000  0.358668 0.980604 0
0  -7.192821 6.100000 4.000000  0.000000 0.000000 -1.000000  0.358668 0.986134 0
start_lights
0  -7.192821 6.100000 4.000000  0.000000 0.000000 -1.000000  0.358668 0.986134 0
0  -7.192821 6.900000 4.000000  0.000000 0.000000 -1.000000  0.353870 0.988898 0
0  -6.500000 7.300000 4.000000  0.000000 0.000000 -1.000000  0.349072 0.986134 0
start_lights
0  -6.500000 7.300000 4.000000  0.000000 0.000000 -1.000000  0.349072 0.986134 0
0  -5.807179 6.900000 4.000000  0.000000 0.000000 -1.000000  0.349072 0.980604 0
0  -5.807179 6.100000 4.000000  0.000000 0.000000 -1.000000  0.353870 0.977840 0
start_lights
0  6.500000 -7.300000 4.000000  -0.500000 -0.866025 0.000000  0.500193 0.978938 0
0  6.500000 -7.300000 6.000000  -0.500000 -0.866025 0.000000  0.500193 0.965115 0
0  5.807179 -6.900000 6.000000  -0.500000 -0.866025 0.000000  0.504991 0.965115 0
start_lights
0  7.192821 -6.900000 6.000000  0.000000 0.000000 1.000000  0.173539 0.991756 0
0  7.192821 -6.100000 6.000000  0.000000 0.000000 1.000000  0.168741 0.994520 0
0  6.500000 -5.700000 6.000000  0.000000 0.000000 1.000000  0.163943 0.991756 0
start_lights
0  6.500000 -5.700000 6.000000  0.000000 0.000000 1.000000  0.163943 0.991756 0
0  5.807179 -6.100000 6.000000  0.000000 0.000000 1.000000  0.163943 0.986227 0
0  5.807179 -6.900000 6.000000  0.000000 0.000000 1.000000  0.168741 0.983462 0
start_lights
0  5.807179 -6.900000 6.000000  0.000000 0.000000 1.000000  0.168741 0.983462 0
0  6.500000 -7.300000 6.000000  0.000000 0.000000 1.000000  0.173539 0.986227 0
0  7.192821 -6.900000 6.000000  0.000000 0.000000 1.000000  0.173539 0.991756 0
start_lights
0  -3.000000 3.000000 4.000000  0.000000 0.000000 -1.000000  0.564349 0.934605 0
0  3.000000 3.000000 4.000000  0.000000 0.000000 -1.000000  0.564349 0.976074 0
0  3.000000 -3.000000 4.000000  0.000000 0.000000 -1.000000  0.522798 0.976074 0
start_lights
0  5.807179 -6.900000 4.000000  -1.000000 0.000000 0.000000  0.897158 0.997577 0
0  5.807179 -6.900000 6.000000  -1.000000 0.000000 0.000000  0.897158 0.983754 0
0  5.807179 -6.100000 6.000000  -1.000000 0.000000 0.000000  0.902698 0.983754 0
start_lights
0  7.192821 6.100000 4.000000  0.500000 -0.866025 0.000000  0.421603 0.989527 0
0  7.192821 6.100000 6.000000  0.500000 -0.866025 0.000000  0.421603 0.975704 0
0  6.500000 5.700000 6.000000  0.500000 -0.866025 0.000000  0.426401 0.975704 0
start_lights
0  7.192821 6.900000 4.000000  1.000000 0.000000 0.000000  0.722765 0.998625 0
0  7.192821 6.900000 6.000000  1.000000 0.000000 0.000000  0.722765 0.984809 0
0  7.192821 6.100000 6.000000  1.000000 0.000000 0.000000  0.728305 0.984809 0
start_lights
0  5.807179 -6.100000 4.000000  -0.500000 0.866025 0.000000  0.815196 0.985418 0
0  5.807179 -6.100000 6.000000  -0.500000 0.866025 0.000000  0.815196 0.971595 0
0  6.500000 -5.700000 6.000000  -0.500000 0.866025 0.000000  0.819993 0.971595 0
start_lights
0  7.192821 -6.100000 4.000000  0.000000 0.000000 -1.000000  0.370257 0.980605 0
0  7.192821 -6.900000 4.000000  0.000000 0.000000 -1.000000  0.375055 0.977840 0
0  6.500000 -7.300000 4.000000  0.000000 0.000000 -1.000000  0.379853 0.980605 0
start_lights
0  6.500000 -7.300000 4.000000  0.000000 0.000000 -1.000000  0.379853 0.980605 0
0  5.807179 -6.900000 4.000000  0.000000 0.000000 -1.000000  0.379853 0.986134 0
0  5.807179 -6.100000 4.000000  0.000000 0.000000 -1.000000  0.375055 0.988898 0
start_lights
0  5.807179 -6.100000 4.000000  0.000000 0.000000 -1.000000  0.375055 0.988898 0
0  6.500000 -5.700000 4.000000  0.000000 0.000000 -1.000000  0.370257 0.986134 0
0  7.192821 -6.100000 4.000000  0.000000 0.000000 -1.000000  0.370257 0.980605 0
start_lights
0  6.500000 5.700000 4.000000  -0.500000 -0.866025 0.000000  0.426401 0.989527 0
0  6.500000 5.700000 6.000000  -0.500000 -0.866025 0.000000  0.426401 0.975704 0
0  5.807179 6.100000 6.000000  -0.500000 -0.866025 0.000000  0.431199 0.975704 0
start_lights
0  -3.000000 -3.000000 4.000000  -1.000000 0.000000 0.000000  0.775905 0.608202 0
0  -3.000000 -3.000000 92.000000  -1.000000 0.000000 0.000000  0.775905 0.000000 0
0  -3.000000 3.000000 92.000000  -1.000000 0.000000 0.000000  0.817456 0.000000 0
start_lights
0  6.500000 7.300000 4.000000  0.000000 0.000000 -1.000000  0.185129 0.991756 0
0  7.192821 6.900000 4.000000  0.000000 0.000000 -1.000000  0.185129 0.986227 0
0  7.192821 6.100000 4.000000  0.000000 0.000000 -1.000000  0.189927 0.983462 0
start_lights
0  7.192821 6.100000 4.000000  0.000000 0.000000 -1.000000  0.189927 0.983462 0
0  6.500000 5.700000 4.000000  0.000000 0.000000 -1.000000  0.194725 0.986227 0
0  5.807179 6.100000 4.000000  0.000000 0.000000 -1.000000  0.194725 0.991756 0
start_lights
0  5.807179 6.100000 4.000000  0.000000 0.000000 -1.000000  0.194725 0.991756 0
0  5.807179 6.900000 4.000000  0.000000 0.000000 -1.000000  0.189927 0.994520 0
0  6.500000 7.300000 4.000000  0.000000 0.000000 -1.000000  0.185129 0.991756 0
start_lights
0  5.807179 6.100000 4.000000  -1.000000 0.000000 0.000000  0.145410 0.997781 0
0  5.807179 6.100000 6.000000  -1.000000 0.000000 0.000000  0.145410 0.983958 0
0  5.807179 6.900000 6.000000  -1.000000 0.000000 0.000000  0.150950 0.983958 0
start_lights
0  3.000000 -3.000000 4.000000  0.000000 -1.000000 0.000000  0.829046 0.608202 0
0  3.000000 -3.000000 92.000000  0.000000 -1.000000 0.000000  0.829046 0.000000 0
0  -3.000000 -3.000000 92.000000  0.000000 -1.000000 0.000000  0.870597 0.000000 0
start_lights
0  3.000000 0.400001 14.000000  -1.000000 0.000000 0.000000  0.954454 0.876791 0
0  3.000000 0.400000 4.000000  -1.000000 0.000000 0.000000  0.954454 0.945905 0
0  3.000000 -0.400000 4.000000  -1.000000 0.000000 0.000000  0.948914 0.945905 0
start_lights
0  5.807179 6.900000 4.000000  -0.500000 0.866025 0.000000  0.660460 0.750719 0
0  5.807179 6.900000 6.000000  -0.500000 0.866025 0.000000  0.660460 0.736897 0
0  6.500000 7.300000 6.000000  -0.500000 0.866025 0.000000  0.665258 0.736897 0
start_lights
0  5.807179 6.100000 6.000000  0.000000 0.000000 1.000000  0.453977 0.979730 0
0  6.500000 5.700000 6.000000  0.000000 0.000000 1.000000  0.458775 0.982495 0
0  7.192821 6.100000 6.000000  0.000000 0.000000 1.000000  0.458775 0.988024 0
start_lights
0  7.192821 6.100000 6.000000  0.000000 0.000000 1.000000  0.458775 0.988024 0
0  7.192821 6.900000 6.000000  0.000000 0.000000 1.000000  0.453977 0.990788 0
0  6.500000 7.300000 6.000000  0.000000 0.000000 1.000000  0.449179 0.988024 0
start_lights
0  6.500000 7.300000 6.000000  0.000000 0.000000 1.000000  0.449179 0.988024 0
0  5.807179 6.900000 6.000000  0.000000 0.000000 1.000000  0.449179 0.982495 0
0  5.807179 6.100000 6.000000  0.000000 0.000000 1.000000  0.453977 0.979730 0
start_lights
0  -0.400000 3.000000 4.000000  0.000000 0.000000 -1.000000  0.684331 0.949692 0
0  -0.399999 8.000000 4.000000  0.000000 0.000000 -1.000000  0.684331 0.984249 0
0  0.400001 8.000000 4.000000  0.000000 0.000000 -1.000000  0.678791 0.984249 0
start_lights
0  -0.399999 8.000000 4.000000  0.000000 0.894427 0.447214  0.967683 0.178842 0
0  -0.400001 3.000000 14.000000  0.000000 0.894427 0.447214  0.967683 0.109728 0
0  0.399999 3.000000 14.000000  0.000000 0.894427 0.447214  0.973223 0.109728 0
start_lights
0  -0.400001 3.000000 14.000000  0.000000 -1.000000 -0.000000  0.150950 0.903278 0
0  -0.400000 3.000000 4.000000  0.000000 -1.000000 0.000000  0.150950 0.972392 0
0  0.400000 3.000000 4.000000  0.000000 -1.000000 -0.000000  0.145410 0.972392 0
start_lights
0  -3.000000 -0.400000 4.000000  -0.000000 0.000000 -1.000000  0.701461 0.949692 0
0  -8.000000 -0.399999 4.000000  -0.000000 0.000000 -1.000000  0.701461 0.984249 0
0  -8.000000 0.400001 4.000000  -0.000000 0.000000 -1.000000  0.695921 0.984249 0
start_lights
0  -8.000000 -0.399999 4.000000  -0.894427 0.000000 0.447214  0.971664 0.410171 0
0  -3.000000 -0.400001 14.000000  -0.894427 0.000000 0.447214  0.971664 0.341057 0
0  -3.000000 0.400000 14.000000  -0.894427 0.000000 0.447214  0.977204 0.341057 0
start_lights
0  -3.000000 -0.400001 14.000000  1.000000 0.000000 0.000000  0.977204 0.583098 0
0  -3.000000 -0.400000 4.000000  1.000000 0.000000 0.000000  0.977204 0.652180 0
0  -3.000000 0.400000 4.000000  1.000000 0.000000 0.000000  0.971664 0.652180 0
start_lights
0  0.400000 -3.000000 4.000000  0.000000 0.000000 -1.000000  0.632650 0.988678 0
0  0.400001 -8.000000 4.000000  0.000000 0.000000 -1.000000  0.632650 0.954121 0
0  -0.399999 -8.000000 4.000000  0.000000 0.000000 -1.000000  0.638190 0.954121 0
start_lights
0  0.400001 -8.000000 4.000000  0.000000 -0.894427 0.447214  0.971664 0.490851 0
0  0.400001 -3.000000 14.000000  0.000000 -0.894427 0.447214  0.971664 0.421737 0
0  -0.399999 -3.000000 14.000000  0.000000 -0.894427 0.447214  0.977204 0.421737 0
start_lights
0  0.400001 -3.000000 14.000000  0.000000 1.000000 -0.000000  0.977204 0.502418 0
0  0.400000 -3.000000 4.000000  0.000000 1.000000 0.000000  0.977204 0.571531 0
0  -0.400000 -3.000000 4.000000  0.000000 1.000000 0.000000  0.971664 0.571531 0
start_lights
0  -7.000000 -12.000000 152.000000  -1.000000 0.000000 0.000000  0.670848 0.725330 0
0  -7.000000 -12.000000 153.500000  -1.000000 0.000000 0.000000  0.660460 0.725330 0
0  -7.000000 12.000000 153.500000  -1.000000 0.000000 0.000000  0.660460 0.559457 0
start_lights
0  -7.000000 12.000000 152.000000  0.000000 1.000000 0.000000  0.907585 0.716528 0
0  -7.000000 12.000000 153.500000  0.000000 1.000000 0.000000  0.897198 0.716528 0
0  7.000000 12.000000 153.500000  0.000000 1.000000 0.000000  0.897198 0.619769 0
start_lights
0  7.000000 12.000000 152.000000  1.000000 0.000000 0.000000  0.945710 0.725838 0
0  7.000000 12.000000 153.500000  1.000000 0.000000 0.000000  0.935327 0.725838 0
0  7.000000 -12.000000 153.500000  1.000000 0.000000 0.000000  0.935327 0.559965 0
start_lights
0  7.000000 -12.000000 152.000000  0.000000 -1.000000 0.000000  0.643038 0.942555 0
0  7.000000 -12.000000 153.500000  0.000000 -1.000000 0.000000  0.632650 0.942555 0
0  -7.000000 -12.000000 153.500000  0.000000 -1.000000 0.000000  0.632650 0.845795 0
start_lights
0  -7.000000 12.000000 152.000000  0.000000 0.000000 -1.000000  0.424839 0.576044 0
0  7.000000 12.000000 152.000000  0.000000 0.000000 -1.000000  0.327887 0.576044 0
0  7.000000 -12.000000 152.000000  0.000000 0.000000 -1.000000  0.327887 0.410171 0
start_lights
0  7.000000 12.000000 153.500000  0.000000 0.000000 1.000000  0.260896 0.591935 0
0  -7.000000 12.000000 153.500000  0.000000 0.000000 1.000000  0.163943 0.591935 0
0  -7.000000 -12.000000 153.500000  0.000000 0.000000 1.000000  0.163943 0.426062 0
start_lights
0  6.200000 -7.000000 140.000000  0.948683 0.316228 -0.000000  0.790229 0.748852 0
0  6.600000 -8.200000 140.000000  0.948683 0.316228 0.000001  0.792300 0.740820 0
0  6.600000 -7.101408 135.899994  0.948683 0.273860 0.158115  0.817742 0.755488 0
start_lights
0  6.200000 6.062178 143.500000  0.948684 -0.273860 -0.158113  0.743406 0.829791 0
0  6.600000 7.101408 144.100006  0.948684 -0.273859 -0.158114  0.737450 0.835633 0
0  6.599999 4.100000 147.101410  0.948683 -0.158113 -0.273862  0.722765 0.810228 0
start_lights
0  -6.500000 0.600000 153.500000  0.500000 0.866026 0.000000  0.960903 0.720126 0
0  -6.500000 0.600000 161.000000  0.500000 0.866025 0.000000  0.960903 0.668291 0
0  -5.980385 0.300000 161.000000  0.500000 0.866025 0.000000  0.964501 0.668291 0
start_lights
0  6.200000 -6.062178 136.500000  0.948684 0.273861 0.158113  0.811948 0.761373 0
0  6.600000 -7.101408 135.899994  0.948683 0.273860 0.158115  0.817742 0.755488 0
0  6.600000 -4.100000 132.898590  0.948682 0.158114 0.273865  0.832428 0.780893 0
start_lights
0  6.200000 7.000000 140.000000  0.948683 -0.316228 0.000001  0.765125 0.842312 0
0  6.600000 8.200000 140.000000  0.948683 -0.316228 -0.000001  0.762893 0.850301 0
0  6.600000 7.101408 144.100006  0.948684 -0.273859 -0.158114  0.737450 0.835633 0
start_lights
0  -5.980385 0.300000 153.500000  1.000000 0.000000 0.000000  0.992945 0.256897 0
0  -5.980385 0.300000 161.000000  1.000000 0.000000 0.000000  0.992945 0.205085 0
0  -5.980385 -0.300000 161.000000  1.000000 0.000000 0.000000  0.997100 0.205085 0
start_lights
0  6.199999 -3.500000 146.062180  0.948683 0.158113 -0.273861  0.743421 0.761373 0
0  6.599999 -4.100000 147.101410  0.948683 0.158115 -0.273861  0.737468 0.755488 0
0  6.600000 -7.101408 144.100006  0.948683 0.273862 -0.158113  0.762917 0.740820 0
start_lights
0  6.200000 6.062178 136.500000  0.948683 -0.273863 0.158116  0.790208 0.842312 0
0  6.600000 7.101408 135.899994  0.948683 -0.273862 0.158114  0.792275 0.850301 0
0  6.600000 8.200000 140.000000  0.948683 -0.316228 -0.000001  0.762893 0.850301 0
start_lights
0  -5.980385 -0.300000 153.500000  0.500000 -0.866025 0.000000  0.976090 0.720126 0
0  -5.980385 -0.300000 161.000000  0.500000 -0.866026 0.000000  0.976090 0.668291 0
0  -6.500000 -0.600000 161.000000  0.500000 -0.866026 0.000000  0.979689 0.668291 0
start_lights
0  6.199999 0.000000 147.000000  0.948682 -0.000001 -0.316231  0.730875 0.783061 0
0  6.599999 0.000000 148.199997  0.948682 0.000001 -0.316231  0.722771 0.780893 0
0  6.599999 -4.100000 147.101410  0.948683 0.158115 -0.273861  0.737468 0.755488 0
start_lights
0  6.200000 3.500000 133.937820  0.948684 -0.158112 0.273861  0.811932 0.829791 0
0  6.600000 4.100000 132.898590  0.948684 -0.158113 0.273860  0.817724 0.835633 0
0  6.600000 7.101408 135.899994  0.948683 -0.273862 0.158114  0.792275 0.850301 0
start_lights
0  -6.500000 -0.600000 153.500000  -0.500000 -0.866026 0.000000  0.979689 0.720126 0
0  -6.500000 -0.600000 161.000000  -0.500000 -0.866025 0.000000  0.979689 0.668291 0
0  -7.019615 -0.300000 161.000000  -0.500000 -0.866025 0.000000  0.983287 0.668291 0
start_lights
0  -5.980385 -0.300000 161.000000  0.000000 0.000000 1.000000  0.747091 0.991029 0
0  -5.980385 0.300000 161.000000  0.000000 0.000000 1.000000  0.743493 0.993102 0
0  -6.500000 0.600000 161.000000  0.000000 0.000000 1.000000  0.739894 0.991029 0
start_lights
0  -6.500000 0.600000 161.000000  0.000000 0.000000 1.000000  0.739894 0.991029 0
0  -7.019615 0.300000 161.000000  0.000000 0.000000 1.000000  0.739894 0.986882 0
0  -7.019615 -0.300000 161.000000  0.000000 0.000000 1.000000  0.743493 0.984809 0
start_lights
0  -7.019615 -0.300000 161.000000  0.000000 0.000000 1.000000  0.743493 0.984809 0
0  -6.500000 -0.600000 161.000000  0.000000 0.000000 1.000000  0.747091 0.986882 0
0  -5.980385 -0.300000 161.000000  0.000000 0.000000 1.000000  0.747091 0.991029 0
start_lights
0  6.200001 0.000000 133.000000  0.948682 0.000000 0.316231  0.824479 0.808103 0
0  6.600000 0.000000 131.800003  0.948682 -0.000001 0.316232  0.832421 0.810228 0
0  6.600000 4.100000 132.898590  0.948684 -0.158113 0.273860  0.817724 0.835633 0
start_lights
0  -7.019615 -0.300000 153.500000  -1.000000 0.000000 0.000000  0.988793 0.597612 0
0  -7.019615 -0.300000 161.000000  -1.000000 0.000000 0.000000  0.988793 0.545776 0
0  -7.019615 0.300000 161.000000  -1.000000 0.000000 0.000000  0.992948 0.545776 0
start_lights
0  6.200000 -6.062178 143.500000  0.948683 0.273862 -0.158114  0.765146 0.748852 0
0  6.600000 -7.101408 144.100006  0.948683 0.273862 -0.158113  0.762917 0.740820 0
0  6.600000 -8.200000 140.000000  0.948683 0.316228 0.000001  0.792300 0.740820 0
start_lights
0  6.199999 3.500000 146.062180  0.948683 -0.158116 -0.273862  0.730869 0.808103 0
0  6.599999 4.100000 147.101410  0.948683 -0.158113 -0.273862  0.722765 0.810228 0
0  6.599999 0.000000 148.199997  0.948682 0.000001 -0.316231  0.722771 0.780893 0
start_lights
0  -7.019615 0.300000 153.500000  -0.500000 0.866025 0.000000  0.957304 0.720126 0
0  -7.019615 0.300000 161.000000  -0.500000 0.866026 0.000000  0.957304 0.668291 0
0  -6.500000 0.600000 161.000000  -0.500000 0.866026 0.000000  0.960903 0.668291 0
start_lights
0  -7.019615 0.300000 153.500000  0.000000 0.000000 -1.000000  0.762279 0.993103 0
0  -6.500000 0.600000 153.500000  0.000000 0.000000 -1.000000  0.758681 0.991029 0
0  -5.980385 0.300000 153.500000  0.000000 0.000000 -1.000000  0.758681 0.986882 0
start_lights
0  -5.980385 0.300000 153.500000  0.000000 0.000000 -1.000000  0.758681 0.986882 0
0  -5.980385 -0.300000 153.500000  0.000000 0.000000 -1.000000  0.762279 0.984809 0
0  -6.500000 -0.600000 153.500000  0.000000 0.000000 -1.000000  0.765878 0.986882 0
start_lights
0  -6.500000 -0.600000 153.500000  0.000000 0.000000 -1.000000  0.765878 0.986882 0
0  -7.019615 -0.300000 153.500000  0.000000 0.000000 -1.000000  0.765878 0.991029 0
0  -7.019615 0.300000 153.500000  0.000000 0.000000 -1.000000  0.762279 0.993103 0
start_lights
0  6.200000 -3.500000 133.937820  0.948682 0.158115 0.273864  0.824484 0.783061 0
0  6.600000 -4.100000 132.898590  0.948682 0.158114 0.273865  0.832428 0.780893 0
0  6.600000 0.000000 131.800003  0.948682 -0.000001 0.316232  0.832421 0.810228 0
start_lights
0  6.600000 0.000000 131.800003  0.000000 -0.000000 -1.000000  0.897158 0.923107 0
0  6.000000 0.000000 131.800003  0.000000 0.000000 -1.000000  0.901313 0.923107 0
0  6.000000 4.100000 132.898590  0.000000 0.499999 -0.866026  0.901313 0.951444 0
start_lights
0  6.600000 4.100000 132.898590  0.000000 0.499999 -0.866026  0.897158 0.951444 0
0  6.000000 4.100000 132.898590  0.000000 0.499999 -0.866026  0.901313 0.951444 0
0  6.000000 7.101408 135.899994  0.000000 0.866026 -0.499999  0.901313 0.972188 0
start_lights
0  6.600000 7.101408 135.899994  0.000000 0.866026 -0.500000  0.521527 0.913462 0
0  6.000000 7.101408 135.899994  0.000000 0.866026 -0.499999  0.517372 0.913462 0
0  6.000000 8.200000 140.000000  0.000000 1.000000 0.000000  0.517372 0.885126 0
start_lights
0  6.600000 8.200000 140.000000  0.000000 1.000000 -0.000000  0.521527 0.885126 0
0  6.000000 8.200000 140.000000  0.000000 1.000000 0.000000  0.517372 0.885126 0
0  6.000000 7.101408 144.100006  0.000000 0.866025 0.500000  0.517372 0.856789 0
start_lights
0  6.600000 7.101408 144.100006  0.000000 0.866026 0.500000  0.971838 0.098161 0
0  6.000000 7.101408 144.100006  0.000000 0.866025 0.500000  0.967682 0.098161 0
0  6.000000 4.100000 147.101410  0.000000 0.499998 0.866026  0.967682 0.077417 0
start_lights
0  6.599999 4.100000 147.101410  0.000000 0.499999 0.866026  0.971838 0.077417 0
0  6.000000 4.100000 147.101410  0.000000 0.499998 0.866026  0.967682 0.077417 0
0  6.000000 0.000000 148.199997  0.000000 0.000000 1.000000  0.967682 0.049081 0
start_lights
0  6.599999 0.000000 148.199997  0.000000 0.000000 1.000000  0.971838 0.049081 0
0  6.000000 0.000000 148.199997  0.000000 0.000000 1.000000  0.967682 0.049081 0
0  6.000000 -4.100000 147.101410  0.000000 -0.499999 0.866026  0.967682 0.020744 0
start_lights
0  6.599999 -4.100000 147.101410  0.000000 -0.499999 0.866026  0.971838 0.020744 0
0  6.000000 -4.100000 147.101410  0.000000 -0.499999 0.866026  0.967682 0.020744 0
0  6.000000 -7.101408 144.100006  0.000000 -0.866025 0.500000  0.967682 0.000000 0
start_lights
0  6.600000 -7.101408 144.100006  0.000000 -0.866025 0.500000  0.984812 0.109728 0
0  6.000000 -7.101408 144.100006  0.000000 -0.866025 0.500000  0.988967 0.109728 0
0  6.000000 -8.200000 140.000000  0.000000 -1.000000 0.000000  0.988967 0.138064 0
start_lights
0  6.600000 -8.200000 140.000000  0.000000 -1.000000 0.000001  0.984812 0.138064 0
0  6.000000 -8.200000 140.000000  0.000000 -1.000000 0.000000  0.988967 0.138064 0
0  6.000000 -7.101408 135.899994  0.000000 -0.866025 -0.500001  0.988967 0.166401 0
start_lights
0  6.600000 -7.101408 135.899994  0.000000 -0.866025 -0.500001  0.897158 0.874027 0
0  6.000000 -7.101408 135.899994  0.000000 -0.866025 -0.500001  0.901313 0.874027 0
0  6.000000 -4.100000 132.898590  0.000000 -0.499999 -0.866026  0.901313 0.894771 0
start_lights
0  6.600000 -4.100000 132.898590  0.000000 -0.500000 -0.866025  0.897158 0.894771 0
0  6.000000 -4.100000 132.898590  0.000000 -0.499999 -0.866026  0.901313 0.894771 0
0  6.000000 0.000000 131.800003  0.000000 0.000000 -1.000000  0.901313 0.923107 0
start_lights
0  6.000000 0.000000 131.800003  -1.000000 0.000000 0.000000  0.573536 0.713174 0
0  6.000000 0.000000 133.000000  -1.000000 0.000000 0.000000  0.575686 0.705163 0
0  6.000000 3.500000 133.937820  -1.000000 0.000000 0.000000  0.600780 0.705163 0
start_lights
0  6.000000 4.100000 132.898590  -1.000000 0.000000 0.000000  0.602930 0.713174 0
0  6.000000 3.500000 133.937820  -1.000000 0.000000 0.000000  0.600780 0.705163 0
0  6.000000 6.062178 136.500000  -1.000000 0.000000 -0.000000  0.622511 0.692642 0
start_lights
0  6.000000 7.101408 135.899994  -1.000000 0.000000 -0.000000  0.628387 0.698506 0
0  6.000000 6.062178 136.500000  -1.000000 0.000000 -0.000000  0.622511 0.692642 0
0  6.000000 7.000000 140.000000  -1.000000 0.000000 -0.000000  0.635057 0.670954 0
start_lights
0  6.000000 8.200000 140.000000  -1.000000 0.000000 -0.000000  0.643084 0.673100 0
0  6.000000 7.000000 140.000000  -1.000000 0.000000 -0.000000  0.635057 0.670954 0
0  6.000000 6.062178 143.500000  -1.000000 0.000000 -0.000000  0.635057 0.645910 0
start_lights
0  6.000000 7.101408 144.100006  -1.000000 0.000000 -0.000000  0.643084 0.643764 0
0  6.000000 6.062178 143.500000  -1.000000 0.000000 -0.000000  0.635057 0.645910 0
0  6.000000 3.500000 146.062180  -1.000000 -0.000000 0.000000  0.622511 0.624222 0
start_lights
0  6.000000 4.100000 147.101410  -1.000000 -0.000000 0.000000  0.628387 0.618358 0
0  6.000000 3.500000 146.062180  -1.000000 -0.000000 0.000000  0.622511 0.624222 0
0  6.000000 0.000000 147.000000  -1.000000 0.000000 0.000000  0.600780 0.611701 0
start_lights
0  6.000000 0.000000 148.199997  -1.000000 0.000000 0.000000  0.602930 0.603690 0
0  6.000000 0.000000 147.000000  -1.000000 0.000000 0.000000  0.600780 0.611701 0
0  6.000000 -3.500000 146.062180  -1.000000 0.000000 0.000000  0.575686 0.611701 0
start_lights
0  6.000000 -4.100000 147.101410  -1.000000 0.000000 0.000000  0.573536 0.603690 0
0  6.000000 -3.500000 146.062180  -1.000000 0.000000 0.000000  0.575686 0.611701 0
0  6.000000 -6.062178 143.500000  -1.000000 0.000000 -0.000000  0.553955 0.624222 0
start_lights
0  6.000000 -7.101408 144.100006  -1.000000 0.000000 -0.000000  0.548079 0.618358 0
0  6.000000 -6.062178 143.500000  -1.000000 0.000000 -0.000000  0.553955 0.624222 0
0  6.000000 -7.000000 140.000000  -1.000000 0.000000 -0.000000  0.541408 0.645910 0
start_lights
0  6.000000 -8.200000 140.000000  -1.000000 0.000000 -0.000000  0.533381 0.643764 0
0  6.000000 -7.000000 140.000000  -1.000000 0.000000 -0.000000  0.541408 0.645910 0
0  6.000000 -6.062178 136.500000  -1.000000 0.000000 -0.000000  0.541408 0.670954 0
start_lights
0  6.000000 -7.101408 135.899994  -1.000000 0.000000 -0.000000  0.533381 0.673100 0
0  6.000000 -6.062178 136.500000  -1.000000 0.000000 -0.000000  0.541408 0.670954 0
0  6.000000 -3.500000 133.937820  -1.000000 -0.000000 0.000000  0.553955 0.692642 0
start_lights
0  6.000000 -4.100000 132.898590  -1.000000 -0.000000 0.000000  0.548079 0.698506 0
0  6.000000 -3.500000 133.937820  -1.000000 -0.000000 0.000000  0.553955 0.692642 0
0  6.000000 0.000000 133.000000  -1.000000 0.000000 0.000000  0.575686 0.705163 0
start_lights
0  6.000000 0.000000 133.000000  0.000000 -0.000003 1.000000  0.094692 0.723242 0
0  6.200001 0.000000 133.000000  0.000000 0.000002 1.000000  0.096077 0.723242 0
0  6.200000 3.500000 133.937820  0.000000 -0.499998 0.866026  0.096077 0.747432 0
start_lights
0  6.000000 3.500000 133.937820  0.000000 -0.500002 0.866024  0.466390 0.657584 0
0  6.200000 3.500000 133.937820  0.000000 -0.499998 0.866026  0.465005 0.657584 0
0  6.200000 6.062178 136.500000  0.000000 -0.866024 0.500003  0.465005 0.639876 0
start_lights
0  6.000000 6.062178 136.500000  0.000000 -0.866026 0.499999  0.466390 0.639876 0
0  6.200000 6.062178 136.500000  0.000000 -0.866024 0.500003  0.465005 0.639876 0
0  6.200000 7.000000 140.000000  0.000000 -1.000000 0.000001  0.465005 0.615686 0
start_lights
0  6.000000 7.000000 140.000000  0.000000 -1.000000 -0.000004  0.466390 0.615686 0
0  6.200000 7.000000 140.000000  0.000000 -1.000000 0.000001  0.465005 0.615686 0
0  6.200000 6.062178 143.500000  0.000000 -0.866027 -0.499997  0.465005 0.591496 0
start_lights
0  6.000000 6.062178 143.500000  0.000000 -0.866025 -0.500001  0.466390 0.591496 0
0  6.200000 6.062178 143.500000  0.000000 -0.866027 -0.499997  0.465005 0.591496 0
0  6.199999 3.500000 146.062180  0.000000 -0.500001 -0.866025  0.465005 0.573788 0
start_lights
0  6.000000 3.500000 146.062180  0.000000 -0.499997 -0.866027  0.997533 0.789200 0
0  6.199999 3.500000 146.062180  0.000000 -0.500001 -0.866025  0.996148 0.789200 0
0  6.199999 0.000000 147.000000  0.000000 -0.000002 -1.000000  0.996148 0.765010 0
start_lights
0  6.000000 0.000000 147.000000  0.000000 0.000002 -1.000000  0.997533 0.765010 0
0  6.199999 0.000000 147.000000  0.000000 -0.000002 -1.000000  0.996148 0.765010 0
0  6.199999 -3.500000 146.062180  0.000000 0.499999 -0.866026  0.996148 0.740820 0
start_lights
0  6.000000 -3.500000 146.062180  0.000000 0.500003 -0.866024  0.983427 0.000000 0
0  6.199999 -3.500000 146.062180  0.000000 0.499999 -0.866026  0.984812 0.000000 0
0  6.200000 -6.062178 143.500000  0.000000 0.866024 -0.500003  0.984812 0.017708 0
start_lights
0  6.000000 -6.062178 143.500000  0.000000 0.866026 -0.499999  0.983427 0.017708 0
0  6.200000 -6.062178 143.500000  0.000000 0.866024 -0.500003  0.984812 0.017708 0
0  6.200000 -7.000000 140.000000  0.000000 1.000000 -0.000002  0.984812 0.041898 0
start_lights
0  6.000000 -7.000000 140.000000  0.000000 1.000000 0.000003  0.983427 0.041898 0
0  6.200000 -7.000000 140.000000  0.000000 1.000000 -0.000002  0.984812 0.041898 0
0  6.200000 -6.062178 136.500000  0.000000 0.866027 0.499997  0.984812 0.066088 0
start_lights
0  6.000000 -6.062178 136.500000  0.000000 0.866025 0.500001  0.983427 0.066088 0
0  6.200000 -6.062178 136.500000  0.000000 0.866027 0.499997  0.984812 0.066088 0
0  6.200000 -3.500000 133.937820  0.000000 0.500003 0.866024  0.984812 0.083796 0
start_lights
0  6.000000 -3.500000 133.937820  0.000000 0.499999 0.866026  0.094692 0.699052 0
0  6.200000 -3.500000 133.937820  0.000000 0.500003 0.866024  0.096077 0.699052 0
0  6.200001 0.000000 133.000000  0.000000 0.000002 1.000000  0.096077 0.723242 0
start_lights
0  6.200001 0.000000 115.000000  0.948683 0.000001 0.316230  0.171893 0.806757 0
0  6.600000 0.000000 113.800003  0.948683 -0.000001 0.316229  0.163950 0.808881 0
0  6.600000 4.100000 114.898590  0.948684 -0.158114 0.273860  0.163944 0.779546 0
start_lights
0  6.200000 3.500000 115.937820  0.948684 -0.158113 0.273861  0.171887 0.781714 0
0  6.600000 4.100000 114.898590  0.948684 -0.158114 0.273860  0.163944 0.779546 0
0  6.600000 7.101408 117.900002  0.948683 -0.273863 0.158114  0.178629 0.754141 0
start_lights
0  6.200000 6.062178 118.500000  0.948682 -0.273863 0.158116  0.184423 0.760027 0
0  6.600000 7.101408 117.900002  0.948683 -0.273863 0.158114  0.178629 0.754141 0
0  6.600000 8.200000 122.000000  0.948683 -0.316228 -0.000001  0.204072 0.739473 0
start_lights
0  6.200000 7.000000 122.000000  0.948683 -0.316228 0.000001  0.206143 0.747505 0
0  6.600000 8.200000 122.000000  0.948683 -0.316228 -0.000001  0.204072 0.739473 0
0  6.600000 7.101408 126.099998  0.948684 -0.273859 -0.158114  0.233454 0.739473 0
start_lights
0  6.200000 6.062178 125.500000  0.948684 -0.273860 -0.158113  0.231225 0.747505 0
0  6.600000 7.101408 126.099998  0.948684 -0.273859 -0.158114  0.233454 0.739473 0
0  6.599999 4.100000 129.101410  0.948683 -0.158113 -0.273864  0.258903 0.754141 0
start_lights
0  6.199999 3.500000 128.062180  0.948683 -0.158115 -0.273863  0.252950 0.760027 0
0  6.599999 4.100000 129.101410  0.948683 -0.158113 -0.273864  0.258903 0.754141 0
0  6.599999 0.000000 130.199997  0.948682 0.000001 -0.316232  0.273600 0.779546 0
start_lights
0  6.199999 0.000000 129.000000  0.948682 -0.000001 -0.316232  0.265496 0.781714 0
0  6.599999 0.000000 130.199997  0.948682 0.000001 -0.316232  0.273600 0.779546 0
0  6.599999 -4.100000 129.101410  0.948683 0.158114 -0.273862  0.273607 0.808881 0
start_lights
0  6.199999 -3.500000 128.062180  0.948683 0.158113 -0.273864  0.265502 0.806757 0
0  6.599999 -4.100000 129.101410  0.948683 0.158114 -0.273862  0.273607 0.808881 0
0  6.600000 -7.101408 126.099998  0.948684 0.273861 -0.158113  0.258921 0.834287 0
start_lights
0  6.200000 -6.062178 125.500000  0.948683 0.273861 -0.158115  0.252966 0.828444 0
0  6.600000 -7.101408 126.099998  0.948684 0.273861 -0.158113  0.258921 0.834287 0
0  6.600000 -8.200000 122.000000  0.948683 0.316228 0.000001  0.233479 0.848954 0
start_lights
0  6.200000 -7.000000 122.000000  0.948683 0.316228 -0.000001  0.231247 0.840965 0
0  6.600000 -8.200000 122.000000  0.948683 0.316228 0.000001  0.233479 0.848954 0
0  6.600000 -7.101408 117.900002  0.948683 0.273861 0.158115  0.204096 0.848954 0
start_lights
0  6.200000 -6.062178 118.500000  0.948683 0.273862 0.158114  0.206164 0.840965 0
0  6.600000 -7.101408 117.900002  0.948683 0.273861 0.158115  0.204096 0.848954 0
0  6.600000 -4.100000 114.898590  0.948684 0.158113 0.273861  0.178647 0.834287 0
start_lights
0  6.200000 -3.500000 115.937820  0.948683 0.158114 0.273861  0.184439 0.828444 0
0  6.600000 -4.100000 114.898590  0.948684 0.158113 0.273861  0.178647 0.834287 0
0  6.600000 0.000000 113.800003  0.948683 -0.000001 0.316229  0.163950 0.808881 0
start_lights
0  6.600000 0.000000 113.800003  0.000000 -0.000000 -1.000000  0.983173 0.959882 0
0  6.000000 0.000000 113.800003  0.000000 0.000000 -1.000000  0.987328 0.959882 0
0  6.000000 4.100000 114.898590  0.000000 0.500000 -0.866025  0.987328 0.988218 0
start_lights
0  6.600000 4.100000 114.898590  0.000000 0.499999 -0.866026  0.923330 0.717930 0
0  6.000000 4.100000 114.898590  0.000000 0.500000 -0.866025  0.919175 0.717930 0
0  6.000000 7.101408 117.900002  0.000000 0.866026 -0.500000  0.919175 0.697186 0
start_lights
0  6.600000 7.101408 117.900002  0.000000 0.866025 -0.500000  0.923330 0.697186 0
0  6.000000 7.101408 117.900002  0.000000 0.866026 -0.500000  0.919175 0.697186 0
0  6.000000 8.200000 122.000000  0.000000 1.000000 0.000001  0.919175 0.668850 0
start_lights
0  6.600000 8.200000 122.000000  0.000000 1.000000 0.000000  0.923330 0.668850 0
0  6.000000 8.200000 122.000000  0.000000 1.000000 0.000001  0.919175 0.668850 0
0  6.000000 7.101408 126.099998  0.000000 0.866026 0.500000  0.919175 0.640513 0
start_lights
0  6.600000 7.101408 126.099998  0.000000 0.866026 0.499999  0.923330 0.640513 0
0  6.000000 7.101408 126.099998  0.000000 0.866026 0.500000  0.919175 0.640513 0
0  6.000000 4.100000 129.101410  0.000000 0.499999 0.866026  0.919175 0.619769 0
start_lights
0  6.599999 4.100000 129.101410  0.000000 0.499999 0.866026  0.992948 0.397730 0
0  6.000000 4.100000 129.101410  0.000000 0.499999 0.866026  0.988793 0.397730 0
0  6.000000 0.000000 130.199997  0.000000 0.000000 1.000000  0.988793 0.369394 0
start_lights
0  6.599999 0.000000 130.199997  0.000000 0.000000 1.000000  0.992948 0.369394 0
0  6.000000 0.000000 130.199997  0.000000 0.000000 1.000000  0.988793 0.369394 0
0  6.000000 -4.100000 129.101410  0.000000 -0.500000 0.866025  0.988793 0.341057 0
start_lights
0  6.599999 -4.100000 129.101410  0.000000 -0.500000 0.866026  0.815195 0.861868 0
0  6.000000 -4.100000 129.101410  0.000000 -0.500000 0.866025  0.819351 0.861868 0
0  6.000000 -7.101408 126.099998  0.000000 -0.866025 0.500000  0.819351 0.882612 0
start_lights
0  6.600000 -7.101408 126.099998  0.000000 -0.866025 0.500000  0.815195 0.882612 0
0  6.000000 -7.101408 126.099998  0.000000 -0.866025 0.500000  0.819351 0.882612 0
0  6.000000 -8.200000 122.000000  0.000000 -1.000000 -0.000000  0.819351 0.910948 0
start_lights
0  6.600000 -8.200000 122.000000  0.000000 -1.000000 0.000000  0.815195 0.910948 0
0  6.000000 -8.200000 122.000000  0.000000 -1.000000 -0.000000  0.819351 0.910948 0
0  6.000000 -7.101408 117.900002  0.000000 -0.866025 -0.500000  0.819351 0.939285 0
start_lights
0  6.600000 -7.101408 117.900002  0.000000 -0.866026 -0.500000  0.815195 0.939285 0
0  6.000000 -7.101408 117.900002  0.000000 -0.866025 -0.500000  0.819351 0.939285 0
0  6.000000 -4.100000 114.898590  0.000000 -0.499999 -0.866026  0.819351 0.960029 0
start_lights
0  6.600000 -4.100000 114.898590  0.000000 -0.500000 -0.866025  0.983173 0.931545 0
0  6.000000 -4.100000 114.898590  0.000000 -0.499999 -0.866026  0.987328 0.931545 0
0  6.000000 0.000000 113.800003  0.000000 0.000000 -1.000000  0.987328 0.959882 0
start_lights
0  6.000000 0.000000 113.800003  -1.000000 0.000000 0.000000  0.762919 0.729253 0
0  6.000000 0.000000 115.000000  -1.000000 0.000000 0.000000  0.765070 0.721242 0
0  6.000000 3.500000 115.937820  -1.000000 0.000000 0.000000  0.790163 0.721242 0
start_lights
0  6.000000 4.100000 114.898590  -1.000000 0.000000 0.000000  0.792314 0.729253 0
0  6.000000 3.500000 115.937820  -1.000000 0.000000 0.000000  0.790163 0.721242 0
0  6.000000 6.062178 118.500000  -1.000000 0.000000 -0.000000  0.811894 0.708721 0
start_lights
0  6.000000 7.101408 117.900002  -1.000000 0.000000 -0.000000  0.817770 0.714585 0
0  6.000000 6.062178 118.500000  -1.000000 0.000000 -0.000000  0.811894 0.708721 0
0  6.000000 7.000000 122.000000  -1.000000 0.000000 -0.000000  0.824441 0.687033 0
start_lights
0  6.000000 8.200000 122.000000  -1.000000 0.000000 -0.000000  0.832468 0.689179 0
0  6.000000 7.000000 122.000000  -1.000000 0.000000 -0.000000  0.824441 0.687033 0
0  6.000000 6.062178 125.500000  -1.000000 0.000000 -0.000000  0.824441 0.661989 0
start_lights
0  6.000000 7.101408 126.099998  -1.000000 0.000000 -0.000000  0.832468 0.659843 0
0  6.000000 6.062178 125.500000  -1.000000 0.000000 -0.000000  0.824441 0.661989 0
0  6.000000 3.500000 128.062180  -1.000000 -0.000000 0.000000  0.811894 0.640301 0
start_lights
0  6.000000 4.100000 129.101410  -1.000000 -0.000000 0.000000  0.817770 0.634437 0
0  6.000000 3.500000 128.062180  -1.000000 -0.000000 0.000000  0.811894 0.640301 0
0  6.000000 0.000000 129.000000  -1.000000 0.000000 0.000000  0.790163 0.627780 0
start_lights
0  6.000000 0.000000 130.199997  -1.000000 0.000000 0.000000  0.792314 0.619769 0
0  6.000000 0.000000 129.000000  -1.000000 0.000000 0.000000  0.790163 0.627780 0
0  6.000000 -3.500000 128.062180  -1.000000 0.000000 0.000000  0.765070 0.627780 0
start_lights
0  6.000000 -4.100000 129.101410  -1.000000 0.000000 0.000000  0.762919 0.619769 0
0  6.000000 -3.500000 128.062180  -1.000000 0.000000 0.000000  0.765070 0.627780 0
0  6.000000 -6.062178 125.500000  -1.000000 0.000000 -0.000000  0.743338 0.640301 0
start_lights
0  6.000000 -7.101408 126.099998  -1.000000 0.000000 -0.000000  0.737462 0.634437 0
0  6.000000 -6.062178 125.500000  -1.000000 0.000000 -0.000000  0.743338 0.640301 0
0  6.000000 -7.000000 122.000000  -1.000000 0.000000 -0.000000  0.730792 0.661989 0
start_lights
0  6.000000 -8.200000 122.000000  -1.000000 0.000000 -0.000000  0.722765 0.659843 0
0  6.000000 -7.000000 122.000000  -1.000000 0.000000 -0.000000  0.730792 0.661989 0
0  6.000000 -6.062178 118.500000  -1.000000 0.000000 -0.000000  0.730792 0.687033 0
start_lights
0  6.000000 -7.101408 117.900002  -1.000000 0.000000 -0.000000  0.722765 0.689179 0
0  6.000000 -6.062178 118.500000  -1.000000 0.000000 -0.000000  0.730792 0.687033 0
0  6.000000 -3.500000 115.937820  -1.000000 -0.000000 0.000000  0.743338 0.708721 0
start_lights
0  6.000000 -4.100000 114.898590  -1.000000 -0.000000 0.000000  0.737462 0.714585 0
0  6.000000 -3.500000 115.937820  -1.000000 -0.000000 0.000000  0.743338 0.708721 0
0  6.000000 0.000000 115.000000  -1.000000 0.000000 0.000000  0.765070 0.721242 0
start_lights
0  6.000000 0.000000 115.000000  0.000000 -0.000003 1.000000  0.992945 0.292654 0
0  6.200001 0.000000 115.000000  0.000000 0.000002 1.000000  0.994330 0.292654 0
0  6.200000 3.500000 115.937820  0.000000 -0.499998 0.866026  0.994330 0.316844 0
start_lights
0  6.000000 3.500000 115.937820  0.000000 -0.500002 0.866024  0.096077 0.687486 0
0  6.200000 3.500000 115.937820  0.000000 -0.499998 0.866026  0.094692 0.687486 0
0  6.200000 6.062178 118.500000  0.000000 -0.866024 0.500003  0.094692 0.669778 0
start_lights
0  6.000000 6.062178 118.500000  0.000000 -0.866026 0.499999  0.096077 0.669778 0
0  6.200000 6.062178 118.500000  0.000000 -0.866024 0.500003  0.094692 0.669778 0
0  6.200000 7.000000 122.000000  0.000000 -1.000000 0.000001  0.094692 0.645588 0
start_lights
0  6.000000 7.000000 122.000000  0.000000 -1.000000 -0.000004  0.096077 0.645588 0
0  6.200000 7.000000 122.000000  0.000000 -1.000000 0.000001  0.094692 0.645588 0
0  6.200000 6.062178 125.500000  0.000000 -0.866027 -0.499997  0.094692 0.621398 0
start_lights
0  6.000000 6.062178 125.500000  0.000000 -0.866025 -0.500001  0.096077 0.621398 0
0  6.200000 6.062178 125.500000  0.000000 -0.866027 -0.499997  0.094692 0.621398 0
0  6.199999 3.500000 128.062180  0.000000 -0.500001 -0.866025  0.094692 0.603690 0
start_lights
0  6.000000 3.500000 128.062180  0.000000 -0.499997 -0.866027  0.997533 0.849146 0
0  6.199999 3.500000 128.062180  0.000000 -0.500001 -0.866025  0.996148 0.849146 0
0  6.199999 0.000000 129.000000  0.000000 -0.000002 -1.000000  0.996148 0.824956 0
start_lights
0  6.000000 0.000000 129.000000  0.000000 0.000002 -1.000000  0.997533 0.824956 0
0  6.199999 0.000000 129.000000  0.000000 -0.000002 -1.000000  0.996148 0.824956 0
0  6.199999 -3.500000 128.062180  0.000000 0.499999 -0.866026  0.996148 0.800766 0
start_lights
0  6.000000 -3.500000 128.062180  0.000000 0.500003 -0.866024  0.830940 0.861868 0
0  6.199999 -3.500000 128.062180  0.000000 0.499999 -0.866026  0.832325 0.861868 0
0  6.200000 -6.062178 125.500000  0.000000 0.866024 -0.500003  0.832325 0.879576 0
start_lights
0  6.000000 -6.062178 125.500000  0.000000 0.866026 -0.499999  0.830940 0.879576 0
0  6.200000 -6.062178 125.500000  0.000000 0.866024 -0.500003  0.832325 0.879576 0
0  6.200000 -7.000000 122.000000  0.000000 1.000000 -0.000002  0.832325 0.903766 0
start_lights
0  6.000000 -7.000000 122.000000  0.000000 1.000000 0.000003  0.830940 0.903766 0
0  6.200000 -7.000000 122.000000  0.000000 1.000000 -0.000002  0.832325 0.903766 0
0  6.200000 -6.062178 118.500000  0.000000 0.866027 0.499997  0.832325 0.927956 0
start_lights
0  6.000000 -6.062178 118.500000  0.000000 0.866025 0.500001  0.830940 0.927956 0
0  6.200000 -6.062178 118.500000  0.000000 0.866027 0.499997  0.832325 0.927956 0
0  6.200000 -3.500000 115.937820  0.000000 0.500003 0.866024  0.832325 0.945664 0
start_lights
0  6.000000 -3.500000 115.937820  0.000000 0.499999 0.866026  0.992945 0.268464 0
0  6.200000 -3.500000 115.937820  0.000000 0.500003 0.866024  0.994330 0.268464 0
0  6.200001 0.000000 115.000000  0.000000 0.000002 1.000000  0.994330 0.292654 0
start_lights
0  6.200001 0.000000 97.000000  0.948683 0.000001 0.316230  0.541325 0.792017 0
0  6.600000 0.000000 95.800003  0.948683 -0.000001 0.316229  0.533381 0.794140 0
0  6.600000 4.100000 96.898590  0.948684 -0.158114 0.273860  0.533381 0.764805 0
start_lights
0  6.200000 3.500000 97.937820  0.948683 -0.158113 0.273861  0.541325 0.766974 0
0  6.600000 4.100000 96.898590  0.948684 -0.158114 0.273860  0.533381 0.764805 0
0  6.600000 7.101408 99.900002  0.948683 -0.273862 0.158113  0.548073 0.739403 0
start_lights
0  6.200000 6.062178 100.500000  0.948683 -0.273861 0.158114  0.553866 0.745290 0
0  6.600000 7.101408 99.900002  0.948683 -0.273862 0.158113  0.548073 0.739403 0
0  6.600000 8.200000 104.000000  0.948683 -0.316228 -0.000001  0.573519 0.724741 0
start_lights
0  6.200000 7.000000 104.000000  0.948683 -0.316228 0.000001  0.575588 0.732774 0
0  6.600000 8.200000 104.000000  0.948683 -0.316228 -0.000001  0.573519 0.724741 0
0  6.600000 7.101408 108.099998  0.948684 -0.273860 -0.158114  0.602901 0.724747 0
start_lights
0  6.200000 6.062178 107.500000  0.948684 -0.273861 -0.158113  0.600670 0.732779 0
0  6.600000 7.101408 108.099998  0.948684 -0.273860 -0.158114  0.602901 0.724747 0
0  6.599999 4.100000 111.101410  0.948684 -0.158113 -0.273861  0.628347 0.739421 0
start_lights
0  6.199999 3.500000 110.062180  0.948683 -0.158115 -0.273861  0.622393 0.745305 0
0  6.599999 4.100000 111.101410  0.948684 -0.158113 -0.273861  0.628347 0.739421 0
0  6.599999 0.000000 112.199997  0.948683 0.000001 -0.316229  0.643038 0.764830 0
start_lights
0  6.199999 0.000000 111.000000  0.948683 -0.000001 -0.316230  0.634934 0.766996 0
0  6.599999 0.000000 112.199997  0.948683 0.000001 -0.316229  0.643038 0.764830 0
0  6.599999 -4.100000 111.101410  0.948684 0.158114 -0.273860  0.643038 0.794165 0
start_lights
0  6.199999 -3.500000 110.062180  0.948684 0.158113 -0.273861  0.634934 0.792038 0
0  6.599999 -4.100000 111.101410  0.948684 0.158114 -0.273860  0.643038 0.794165 0
0  6.600000 -7.101408 108.099998  0.948683 0.273863 -0.158113  0.628347 0.819567 0
start_lights
0  6.200000 -6.062178 107.500000  0.948683 0.273862 -0.158115  0.622393 0.813723 0
0  6.600000 -7.101408 108.099998  0.948683 0.273863 -0.158113  0.628347 0.819567 0
0  6.600000 -8.200000 104.000000  0.948683 0.316227 0.000001  0.602901 0.834229 0
start_lights
0  6.200000 -7.000000 104.000000  0.948683 0.316228 -0.000001  0.600670 0.826239 0
0  6.600000 -8.200000 104.000000  0.948683 0.316227 0.000001  0.602901 0.834229 0
0  6.600000 -7.101408 99.900002  0.948683 0.273861 0.158115  0.573519 0.834222 0
start_lights
0  6.200000 -6.062178 100.500000  0.948683 0.273862 0.158114  0.575588 0.826233 0
0  6.600000 -7.101408 99.900002  0.948683 0.273861 0.158115  0.573519 0.834222 0
0  6.600000 -4.100000 96.898590  0.948684 0.158112 0.273860  0.548073 0.819549 0
start_lights
0  6.200000 -3.500000 97.937820  0.948684 0.158114 0.273860  0.553866 0.813707 0
0  6.600000 -4.100000 96.898590  0.948684 0.158112 0.273860  0.548073 0.819549 0
0  6.600000 0.000000 95.800003  0.948683 -0.000001 0.316229  0.533381 0.794140 0
start_lights
0  6.600000 0.000000 95.800003  0.000000 -0.000000 -1.000000  0.988793 0.437633 0
0  6.000000 0.000000 95.800003  0.000000 0.000000 -1.000000  0.992948 0.437633 0
0  6.000000 4.100000 96.898590  0.000000 0.500000 -0.866025  0.992948 0.465970 0
start_lights
0  6.600000 4.100000 96.898590  0.000000 0.499999 -0.866026  0.971583 0.838981 0
0  6.000000 4.100000 96.898590  0.000000 0.500000 -0.866025  0.967428 0.838981 0
0  6.000000 7.101408 99.900002  0.000000 0.866026 -0.500000  0.967428 0.818237 0
start_lights
0  6.600000 7.101408 99.900002  0.000000 0.866025 -0.500000  0.971583 0.818237 0
0  6.000000 7.101408 99.900002  0.000000 0.866026 -0.500000  0.967428 0.818237 0
0  6.000000 8.200000 104.000000  0.000000 1.000000 0.000001  0.967428 0.789900 0
start_lights
0  6.600000 8.200000 104.000000  0.000000 1.000000 0.000000  0.971583 0.789900 0
0  6.000000 8.200000 104.000000  0.000000 1.000000 0.000001  0.967428 0.789900 0
0  6.000000 7.101408 108.099998  0.000000 0.866026 0.500000  0.967428 0.761564 0
start_lights
0  6.600000 7.101408 108.099998  0.000000 0.866026 0.499999  0.971583 0.761564 0
0  6.000000 7.101408 108.099998  0.000000 0.866026 0.500000  0.967428 0.761564 0
0  6.000000 4.100000 111.101410  0.000000 0.499999 0.866026  0.967428 0.740820 0
start_lights
0  6.599999 4.100000 111.101410  0.000000 0.499999 0.866026  0.992948 0.534210 0
0  6.000000 4.100000 111.101410  0.000000 0.499999 0.866026  0.988793 0.534210 0
0  6.000000 0.000000 112.199997  0.000000 0.000000 1.000000  0.988793 0.505873 0
start_lights
0  6.599999 0.000000 112.199997  0.000000 0.000000 1.000000  0.992948 0.505873 0
0  6.000000 0.000000 112.199997  0.000000 0.000000 1.000000  0.988793 0.505873 0
0  6.000000 -4.100000 111.101410  0.000000 -0.500000 0.866025  0.988793 0.477537 0
start_lights
0  6.599999 -4.100000 111.101410  0.000000 -0.500000 0.866026  0.967428 0.850548 0
0  6.000000 -4.100000 111.101410  0.000000 -0.500000 0.866025  0.971583 0.850548 0
0  6.000000 -7.101408 108.099998  0.000000 -0.866025 0.500000  0.971583 0.871292 0
start_lights
0  6.600000 -7.101408 108.099998  0.000000 -0.866025 0.500000  0.967428 0.871292 0
0  6.000000 -7.101408 108.099998  0.000000 -0.866025 0.500000  0.971583 0.871292 0
0  6.000000 -8.200000 104.000000  0.000000 -1.000000 -0.000000  0.971583 0.899628 0
start_lights
0  6.600000 -8.200000 104.000000  0.000000 -1.000000 0.000000  0.967428 0.899628 0
0  6.000000 -8.200000 104.000000  0.000000 -1.000000 -0.000000  0.971583 0.899628 0
0  6.000000 -7.101408 99.900002  0.000000 -0.866025 -0.500000  0.971583 0.927965 0
start_lights
0  6.600000 -7.101408 99.900002  0.000000 -0.866026 -0.500000  0.967428 0.927965 0
0  6.000000 -7.101408 99.900002  0.000000 -0.866025 -0.500000  0.971583 0.927965 0
0  6.000000 -4.100000 96.898590  0.000000 -0.499999 -0.866026  0.971583 0.948709 0
start_lights
0  6.600000 -4.100000 96.898590  0.000000 -0.500000 -0.866025  0.988793 0.409297 0
0  6.000000 -4.100000 96.898590  0.000000 -0.499999 -0.866026  0.992948 0.409297 0
0  6.000000 0.000000 95.800003  0.000000 0.000000 -1.000000  0.992948 0.437633 0
start_lights
0  6.000000 0.000000 95.800003  -1.000000 0.000000 0.000000  0.368041 0.833067 0
0  6.000000 0.000000 97.000000  -1.000000 0.000000 0.000000  0.370192 0.825056 0
0  6.000000 3.500000 97.937820  -1.000000 0.000000 0.000000  0.395285 0.825056 0
start_lights
0  6.000000 4.100000 96.898590  -1.000000 0.000000 0.000000  0.397436 0.833067 0
0  6.000000 3.500000 97.937820  -1.000000 0.000000 0.000000  0.395285 0.825056 0
0  6.000000 6.062178 100.500000  -1.000000 0.000000 -0.000000  0.417016 0.812534 0
start_lights
0  6.000000 7.101408 99.900002  -1.000000 0.000000 -0.000000  0.422892 0.818398 0
0  6.000000 6.062178 100.500000  -1.000000 0.000000 -0.000000  0.417016 0.812534 0
0  6.000000 7.000000 104.000000  -1.000000 0.000000 -0.000000  0.429563 0.790846 0
start_lights
0  6.000000 8.200000 104.000000  -1.000000 0.000000 -0.000000  0.437590 0.792992 0
0  6.000000 7.000000 104.000000  -1.000000 0.000000 -0.000000  0.429563 0.790846 0
0  6.000000 6.062178 107.500000  -1.000000 0.000000 -0.000000  0.429563 0.765803 0
start_lights
0  6.000000 7.101408 108.099998  -1.000000 0.000000 -0.000000  0.437590 0.763656 0
0  6.000000 6.062178 107.500000  -1.000000 0.000000 -0.000000  0.429563 0.765803 0
0  6.000000 3.500000 110.062180  -1.000000 -0.000000 0.000000  0.417016 0.744115 0
start_lights
0  6.000000 4.100000 111.101410  -1.000000 -0.000000 0.000000  0.422892 0.738250 0
0  6.000000 3.500000 110.062180  -1.000000 -0.000000 0.000000  0.417016 0.744115 0
0  6.000000 0.000000 111.000000  -1.000000 0.000000 0.000000  0.395285 0.731593 0
start_lights
0  6.000000 0.000000 112.199997  -1.000000 0.000000 0.000000  0.397436 0.723582 0
0  6.000000 0.000000 111.000000  -1.000000 0.000000 0.000000  0.395285 0.731593 0
0  6.000000 -3.500000 110.062180  -1.000000 0.000000 0.000000  0.370192 0.731593 0
start_lights
0  6.000000 -4.100000 111.101410  -1.000000 0.000000 0.000000  0.368041 0.723582 0
0  6.000000 -3.500000 110.062180  -1.000000 0.000000 0.000000  0.370192 0.731593 0
0  6.000000 -6.062178 107.500000  -1.000000 0.000000 -0.000000  0.348460 0.744115 0
start_lights
0  6.000000 -7.101408 108.099998  -1.000000 0.000000 -0.000000  0.342584 0.738250 0
0  6.000000 -6.062178 107.500000  -1.000000 0.000000 -0.000000  0.348460 0.744115 0
0  6.000000 -7.000000 104.000000  -1.000000 0.000000 -0.000000  0.335914 0.765803 0
start_lights
0  6.000000 -8.200000 104.000000  -1.000000 0.000000 -0.000000  0.327887 0.763656 0
0  6.000000 -7.000000 104.000000  -1.000000 0.000000 -0.000000  0.335914 0.765803 0
0  6.000000 -6.062178 100.500000  -1.000000 0.000000 -0.000000  0.335914 0.790846 0
start_lights
0  6.000000 -7.101408 99.900002  -1.000000 0.000000 -0.000000  0.327887 0.792992 0
0  6.000000 -6.062178 100.500000  -1.000000 0.000000 -0.000000  0.335914 0.790846 0
0  6.000000 -3.500000 97.937820  -1.000000 -0.000000 0.000000  0.348460 0.812534 0
start_lights
0  6.000000 -4.100000 96.898590  -1.000000 -0.000000 0.000000  0.342584 0.818399 0
0  6.000000 -3.500000 97.937820  -1.000000 -0.000000 0.000000  0.348460 0.812534 0
0  6.000000 0.000000 97.000000  -1.000000 0.000000 0.000000  0.370192 0.825056 0
start_lights
0  6.000000 0.000000 97.000000  0.000000 -0.000003 1.000000  0.994877 0.692481 0
0  6.200001 0.000000 97.000000  0.000000 0.000002 1.000000  0.996262 0.692481 0
0  6.200000 3.500000 97.937820  0.000000 -0.499998 0.866026  0.996262 0.716671 0
start_lights
0  6.000000 3.500000 97.937820  0.000000 -0.500002 0.866024  0.984558 0.824616 0
0  6.200000 3.500000 97.937820  0.000000 -0.499998 0.866026  0.983173 0.824616 0
0  6.200000 6.062178 100.500000  0.000000 -0.866024 0.500003  0.983173 0.806908 0
start_lights
0  6.000000 6.062178 100.500000  0.000000 -0.866026 0.499999  0.984558 0.806908 0
0  6.200000 6.062178 100.500000  0.000000 -0.866024 0.500003  0.983173 0.806908 0
0  6.200000 7.000000 104.000000  0.000000 -1.000000 0.000001  0.983173 0.782718 0
start_lights
0  6.000000 7.000000 104.000000  0.000000 -1.000000 -0.000004  0.984558 0.782718 0
0  6.200000 7.000000 104.000000  0.000000 -1.000000 0.000001  0.983173 0.782718 0
0  6.200000 6.062178 107.500000  0.000000 -0.866027 -0.499997  0.983173 0.758528 0
start_lights
0  6.000000 6.062178 107.500000  0.000000 -0.866025 -0.500001  0.984558 0.758528 0
0  6.200000 6.062178 107.500000  0.000000 -0.866027 -0.499997  0.983173 0.758528 0
0  6.199999 3.500000 110.062180  0.000000 -0.500001 -0.866025  0.983173 0.740820 0
start_lights
0  6.000000 3.500000 110.062180  0.000000 -0.499997 -0.866027  0.997533 0.909092 0
0  6.199999 3.500000 110.062180  0.000000 -0.500001 -0.866025  0.996148 0.909092 0
0  6.199999 0.000000 111.000000  0.000000 -0.000002 -1.000000  0.996148 0.884902 0
start_lights
0  6.000000 0.000000 111.000000  0.000000 0.000002 -1.000000  0.997533 0.884902 0
0  6.199999 0.000000 111.000000  0.000000 -0.000002 -1.000000  0.996148 0.884902 0
0  6.199999 -3.500000 110.062180  0.000000 0.499999 -0.866026  0.996148 0.860712 0
start_lights
0  6.000000 -3.500000 110.062180  0.000000 0.500003 -0.866024  0.983173 0.836182 0
0  6.199999 -3.500000 110.062180  0.000000 0.499999 -0.866026  0.984558 0.836182 0
0  6.200000 -6.062178 107.500000  0.000000 0.866024 -0.500003  0.984558 0.853891 0
start_lights
0  6.000000 -6.062178 107.500000  0.000000 0.866026 -0.499999  0.983173 0.853891 0
0  6.200000 -6.062178 107.500000  0.000000 0.866024 -0.500003  0.984558 0.853891 0
0  6.200000 -7.000000 104.000000  0.000000 1.000000 -0.000002  0.984558 0.878081 0
start_lights
0  6.000000 -7.000000 104.000000  0.000000 1.000000 0.000003  0.983173 0.878081 0
0  6.200000 -7.000000 104.000000  0.000000 1.000000 -0.000002  0.984558 0.878081 0
0  6.200000 -6.062178 100.500000  0.000000 0.866027 0.499997  0.984558 0.902270 0
start_lights
0  6.000000 -6.062178 100.500000  0.000000 0.866025 0.500001  0.983173 0.902270 0
0  6.200000 -6.062178 100.500000  0.000000 0.866027 0.499997  0.984558 0.902270 0
0  6.200000 -3.500000 97.937820  0.000000 0.500003 0.866024  0.984558 0.919979 0
start_lights
0  6.000000 -3.500000 97.937820  0.000000 0.499999 0.866026  0.994877 0.668291 0
0  6.200000 -3.500000 97.937820  0.000000 0.500003 0.866024  0.996262 0.668291 0
0  6.200001 0.000000 97.000000  0.000000 0.000002 1.000000  0.996262 0.692481 0
start_lights
0  -7.000000 -12.000000 90.500000  -1.000000 0.000000 0.000000  0.945715 0.370959 0
0  -7.000000 -12.000000 92.000000  -1.000000 0.000000 0.000000  0.935327 0.370959 0
0  -7.000000 12.000000 92.000000  -1.000000 0.000000 0.000000  0.935327 0.205085 0
start_lights
0  -7.000000 12.000000 90.500000  0.000000 1.000000 0.000000  0.505783 0.953548 0
0  -7.000000 12.000000 92.000000  0.000000 1.000000 0.000000  0.495395 0.953548 0
0  7.000000 12.000000 92.000000  0.000000 1.000000 0.000000  0.495395 0.856789 0
start_lights
0  7.000000 12.000000 90.500000  1.000000 0.000000 0.000000  0.945710 0.548399 0
0  7.000000 12.000000 92.000000  1.000000 0.000000 0.000000  0.935327 0.548399 0
0  7.000000 -12.000000 92.000000  1.000000 0.000000 0.000000  0.935327 0.382525 0
start_lights
0  7.000000 -12.000000 90.500000  0.000000 -1.000000 0.000000  0.266762 0.957280 0
0  7.000000 -12.000000 92.000000  0.000000 -1.000000 0.000000  0.256374 0.957280 0
0  -7.000000 -12.000000 92.000000  0.000000 -1.000000 0.000000  0.256374 0.860521 0
start_lights
0  -7.000000 12.000000 90.500000  0.000000 0.000000 -1.000000  0.096953 0.592123 0
0  7.000000 12.000000 90.500000  0.000000 0.000000 -1.000000  0.000000 0.592123 0
0  7.000000 -12.000000 90.500000  0.000000 0.000000 -1.000000  0.000000 0.426250 0
start_lights
0  7.000000 12.000000 92.000000  0.000000 0.000000 1.000000  0.630334 0.592123 0
0  -7.000000 12.000000 92.000000  0.000000 0.000000 1.000000  0.533381 0.592123 0
0  -7.000000 -12.000000 92.000000  0.000000 0.000000 1.000000  0.533381 0.426250 0
start_lights
0  6.000000 -11.000000 93.000000  -1.000000 0.000000 0.000000  0.314036 0.578112 0
0  6.000000 -11.000000 99.000000  -1.000000 0.000000 0.000000  0.272485 0.578112 0
0  6.000000 11.000000 99.000000  -1.000000 0.000000 0.000000  0.272485 0.426062 0
start_lights
0  6.000000 11.000000 93.000000  0.000000 1.000000 0.000000  0.988793 0.650646 0
0  6.000000 11.000000 99.000000  0.000000 1.000000 0.000000  0.988793 0.609178 0
0  6.400000 11.000000 99.000000  0.000000 1.000000 0.000000  0.991563 0.609178 0
start_lights
0  6.400000 11.000000 93.000000  1.000000 0.000000 0.000000  0.150074 0.578300 0
0  6.400000 11.000000 99.000000  1.000000 0.000000 0.000000  0.108542 0.578300 0
0  6.400000 -11.000000 99.000000  1.000000 0.000000 0.000000  0.108542 0.426250 0
start_lights
0  6.400000 -11.000000 93.000000  0.000000 -1.000000 0.000000  0.996402 0.041468 0
0  6.400000 -11.000000 99.000000  0.000000 -1.000000 0.000000  0.996402 0.000000 0
0  6.000000 -11.000000 99.000000  0.000000 -1.000000 0.000000  0.999172 0.000000 0
start_lights
0  6.000000 11.000000 93.000000  0.000000 0.000000 -1.000000  0.960074 0.493107 0
0  6.400000 11.000000 93.000000  0.000000 0.000000 -1.000000  0.957304 0.493107 0
0  6.400000 -11.000000 93.000000  0.000000 0.000000 -1.000000  0.957304 0.341057 0
start_lights
0  6.400000 11.000000 99.000000  0.000000 0.000000 1.000000  0.960074 0.656725 0
0  6.000000 11.000000 99.000000  0.000000 0.000000 1.000000  0.957304 0.656725 0
0  6.000000 -11.000000 99.000000  0.000000 0.000000 1.000000  0.957304 0.504674 0
lamp_red
0  7.350000 0.000000 136.149994  0.986721 -0.000000 -0.162425  0.500000 0.225000 0
0  6.850000 0.000000 134.050003  0.913835 -0.000002 -0.406086  0.500000 0.075000 0
0  6.850000 2.975000 134.847153  0.913836 0.203041 -0.351680  0.712500 0.131939 0
lamp_red
0  7.350000 1.925000 136.665802  0.986721 0.081212 -0.140663  0.637500 0.261843 0
0  6.850000 2.975000 134.847153  0.913836 0.203041 -0.351680  0.712500 0.131939 0
0  6.850000 5.152851 137.024994  0.913833 0.351683 -0.203047  0.868061 0.287500 0
lamp_red
0  7.350000 3.334198 138.074997  0.986721 0.140664 -0.081213  0.738157 0.362500 0
0  6.850000 5.152851 137.024994  0.913833 0.351683 -0.203047  0.868061 0.287500 0
0  6.850000 5.950000 140.000000  0.913835 0.406086 -0.000001  0.925000 0.500000 0
lamp_red
0  7.350000 3.850000 140.000000  0.986721 0.162424 -0.000000  0.775000 0.500000 0
0  6.850000 5.950000 140.000000  0.913835 0.406086 -0.000001  0.925000 0.500000 0
0  6.850000 5.152851 142.975006  0.913835 0.351680 0.203041  0.868061 0.712500 0
lamp_red
0  7.350000 3.334198 141.925003  0.986721 0.140663 0.081212  0.738157 0.637500 0
0  6.850000 5.152851 142.975006  0.913835 0.351680 0.203041  0.868061 0.712500 0
0  6.849999 2.975000 145.152847  0.913835 0.203044 0.351681  0.712500 0.868061 0
lamp_red
0  7.350000 1.925000 143.334198  0.986721 0.081213 0.140665  0.637500 0.738157 0
0  6.849999 2.975000 145.152847  0.913835 0.203044 0.351681  0.712500 0.868061 0
0  6.849999 0.000000 145.949997  0.913834 0.000002 0.406087  0.500000 0.925000 0
lamp_red
0  7.350000 0.000000 143.850006  0.986721 0.000001 0.162427  0.500000 0.775000 0
0  6.849999 0.000000 145.949997  0.913834 0.000002 0.406087  0.500000 0.925000 0
0  6.849999 -2.975000 145.152847  0.913836 -0.203040 0.351680  0.287500 0.868061 0
lamp_red
0  7.350000 -1.925000 143.334198  0.986721 -0.081212 0.140664  0.362500 0.738157 0
0  6.849999 -2.975000 145.152847  0.913836 -0.203040 0.351680  0.287500 0.868061 0
0  6.850000 -5.152851 142.975006  0.913834 -0.351682 0.203047  0.131939 0.712500 0
lamp_red
0  7.350000 -3.334198 141.925003  0.986721 -0.140664 0.081213  0.261843 0.637500 0
0  6.850000 -5.152851 142.975006  0.913834 -0.351682 0.203047  0.131939 0.712500 0
0  6.850000 -5.950000 140.000000  0.913834 -0.406087 0.000001  0.075000 0.500000 0
lamp_red
0  7.350000 -3.850000 140.000000  0.986721 -0.162425 0.000001  0.225000 0.500000 0
0  6.850000 -5.950000 140.000000  0.913834 -0.406087 0.000001  0.075000 0.500000 0
0  6.850000 -5.152851 137.024994  0.913835 -0.351682 -0.203043  0.131939 0.287500 0
lamp_red
0  7.350000 -3.334198 138.074997  0.986721 -0.140664 -0.081212  0.261843 0.362500 0
0  6.850000 -5.152851 137.024994  0.913835 -0.351682 -0.203043  0.131939 0.287500 0
0  6.850000 -2.975000 134.847153  0.913835 -0.203044 -0.351680  0.287500 0.131939 0
lamp_red
0  7.350000 -1.925000 136.665802  0.986721 -0.081212 -0.140664  0.362500 0.261843 0
0  6.850000 -2.975000 134.847153  0.913835 -0.203044 -0.351680  0.287500 0.131939 0
0  6.850000 0.000000 134.050003  0.913835 -0.000002 -0.406086  0.500000 0.075000 0
lamp_red
0  6.850000 0.000000 134.050003  0.913835 -0.000002 -0.406086  0.500000 0.075000 0
0  6.200001 0.000000 133.000000  0.850266 0.000001 -0.526353  0.500000 0.000000 0
0  6.200000 3.500000 133.937820  0.850268 0.263175 -0.455831  0.750000 0.066987 0
lamp_red
0  6.850000 2.975000 134.847153  0.913836 0.203041 -0.351680  0.712500 0.131939 0
0  6.200000 3.500000 133.937820  0.850268 0.263175 -0.455831  0.750000 0.066987 0
0  6.200000 6.062178 136.500000  0.850262 0.455841 -0.263179  0.933013 0.250000 0
lamp_red
0  6.850000 5.152851 137.024994  0.913833 0.351683 -0.203047  0.868061 0.287500 0
0  6.200000 6.062178 136.500000  0.850262 0.455841 -0.263179  0.933013 0.250000 0
0  6.200000 7.000000 140.000000  0.850264 0.526356 0.000002  1.000000 0.500000 0
lamp_red
0  6.850000 5.950000 140.000000  0.913835 0.406086 -0.000001  0.925000 0.500000 0
0  6.200000 7.000000 140.000000  0.850264 0.526356 0.000002  1.000000 0.500000 0
0  6.200000 6.062178 143.500000  0.850266 0.455835 0.263177  0.933013 0.750000 0
lamp_red
0  6.850000 5.152851 142.975006  0.913835 0.351680 0.203041  0.868061 0.712500 0
0  6.200000 6.062178 143.500000  0.850266 0.455835 0.263177  0.933013 0.750000 0
0  6.199999 3.500000 146.062180  0.850266 0.263175 0.455836  0.750000 0.933013 0
lamp_red
0  6.849999 2.975000 145.152847  0.913835 0.203044 0.351681  0.712500 0.868061 0
0  6.199999 3.500000 146.062180  0.850266 0.263175 0.455836  0.750000 0.933013 0
0  6.199999 0.000000 147.000000  0.850266 -0.000001 0.526353  0.500000 1.000000 0
lamp_red
0  6.849999 0.000000 145.949997  0.913834 0.000002 0.406087  0.500000 0.925000 0
0  6.199999 0.000000 147.000000  0.850266 -0.000001 0.526353  0.500000 1.000000 0
0  6.199999 -3.500000 146.062180  0.850269 -0.263175 0.455832  0.250000 0.933013 0
lamp_red
0  6.849999 -2.975000 145.152847  0.913836 -0.203040 0.351680  0.287500 0.868061 0
0  6.199999 -3.500000 146.062180  0.850269 -0.263175 0.455832  0.250000 0.933013 0
0  6.200000 -6.062178 143.500000  0.850263 -0.455839 0.263178  0.066987 0.750000 0
lamp_red
0  6.850000 -5.152851 142.975006  0.913834 -0.351682 0.203047  0.131939 0.712500 0
0  6.200000 -6.062178 143.500000  0.850263 -0.455839 0.263178  0.066987 0.750000 0
0  6.200000 -7.000000 140.000000  0.850263 -0.526358 -0.000002  0.000000 0.500000 0
lamp_red
0  6.850000 -5.950000 140.000000  0.913834 -0.406087 0.000001  0.075000 0.500000 0
0  6.200000 -7.000000 140.000000  0.850263 -0.526358 -0.000002  0.000000 0.500000 0
0  6.200000 -6.062178 136.500000  0.850264 -0.455837 -0.263179  0.066987 0.250000 0
lamp_red
0  6.850000 -5.152851 137.024994  0.913835 -0.351682 -0.203043  0.131939 0.287500 0
0  6.200000 -6.062178 136.500000  0.850264 -0.455837 -0.263179  0.066987 0.250000 0
0  6.200000 -3.500000 133.937820  0.850265 -0.263176 -0.455837  0.250000 0.066987 0
lamp_red
0  6.850000 -2.975000 134.847153  0.913835 -0.203044 -0.351680  0.287500 0.131939 0
0  6.200000 -3.500000 133.937820  0.850265 -0.263176 -0.455837  0.250000 0.066987 0
0  6.200001 0.000000 133.000000  0.850266 0.000001 -0.526353  0.500000 0.000000 0
lamp_red
0  6.200001 0.000000 133.000000  0.000000 0.000002 -1.000000  0.500000 0.000000 0
0  6.000000 0.000000 133.000000  0.000000 -0.000003 -1.000000  0.500000 0.000000 0
0  6.000000 3.500000 133.937820  0.000000 0.499999 -0.866026  0.750000 0.066987 0
lamp_red
0  6.200000 3.500000 133.937820  0.000000 0.500003 -0.866024  0.750000 0.066987 0
0  6.000000 3.500000 133.937820  0.000000 0.499999 -0.866026  0.750000 0.066987 0
0  6.000000 6.062178 136.500000  0.000000 0.866025 -0.500001  0.933013 0.250000 0
lamp_red
0  6.200000 6.062178 136.500000  0.000000 0.866027 -0.499997  0.933013 0.250000 0
0  6.000000 6.062178 136.500000  0.000000 0.866025 -0.500001  0.933013 0.250000 0
0  6.000000 7.000000 140.000000  0.000000 1.000000 -0.000003  1.000000 0.500000 0
lamp_red
0  6.200000 7.000000 140.000000  0.000000 1.000000 0.000002  1.000000 0.500000 0
0  6.000000 7.000000 140.000000  0.000000 1.000000 -0.000003  1.000000 0.500000 0
0  6.000000 6.062178 143.500000  0.000000 0.866026 0.499999  0.933013 0.750000 0
lamp_red
0  6.200000 6.062178 143.500000  0.000000 0.866024 0.500003  0.933013 0.750000 0
0  6.000000 6.062178 143.500000  0.000000 0.866026 0.499999  0.933013 0.750000 0
0  6.000000 3.500000 146.062180  0.000000 0.500003 0.866024  0.750000 0.933013 0
lamp_red
0  6.199999 3.500000 146.062180  0.000000 0.499999 0.866026  0.750000 0.933013 0
0  6.000000 3.500000 146.062180  0.000000 0.500003 0.866024  0.750000 0.933013 0
0  6.000000 0.000000 147.000000  0.000000 0.000002 1.000000  0.500000 1.000000 0
lamp_red
0  6.199999 0.000000 147.000000  0.000000 -0.000002 1.000000  0.500000 1.000000 0
0  6.000000 0.000000 147.000000  0.000000 0.000002 1.000000  0.500000 1.000000 0
0  6.000000 -3.500000 146.062180  0.000000 -0.499997 0.866027  0.250000 0.933013 0
lamp_red
0  6.199999 -3.500000 146.062180  0.000000 -0.500001 0.866025  0.250000 0.933013 0
0  6.000000 -3.500000 146.062180  0.000000 -0.499997 0.866027  0.250000 0.933013 0
0  6.000000 -6.062178 143.500000  0.000000 -0.866025 0.500001  0.066987 0.750000 0
lamp_red
0  6.200000 -6.062178 143.500000  0.000000 -0.866027 0.499997  0.066987 0.750000 0
0  6.000000 -6.062178 143.500000  0.000000 -0.866025 0.500001  0.066987 0.750000 0
0  6.000000 -7.000000 140.000000  0.000000 -1.000000 0.000004  0.000000 0.500000 0
lamp_red
0  6.200000 -7.000000 140.000000  0.000000 -1.000000 -0.000001  0.000000 0.500000 0
0  6.000000 -7.000000 140.000000  0.000000 -1.000000 0.000004  0.000000 0.500000 0
0  6.000000 -6.062178 136.500000  0.000000 -0.866026 -0.499999  0.066987 0.250000 0
lamp_red
0  6.200000 -6.062178 136.500000  0.000000 -0.866024 -0.500003  0.066987 0.250000 0
0  6.000000 -6.062178 136.500000  0.000000 -0.866026 -0.499999  0.066987 0.250000 0
0  6.000000 -3.500000 133.937820  0.000000 -0.500002 -0.866024  0.250000 0.066987 0
lamp_red
0  6.200000 -3.500000 133.937820  0.000000 -0.499998 -0.866026  0.250000 0.066987 0
0  6.000000 -3.500000 133.937820  0.000000 -0.500002 -0.866024  0.250000 0.066987 0
0  6.000000 0.000000 133.000000  0.000000 -0.000003 -1.000000  0.500000 0.000000 0
lamp_yellow
0  7.350000 0.000000 118.150002  0.986721 -0.000000 -0.162425  0.500000 0.225000 0
0  6.850000 0.000000 116.050003  0.913836 -0.000001 -0.406083  0.500000 0.075000 0
0  6.850000 2.975000 116.847153  0.913835 0.203042 -0.351681  0.712500 0.131939 0
lamp_yellow
0  7.350000 1.925000 118.665802  0.986721 0.081212 -0.140665  0.637500 0.261843 0
0  6.850000 2.975000 116.847153  0.913835 0.203042 -0.351681  0.712500 0.131939 0
0  6.850000 5.152851 119.025002  0.913835 0.351680 -0.203043  0.868061 0.287500 0
lamp_yellow
0  7.350000 3.334198 120.074997  0.986721 0.140664 -0.081212  0.738157 0.362500 0
0  6.850000 5.152851 119.025002  0.913835 0.351680 -0.203043  0.868061 0.287500 0
0  6.850000 5.950000 122.000000  0.913835 0.406085 -0.000001  0.925000 0.500000 0
lamp_yellow
0  7.350000 3.850000 122.000000  0.986721 0.162425 -0.000000  0.775000 0.500000 0
0  6.850000 5.950000 122.000000  0.913835 0.406085 -0.000001  0.925000 0.500000 0
0  6.850000 5.152851 124.974998  0.913835 0.351682 0.203042  0.868061 0.712500 0
lamp_yellow
0  7.350000 3.334198 123.925003  0.986721 0.140665 0.081213  0.738157 0.637500 0
0  6.850000 5.152851 124.974998  0.913835 0.351682 0.203042  0.868061 0.712500 0
0  6.849999 2.975000 127.152847  0.913836 0.203043 0.351678  0.712500 0.868061 0
lamp_yellow
0  7.350000 1.925000 125.334198  0.986721 0.081213 0.140665  0.637500 0.738157 0
0  6.849999 2.975000 127.152847  0.913836 0.203043 0.351678  0.712500 0.868061 0
0  6.849999 0.000000 127.949997  0.913835 0.000002 0.406086  0.500000 0.925000 0
lamp_yellow
0  7.350000 0.000000 125.849998  0.986721 0.000000 0.162426  0.500000 0.775000 0
0  6.849999 0.000000 127.949997  0.913835 0.000002 0.406086  0.500000 0.925000 0
0  6.849999 -2.975000 127.152847  0.913835 -0.203042 0.351681  0.287500 0.868061 0
lamp_yellow
0  7.350000 -1.925000 125.334198  0.986721 -0.081212 0.140665  0.362500 0.738157 0
0  6.849999 -2.975000 127.152847  0.913835 -0.203042 0.351681  0.287500 0.868061 0
0  6.850000 -5.152851 124.974998  0.913835 -0.351680 0.203044  0.131939 0.712500 0
lamp_yellow
0  7.350000 -3.334198 123.925003  0.986721 -0.140663 0.081212  0.261843 0.637500 0
0  6.850000 -5.152851 124.974998  0.913835 -0.351680 0.203044  0.131939 0.712500 0
0  6.850000 -5.950000 122.000000  0.913835 -0.406086 0.000001  0.075000 0.500000 0
lamp_yellow
0  7.350000 -3.850000 122.000000  0.986721 -0.162425 0.000000  0.225000 0.500000 0
0  6.850000 -5.950000 122.000000  0.913835 -0.406086 0.000001  0.075000 0.500000 0
0  6.850000 -5.152851 119.025002  0.913836 -0.351680 -0.203041  0.131939 0.287500 0
lamp_yellow
0  7.350000 -3.334198 120.074997  0.986721 -0.140665 -0.081212  0.261843 0.362500 0
0  6.850000 -5.152851 119.025002  0.913836 -0.351680 -0.203041  0.131939 0.287500 0
0  6.850000 -2.975000 116.847153  0.913836 -0.203044 -0.351679  0.287500 0.131939 0
lamp_yellow
0  7.350000 -1.925000 118.665802  0.986721 -0.081212 -0.140664  0.362500 0.261843 0
0  6.850000 -2.975000 116.847153  0.913836 -0.203044 -0.351679  0.287500 0.131939 0
0  6.850000 0.000000 116.050003  0.913836 -0.000001 -0.406083  0.500000 0.075000 0
lamp_yellow
0  6.850000 0.000000 116.050003  0.913836 -0.000001 -0.406083  0.500000 0.075000 0
0  6.200001 0.000000 115.000000  0.850268 0.000002 -0.526350  0.500000 0.000000 0
0  6.200000 3.500000 115.937820  0.850265 0.263179 -0.455835  0.750000 0.066987 0
lamp_yellow
0  6.850000 2.975000 116.847153  0.913835 0.203042 -0.351681  0.712500 0.131939 0
0  6.200000 3.500000 115.937820  0.850265 0.263179 -0.455835  0.750000 0.066987 0
0  6.200000 6.062178 118.500000  0.850265 0.455838 -0.263176  0.933013 0.250000 0
lamp_yellow
0  6.850000 5.152851 119.025002  0.913835 0.351680 -0.203043  0.868061 0.287500 0
0  6.200000 6.062178 118.500000  0.850265 0.455838 -0.263176  0.933013 0.250000 0
0  6.200000 7.000000 122.000000  0.850266 0.526354 0.000002  1.000000 0.500000 0
lamp_yellow
0  6.850000 5.950000 122.000000  0.913835 0.406085 -0.000001  0.925000 0.500000 0
0  6.200000 7.000000 122.000000  0.850266 0.526354 0.000002  1.000000 0.500000 0
0  6.200000 6.062178 125.500000  0.850265 0.455836 0.263180  0.933013 0.750000 0
lamp_yellow
0  6.850000 5.152851 124.974998  0.913835 0.351682 0.203042  0.868061 0.712500 0
0  6.200000 6.062178 125.500000  0.850265 0.455836 0.263180  0.933013 0.750000 0
0  6.199999 3.500000 128.062180  0.850269 0.263174 0.455832  0.750000 0.933013 0
lamp_yellow
0  6.849999 2.975000 127.152847  0.913836 0.203043 0.351678  0.712500 0.868061 0
0  6.199999 3.500000 128.062180  0.850269 0.263174 0.455832  0.750000 0.933013 0
0  6.199999 0.000000 129.000000  0.850267 -0.000001 0.526352  0.500000 1.000000 0
lamp_yellow
0  6.849999 0.000000 127.949997  0.913835 0.000002 0.406086  0.500000 0.925000 0
0  6.199999 0.000000 129.000000  0.850267 -0.000001 0.526352  0.500000 1.000000 0
0  6.199999 -3.500000 128.062180  0.850266 -0.263179 0.455834  0.250000 0.933013 0
lamp_yellow
0  6.849999 -2.975000 127.152847  0.913835 -0.203042 0.351681  0.287500 0.868061 0
0  6.199999 -3.500000 128.062180  0.850266 -0.263179 0.455834  0.250000 0.933013 0
0  6.200000 -6.062178 125.500000  0.850265 -0.455838 0.263176  0.066987 0.750000 0
lamp_yellow
0  6.850000 -5.152851 124.974998  0.913835 -0.351680 0.203044  0.131939 0.712500 0
0  6.200000 -6.062178 125.500000  0.850265 -0.455838 0.263176  0.066987 0.750000 0
0  6.200000 -7.000000 122.000000  0.850265 -0.526356 -0.000002  0.000000 0.500000 0
lamp_yellow
0  6.850000 -5.950000 122.000000  0.913835 -0.406086 0.000001  0.075000 0.500000 0
0  6.200000 -7.000000 122.000000  0.850265 -0.526356 -0.000002  0.000000 0.500000 0
0  6.200000 -6.062178 118.500000  0.850267 -0.455834 -0.263177  0.066987 0.250000 0
lamp_yellow
0  6.850000 -5.152851 119.025002  0.913836 -0.351680 -0.203041  0.131939 0.287500 0
0  6.200000 -6.062178 118.500000  0.850267 -0.455834 -0.263177  0.066987 0.250000 0
0  6.200000 -3.500000 115.937820  0.850267 -0.263174 -0.455835  0.250000 0.066987 0
lamp_yellow
0  6.850000 -2.975000 116.847153  0.913836 -0.203044 -0.351679  0.287500 0.131939 0
0  6.200000 -3.500000 115.937820  0.850267 -0.263174 -0.455835  0.250000 0.066987 0
0  6.200001 0.000000 115.000000  0.850268 0.000002 -0.526350  0.500000 0.000000 0
lamp_yellow
0  6.200001 0.000000 115.000000  0.000000 0.000002 -1.000000  0.500000 0.000000 0
0  6.000000 0.000000 115.000000  0.000000 -0.000003 -1.000000  0.500000 0.000000 0
0  6.000000 3.500000 115.937820  0.000000 0.499999 -0.866026  0.750000 0.066987 0
lamp_yellow
0  6.200000 3.500000 115.937820  0.000000 0.500003 -0.866024  0.750000 0.066987 0
0  6.000000 3.500000 115.937820  0.000000 0.499999 -0.866026  0.750000 0.066987 0
0  6.000000 6.062178 118.500000  0.000000 0.866025 -0.500001  0.933013 0.250000 0
lamp_yellow
0  6.200000 6.062178 118.500000  0.000000 0.866027 -0.499997  0.933013 0.250000 0
0  6.000000 6.062178 118.500000  0.000000 0.866025 -0.500001  0.933013 0.250000 0
0  6.000000 7.000000 122.000000  0.000000 1.000000 -0.000003  1.000000 0.500000 0
lamp_yellow
0  6.200000 7.000000 122.000000  0.000000 1.000000 0.000002  1.000000 0.500000 0
0  6.000000 7.000000 122.000000  0.000000 1.000000 -0.000003  1.000000 0.500000 0
0  6.000000 6.062178 125.500000  0.000000 0.866026 0.499999  0.933013 0.750000 0
lamp_yellow
0  6.200000 6.062178 125.500000  0.000000 0.866024 0.500003  0.933013 0.750000 0
0  6.000000 6.062178 125.500000  0.000000 0.866026 0.499999  0.933013 0.750000 0
0  6.000000 3.500000 128.062180  0.000000 0.500003 0.866024  0.750000 0.933013 0
lamp_yellow
0  6.199999 3.500000 128.062180  0.000000 0.499999 0.866026  0.750000 0.933013 0
0  6.000000 3.500000 128.062180  0.000000 0.500003 0.866024  0.750000 0.933013 0
0  6.000000 0.000000 129.000000  0.000000 0.000002 1.000000  0.500000 1.000000 0
lamp_yellow
0  6.199999 0.000000 129.000000  0.000000 -0.000002 1.000000  0.500000 1.000000 0
0  6.000000 0.000000 129.000000  0.000000 0.000002 1.000000  0.500000 1.000000 0
0  6.000000 -3.500000 128.062180  0.000000 -0.499997 0.866027  0.250000 0.933013 0
lamp_yellow
0  6.199999 -3.500000 128.062180  0.000000 -0.500001 0.866025  0.250000 0.933013 0
0  6.000000 -3.500000 128.062180  0.000000 -0.499997 0.866027  0.250000 0.933013 0
0  6.000000 -6.062178 125.500000  0.000000 -0.866025 0.500001  0.066987 0.750000 0
lamp_yellow
0  6.200000 -6.062178 125.500000  0.000000 -0.866027 0.499997  0.066987 0.750000 0
0  6.000000 -6.062178 125.500000  0.000000 -0.866025 0.500001  0.066987 0.750000 0
0  6.000000 -7.000000 122.000000  0.000000 -1.000000 0.000004  0.000000 0.500000 0
lamp_yellow
0  6.200000 -7.000000 122.000000  0.000000 -1.000000 -0.000001  0.000000 0.500000 0
0  6.000000 -7.000000 122.000000  0.000000 -1.000000 0.000004  0.000000 0.500000 0
0  6.000000 -6.062178 118.500000  0.000000 -0.866026 -0.499999  0.066987 0.250000 0
lamp_yellow
0  6.200000 -6.062178 118.500000  0.000000 -0.866024 -0.500003  0.066987 0.250000 0
0  6.000000 -6.062178 118.500000  0.000000 -0.866026 -0.499999  0.066987 0.250000 0
0  6.000000 -3.500000 115.937820  0.000000 -0.500002 -0.866024  0.250000 0.066987 0
lamp_yellow
0  6.200000 -3.500000 115.937820  0.000000 -0.499998 -0.866026  0.250000 0.066987 0
0  6.000000 -3.500000 115.937820  0.000000 -0.500002 -0.866024  0.250000 0.066987 0
0  6.000000 0.000000 115.000000  0.000000 -0.000003 -1.000000  0.500000 0.000000 0
lamp_green
0  7.350000 0.000000 100.150002  0.986721 -0.000000 -0.162425  0.500000 0.225000 0
0  6.850000 0.000000 98.050003  0.913836 -0.000001 -0.406083  0.500000 0.075000 0
0  6.850000 2.975000 98.847153  0.913835 0.203042 -0.351680  0.712500 0.131939 0
lamp_green
0  7.350000 1.925000 100.665802  0.986721 0.081212 -0.140665  0.637500 0.261843 0
0  6.850000 2.975000 98.847153  0.913835 0.203042 -0.351680  0.712500 0.131939 0
0  6.850000 5.152851 101.025002  0.913835 0.351680 -0.203043  0.868061 0.287500 0
lamp_green
0  7.350000 3.334198 102.074997  0.986721 0.140664 -0.081212  0.738157 0.362500 0
0  6.850000 5.152851 101.025002  0.913835 0.351680 -0.203043  0.868061 0.287500 0
0  6.850000 5.950000 104.000000  0.913835 0.406086 -0.000001  0.925000 0.500000 0
lamp_green
0  7.350000 3.850000 104.000000  0.986721 0.162425 -0.000000  0.775000 0.500000 0
0  6.850000 5.950000 104.000000  0.913835 0.406086 -0.000001  0.925000 0.500000 0
0  6.850000 5.152851 106.974998  0.913835 0.351680 0.203041  0.868061 0.712500 0
lamp_green
0  7.350000 3.334198 105.925003  0.986721 0.140665 0.081212  0.738157 0.637500 0
0  6.850000 5.152851 106.974998  0.913835 0.351680 0.203041  0.868061 0.712500 0
0  6.849999 2.975000 109.152847  0.913836 0.203043 0.351678  0.712500 0.868061 0
lamp_green
0  7.350000 1.925000 107.334198  0.986721 0.081213 0.140664  0.637500 0.738157 0
0  6.849999 2.975000 109.152847  0.913836 0.203043 0.351678  0.712500 0.868061 0
0  6.849999 0.000000 109.949997  0.913836 0.000001 0.406084  0.500000 0.925000 0
lamp_green
0  7.350000 0.000000 107.849998  0.986721 0.000000 0.162425  0.500000 0.775000 0
0  6.849999 0.000000 109.949997  0.913836 0.000001 0.406084  0.500000 0.925000 0
0  6.849999 -2.975000 109.152847  0.913835 -0.203041 0.351681  0.287500 0.868061 0
lamp_green
0  7.350000 -1.925000 107.334198  0.986721 -0.081212 0.140665  0.362500 0.738157 0
0  6.849999 -2.975000 109.152847  0.913835 -0.203041 0.351681  0.287500 0.868061 0
0  6.850000 -5.152851 106.974998  0.913835 -0.351680 0.203044  0.131939 0.712500 0
lamp_green
0  7.350000 -3.334198 105.925003  0.986721 -0.140663 0.081212  0.261843 0.637500 0
0  6.850000 -5.152851 106.974998  0.913835 -0.351680 0.203044  0.131939 0.712500 0
0  6.850000 -5.950000 104.000000  0.913835 -0.406086 0.000001  0.075000 0.500000 0
lamp_green
0  7.350000 -3.850000 104.000000  0.986721 -0.162425 0.000000  0.225000 0.500000 0
0  6.850000 -5.950000 104.000000  0.913835 -0.406086 0.000001  0.075000 0.500000 0
0  6.850000 -5.152851 101.025002  0.913835 -0.351681 -0.203041  0.131939 0.287500 0
lamp_green
0  7.350000 -3.334198 102.074997  0.986721 -0.140665 -0.081212  0.261843 0.362500 0
0  6.850000 -5.152851 101.025002  0.913835 -0.351681 -0.203041  0.131939 0.287500 0
0  6.850000 -2.975000 98.847153  0.913836 -0.203042 -0.351678  0.287500 0.131939 0
lamp_green
0  7.350000 -1.925000 100.665802  0.986721 -0.081212 -0.140664  0.362500 0.261843 0
0  6.850000 -2.975000 98.847153  0.913836 -0.203042 -0.351678  0.287500 0.131939 0
0  6.850000 0.000000 98.050003  0.913836 -0.000001 -0.406083  0.500000 0.075000 0
lamp_green
0  6.850000 0.000000 98.050003  0.913836 -0.000001 -0.406083  0.500000 0.075000 0
0  6.200001 0.000000 97.000000  0.850268 0.000002 -0.526350  0.500000 0.000000 0
0  6.200000 3.500000 97.937820  0.850267 0.263178 -0.455833  0.750000 0.066987 0
lamp_green
0  6.850000 2.975000 98.847153  0.913835 0.203042 -0.351680  0.712500 0.131939 0
0  6.200000 3.500000 97.937820  0.850267 0.263178 -0.455833  0.750000 0.066987 0
0  6.200000 6.062178 100.500000  0.850266 0.455837 -0.263175  0.933013 0.250000 0
lamp_green
0  6.850000 5.152851 101.025002  0.913835 0.351680 -0.203043  0.868061 0.287500 0
0  6.200000 6.062178 100.500000  0.850266 0.455837 -0.263175  0.933013 0.250000 0
0  6.200000 7.000000 104.000000  0.850265 0.526354 0.000002  1.000000 0.500000 0
lamp_green
0  6.850000 5.950000 104.000000  0.913835 0.406086 -0.000001  0.925000 0.500000 0
0  6.200000 7.000000 104.000000  0.850265 0.526354 0.000002  1.000000 0.500000 0
0  6.200000 6.062178 107.500000  0.850267 0.455834 0.263177  0.933013 0.750000 0
lamp_green
0  6.850000 5.152851 106.974998  0.913835 0.351680 0.203041  0.868061 0.712500 0
0  6.200000 6.062178 107.500000  0.850267 0.455834 0.263177  0.933013 0.750000 0
0  6.199999 3.500000 110.062180  0.850268 0.263173 0.455834  0.750000 0.933013 0
lamp_green
0  6.849999 2.975000 109.152847  0.913836 0.203043 0.351678  0.712500 0.868061 0
0  6.199999 3.500000 110.062180  0.850268 0.263173 0.455834  0.750000 0.933013 0
0  6.199999 0.000000 111.000000  0.850268 -0.000002 0.526350  0.500000 1.000000 0
lamp_green
0  6.849999 0.000000 109.949997  0.913836 0.000001 0.406084  0.500000 0.925000 0
0  6.199999 0.000000 111.000000  0.850268 -0.000002 0.526350  0.500000 1.000000 0
0  6.199999 -3.500000 110.062180  0.850267 -0.263177 0.455833  0.250000 0.933013 0
lamp_green
0  6.849999 -2.975000 109.152847  0.913835 -0.203041 0.351681  0.287500 0.868061 0
0  6.199999 -3.500000 110.062180  0.850267 -0.263177 0.455833  0.250000 0.933013 0
0  6.200000 -6.062178 107.500000  0.850265 -0.455837 0.263176  0.066987 0.750000 0
lamp_green
0  6.850000 -5.152851 106.974998  0.913835 -0.351680 0.203044  0.131939 0.712500 0
0  6.200000 -6.062178 107.500000  0.850265 -0.455837 0.263176  0.066987 0.750000 0
0  6.200000 -7.000000 104.000000  0.850265 -0.526355 -0.000002  0.000000 0.500000 0
lamp_green
0  6.850000 -5.950000 104.000000  0.913835 -0.406086 0.000001  0.075000 0.500000 0
0  6.200000 -7.000000 104.000000  0.850265 -0.526355 -0.000002  0.000000 0.500000 0
0  6.200000 -6.062178 100.500000  0.850266 -0.455835 -0.263178  0.066987 0.250000 0
lamp_green
0  6.850000 -5.152851 101.025002  0.913835 -0.351681 -0.203041  0.131939 0.287500 0
0  6.200000 -6.062178 100.500000  0.850266 -0.455835 -0.263178  0.066987 0.250000 0
0  6.200000 -3.500000 97.937820  0.850268 -0.263173 -0.455834  0.250000 0.066987 0
lamp_green
0  6.850000 -2.975000 98.847153  0.913836 -0.203042 -0.351678  0.287500 0.131939 0
0  6.200000 -3.500000 97.937820  0.850268 -0.263173 -0.455834  0.250000 0.066987 0
0  6.200001 0.000000 97.000000  0.850268 0.000002 -0.526350  0.500000 0.000000 0
lamp_green
0  6.200001 0.000000 97.000000  0.000000 0.000002 -1.000000  0.500000 0.000000 0
0  6.000000 0.000000 97.000000  0.000000 -0.000003 -1.000000  0.500000 0.000000 0
0  6.000000 3.500000 97.937820  0.000000 0.499999 -0.866026  0.750000 0.066987 0
lamp_green
0  6.200000 3.500000 97.937820  0.000000 0.500003 -0.866024  0.750000 0.066987 0
0  6.000000 3.500000 97.937820  0.000000 0.499999 -0.866026  0.750000 0.066987 0
0  6.000000 6.062178 100.500000  0.000000 0.866025 -0.500001  0.933013 0.250000 0
lamp_green
0  6.200000 6.062178 100.500000  0.000000 0.866027 -0.499997  0.933013 0.250000 0
0  6.000000 6.062178 100.500000  0.000000 0.866025 -0.500001  0.933013 0.250000 0
0  6.000000 7.000000 104.000000  0.000000 1.000000 -0.000003  1.000000 0.500000 0
lamp_green
0  6.200000 7.000000 104.000000  0.000000 1.000000 0.000002  1.000000 0.500000 0
0  6.000000 7.000000 104.000000  0.000000 1.000000 -0.000003  1.000000 0.500000 0
0  6.000000 6.062178 107.500000  0.000000 0.866026 0.499999  0.933013 0.750000 0
lamp_green
0  6.200000 6.062178 107.500000  0.000000 0.866024 0.500003  0.933013 0.750000 0
0  6.000000 6.062178 107.500000  0.000000 0.866026 0.499999  0.933013 0.750000 0
0  6.000000 3.500000 110.062180  0.000000 0.500003 0.866024  0.750000 0.933013 0
lamp_green
0  6.199999 3.500000 110.062180  0.000000 0.499999 0.866026  0.750000 0.933013 0
0  6.000000 3.500000 110.062180  0.000000 0.500003 0.866024  0.750000 0.933013 0
0  6.000000 0.000000 111.000000  0.000000 0.000002 1.000000  0.500000 1.000000 0
lamp_green
0  6.199999 0.000000 111.000000  0.000000 -0.000002 1.000000  0.500000 1.000000 0
0  6.000000 0.000000 111.000000  0.000000 0.000002 1.000000  0.500000 1.000000 0
0  6.000000 -3.500000 110.062180  0.000000 -0.499997 0.866027  0.250000 0.933013 0
lamp_green
0  6.199999 -3.500000 110.062180  0.000000 -0.500001 0.866025  0.250000 0.933013 0
0  6.000000 -3.500000 110.062180  0.000000 -0.499997 0.866027  0.250000 0.933013 0
0  6.000000 -6.062178 107.500000  0.000000 -0.866025 0.500001  0.066987 0.750000 0
lamp_green
0  6.200000 -6.062178 107.500000  0.000000 -0.866027 0.499997  0.066987 0.750000 0
0  6.000000 -6.062178 107.500000  0.000000 -0.866025 0.500001  0.066987 0.750000 0
0  6.000000 -7.000000 104.000000  0.000000 -1.000000 0.000004  0.000000 0.500000 0
lamp_green
0  6.200000 -7.000000 104.000000  0.000000 -1.000000 -0.000001  0.000000 0.500000 0
0  6.000000 -7.000000 104.000000  0.000000 -1.000000 0.000004  0.000000 0.500000 0
0  6.000000 -6.062178 100.500000  0.000000 -0.866026 -0.499999  0.066987 0.250000 0
lamp_green
0  6.200000 -6.062178 100.500000  0.000000 -0.866024 -0.500003  0.066987 0.250000 0
0  6.000000 -6.062178 100.500000  0.000000 -0.866026 -0.499999  0.066987 0.250000 0
0  6.000000 -3.500000 97.937820  0.000000 -0.500002 -0.866024  0.250000 0.066987 0
lamp_green
0  6.200000 -3.500000 97.937820  0.000000 -0.499998 -0.866026  0.250000 0.066987 0
0  6.000000 -3.500000 97.937820  0.000000 -0.500002 -0.866024  0.250000 0.066987 0
0  6.000000 0.000000 97.000000  0.000000 -0.000003 -1.000000  0.500000 0.000000 0
end
