version 1
nodes
0 "root" -1
end
skeleton
time 0
0 0 0 0 0 0 0
end
triangles
ramp_large
0  -91.500000 80.000000 0.000000  -0.000000 1.000000 0.000000  0.874317 0.856731 0
0  84.000000 80.000008 60.000000  -0.000000 1.000000 0.000000  0.871006 0.427396 0
0  84.000000 80.000008 58.500000  -0.000000 1.000000 0.000000  0.874317 0.428494 0
ramp_large
0  -96.000000 -80.000000 0.000012  0.000000 -1.000000 0.000000  0.305642 0.875323 0
0  84.000000 -80.000000 58.500011  0.000000 -1.000000 0.000000  0.302331 0.437203 0
0  84.000000 -80.000000 60.000011  0.000000 -1.000000 0.000000  0.305642 0.436105 0
ramp_large
0  -96.000000 80.000000 0.000000  -0.316228 0.000000 0.948683  0.372285 0.428350 0
0  84.000000 -80.000000 60.000011  -0.316228 0.000000 0.948683  0.000000 0.000000 0
0  84.000000 80.000008 60.000000  -0.316228 0.000000 0.948683  0.372285 0.000000 0
ramp_large
0  84.000000 80.000008 60.000000  1.000000 0.000000 0.000000  0.851077 0.000000 0
0  84.000000 -80.000000 58.500011  1.000000 0.000000 0.000000  0.847587 0.370381 0
0  84.000000 80.000008 58.500000  1.000000 0.000000 0.000000  0.847587 0.000000 0
ramp_large
0  84.000000 80.000008 58.500000  0.316228 -0.000000 -0.948683  0.380079 0.000000 0
0  -91.500000 -80.000000 0.000012  0.160186 -0.000000 -0.987087  0.752365 0.409227 0
0  -91.500000 80.000000 0.000000  0.160181 -0.000000 -0.987088  0.380079 0.409227 0
ramp_large
0  -91.500000 80.000000 0.000000  0.160181 -0.000000 -0.987088  0.380079 0.409227 0
0  -96.000000 -80.000000 0.000012  0.000000 -0.000000 -1.000000  0.752365 0.419641 0
0  -96.000000 80.000000 0.000000  0.000000 -0.000000 -1.000000  0.380079 0.419641 0
ramp_large
0  84.000000 80.000008 58.500000  0.000000 1.000000 0.000000  0.760159 0.378136 0
0  96.000000 80.000008 64.000000  0.000000 1.000000 0.000000  0.772956 0.405914 0
0  96.000000 80.000008 62.500000  0.000000 1.000000 0.000000  0.769466 0.405914 0
ramp_large
0  84.000000 -80.000000 60.000011  0.000000 -1.000000 0.000000  0.784061 0.407417 0
0  96.000000 -80.000000 62.500011  0.000000 -1.000000 0.000000  0.780750 0.379234 0
0  96.000000 -80.000000 64.000015  0.000000 -1.000000 0.000000  0.784061 0.378136 0
ramp_large
0  84.000000 80.000008 60.000000  -0.316228 0.000000 0.948683  0.788862 0.000000 0
0  96.000000 -80.000000 64.000015  -0.316228 0.000000 0.948683  0.760159 0.370381 0
0  96.000000 80.000008 64.000000  -0.316228 0.000000 0.948683  0.760159 0.000000 0
ramp_large
0  96.000000 80.000008 64.000000  1.000000 0.000000 0.000000  0.839793 0.000000 0
0  96.000000 -80.000000 62.500011  1.000000 0.000000 0.000000  0.836303 0.370381 0
0  96.000000 80.000008 62.500000  1.000000 0.000000 0.000000  0.836303 0.000000 0
ramp_large
0  96.000000 80.000008 62.500000  0.316228 -0.000000 -0.948683  0.152055 0.806486 0
0  84.000000 -80.000000 58.500011  0.316228 -0.000000 -0.948683  0.180180 0.436105 0
0  84.000000 80.000008 58.500000  0.316228 -0.000000 -0.948683  0.180180 0.806486 0
ramp_large
0  84.000000 80.000008 58.500000  -1.000000 0.000000 0.000000  0.858872 0.370381 0
0  84.000000 -80.000000 60.000011  -1.000000 0.000000 0.000000  0.862362 0.000000 0
0  84.000000 80.000008 60.000000  -1.000000 0.000000 0.000000  0.862362 0.370381 0
ramp_large
0  95.000000 79.000008 62.000000  0.000000 1.000000 0.000000  0.144261 0.863201 0
0  95.000000 79.000000 0.000000  0.000000 1.000000 0.000000  0.000000 0.863201 0
0  -89.500000 79.000000 0.000000  0.000000 1.000000 0.000000  0.000000 0.436105 0
ramp_large
0  -89.500000 77.000000 0.000000  0.000000 -1.000000 0.000000  0.516825 0.877961 0
0  95.000000 77.000000 0.000000  0.000000 -1.000000 0.000000  0.380079 0.473113 0
0  95.000000 77.000008 62.000000  0.000000 -1.000000 0.000000  0.516825 0.427396 0
ramp_large
0  -89.500000 79.000000 0.000000  0.000000 -0.000000 -1.000000  0.277436 0.863091 0
0  95.000000 77.000000 0.000000  0.000000 -0.000000 -1.000000  0.282089 0.436105 0
0  -89.500000 77.000000 0.000000  0.000000 -0.000000 -1.000000  0.282089 0.863091 0
ramp_large
0  95.000000 79.000000 0.000000  1.000000 0.000000 0.000000  0.992488 0.143523 0
0  95.000000 77.000008 62.000000  1.000000 0.000000 0.000000  0.997142 0.000000 0
0  95.000000 77.000000 0.000000  1.000000 0.000000 0.000000  0.997142 0.143523 0
ramp_large
0  95.000000 79.000008 62.000000  -0.318539 0.000000 0.947910  0.825868 0.427395 0
0  -89.500000 77.000000 0.000000  -0.318539 0.000000 0.947910  0.821215 0.866569 0
0  95.000000 77.000008 62.000000  -0.318539 0.000000 0.947910  0.821215 0.427395 0
ramp_large
0  95.000000 -76.999992 62.000000  0.000000 1.000000 0.000000  0.813420 0.854491 0
0  95.000000 -77.000000 0.000000  0.000000 1.000000 0.000000  0.669160 0.854491 0
0  -89.500000 -77.000000 0.000000  0.000000 1.000000 0.000000  0.669160 0.427396 0
ramp_large
0  -89.500000 -79.000000 0.000000  0.000000 -1.000000 0.000000  0.661366 0.877961 0
0  95.000000 -79.000000 0.000000  0.000000 -1.000000 0.000000  0.524620 0.473113 0
0  95.000000 -78.999992 62.000000  0.000000 -1.000000 0.000000  0.661366 0.427395 0
ramp_large
0  -89.500000 -77.000000 0.000000  0.000000 -0.000000 -1.000000  0.289883 0.863091 0
0  95.000000 -79.000000 0.000000  0.000000 -0.000000 -1.000000  0.294537 0.436105 0
0  -89.500000 -79.000000 0.000000  0.000000 -0.000000 -1.000000  0.294537 0.863091 0
ramp_large
0  95.000000 -77.000000 0.000000  1.000000 0.000000 0.000000  0.992488 0.294800 0
0  95.000000 -78.999992 62.000000  1.000000 0.000000 0.000000  0.997142 0.151277 0
0  95.000000 -79.000000 0.000000  1.000000 0.000000 0.000000  0.997142 0.294800 0
ramp_large
0  95.000000 -76.999992 62.000000  -0.318539 0.000000 0.947910  0.838316 0.427396 0
0  -89.500000 -79.000000 0.000000  -0.318539 0.000000 0.947910  0.833662 0.866569 0
0  95.000000 -78.999992 62.000000  -0.318539 0.000000 0.947910  0.833662 0.427396 0
ramp_large
0  93.500000 -79.000000 28.799999  -1.000000 0.000000 0.000000  0.803637 0.365751 0
0  93.500000 79.000000 31.799999  -1.000000 0.000000 0.000000  0.796657 0.000000 0
0  93.500000 79.000000 28.799999  -1.000000 0.000000 0.000000  0.803637 0.000000 0
ramp_large
0  93.500000 79.000000 28.799999  0.000000 1.000000 0.000000  0.821401 0.385080 0
0  95.500000 79.000000 31.799999  0.000000 1.000000 0.000000  0.826055 0.378136 0
0  95.500000 79.000000 28.799999  0.000000 1.000000 0.000000  0.826055 0.385080 0
ramp_large
0  95.500000 79.000000 28.799999  1.000000 0.000000 0.000000  0.194954 0.801856 0
0  95.500000 -79.000000 31.799999  1.000000 0.000000 0.000000  0.187974 0.436105 0
0  95.500000 -79.000000 28.799999  1.000000 0.000000 0.000000  0.194955 0.436105 0
ramp_large
0  95.500000 -79.000000 28.799999  0.000000 -1.000000 0.000000  0.833849 0.385080 0
0  93.500000 -79.000000 31.799999  0.000000 -1.000000 0.000000  0.838503 0.378136 0
0  93.500000 -79.000000 28.799999  0.000000 -1.000000 0.000000  0.838503 0.385080 0
ramp_large
0  93.500000 79.000000 28.799999  0.000000 0.000000 -1.000000  0.816084 0.365751 0
0  95.500000 -79.000000 28.799999  0.000000 0.000000 -1.000000  0.811431 0.000000 0
0  93.500000 -79.000000 28.799999  0.000000 0.000000 -1.000000  0.816083 0.000000 0
ramp_large
0  95.500000 79.000000 31.799999  0.000000 0.000000 1.000000  0.823878 0.000000 0
0  93.500000 -79.000000 31.799999  0.000000 0.000000 1.000000  0.828509 0.365752 0
0  95.500000 -79.000000 31.799999  0.000000 0.000000 1.000000  0.823878 0.365752 0
ramp_large
0  95.065689 -26.114035 1.128301  1.000000 -0.000007 0.000000  0.997368 0.565150 0
0  95.065689 26.114035 29.671700  1.000000 0.000004 0.000000  1.000000 0.427396 0
0  95.065689 -26.637636 2.131217  1.000000 -0.000007 0.000000  1.000000 0.565150 0
ramp_large
0  93.934311 -26.114035 1.128301  0.000000 0.462802 -0.886462  0.771503 0.984399 0
0  95.065689 26.637636 28.668781  0.000000 0.462802 -0.886462  0.774135 0.862246 0
0  95.065689 -26.114035 1.128301  0.000000 0.462802 -0.886462  0.774135 0.984368 0
ramp_large
0  93.934311 -77.447372 1.128300  0.000000 0.462802 -0.886462  0.761077 0.984399 0
0  95.065689 -24.695694 28.668783  0.000000 0.462802 -0.886462  0.763709 0.862246 0
0  95.065689 -77.447372 1.128300  0.000000 0.462802 -0.886462  0.763709 0.984368 0
ramp_large
0  95.065689 26.637636 28.668781  0.000000 0.886462 0.462801  0.834008 0.874323 0
0  93.934311 26.114035 29.671700  0.000000 0.886462 0.462801  0.831674 0.876942 0
0  95.065689 26.114035 29.671700  0.000000 0.886463 0.462799  0.831674 0.874323 0
ramp_large
0  93.934311 25.219296 1.128300  0.000000 0.462802 -0.886462  0.781929 0.984399 0
0  95.065689 77.970970 28.668783  0.000000 0.462802 -0.886462  0.784561 0.862246 0
0  95.065689 25.219296 1.128300  0.000000 0.462802 -0.886462  0.784561 0.984368 0
ramp_large
0  95.065689 -77.447372 1.128300  1.000000 0.000000 0.000000  0.997368 0.710659 0
0  95.065689 -25.219296 29.671700  1.000000 0.000002 0.000000  1.000000 0.572904 0
0  95.065689 -77.970970 2.131216  1.000000 0.000000 0.000000  1.000000 0.710659 0
ramp_large
0  95.065689 -24.695694 28.668783  0.000000 0.886462 0.462802  0.881651 0.405219 0
0  93.934311 -25.219296 29.671700  0.000000 0.886462 0.462802  0.879318 0.407838 0
0  95.065689 -25.219296 29.671700  0.000000 0.886461 0.462804  0.879318 0.405219 0
ramp_large
0  95.065689 25.219296 1.128300  1.000000 0.000000 0.000000  0.740224 1.000000 0
0  95.065689 77.447372 29.671700  1.000000 0.000002 0.000000  0.742856 0.862246 0
0  95.065689 24.695694 2.131216  1.000000 0.000000 0.000000  0.742856 1.000000 0
ramp_large
0  95.065689 -77.970970 2.131216  0.000000 -0.462802 0.886462  0.688516 0.862246 0
0  93.934311 -25.219296 29.671700  0.000000 -0.462802 0.886462  0.692220 0.984360 0
0  93.934311 -77.970970 2.131216  0.000000 -0.462802 0.886462  0.685897 0.862246 0
ramp_large
0  93.934311 -77.970970 2.131216  -1.000000 0.000000 0.000000  0.719371 1.000000 0
0  93.934311 -24.695694 28.668783  -1.000000 0.000000 0.000000  0.722003 0.862246 0
0  93.934311 -77.447372 1.128300  -1.000000 0.000000 0.000000  0.722003 1.000000 0
ramp_large
0  93.934311 -77.447372 1.128300  0.000000 -0.886464 -0.462797  0.873339 0.874368 0
0  95.065689 -77.970970 2.131216  0.000000 -0.886464 -0.462797  0.871006 0.876987 0
0  93.934311 -77.970970 2.131216  0.000000 -0.886463 -0.462799  0.871006 0.874368 0
ramp_large
0  95.065689 -26.637636 2.131217  0.000000 -0.462802 0.886462  0.705253 0.862246 0
0  93.934311 26.114035 29.671700  0.000000 -0.462802 0.886462  0.708957 0.984360 0
0  93.934311 -26.637636 2.131217  0.000000 -0.462802 0.886462  0.702634 0.862246 0
ramp_large
0  93.934311 -26.637636 2.131217  -1.000000 0.000000 0.000000  0.729797 1.000000 0
0  93.934311 26.637636 28.668781  -1.000000 0.000005 0.000000  0.732430 0.862246 0
0  93.934311 -26.114035 1.128301  -1.000000 0.000000 0.000000  0.732430 1.000000 0
ramp_large
0  95.065689 -26.637636 2.131217  0.000000 -0.886462 -0.462801  0.227644 0.878401 0
0  93.934311 -26.114035 1.128301  0.000000 -0.886462 -0.462801  0.229978 0.875782 0
0  95.065689 -26.114035 1.128301  0.000000 -0.886461 -0.462804  0.229978 0.878401 0
ramp_large
0  95.065689 24.695694 2.131216  0.000000 -0.886462 -0.462802  0.237772 0.878401 0
0  93.934311 25.219296 1.128300  0.000000 -0.886462 -0.462802  0.240106 0.875782 0
0  95.065689 25.219296 1.128300  0.000000 -0.886461 -0.462804  0.240106 0.878401 0
ramp_large
0  95.065689 24.695694 2.131216  0.000000 -0.462802 0.886462  0.671779 0.862246 0
0  93.934311 77.447372 29.671700  0.000000 -0.462802 0.886462  0.675483 0.984360 0
0  93.934311 24.695694 2.131216  0.000000 -0.462802 0.886462  0.669160 0.862246 0
ramp_large
0  93.934311 24.695694 2.131216  -1.000000 0.000000 0.000000  0.750651 1.000000 0
0  93.934311 77.970970 28.668783  -1.000000 0.000000 0.000000  0.753283 0.862246 0
0  93.934311 25.219296 1.128300  -1.000000 0.000000 0.000000  0.753283 1.000000 0
ramp_large
0  95.065689 77.970970 28.668783  0.000000 0.886464 0.462797  0.250234 0.875782 0
0  93.934311 77.447372 29.671700  0.000000 0.886464 0.462797  0.247900 0.878401 0
0  95.065689 77.447372 29.671700  0.000000 0.886465 0.462795  0.247900 0.875782 0
ramp_large
0  93.000000 -78.500000 0.000000  -1.000000 0.000000 0.000000  0.903284 0.899875 0
0  93.000000 -75.500000 62.500000  -1.000000 0.000000 0.000000  0.910264 0.755195 0
0  93.000000 -75.500000 0.000000  -1.000000 0.000000 0.000000  0.910264 0.899875 0
ramp_large
0  93.000000 -75.500000 0.000000  0.000000 1.000000 0.000000  0.918058 0.899875 0
0  96.000000 -75.500000 62.500000  0.000000 1.000000 0.000000  0.925039 0.755195 0
0  96.000000 -75.500000 0.000000  0.000000 1.000000 0.000000  0.925039 0.899875 0
ramp_large
0  96.000000 -75.500000 0.000000  1.000000 0.000000 0.000000  0.932833 0.899875 0
0  96.000000 -78.500000 62.500000  1.000000 0.000000 0.000000  0.939813 0.755195 0
0  96.000000 -78.500000 0.000000  1.000000 0.000000 0.000000  0.939813 0.899875 0
ramp_large
0  96.000000 -78.500000 0.000000  0.000000 -1.000000 0.000000  0.947608 0.899875 0
0  93.000000 -78.500000 62.500000  0.000000 -1.000000 0.000000  0.954588 0.755195 0
0  93.000000 -78.500000 0.000000  0.000000 -1.000000 0.000000  0.954588 0.899875 0
ramp_large
0  93.000000 -75.500000 0.000000  0.000000 0.000000 -1.000000  0.798834 0.385080 0
0  96.000000 -78.500000 0.000000  0.000000 0.000000 -1.000000  0.791856 0.378136 0
0  93.000000 -78.500000 0.000000  0.000000 0.000000 -1.000000  0.798834 0.378136 0
ramp_large
0  96.000000 -75.500000 62.500000  0.000000 0.000000 1.000000  0.806628 0.392835 0
0  93.000000 -78.500000 62.500000  0.000000 0.000000 1.000000  0.813575 0.399779 0
0  96.000000 -78.500000 62.500000  0.000000 0.000000 1.000000  0.806628 0.399779 0
ramp_large
0  96.000000 -76.000000 1.200000  0.000000 0.000000 1.000000  0.232298 0.436105 0
0  -91.500000 -78.000000 1.200000  0.000000 0.000000 1.000000  0.227644 0.868027 0
0  96.000000 -78.000000 1.200000  0.000000 0.000000 1.000000  0.227644 0.436105 0
ramp_large
0  96.000000 -76.000000 0.000000  1.000000 0.000000 0.000000  0.762951 0.418298 0
0  96.000000 -78.000000 1.200000  1.000000 0.000000 0.000000  0.760159 0.413669 0
0  96.000000 -78.000000 0.000000  1.000000 0.000000 0.000000  0.762951 0.413669 0
ramp_large
0  -29.887421 -76.363602 2.180267  0.000000 1.000000 -0.000011  0.870156 0.320045 0
0  95.087418 -76.363602 61.319733  0.000000 1.000000 0.000009  0.873118 0.000000 0
0  -29.332436 -76.363602 1.034847  0.000000 1.000000 -0.000011  0.873118 0.320045 0
ramp_large
0  93.000000 -27.166666 0.000000  -1.000000 0.000000 0.000000  0.187974 0.954291 0
0  93.000000 -24.166666 62.500000  -1.000000 0.000000 0.000000  0.194954 0.809611 0
0  93.000000 -24.166666 0.000000  -1.000000 0.000000 0.000000  0.194954 0.954291 0
ramp_large
0  -91.500000 -76.000000 0.000000  0.000000 1.000000 0.000000  0.316229 0.870145 0
0  96.000000 -76.000000 1.200000  0.000000 1.000000 0.000000  0.313437 0.436105 0
0  96.000000 -76.000000 0.000000  0.000000 1.000000 0.000000  0.316229 0.436105 0
ramp_large
0  -29.332436 -76.363602 1.034847  0.436040 0.000000 -0.899928  0.946307 0.718502 0
0  95.087418 -77.636398 61.319733  0.436040 0.000000 -0.899928  0.949268 0.427396 0
0  -29.332436 -77.636398 1.034847  0.436040 0.000000 -0.899927  0.949268 0.718502 0
ramp_large
0  95.087418 -76.363602 61.319733  0.899929 0.000000 0.436036  0.880866 0.419623 0
0  94.532433 -77.636398 62.465153  0.899929 0.000000 0.436036  0.878201 0.416677 0
0  95.087418 -77.636398 61.319733  0.899928 0.000000 0.436038  0.880866 0.416677 0
ramp_large
0  -91.500000 -78.000000 0.000000  -1.000000 0.000000 0.000000  0.838902 0.397464 0
0  -91.500000 -76.000000 1.200000  -1.000000 0.000000 0.000000  0.836109 0.392835 0
0  -91.500000 -76.000000 0.000000  -1.000000 0.000000 0.000000  0.838902 0.392835 0
ramp_large
0  -29.332436 -77.636398 1.034847  0.000000 -1.000000 -0.000011  0.880912 0.320045 0
0  94.532433 -77.636398 62.465153  0.000000 -1.000000 0.000010  0.883873 0.000000 0
0  -29.887421 -77.636398 2.180267  0.000000 -1.000000 -0.000011  0.883873 0.320045 0
ramp_large
0  -91.500000 -76.000000 0.000000  0.000000 0.000000 -1.000000  0.846110 0.861324 0
0  96.000000 -78.000000 0.000000  0.000000 0.000000 -1.000000  0.850764 0.427396 0
0  -91.500000 -78.000000 0.000000  0.000000 0.000000 -1.000000  0.850764 0.861324 0
ramp_large
0  96.000000 -78.000000 0.000000  0.000000 -1.000000 0.000000  0.326815 0.870145 0
0  -91.500000 -78.000000 1.200000  0.000000 -1.000000 0.000000  0.324023 0.436105 0
0  -91.500000 -78.000000 0.000000  0.000000 -1.000000 0.000000  0.326815 0.436105 0
ramp_large
0  -29.887421 -77.636398 2.180267  -0.436040 0.000000 0.899928  0.934691 0.300382 0
0  94.532433 -76.363602 62.465153  -0.436040 0.000000 0.899927  0.937652 0.000000 0
0  -29.887421 -76.363602 2.180267  -0.436040 0.000000 0.899927  0.937652 0.300382 0
ramp_large
0  -29.887421 -76.363602 2.180267  -0.899928 0.000000 -0.436038  0.780750 0.416269 0
0  -29.332436 -77.636398 1.034847  -0.899928 0.000000 -0.436038  0.783415 0.419216 0
0  -29.887421 -77.636398 2.180267  -0.899928 0.000000 -0.436038  0.780750 0.419216 0
ramp_large
0  93.000000 -24.166666 0.000000  0.000000 1.000000 0.000000  0.152055 0.958921 0
0  96.000000 -24.166666 62.500000  0.000000 1.000000 0.000000  0.159035 0.814240 0
0  96.000000 -24.166666 0.000000  0.000000 1.000000 0.000000  0.159035 0.958921 0
ramp_large
0  96.000000 -24.166666 0.000000  1.000000 0.000000 0.000000  0.166829 0.958921 0
0  96.000000 -27.166666 62.500000  1.000000 0.000000 0.000000  0.173810 0.814240 0
0  96.000000 -27.166666 0.000000  1.000000 0.000000 0.000000  0.173810 0.958921 0
ramp_large
0  96.000000 -27.166666 0.000000  0.000000 -1.000000 0.000000  0.962382 0.899875 0
0  93.000000 -27.166666 62.500000  0.000000 -1.000000 0.000000  0.969363 0.755195 0
0  93.000000 -27.166666 0.000000  0.000000 -1.000000 0.000000  0.969363 0.899875 0
ramp_large
0  93.000000 -24.166666 0.000000  0.000000 0.000000 -1.000000  0.798834 0.399779 0
0  96.000000 -27.166666 0.000000  0.000000 0.000000 -1.000000  0.791856 0.392835 0
0  93.000000 -27.166666 0.000000  0.000000 0.000000 -1.000000  0.798834 0.392835 0
ramp_large
0  96.000000 -24.166666 62.500000  0.000000 0.000000 1.000000  0.806628 0.407534 0
0  93.000000 -27.166666 62.500000  0.000000 0.000000 1.000000  0.813575 0.414478 0
0  96.000000 -27.166666 62.500000  0.000000 0.000000 1.000000  0.806628 0.414478 0
ramp_large
0  96.000000 -24.666666 1.200000  0.000000 0.000000 1.000000  0.244746 0.436105 0
0  -91.500000 -26.666666 1.200000  0.000000 0.000000 1.000000  0.240092 0.868027 0
0  96.000000 -26.666666 1.200000  0.000000 0.000000 1.000000  0.240092 0.436105 0
ramp_large
0  96.000000 -24.666666 0.000000  1.000000 0.000000 0.000000  0.838902 0.409849 0
0  96.000000 -26.666666 1.200000  1.000000 0.000000 0.000000  0.836110 0.405219 0
0  96.000000 -26.666666 0.000000  1.000000 0.000000 0.000000  0.838902 0.405219 0
ramp_large
0  -29.887421 -25.030270 2.180267  0.000000 1.000000 0.000000  0.891668 0.320045 0
0  95.087418 -25.030270 61.319733  0.000000 1.000000 0.000001  0.894629 0.000000 0
0  -29.332436 -25.030270 1.034847  0.000000 1.000000 0.000000  0.894629 0.320045 0
ramp_large
0  93.000000 24.166666 0.000000  -1.000000 0.000000 0.000000  0.967818 0.572076 0
0  93.000000 27.166666 62.500000  -1.000000 0.000000 0.000000  0.974799 0.427396 0
0  93.000000 27.166666 0.000000  -1.000000 0.000000 0.000000  0.974799 0.572076 0
ramp_large
0  -91.500000 -24.666666 0.000000  0.000000 1.000000 0.000000  0.337401 0.870145 0
0  96.000000 -24.666666 1.200000  0.000000 1.000000 0.000000  0.334609 0.436105 0
0  96.000000 -24.666666 0.000000  0.000000 1.000000 0.000000  0.337401 0.436105 0
ramp_large
0  -29.332436 -25.030270 1.034847  0.436041 0.000000 -0.899927  0.957063 0.718502 0
0  95.087418 -26.303062 61.319733  0.436040 0.000000 -0.899927  0.960024 0.427396 0
0  -29.332436 -26.303062 1.034847  0.436041 0.000000 -0.899927  0.960024 0.718502 0
ramp_large
0  95.087418 -25.030270 61.319733  0.899928 0.000000 0.436039  0.859947 0.419623 0
0  94.532433 -26.303062 62.465153  0.899928 0.000000 0.436039  0.857282 0.416677 0
0  95.087418 -26.303062 61.319733  0.899927 0.000000 0.436041  0.859947 0.416677 0
ramp_large
0  -91.500000 -26.666666 0.000000  -1.000000 0.000000 0.000000  0.849089 0.382765 0
0  -91.500000 -24.666666 1.200000  -1.000000 0.000000 0.000000  0.846297 0.378136 0
0  -91.500000 -24.666666 0.000000  -1.000000 0.000000 0.000000  0.849089 0.378136 0
ramp_large
0  -29.332436 -26.303062 1.034847  0.000000 -1.000000 0.000003  0.902423 0.320045 0
0  94.532433 -26.303062 62.465153  0.000000 -1.000000 -0.000002  0.905385 0.000000 0
0  -29.887421 -26.303062 2.180267  0.000000 -1.000000 0.000003  0.905385 0.320045 0
ramp_large
0  -91.500000 -24.666666 0.000000  0.000000 0.000000 -1.000000  0.858558 0.861324 0
0  96.000000 -26.666666 0.000000  0.000000 0.000000 -1.000000  0.863211 0.427396 0
0  -91.500000 -26.666666 0.000000  0.000000 0.000000 -1.000000  0.863211 0.861324 0
ramp_large
0  96.000000 -26.666666 0.000000  0.000000 -1.000000 0.000000  0.347988 0.870145 0
0  -91.500000 -26.666666 1.200000  0.000000 -1.000000 0.000000  0.345196 0.436105 0
0  -91.500000 -26.666666 0.000000  0.000000 -1.000000 0.000000  0.347988 0.436105 0
ramp_large
0  -29.887421 -26.303062 2.180267  -0.436040 0.000000 0.899927  0.935551 0.727777 0
0  94.532433 -25.030270 62.465153  -0.436041 0.000000 0.899927  0.938513 0.427396 0
0  -29.887421 -25.030270 2.180267  -0.436040 0.000000 0.899927  0.938513 0.727777 0
ramp_large
0  -29.887421 -25.030270 2.180267  -0.899928 0.000000 -0.436038  0.878887 0.392835 0
0  -29.332436 -26.303062 1.034847  -0.899928 0.000000 -0.436038  0.881552 0.395781 0
0  -29.887421 -26.303062 2.180267  -0.899928 0.000000 -0.436038  0.878887 0.395781 0
ramp_large
0  93.000000 27.166666 0.000000  0.000000 1.000000 0.000000  0.967818 0.724510 0
0  96.000000 27.166666 62.500000  0.000000 1.000000 0.000000  0.974799 0.579830 0
0  96.000000 27.166666 0.000000  0.000000 1.000000 0.000000  0.974799 0.724510 0
ramp_large
0  96.000000 27.166666 0.000000  1.000000 0.000000 0.000000  0.977157 0.899875 0
0  96.000000 24.166666 62.500000  1.000000 0.000000 0.000000  0.984137 0.755195 0
0  96.000000 24.166666 0.000000  1.000000 0.000000 0.000000  0.984137 0.899875 0
ramp_large
0  96.000000 24.166666 0.000000  0.000000 -1.000000 0.000000  0.977714 0.144680 0
0  93.000000 24.166666 62.500000  0.000000 -1.000000 0.000000  0.984694 0.000000 0
0  93.000000 24.166666 0.000000  0.000000 -1.000000 0.000000  0.984694 0.144680 0
ramp_large
0  93.000000 27.166666 0.000000  0.000000 0.000000 -1.000000  0.798834 0.414478 0
0  96.000000 24.166666 0.000000  0.000000 0.000000 -1.000000  0.791856 0.407534 0
0  93.000000 24.166666 0.000000  0.000000 0.000000 -1.000000  0.798834 0.407534 0
ramp_large
0  96.000000 27.166666 62.500000  0.000000 0.000000 1.000000  0.821369 0.392835 0
0  93.000000 24.166666 62.500000  0.000000 0.000000 1.000000  0.828315 0.399779 0
0  96.000000 24.166666 62.500000  0.000000 0.000000 1.000000  0.821369 0.399779 0
ramp_large
0  96.000000 26.666666 1.200000  0.000000 0.000000 1.000000  0.257194 0.436105 0
0  -91.500000 24.666666 1.200000  0.000000 0.000000 1.000000  0.252540 0.868027 0
0  96.000000 24.666666 1.200000  0.000000 0.000000 1.000000  0.252540 0.436105 0
ramp_large
0  96.000000 26.666666 0.000000  1.000000 0.000000 0.000000  0.849488 0.397464 0
0  96.000000 24.666666 1.200000  1.000000 0.000000 0.000000  0.846696 0.392835 0
0  96.000000 24.666666 0.000000  1.000000 0.000000 0.000000  0.849488 0.392835 0
ramp_large
0  -29.887421 26.303062 2.180267  0.000000 1.000000 0.000000  0.903284 0.747441 0
0  95.087418 26.303062 61.319733  0.000000 1.000000 0.000001  0.906245 0.427396 0
0  -29.332436 26.303062 1.034847  0.000000 1.000000 0.000000  0.906245 0.747441 0
ramp_large
0  93.000000 75.500000 0.000000  -1.000000 0.000000 0.000000  0.977714 0.297115 0
0  93.000000 78.500000 62.500000  -1.000000 0.000000 0.000000  0.984694 0.152435 0
0  93.000000 78.500000 0.000000  -1.000000 0.000000 0.000000  0.984694 0.297115 0
ramp_large
0  -91.500000 26.666666 0.000000  0.000000 1.000000 0.000000  0.358574 0.870145 0
0  96.000000 26.666666 1.200000  0.000000 1.000000 0.000000  0.355782 0.436105 0
0  96.000000 26.666666 0.000000  0.000000 1.000000 0.000000  0.358574 0.436105 0
ramp_large
0  -29.332436 26.303062 1.034847  0.436040 0.000000 -0.899927  0.966958 0.291106 0
0  95.087418 25.030270 61.319733  0.436041 0.000000 -0.899927  0.969919 0.000000 0
0  -29.332436 25.030270 1.034847  0.436040 0.000000 -0.899927  0.969919 0.291106 0
ramp_large
0  95.087418 26.303062 61.319733  0.899928 0.000000 0.436039  0.870407 0.419623 0
0  94.532433 25.030270 62.465153  0.899928 0.000000 0.436039  0.867742 0.416677 0
0  95.087418 25.030270 61.319733  0.899927 0.000000 0.436041  0.870407 0.416677 0
ramp_large
0  -91.500000 24.666666 0.000000  -1.000000 0.000000 0.000000  0.849488 0.409849 0
0  -91.500000 26.666666 1.200000  -1.000000 0.000000 0.000000  0.846696 0.405219 0
0  -91.500000 26.666666 0.000000  -1.000000 0.000000 0.000000  0.849488 0.405219 0
ramp_large
0  -29.332436 25.030270 1.034847  0.000000 -1.000000 0.000000  0.913179 0.320045 0
0  94.532433 25.030270 62.465153  0.000000 -1.000000 0.000001  0.916141 0.000000 0
0  -29.887421 25.030270 2.180267  0.000000 -1.000000 0.000000  0.916141 0.320045 0
ramp_large
0  -91.500000 26.666666 0.000000  0.000000 0.000000 -1.000000  0.202749 0.870034 0
0  96.000000 24.666666 0.000000  0.000000 0.000000 -1.000000  0.207402 0.436105 0
0  -91.500000 24.666666 0.000000  0.000000 0.000000 -1.000000  0.207402 0.870034 0
ramp_large
0  96.000000 24.666666 0.000000  0.000000 -1.000000 0.000000  0.369161 0.870145 0
0  -91.500000 24.666666 1.200000  0.000000 -1.000000 0.000000  0.366369 0.436105 0
0  -91.500000 24.666666 0.000000  0.000000 -1.000000 0.000000  0.369161 0.436105 0
ramp_large
0  -29.887421 25.030270 2.180267  -0.436041 0.000000 0.899927  0.945446 0.300382 0
0  94.532433 26.303062 62.465153  -0.436040 0.000000 0.899927  0.948408 0.000000 0
0  -29.887421 26.303062 2.180267  -0.436041 0.000000 0.899927  0.948408 0.300382 0
ramp_large
0  -29.887421 26.303062 2.180267  -0.899928 0.000000 -0.436038  0.821215 0.874323 0
0  -29.332436 25.030270 1.034847  -0.899928 0.000000 -0.436038  0.823880 0.877270 0
0  -29.887421 25.030270 2.180267  -0.899928 0.000000 -0.436038  0.821215 0.877270 0
ramp_large
0  93.000000 78.500000 0.000000  0.000000 1.000000 0.000000  0.982593 0.572076 0
0  96.000000 78.500000 62.500000  0.000000 1.000000 0.000000  0.989573 0.427396 0
0  96.000000 78.500000 0.000000  0.000000 1.000000 0.000000  0.989573 0.572076 0
ramp_large
0  96.000000 78.500000 0.000000  1.000000 0.000000 0.000000  0.982593 0.724510 0
0  96.000000 75.500000 62.500000  1.000000 0.000000 0.000000  0.989573 0.579830 0
0  96.000000 75.500000 0.000000  1.000000 0.000000 0.000000  0.989573 0.724510 0
ramp_large
0  96.000000 75.500000 0.000000  0.000000 -1.000000 0.000000  0.991931 0.899875 0
0  93.000000 75.500000 62.500000  0.000000 -1.000000 0.000000  0.998912 0.755195 0
0  93.000000 75.500000 0.000000  0.000000 -1.000000 0.000000  0.998912 0.899875 0
ramp_large
0  93.000000 78.500000 0.000000  0.000000 0.000000 -1.000000  0.813607 0.385080 0
0  96.000000 75.500000 0.000000  0.000000 0.000000 -1.000000  0.806628 0.378136 0
0  93.000000 75.500000 0.000000  0.000000 0.000000 -1.000000  0.813607 0.378136 0
ramp_large
0  96.000000 78.500000 62.500000  0.000000 0.000000 1.000000  0.821369 0.407534 0
0  93.000000 75.500000 62.500000  0.000000 0.000000 1.000000  0.828315 0.414478 0
0  96.000000 75.500000 62.500000  0.000000 0.000000 1.000000  0.821369 0.414478 0
ramp_large
0  96.000000 78.000000 1.200000  0.000000 0.000000 1.000000  0.269641 0.436105 0
0  -91.500000 76.000000 1.200000  0.000000 0.000000 1.000000  0.264988 0.868027 0
0  96.000000 76.000000 1.200000  0.000000 0.000000 1.000000  0.264988 0.436105 0
ramp_large
0  96.000000 78.000000 0.000000  1.000000 0.000000 0.000000  0.859675 0.382765 0
0  96.000000 76.000000 1.200000  1.000000 0.000000 0.000000  0.856883 0.378136 0
0  96.000000 76.000000 0.000000  1.000000 0.000000 0.000000  0.859675 0.378136 0
ramp_large
0  -29.887421 77.636398 2.180267  0.000000 1.000000 -0.000000  0.914040 0.747441 0
0  95.087418 77.636398 61.319733  0.000000 1.000000 -0.000001  0.917001 0.427395 0
0  -29.332436 77.636398 1.034847  0.000000 1.000000 0.000000  0.917001 0.747441 0
ramp_large
0  -91.500000 78.000000 0.000000  0.000000 1.000000 0.000000  0.884903 0.861436 0
0  96.000000 78.000000 1.200000  0.000000 1.000000 0.000000  0.882111 0.427396 0
0  96.000000 78.000000 0.000000  0.000000 1.000000 0.000000  0.884903 0.427396 0
ramp_large
0  -29.332436 77.636398 1.034847  0.436040 0.000000 -0.899928  0.956202 0.291106 0
0  95.087418 76.363602 61.319733  0.436040 0.000000 -0.899928  0.959164 0.000000 0
0  -29.332436 76.363602 1.034847  0.436040 0.000000 -0.899927  0.959164 0.291106 0
ramp_large
0  95.087418 77.636398 61.319733  0.899929 0.000000 0.436036  0.795020 0.876650 0
0  94.532433 76.363602 62.465153  0.899929 0.000000 0.436036  0.792355 0.873704 0
0  95.087418 76.363602 61.319733  0.899928 0.000000 0.436038  0.795020 0.873704 0
ramp_large
0  -91.500000 76.000000 0.000000  -1.000000 0.000000 0.000000  0.860074 0.397464 0
0  -91.500000 78.000000 1.200000  -1.000000 0.000000 0.000000  0.857282 0.392835 0
0  -91.500000 78.000000 0.000000  -1.000000 0.000000 0.000000  0.860074 0.392835 0
ramp_large
0  -29.332436 76.363602 1.034847  0.000000 -1.000000 -0.000000  0.923935 0.320045 0
0  94.532433 76.363602 62.465153  0.000000 -1.000000 -0.000002  0.926896 0.000000 0
0  -29.887421 76.363602 2.180267  0.000000 -1.000000 0.000000  0.926896 0.320045 0
ramp_large
0  -91.500000 78.000000 0.000000  0.000000 0.000000 -1.000000  0.215197 0.870034 0
0  96.000000 76.000000 0.000000  0.000000 0.000000 -1.000000  0.219850 0.436105 0
0  -91.500000 76.000000 0.000000  0.000000 0.000000 -1.000000  0.219850 0.870034 0
ramp_large
0  96.000000 76.000000 0.000000  0.000000 -1.000000 0.000000  0.895490 0.861436 0
0  -91.500000 76.000000 1.200000  0.000000 -1.000000 0.000000  0.892698 0.427396 0
0  -91.500000 76.000000 0.000000  0.000000 -1.000000 0.000000  0.895490 0.427396 0
ramp_large
0  -29.887421 76.363602 2.180267  -0.436040 0.000000 0.899928  0.924795 0.727777 0
0  94.532433 77.636398 62.465153  -0.436040 0.000000 0.899927  0.927757 0.427396 0
0  -29.887421 77.636398 2.180267  -0.436040 0.000000 0.899927  0.927757 0.727777 0
ramp_large
0  -29.887421 77.636398 2.180267  -0.899928 0.000000 -0.436038  0.802814 0.873704 0
0  -29.332436 76.363602 1.034847  -0.899928 0.000000 -0.436038  0.805480 0.876650 0
0  -29.887421 76.363602 2.180267  -0.899928 0.000000 -0.436038  0.802814 0.876650 0
ramp_large
0  -31.500000 -77.199997 21.299999  0.500002 0.866024 0.000000  0.772374 0.415272 0
0  -30.807180 -77.599998 22.000000  0.500003 0.866024 0.000000  0.770745 0.413669 0
0  -30.807180 -77.599998 21.299999  0.500004 0.866023 0.000000  0.772374 0.413669 0
ramp_large
0  -79.500000 78.800003 5.300000  0.500002 0.866024 0.000000  0.033057 0.884003 0
0  -78.807182 78.400002 6.000000  0.500001 0.866025 0.000000  0.031428 0.882400 0
0  -78.807182 78.400002 5.300000  0.499998 0.866027 0.000000  0.033057 0.882400 0
ramp_large
0  -30.807180 77.599998 21.299999  0.500002 -0.866024 0.000000  0.315065 0.881107 0
0  -31.500000 77.199997 22.000000  0.500003 -0.866024 0.000000  0.313437 0.879503 0
0  -31.500000 77.199997 21.299999  0.500004 -0.866023 0.000000  0.315065 0.879503 0
ramp_large
0  -78.807182 78.400002 5.300000  1.000000 0.000000 0.000000  0.793984 0.886257 0
0  -78.807182 77.599998 6.000000  1.000000 0.000000 0.000000  0.792355 0.884405 0
0  -78.807182 77.599998 5.300000  1.000000 0.000000 0.000000  0.793984 0.884405 0
ramp_large
0  -55.500000 78.800003 13.299999  0.499998 0.866026 0.000000  0.882803 0.329403 0
0  -54.807178 78.400002 14.000000  0.499999 0.866026 0.000000  0.881174 0.327800 0
0  -54.807178 78.400002 13.299999  0.500004 0.866023 0.000000  0.882803 0.327800 0
ramp_large
0  -79.500000 -77.199997 5.300000  0.500002 0.866024 0.000000  0.001629 0.884017 0
0  -78.807182 -77.599998 6.000000  0.500001 0.866025 0.000000  0.000000 0.882413 0
0  -78.807182 -77.599998 5.300000  0.499998 0.866027 0.000000  0.001629 0.882413 0
ramp_large
0  -78.807182 77.599998 5.300000  0.500001 -0.866025 0.000000  0.042480 0.885607 0
0  -79.500000 77.199997 6.000000  0.500002 -0.866024 0.000000  0.040851 0.884003 0
0  -79.500000 77.199997 5.300000  0.500004 -0.866023 0.000000  0.042480 0.884003 0
ramp_large
0  -55.500000 -77.199997 13.299999  0.499998 0.866026 0.000000  0.882803 0.340365 0
0  -54.807178 -77.599998 14.000000  0.499999 0.866026 0.000000  0.881174 0.338761 0
0  -54.807178 -77.599998 13.299999  0.500004 0.866023 0.000000  0.882803 0.338761 0
ramp_large
0  -30.807180 78.400002 21.299999  1.000000 0.000000 0.000000  0.837738 0.419455 0
0  -30.807180 77.599998 22.000000  1.000000 0.000000 0.000000  0.836109 0.417603 0
0  -30.807180 77.599998 21.299999  1.000000 0.000000 0.000000  0.837738 0.417603 0
ramp_large
0  -79.500000 77.199997 5.300000  -0.500005 -0.866023 0.000000  0.042480 0.884003 0
0  -80.192818 77.599998 6.000000  -0.500004 -0.866023 0.000000  0.040851 0.882400 0
0  -80.192818 77.599998 5.300000  -0.499998 -0.866027 0.000000  0.042480 0.882400 0
ramp_large
0  -80.192818 77.599998 6.000000  0.000000 0.000000 1.000000  0.014211 0.873733 0
0  -79.500000 77.199997 6.000000  0.000000 0.000000 1.000000  0.012607 0.874659 0
0  -78.807182 77.599998 6.000000  0.000000 0.000000 1.000000  0.011003 0.873733 0
ramp_large
0  -31.500000 78.800003 21.299999  0.500002 0.866024 0.000000  0.882803 0.351327 0
0  -30.807180 78.400002 22.000000  0.500003 0.866024 0.000000  0.881174 0.349723 0
0  -30.807180 78.400002 21.299999  0.500004 0.866023 0.000000  0.882803 0.349723 0
ramp_large
0  -80.192818 77.599998 5.300000  -1.000000 0.000000 0.000000  0.803407 0.886257 0
0  -80.192818 78.400002 6.000000  -1.000000 0.000000 0.000000  0.801778 0.884405 0
0  -80.192818 78.400002 5.300000  -1.000000 0.000000 0.000000  0.803407 0.884405 0
ramp_large
0  -78.807182 -78.400002 5.300000  0.500001 -0.866025 0.000000  0.011052 0.885621 0
0  -79.500000 -78.800003 6.000000  0.500002 -0.866024 0.000000  0.009423 0.884017 0
0  -79.500000 -78.800003 5.300000  0.500004 -0.866023 0.000000  0.011052 0.884017 0
ramp_large
0  -78.807182 -77.599998 5.300000  1.000000 0.000000 0.000000  0.812830 0.886257 0
0  -78.807182 -78.400002 6.000000  1.000000 0.000000 0.000000  0.811201 0.884405 0
0  -78.807182 -78.400002 5.300000  1.000000 0.000000 0.000000  0.812830 0.884405 0
ramp_large
0  -80.192818 78.400002 5.300000  -0.500004 0.866023 0.000000  0.033057 0.885607 0
0  -79.500000 78.800003 6.000000  -0.500005 0.866023 0.000000  0.031428 0.884003 0
0  -79.500000 78.800003 5.300000  -0.500010 0.866020 0.000000  0.033057 0.884003 0
ramp_large
0  -80.192818 77.599998 5.300000  0.000000 0.000000 -1.000000  0.873380 0.353491 0
0  -80.192818 78.400002 5.300000  0.000000 0.000000 -1.000000  0.871768 0.354418 0
0  -78.807182 78.400002 5.300000  0.000000 0.000000 -1.000000  0.870156 0.351641 0
ramp_large
0  -79.500000 -78.800003 5.300000  -0.500005 -0.866023 0.000000  0.011052 0.884017 0
0  -80.192818 -78.400002 6.000000  -0.500004 -0.866023 0.000000  0.009423 0.882413 0
0  -80.192818 -78.400002 5.300000  -0.499998 -0.866027 0.000000  0.011052 0.882413 0
ramp_large
0  -80.192818 -77.599998 6.000000  0.000000 0.000000 1.000000  0.080297 0.873716 0
0  -80.192818 -78.400002 6.000000  0.000000 0.000000 1.000000  0.078687 0.874645 0
0  -78.807182 -78.400002 6.000000  0.000000 0.000000 1.000000  0.077077 0.871884 0
ramp_large
0  -80.192818 -78.400002 5.300000  -1.000000 0.000000 0.000000  0.890975 0.394687 0
0  -80.192818 -77.599998 6.000000  -1.000000 0.000000 0.000000  0.889346 0.392835 0
0  -80.192818 -77.599998 5.300000  -1.000000 0.000000 0.000000  0.890975 0.392835 0
ramp_large
0  -54.807178 77.599998 13.299999  0.499999 -0.866026 0.000000  0.882803 0.363893 0
0  -55.500000 77.199997 14.000000  0.499998 -0.866026 0.000000  0.881174 0.362289 0
0  -55.500000 77.199997 13.299999  0.499992 -0.866030 0.000000  0.882803 0.362289 0
ramp_large
0  -54.807178 78.400002 13.299999  1.000000 0.000000 0.000000  0.847161 0.419455 0
0  -54.807178 77.599998 14.000000  1.000000 0.000000 0.000000  0.845532 0.417603 0
0  -54.807178 77.599998 13.299999  1.000000 0.000000 0.000000  0.847161 0.417603 0
ramp_large
0  -80.192818 -77.599998 5.300000  -0.500004 0.866023 0.000000  0.001629 0.885621 0
0  -79.500000 -77.199997 6.000000  -0.500005 0.866023 0.000000  0.000000 0.884017 0
0  -79.500000 -77.199997 5.300000  -0.500010 0.866020 0.000000  0.001629 0.884017 0
ramp_large
0  -78.807182 -77.599998 5.300000  0.000000 0.000000 -1.000000  0.867470 0.380914 0
0  -78.807182 -78.400002 5.300000  0.000000 0.000000 -1.000000  0.867470 0.379062 0
0  -80.192818 -78.400002 5.300000  0.000000 0.000000 -1.000000  0.870693 0.379062 0
ramp_large
0  -55.500000 77.199997 13.299999  -0.500002 -0.866024 0.000000  0.882803 0.362289 0
0  -56.192822 77.599998 14.000000  -0.500002 -0.866024 0.000000  0.881174 0.360685 0
0  -56.192822 77.599998 13.299999  -0.500004 -0.866023 0.000000  0.882803 0.360685 0
ramp_large
0  -56.192822 77.599998 14.000000  0.000000 0.000000 1.000000  0.088091 0.873716 0
0  -55.500000 77.199997 14.000000  0.000000 0.000000 1.000000  0.088091 0.871871 0
0  -54.807178 77.599998 14.000000  0.000000 0.000000 1.000000  0.089701 0.870955 0
ramp_large
0  -30.807180 -78.400002 21.299999  0.500002 -0.866024 0.000000  0.324488 0.881107 0
0  -31.500000 -78.800003 22.000000  0.500003 -0.866024 0.000000  0.322859 0.879503 0
0  -31.500000 -78.800003 21.299999  0.500004 -0.866023 0.000000  0.324488 0.879503 0
ramp_large
0  -56.192822 77.599998 13.299999  -1.000000 0.000000 0.000000  0.070749 0.884252 0
0  -56.192822 78.400002 14.000000  -1.000000 0.000000 0.000000  0.069120 0.882400 0
0  -56.192822 78.400002 13.299999  -1.000000 0.000000 0.000000  0.070749 0.882400 0
ramp_large
0  -54.807178 -78.400002 13.299999  0.499999 -0.866026 0.000000  0.882762 0.877575 0
0  -55.500000 -78.800003 14.000000  0.499998 -0.866026 0.000000  0.881133 0.875972 0
0  -55.500000 -78.800003 13.299999  0.499992 -0.866030 0.000000  0.882762 0.875972 0
ramp_large
0  -54.807178 -77.599998 13.299999  1.000000 0.000000 0.000000  0.080172 0.884252 0
0  -54.807178 -78.400002 14.000000  1.000000 0.000000 0.000000  0.078543 0.882400 0
0  -54.807178 -78.400002 13.299999  1.000000 0.000000 0.000000  0.080172 0.882400 0
ramp_large
0  -56.192822 78.400002 13.299999  -0.500002 0.866024 0.000000  0.882803 0.331007 0
0  -55.500000 78.800003 14.000000  -0.500001 0.866025 0.000000  0.881174 0.329403 0
0  -55.500000 78.800003 13.299999  -0.499998 0.866027 0.000000  0.882803 0.329403 0
ramp_large
0  -56.192822 78.400002 13.299999  -0.000001 0.000000 -1.000000  0.871768 0.331503 0
0  -55.500000 78.800003 13.299999  0.000000 0.000000 -1.000000  0.870156 0.330577 0
0  -54.807178 78.400002 13.299999  0.000000 0.000000 -1.000000  0.870156 0.328726 0
ramp_large
0  -55.500000 -78.800003 13.299999  -0.500002 -0.866024 0.000000  0.882762 0.875972 0
0  -56.192822 -78.400002 14.000000  -0.500002 -0.866024 0.000000  0.881133 0.874368 0
0  -56.192822 -78.400002 13.299999  -0.500004 -0.866023 0.000000  0.882762 0.874368 0
ramp_large
0  -6.807179 77.599998 29.299999  0.500002 -0.866024 0.000000  0.204378 0.880996 0
0  -7.500000 77.199997 30.000000  0.500002 -0.866024 0.000000  0.202749 0.879392 0
0  -7.500000 77.199997 29.299999  0.500003 -0.866024 0.000000  0.204378 0.879392 0
ramp_large
0  -56.192822 -78.400002 13.299999  0.000000 0.000000 -1.000000  0.873380 0.364949 0
0  -56.192822 -77.599998 13.299999  -0.000002 0.000000 -1.000000  0.871768 0.365875 0
0  -55.500000 -77.199997 13.299999  0.000001 0.000000 -1.000000  0.870156 0.364950 0
ramp_large
0  -56.192822 -78.400002 13.299999  -1.000000 0.000000 0.000000  0.089595 0.884252 0
0  -56.192822 -77.599998 14.000000  -1.000000 0.000000 0.000000  0.087966 0.882400 0
0  -56.192822 -77.599998 13.299999  -1.000000 0.000000 0.000000  0.089595 0.882400 0
ramp_large
0  -30.807180 -77.599998 21.299999  1.000000 0.000000 0.000000  0.099018 0.884252 0
0  -30.807180 -78.400002 22.000000  1.000000 0.000000 0.000000  0.097389 0.882400 0
0  -30.807180 -78.400002 21.299999  1.000000 0.000000 0.000000  0.099018 0.882400 0
ramp_large
0  -7.500000 78.800003 29.299999  0.500002 0.866024 0.000000  0.259657 0.877385 0
0  -6.807179 78.400002 30.000000  0.500002 0.866024 0.000000  0.258028 0.875782 0
0  -6.807179 78.400002 29.299999  0.500003 0.866024 0.000000  0.259657 0.875782 0
ramp_large
0  -56.192822 -77.599998 13.299999  -0.500002 0.866024 0.000000  0.882803 0.341969 0
0  -55.500000 -77.199997 14.000000  -0.500001 0.866025 0.000000  0.881174 0.340365 0
0  -55.500000 -77.199997 13.299999  -0.499998 0.866027 0.000000  0.882803 0.340365 0
ramp_large
0  -56.192822 -77.599998 14.000000  0.000000 0.000000 1.000000  0.034630 0.874645 0
0  -56.192822 -78.400002 14.000000  0.000000 0.000000 1.000000  0.033020 0.873716 0
0  -54.807178 -78.400002 14.000000  0.000000 0.000000 1.000000  0.034630 0.870955 0
ramp_large
0  -31.500000 77.199997 21.299999  -0.500001 -0.866025 0.000000  0.315065 0.879503 0
0  -32.192822 77.599998 22.000000  -0.500001 -0.866025 0.000000  0.313437 0.877900 0
0  -32.192822 77.599998 21.299999  -0.500001 -0.866025 0.000000  0.315065 0.877900 0
ramp_large
0  -6.807179 -78.400002 29.299999  0.500002 -0.866024 0.000000  0.213800 0.880996 0
0  -7.500000 -78.800003 30.000000  0.500002 -0.866024 0.000000  0.212172 0.879392 0
0  -7.500000 -78.800003 29.299999  0.500003 -0.866024 0.000000  0.213800 0.879392 0
ramp_large
0  -32.192822 78.400002 21.299999  0.000002 0.000000 -1.000000  0.860505 0.407997 0
0  -31.500000 78.800003 21.299999  0.000000 0.000000 -1.000000  0.858894 0.408923 0
0  -30.807180 78.400002 21.299999  0.000000 0.000000 -1.000000  0.857282 0.407997 0
ramp_large
0  -32.192822 77.599998 21.299999  -1.000000 0.000000 0.000000  0.108441 0.884252 0
0  -32.192822 78.400002 22.000000  -1.000000 0.000000 0.000000  0.106812 0.882400 0
0  -32.192822 78.400002 21.299999  -1.000000 0.000000 0.000000  0.108441 0.882400 0
ramp_large
0  -6.807179 78.400002 29.299999  1.000000 0.000000 0.000000  0.117864 0.884252 0
0  -6.807179 77.599998 30.000000  1.000000 0.000000 0.000000  0.116235 0.882400 0
0  -6.807179 77.599998 29.299999  1.000000 0.000000 0.000000  0.117864 0.882400 0
ramp_large
0  -7.500000 -77.199997 29.299999  0.500002 0.866024 0.000000  0.269079 0.877385 0
0  -6.807179 -77.599998 30.000000  0.500002 0.866024 0.000000  0.267451 0.875782 0
0  -6.807179 -77.599998 29.299999  0.500003 0.866024 0.000000  0.269079 0.875782 0
ramp_large
0  -32.192822 78.400002 21.299999  -0.500001 0.866025 0.000000  0.882803 0.352931 0
0  -31.500000 78.800003 22.000000  -0.500001 0.866025 0.000000  0.881174 0.351327 0
0  -31.500000 78.800003 21.299999  -0.500004 0.866023 0.000000  0.882803 0.351327 0
ramp_large
0  -32.192822 78.400002 22.000000  0.000000 0.000000 1.000000  0.056658 0.874645 0
0  -32.192822 77.599998 22.000000  0.000000 0.000000 1.000000  0.055048 0.873716 0
0  -30.807180 77.599998 22.000000  0.000000 0.000000 1.000000  0.056658 0.870955 0
ramp_large
0  -31.500000 -78.800003 21.299999  -0.500001 -0.866025 0.000000  0.324488 0.879503 0
0  -32.192822 -78.400002 22.000000  -0.500001 -0.866025 0.000000  0.322859 0.877900 0
0  -32.192822 -78.400002 21.299999  -0.500001 -0.866025 0.000000  0.324488 0.877900 0
ramp_large
0  17.192820 77.599998 37.300003  0.500001 -0.866025 0.000000  0.857162 0.883744 0
0  16.500000 77.199997 38.000000  0.500001 -0.866025 0.000000  0.855533 0.882140 0
0  16.500000 77.199997 37.300003  0.500002 -0.866025 0.000000  0.857162 0.882140 0
ramp_large
0  -30.807180 -77.599998 21.299999  -0.000002 0.000000 -1.000000  0.869481 0.392835 0
0  -30.807180 -78.400002 21.299999  0.000000 0.000000 -1.000000  0.871093 0.393761 0
0  -32.192822 -78.400002 21.299999  -0.000000 0.000000 -1.000000  0.869481 0.396538 0
ramp_large
0  -32.192822 -78.400002 21.299999  -1.000000 0.000000 0.000000  0.127287 0.884252 0
0  -32.192822 -77.599998 22.000000  -1.000000 0.000000 0.000000  0.125658 0.882400 0
0  -32.192822 -77.599998 21.299999  -1.000000 0.000000 0.000000  0.127287 0.882400 0
ramp_large
0  -6.807179 -77.599998 29.299999  1.000000 0.000000 0.000000  0.136710 0.884252 0
0  -6.807179 -78.400002 30.000000  1.000000 0.000000 0.000000  0.135081 0.882400 0
0  -6.807179 -78.400002 29.299999  1.000000 0.000000 0.000000  0.136710 0.882400 0
ramp_large
0  16.500000 78.800003 37.300003  0.500002 0.866024 0.000000  0.279064 0.883907 0
0  17.192820 78.400002 38.000000  0.500001 0.866025 0.000000  0.277436 0.882303 0
0  17.192820 78.400002 37.300003  0.499999 0.866026 0.000000  0.279064 0.882303 0
ramp_large
0  -32.192822 -77.599998 21.299999  -0.500001 0.866025 0.000000  0.772374 0.416876 0
0  -31.500000 -77.199997 22.000000  -0.500001 0.866025 0.000000  0.770745 0.415272 0
0  -31.500000 -77.199997 21.299999  -0.500004 0.866023 0.000000  0.772374 0.415272 0
ramp_large
0  -32.192822 -77.599998 22.000000  0.000000 0.000000 1.000000  0.102326 0.873716 0
0  -32.192822 -78.400002 22.000000  0.000000 0.000000 1.000000  0.100716 0.874645 0
0  -30.807180 -78.400002 22.000000  0.000000 0.000000 1.000000  0.099106 0.871884 0
ramp_large
0  -7.500000 77.199997 29.299999  -0.500002 -0.866024 0.000000  0.204378 0.879392 0
0  -8.192821 77.599998 30.000000  -0.500002 -0.866024 0.000000  0.202749 0.877788 0
0  -8.192821 77.599998 29.299999  -0.500003 -0.866024 0.000000  0.204378 0.877788 0
ramp_large
0  17.192820 -78.400002 37.300003  0.500001 -0.866025 0.000000  0.023634 0.885607 0
0  16.500000 -78.800003 38.000000  0.500001 -0.866025 0.000000  0.022005 0.884003 0
0  16.500000 -78.800003 37.300003  0.500002 -0.866025 0.000000  0.023634 0.884003 0
ramp_large
0  -6.807179 78.400002 29.299999  -0.000002 0.000000 -1.000000  0.869912 0.405219 0
0  -6.807179 77.599998 29.299999  0.000000 0.000000 -1.000000  0.871524 0.406145 0
0  -8.192821 77.599998 29.299999  -0.000000 0.000000 -1.000000  0.869912 0.408922 0
ramp_large
0  -8.192821 77.599998 29.299999  -1.000000 0.000000 0.000000  0.303960 0.884929 0
0  -8.192821 78.400002 30.000000  -1.000000 0.000000 0.000000  0.302331 0.883077 0
0  -8.192821 78.400002 29.299999  -1.000000 0.000000 0.000000  0.303960 0.883077 0
ramp_large
0  17.192820 78.400002 37.300003  1.000000 0.000000 0.000000  0.891074 0.407071 0
0  17.192820 77.599998 38.000000  1.000000 0.000000 0.000000  0.889446 0.405219 0
0  17.192820 77.599998 37.300003  1.000000 0.000000 0.000000  0.891074 0.405219 0
ramp_large
0  16.500000 -77.199997 37.300003  0.500002 0.866024 0.000000  0.288487 0.883907 0
0  17.192820 -77.599998 38.000000  0.500001 0.866025 0.000000  0.286859 0.882303 0
0  17.192820 -77.599998 37.300003  0.499999 0.866026 0.000000  0.288487 0.882303 0
ramp_large
0  -8.192821 78.400002 29.299999  -0.500002 0.866024 0.000000  0.259657 0.878989 0
0  -7.500000 78.800003 30.000000  -0.500002 0.866024 0.000000  0.258028 0.877385 0
0  -7.500000 78.800003 29.299999  -0.500003 0.866024 0.000000  0.259657 0.877385 0
ramp_large
0  -8.192821 78.400002 30.000000  0.000000 0.000000 1.000000  0.023615 0.874645 0
0  -8.192821 77.599998 30.000000  0.000000 0.000000 1.000000  0.022005 0.873716 0
0  -6.807179 77.599998 30.000000  0.000000 0.000000 1.000000  0.023615 0.870955 0
ramp_large
0  -7.500000 -78.800003 29.299999  -0.500002 -0.866024 0.000000  0.213800 0.879392 0
0  -8.192821 -78.400002 30.000000  -0.500002 -0.866024 0.000000  0.212172 0.877788 0
0  -8.192821 -78.400002 29.299999  -0.500003 -0.866024 0.000000  0.213800 0.877788 0
ramp_large
0  41.192822 77.599998 45.300003  0.500003 -0.866024 0.000000  0.333911 0.881107 0
0  40.500000 77.199997 46.000000  0.500003 -0.866024 0.000000  0.332282 0.879503 0
0  40.500000 77.199997 45.300003  0.500004 -0.866023 0.000000  0.333911 0.879503 0
ramp_large
0  -6.807179 -77.599998 29.299999  -0.000002 0.000000 -1.000000  0.871768 0.339257 0
0  -6.807179 -78.400002 29.299999  0.000000 0.000000 -1.000000  0.873380 0.340183 0
0  -8.192821 -78.400002 29.299999  -0.000000 0.000000 -1.000000  0.871768 0.342960 0
ramp_large
0  -8.192821 -78.400002 29.299999  -1.000000 0.000000 0.000000  0.890289 0.418529 0
0  -8.192821 -77.599998 30.000000  -1.000000 0.000000 0.000000  0.888660 0.416677 0
0  -8.192821 -77.599998 29.299999  -1.000000 0.000000 0.000000  0.890289 0.416677 0
ramp_large
0  17.192820 -77.599998 37.300003  1.000000 0.000000 0.000000  0.891130 0.379988 0
0  17.192820 -78.400002 38.000000  1.000000 0.000000 0.000000  0.889502 0.378136 0
0  17.192820 -78.400002 37.300003  1.000000 0.000000 0.000000  0.891130 0.378136 0
ramp_large
0  40.500000 78.800003 45.300003  0.500002 0.866024 0.000000  0.343334 0.879503 0
0  41.192822 78.400002 46.000000  0.500003 0.866024 0.000000  0.341705 0.877900 0
0  41.192822 78.400002 45.300003  0.500007 0.866022 0.000000  0.343334 0.877900 0
ramp_large
0  -8.192821 -77.599998 29.299999  -0.500002 0.866024 0.000000  0.269079 0.878989 0
0  -7.500000 -77.199997 30.000000  -0.500002 0.866024 0.000000  0.267451 0.877385 0
0  -7.500000 -77.199997 29.299999  -0.500003 0.866024 0.000000  0.269079 0.877385 0
ramp_large
0  -8.192821 -77.599998 30.000000  0.000000 0.000000 1.000000  0.003208 0.871881 0
0  -8.192821 -78.400002 30.000000  0.000000 0.000000 1.000000  0.003208 0.873733 0
0  -6.807179 -78.400002 30.000000  0.000000 0.000000 1.000000  0.000000 0.873733 0
ramp_large
0  16.500000 77.199997 37.300003  -0.500001 -0.866025 0.000000  0.857162 0.882140 0
0  15.807179 77.599998 38.000000  -0.500001 -0.866025 0.000000  0.855533 0.880536 0
0  15.807179 77.599998 37.300003  -0.500000 -0.866025 0.000000  0.857162 0.880536 0
ramp_large
0  41.192822 -78.400002 45.300003  0.500003 -0.866024 0.000000  0.352757 0.881107 0
0  40.500000 -78.800003 46.000000  0.500003 -0.866024 0.000000  0.351128 0.879503 0
0  40.500000 -78.800003 45.300003  0.500004 -0.866023 0.000000  0.352757 0.879503 0
ramp_large
0  17.192820 78.400002 37.300003  0.000002 0.000000 -1.000000  0.846110 0.870005 0
0  17.192820 77.599998 37.300003  0.000000 0.000000 -1.000000  0.847722 0.869079 0
0  15.807179 77.599998 37.300003  0.000000 0.000000 -1.000000  0.849334 0.871856 0
ramp_large
0  15.807179 77.599998 37.300003  -1.000000 0.000000 0.000000  0.833303 0.886549 0
0  15.807179 78.400002 38.000000  -1.000000 0.000000 0.000000  0.831674 0.884697 0
0  15.807179 78.400002 37.300003  -1.000000 0.000000 0.000000  0.833303 0.884697 0
ramp_large
0  41.192822 78.400002 45.300003  1.000000 0.000000 0.000000  0.872635 0.886593 0
0  41.192822 77.599998 46.000000  1.000000 0.000000 0.000000  0.871006 0.884741 0
0  41.192822 77.599998 45.300003  1.000000 0.000000 0.000000  0.872635 0.884741 0
ramp_large
0  40.500000 -77.199997 45.300003  0.500002 0.866024 0.000000  0.362180 0.879503 0
0  41.192822 -77.599998 46.000000  0.500003 0.866024 0.000000  0.360551 0.877900 0
0  41.192822 -77.599998 45.300003  0.500007 0.866022 0.000000  0.362180 0.877900 0
ramp_large
0  15.807179 78.400002 37.300003  -0.500001 0.866025 0.000000  0.279064 0.885510 0
0  16.500000 78.800003 38.000000  -0.500001 0.866025 0.000000  0.277436 0.883907 0
0  16.500000 78.800003 37.300003  -0.500000 0.866025 0.000000  0.279064 0.883907 0
ramp_large
0  15.807179 78.400002 38.000000  0.000000 0.000000 1.000000  0.122745 0.874645 0
0  15.807179 77.599998 38.000000  0.000000 0.000000 1.000000  0.121134 0.873716 0
0  17.192820 77.599998 38.000000  0.000000 0.000000 1.000000  0.122745 0.870955 0
ramp_large
0  16.500000 -78.800003 37.300003  -0.500001 -0.866025 0.000000  0.023634 0.884003 0
0  15.807179 -78.400002 38.000000  -0.500001 -0.866025 0.000000  0.022005 0.882400 0
0  15.807179 -78.400002 37.300003  -0.500000 -0.866025 0.000000  0.023634 0.882400 0
ramp_large
0  65.192818 77.599998 53.300003  0.500003 -0.866023 0.000000  0.051903 0.885607 0
0  64.500000 77.199997 54.000000  0.500005 -0.866023 0.000000  0.050274 0.884003 0
0  64.500000 77.199997 53.300003  0.500013 -0.866018 0.000000  0.051903 0.884003 0
ramp_large
0  17.192820 -77.599998 37.300003  0.000002 0.000000 -1.000000  0.279047 0.870845 0
0  17.192820 -78.400002 37.300003  0.000000 0.000000 -1.000000  0.280659 0.871771 0
0  15.807179 -78.400002 37.300003  0.000000 0.000000 -1.000000  0.279047 0.874548 0
ramp_large
0  15.807179 -78.400002 37.300003  -1.000000 0.000000 0.000000  0.822843 0.886876 0
0  15.807179 -77.599998 38.000000  -1.000000 0.000000 0.000000  0.821215 0.885024 0
0  15.807179 -77.599998 37.300003  -1.000000 0.000000 0.000000  0.822843 0.885024 0
ramp_large
0  41.192822 -77.599998 45.300003  1.000000 0.000000 0.000000  0.882762 0.887182 0
0  41.192822 -78.400002 46.000000  1.000000 0.000000 0.000000  0.881133 0.885330 0
0  41.192822 -78.400002 45.300003  1.000000 0.000000 0.000000  0.882762 0.885330 0
ramp_large
0  64.500000 78.800003 53.300003  0.500004 0.866023 0.000000  0.371603 0.879503 0
0  65.192818 78.400002 54.000000  0.500004 0.866023 0.000000  0.369974 0.877900 0
0  65.192818 78.400002 53.300003  0.500001 0.866025 0.000000  0.371603 0.877900 0
ramp_large
0  15.807179 -77.599998 37.300003  -0.500001 0.866025 0.000000  0.288487 0.885510 0
0  16.500000 -77.199997 38.000000  -0.500001 0.866025 0.000000  0.286859 0.883907 0
0  16.500000 -77.199997 37.300003  -0.500000 0.866025 0.000000  0.288487 0.883907 0
ramp_large
0  15.807179 -77.599998 38.000000  0.000000 0.000000 1.000000  0.135369 0.873716 0
0  15.807179 -78.400002 38.000000  0.000000 0.000000 1.000000  0.133759 0.874645 0
0  17.192820 -78.400002 38.000000  0.000000 0.000000 1.000000  0.132149 0.871884 0
ramp_large
0  40.500000 77.199997 45.300003  -0.500002 -0.866024 0.000000  0.333911 0.879503 0
0  39.807178 77.599998 46.000000  -0.500003 -0.866024 0.000000  0.332282 0.877900 0
0  39.807178 77.599998 45.300003  -0.500007 -0.866022 0.000000  0.333911 0.877900 0
ramp_large
0  65.192818 -78.400002 53.300003  0.500003 -0.866023 0.000000  0.061326 0.885607 0
0  64.500000 -78.800003 54.000000  0.500005 -0.866023 0.000000  0.059697 0.884003 0
0  64.500000 -78.800003 53.300003  0.500013 -0.866018 0.000000  0.061326 0.884003 0
ramp_large
0  41.192822 78.400002 45.300003  -0.000003 0.000000 -1.000000  0.792355 0.865024 0
0  41.192822 77.599998 45.300003  0.000000 0.000000 -1.000000  0.792355 0.863172 0
0  39.807178 77.599998 45.300003  -0.000000 0.000000 -1.000000  0.795578 0.863172 0
ramp_large
0  39.807178 77.599998 45.300003  -1.000000 0.000000 0.000000  0.381708 0.887568 0
0  39.807178 78.400002 46.000000  -1.000000 0.000000 0.000000  0.380079 0.885716 0
0  39.807178 78.400002 45.300003  -1.000000 0.000000 0.000000  0.381708 0.885716 0
ramp_large
0  65.192818 78.400002 53.300003  1.000000 0.000000 0.000000  0.391131 0.887568 0
0  65.192818 77.599998 54.000000  1.000000 0.000000 0.000000  0.389502 0.885716 0
0  65.192818 77.599998 53.300003  1.000000 0.000000 0.000000  0.391131 0.885716 0
ramp_large
0  64.500000 -77.199997 53.300003  0.500004 0.866023 0.000000  0.847739 0.882140 0
0  65.192818 -77.599998 54.000000  0.500004 0.866023 0.000000  0.846110 0.880536 0
0  65.192818 -77.599998 53.300003  0.500001 0.866025 0.000000  0.847739 0.880536 0
ramp_large
0  39.807178 78.400002 45.300003  -0.500003 0.866024 0.000000  0.343334 0.881107 0
0  40.500000 78.800003 46.000000  -0.500003 0.866024 0.000000  0.341705 0.879503 0
0  40.500000 78.800003 45.300003  -0.500004 0.866023 0.000000  0.343334 0.879503 0
ramp_large
0  39.807178 78.400002 46.000000  0.000000 0.000000 1.000000  0.113340 0.873716 0
0  39.807178 77.599998 46.000000  0.000000 0.000000 1.000000  0.111730 0.874645 0
0  41.192822 77.599998 46.000000  0.000000 0.000000 1.000000  0.110120 0.871884 0
ramp_large
0  40.500000 -78.800003 45.300003  -0.500002 -0.866024 0.000000  0.352757 0.879503 0
0  39.807178 -78.400002 46.000000  -0.500003 -0.866024 0.000000  0.351128 0.877900 0
0  39.807178 -78.400002 45.300003  -0.500007 -0.866022 0.000000  0.352757 0.877900 0
ramp_large
0  41.192822 -77.599998 45.300003  -0.000003 0.000000 -1.000000  0.857128 0.870005 0
0  41.192822 -78.400002 45.300003  0.000000 0.000000 -1.000000  0.858740 0.869079 0
0  39.807178 -78.400002 45.300003  -0.000000 0.000000 -1.000000  0.860352 0.871856 0
ramp_large
0  39.807178 -78.400002 45.300003  -1.000000 0.000000 0.000000  0.400554 0.887568 0
0  39.807178 -77.599998 46.000000  -1.000000 0.000000 0.000000  0.398925 0.885716 0
0  39.807178 -77.599998 45.300003  -1.000000 0.000000 0.000000  0.400554 0.885716 0
ramp_large
0  65.192818 -77.599998 53.300003  1.000000 0.000000 0.000000  0.409977 0.887568 0
0  65.192818 -78.400002 54.000000  1.000000 0.000000 0.000000  0.408348 0.885716 0
0  65.192818 -78.400002 53.300003  1.000000 0.000000 0.000000  0.409977 0.885716 0
ramp_large
0  39.807178 -77.599998 45.300003  -0.500003 0.866024 0.000000  0.362180 0.881107 0
0  40.500000 -77.199997 46.000000  -0.500003 0.866024 0.000000  0.360551 0.879503 0
0  40.500000 -77.199997 45.300003  -0.500004 0.866023 0.000000  0.362180 0.879503 0
ramp_large
0  39.807178 -77.599998 46.000000  0.000000 0.000000 1.000000  0.047254 0.873716 0
0  39.807178 -78.400002 46.000000  0.000000 0.000000 1.000000  0.045644 0.874645 0
0  41.192822 -78.400002 46.000000  0.000000 0.000000 1.000000  0.044034 0.871884 0
ramp_large
0  64.500000 77.199997 53.300003  -0.500001 -0.866025 0.000000  0.051903 0.884003 0
0  63.807178 77.599998 54.000000  -0.500002 -0.866024 0.000000  0.050274 0.882400 0
0  63.807178 77.599998 53.300003  -0.500007 -0.866022 0.000000  0.051903 0.882400 0
ramp_large
0  65.192818 78.400002 53.300003  -0.000003 0.000000 -1.000000  0.290066 0.870845 0
0  65.192818 77.599998 53.300003  0.000000 0.000000 -1.000000  0.291678 0.871771 0
0  63.807178 77.599998 53.300003  -0.000000 0.000000 -1.000000  0.290066 0.874548 0
ramp_large
0  63.807178 77.599998 53.300003  -1.000000 0.000000 0.000000  0.419400 0.887568 0
0  63.807178 78.400002 54.000000  -1.000000 0.000000 0.000000  0.417771 0.885716 0
0  63.807178 78.400002 53.300003  -1.000000 0.000000 0.000000  0.419400 0.885716 0
ramp_large
0  63.807178 78.400002 53.300003  -0.500001 0.866025 0.000000  0.371603 0.881107 0
0  64.500000 78.800003 54.000000  -0.500001 0.866025 0.000000  0.369974 0.879503 0
0  64.500000 78.800003 53.300003  -0.500001 0.866025 0.000000  0.371603 0.879503 0
ramp_large
0  64.500000 78.800003 54.000000  0.000000 0.000000 1.000000  0.069283 0.871871 0
0  63.807178 78.400002 54.000000  0.000000 0.000000 1.000000  0.069283 0.873716 0
0  63.807178 77.599998 54.000000  0.000000 0.000000 1.000000  0.067673 0.874645 0
ramp_large
0  64.500000 -78.800003 53.300003  -0.500001 -0.866025 0.000000  0.061326 0.884003 0
0  63.807178 -78.400002 54.000000  -0.500002 -0.866024 0.000000  0.059697 0.882400 0
0  63.807178 -78.400002 53.300003  -0.500007 -0.866022 0.000000  0.061326 0.882400 0
ramp_large
0  65.192818 -77.599998 53.300003  -0.000003 0.000000 -1.000000  0.803373 0.865024 0
0  65.192818 -78.400002 53.300003  0.000000 0.000000 -1.000000  0.803373 0.863172 0
0  63.807178 -78.400002 53.300003  -0.000000 0.000000 -1.000000  0.806596 0.863172 0
ramp_large
0  63.807178 -78.400002 53.300003  -1.000000 0.000000 0.000000  0.428823 0.887568 0
0  63.807178 -77.599998 54.000000  -1.000000 0.000000 0.000000  0.427194 0.885716 0
0  63.807178 -77.599998 53.300003  -1.000000 0.000000 0.000000  0.428823 0.885716 0
ramp_large
0  63.807178 -77.599998 53.300003  -0.500001 0.866025 0.000000  0.847739 0.883744 0
0  64.500000 -77.199997 54.000000  -0.500001 0.866025 0.000000  0.846110 0.882140 0
0  64.500000 -77.199997 53.300003  -0.500001 0.866025 0.000000  0.847739 0.882140 0
ramp_large
0  64.500000 -77.199997 54.000000  0.000000 0.000000 1.000000  0.881707 0.380910 0
0  63.807178 -77.599998 54.000000  0.000000 0.000000 1.000000  0.880097 0.381826 0
0  63.807178 -78.400002 54.000000  0.000000 0.000000 1.000000  0.878487 0.380897 0
ramp_large
0  -91.500000 80.000000 0.000000  -0.000000 1.000000 0.000000  0.874317 0.856731 0
0  -96.000000 80.000000 0.000000  0.000000 1.000000 0.000000  0.871006 0.866614 0
0  84.000000 80.000008 60.000000  -0.000000 1.000000 0.000000  0.871006 0.427396 0
ramp_large
0  -96.000000 -80.000000 0.000012  0.000000 -1.000000 0.000000  0.305642 0.875323 0
0  -91.500000 -80.000000 0.000012  0.000000 -1.000000 0.000000  0.302331 0.865440 0
0  84.000000 -80.000000 58.500011  0.000000 -1.000000 0.000000  0.302331 0.437203 0
ramp_large
0  -96.000000 80.000000 0.000000  -0.316228 0.000000 0.948683  0.372285 0.428350 0
0  -96.000000 -80.000000 0.000012  -0.316228 0.000000 0.948683  0.000000 0.428351 0
0  84.000000 -80.000000 60.000011  -0.316228 0.000000 0.948683  0.000000 0.000000 0
ramp_large
0  84.000000 80.000008 60.000000  1.000000 0.000000 0.000000  0.851077 0.000000 0
0  84.000000 -80.000000 60.000011  1.000000 0.000000 0.000000  0.851077 0.370381 0
0  84.000000 -80.000000 58.500011  1.000000 0.000000 0.000000  0.847587 0.370381 0
ramp_large
0  84.000000 80.000008 58.500000  0.316228 -0.000000 -0.948683  0.380079 0.000000 0
0  84.000000 -80.000000 58.500011  0.316228 -0.000000 -0.948683  0.752365 0.000000 0
0  -91.500000 -80.000000 0.000012  0.160186 -0.000000 -0.987087  0.752365 0.409227 0
ramp_large
0  -91.500000 80.000000 0.000000  0.160181 -0.000000 -0.987088  0.380079 0.409227 0
0  -91.500000 -80.000000 0.000012  0.160186 -0.000000 -0.987087  0.752365 0.409227 0
0  -96.000000 -80.000000 0.000012  0.000000 -0.000000 -1.000000  0.752365 0.419641 0
ramp_large
0  84.000000 80.000008 58.500000  0.000000 1.000000 0.000000  0.760159 0.378136 0
0  84.000000 80.000008 60.000000  0.000000 1.000000 0.000000  0.763649 0.378136 0
0  96.000000 80.000008 64.000000  0.000000 1.000000 0.000000  0.772956 0.405914 0
ramp_large
0  84.000000 -80.000000 60.000011  0.000000 -1.000000 0.000000  0.784061 0.407417 0
0  84.000000 -80.000000 58.500011  0.000000 -1.000000 0.000000  0.780750 0.408515 0
0  96.000000 -80.000000 62.500011  0.000000 -1.000000 0.000000  0.780750 0.379234 0
ramp_large
0  84.000000 80.000008 60.000000  -0.316228 0.000000 0.948683  0.788862 0.000000 0
0  84.000000 -80.000000 60.000011  -0.316228 0.000000 0.948683  0.788862 0.370381 0
0  96.000000 -80.000000 64.000015  -0.316228 0.000000 0.948683  0.760159 0.370381 0
ramp_large
0  96.000000 80.000008 64.000000  1.000000 0.000000 0.000000  0.839793 0.000000 0
0  96.000000 -80.000000 64.000015  1.000000 0.000000 0.000000  0.839793 0.370381 0
0  96.000000 -80.000000 62.500011  1.000000 0.000000 0.000000  0.836303 0.370381 0
ramp_large
0  96.000000 80.000008 62.500000  0.316228 -0.000000 -0.948683  0.152055 0.806486 0
0  96.000000 -80.000000 62.500011  0.316228 -0.000000 -0.948683  0.152055 0.436105 0
0  84.000000 -80.000000 58.500011  0.316228 -0.000000 -0.948683  0.180180 0.436105 0
ramp_large
0  84.000000 80.000008 58.500000  -1.000000 0.000000 0.000000  0.858872 0.370381 0
0  84.000000 -80.000000 58.500011  -1.000000 0.000000 0.000000  0.858872 0.000000 0
0  84.000000 -80.000000 60.000011  -1.000000 0.000000 0.000000  0.862362 0.000000 0
ramp_large
0  -89.500000 79.000000 0.000000  0.000000 -0.000000 -1.000000  0.277436 0.863091 0
0  95.000000 79.000000 0.000000  0.000000 -0.000000 -1.000000  0.277436 0.436105 0
0  95.000000 77.000000 0.000000  0.000000 -0.000000 -1.000000  0.282089 0.436105 0
ramp_large
0  95.000000 79.000000 0.000000  1.000000 0.000000 0.000000  0.992488 0.143523 0
0  95.000000 79.000008 62.000000  1.000000 0.000000 0.000000  0.992488 0.000000 0
0  95.000000 77.000008 62.000000  1.000000 0.000000 0.000000  0.997142 0.000000 0
ramp_large
0  95.000000 79.000008 62.000000  -0.318539 0.000000 0.947910  0.825868 0.427395 0
0  -89.500000 79.000000 0.000000  -0.318539 0.000000 0.947910  0.825868 0.866569 0
0  -89.500000 77.000000 0.000000  -0.318539 0.000000 0.947910  0.821215 0.866569 0
ramp_large
0  -89.500000 -77.000000 0.000000  0.000000 -0.000000 -1.000000  0.289883 0.863091 0
0  95.000000 -77.000000 0.000000  0.000000 -0.000000 -1.000000  0.289883 0.436105 0
0  95.000000 -79.000000 0.000000  0.000000 -0.000000 -1.000000  0.294537 0.436105 0
ramp_large
0  95.000000 -77.000000 0.000000  1.000000 0.000000 0.000000  0.992488 0.294800 0
0  95.000000 -76.999992 62.000000  1.000000 0.000000 0.000000  0.992488 0.151277 0
0  95.000000 -78.999992 62.000000  1.000000 0.000000 0.000000  0.997142 0.151277 0
ramp_large
0  95.000000 -76.999992 62.000000  -0.318539 0.000000 0.947910  0.838316 0.427396 0
0  -89.500000 -77.000000 0.000000  -0.318539 0.000000 0.947910  0.838316 0.866569 0
0  -89.500000 -79.000000 0.000000  -0.318539 0.000000 0.947910  0.833662 0.866569 0
ramp_large
0  93.500000 -79.000000 28.799999  -1.000000 0.000000 0.000000  0.803637 0.365751 0
0  93.500000 -79.000000 31.799999  -1.000000 0.000000 0.000000  0.796657 0.365751 0
0  93.500000 79.000000 31.799999  -1.000000 0.000000 0.000000  0.796657 0.000000 0
ramp_large
0  93.500000 79.000000 28.799999  0.000000 1.000000 0.000000  0.821401 0.385080 0
0  93.500000 79.000000 31.799999  0.000000 1.000000 0.000000  0.821401 0.378136 0
0  95.500000 79.000000 31.799999  0.000000 1.000000 0.000000  0.826055 0.378136 0
ramp_large
0  95.500000 79.000000 28.799999  1.000000 0.000000 0.000000  0.194954 0.801856 0
0  95.500000 79.000000 31.799999  1.000000 0.000000 0.000000  0.187974 0.801856 0
0  95.500000 -79.000000 31.799999  1.000000 0.000000 0.000000  0.187974 0.436105 0
ramp_large
0  95.500000 -79.000000 28.799999  0.000000 -1.000000 0.000000  0.833849 0.385080 0
0  95.500000 -79.000000 31.799999  0.000000 -1.000000 0.000000  0.833849 0.378136 0
0  93.500000 -79.000000 31.799999  0.000000 -1.000000 0.000000  0.838503 0.378136 0
ramp_large
0  93.500000 79.000000 28.799999  0.000000 0.000000 -1.000000  0.816084 0.365751 0
0  95.500000 79.000000 28.799999  0.000000 0.000000 -1.000000  0.811431 0.365751 0
0  95.500000 -79.000000 28.799999  0.000000 0.000000 -1.000000  0.811431 0.000000 0
ramp_large
0  95.500000 79.000000 31.799999  0.000000 0.000000 1.000000  0.823878 0.000000 0
0  93.500000 79.000000 31.799999  0.000000 0.000000 1.000000  0.828509 0.000000 0
0  93.500000 -79.000000 31.799999  0.000000 0.000000 1.000000  0.828509 0.365752 0
ramp_large
0  95.065689 -26.114035 1.128301  1.000000 -0.000007 0.000000  0.997368 0.565150 0
0  95.065689 26.637636 28.668781  1.000000 0.000004 0.000000  0.997368 0.427396 0
0  95.065689 26.114035 29.671700  1.000000 0.000004 0.000000  1.000000 0.427396 0
ramp_large
0  93.934311 -26.114035 1.128301  0.000000 0.462802 -0.886462  0.771503 0.984399 0
0  93.934311 26.637636 28.668781  0.000000 0.462802 -0.886462  0.771503 0.862277 0
0  95.065689 26.637636 28.668781  0.000000 0.462802 -0.886462  0.774135 0.862246 0
ramp_large
0  93.934311 -77.447372 1.128300  0.000000 0.462802 -0.886462  0.761077 0.984399 0
0  93.934311 -24.695694 28.668783  0.000000 0.462802 -0.886462  0.761077 0.862277 0
0  95.065689 -24.695694 28.668783  0.000000 0.462802 -0.886462  0.763709 0.862246 0
ramp_large
0  95.065689 26.637636 28.668781  0.000000 0.886462 0.462801  0.834008 0.874323 0
0  93.934311 26.637636 28.668781  0.000000 0.886462 0.462802  0.834008 0.876942 0
0  93.934311 26.114035 29.671700  0.000000 0.886462 0.462801  0.831674 0.876942 0
ramp_large
0  93.934311 25.219296 1.128300  0.000000 0.462802 -0.886462  0.781929 0.984399 0
0  93.934311 77.970970 28.668783  0.000000 0.462802 -0.886462  0.781929 0.862277 0
0  95.065689 77.970970 28.668783  0.000000 0.462802 -0.886462  0.784561 0.862246 0
ramp_large
0  95.065689 -77.447372 1.128300  1.000000 0.000000 0.000000  0.997368 0.710659 0
0  95.065689 -24.695694 28.668783  1.000000 0.000002 0.000000  0.997368 0.572904 0
0  95.065689 -25.219296 29.671700  1.000000 0.000002 0.000000  1.000000 0.572904 0
ramp_large
0  95.065689 -24.695694 28.668783  0.000000 0.886462 0.462802  0.881651 0.405219 0
0  93.934311 -24.695694 28.668783  0.000000 0.886463 0.462799  0.881651 0.407838 0
0  93.934311 -25.219296 29.671700  0.000000 0.886462 0.462802  0.879318 0.407838 0
ramp_large
0  95.065689 25.219296 1.128300  1.000000 0.000000 0.000000  0.740224 1.000000 0
0  95.065689 77.970970 28.668783  1.000000 0.000002 0.000000  0.740224 0.862246 0
0  95.065689 77.447372 29.671700  1.000000 0.000002 0.000000  0.742856 0.862246 0
ramp_large
0  95.065689 -77.970970 2.131216  0.000000 -0.462802 0.886462  0.688516 0.862246 0
0  95.065689 -25.219296 29.671700  0.000000 -0.462802 0.886462  0.694839 0.984360 0
0  93.934311 -25.219296 29.671700  0.000000 -0.462802 0.886462  0.692220 0.984360 0
ramp_large
0  93.934311 -77.970970 2.131216  -1.000000 0.000000 0.000000  0.719371 1.000000 0
0  93.934311 -25.219296 29.671700  -1.000000 0.000000 0.000000  0.719371 0.862246 0
0  93.934311 -24.695694 28.668783  -1.000000 0.000000 0.000000  0.722003 0.862246 0
ramp_large
0  93.934311 -77.447372 1.128300  0.000000 -0.886464 -0.462797  0.873339 0.874368 0
0  95.065689 -77.447372 1.128300  0.000000 -0.886465 -0.462795  0.873339 0.876987 0
0  95.065689 -77.970970 2.131216  0.000000 -0.886464 -0.462797  0.871006 0.876987 0
ramp_large
0  95.065689 -26.637636 2.131217  0.000000 -0.462802 0.886462  0.705253 0.862246 0
0  95.065689 26.114035 29.671700  0.000000 -0.462802 0.886462  0.711576 0.984360 0
0  93.934311 26.114035 29.671700  0.000000 -0.462802 0.886462  0.708957 0.984360 0
ramp_large
0  93.934311 -26.637636 2.131217  -1.000000 0.000000 0.000000  0.729797 1.000000 0
0  93.934311 26.114035 29.671700  -1.000000 0.000005 0.000000  0.729797 0.862246 0
0  93.934311 26.637636 28.668781  -1.000000 0.000005 0.000000  0.732430 0.862246 0
ramp_large
0  95.065689 -26.637636 2.131217  0.000000 -0.886462 -0.462801  0.227644 0.878401 0
0  93.934311 -26.637636 2.131217  0.000000 -0.886464 -0.462797  0.227644 0.875782 0
0  93.934311 -26.114035 1.128301  0.000000 -0.886462 -0.462801  0.229978 0.875782 0
ramp_large
0  95.065689 24.695694 2.131216  0.000000 -0.886462 -0.462802  0.237772 0.878401 0
0  93.934311 24.695694 2.131216  0.000000 -0.886463 -0.462799  0.237772 0.875782 0
0  93.934311 25.219296 1.128300  0.000000 -0.886462 -0.462802  0.240106 0.875782 0
ramp_large
0  95.065689 24.695694 2.131216  0.000000 -0.462802 0.886462  0.671779 0.862246 0
0  95.065689 77.447372 29.671700  0.000000 -0.462802 0.886462  0.678102 0.984360 0
0  93.934311 77.447372 29.671700  0.000000 -0.462802 0.886462  0.675483 0.984360 0
ramp_large
0  93.934311 24.695694 2.131216  -1.000000 0.000000 0.000000  0.750651 1.000000 0
0  93.934311 77.447372 29.671700  -1.000000 0.000000 0.000000  0.750651 0.862246 0
0  93.934311 77.970970 28.668783  -1.000000 0.000000 0.000000  0.753283 0.862246 0
ramp_large
0  95.065689 77.970970 28.668783  0.000000 0.886464 0.462797  0.250234 0.875782 0
0  93.934311 77.970970 28.668783  0.000000 0.886463 0.462799  0.250234 0.878401 0
0  93.934311 77.447372 29.671700  0.000000 0.886464 0.462797  0.247900 0.878401 0
ramp_large
0  93.000000 -78.500000 0.000000  -1.000000 0.000000 0.000000  0.903284 0.899875 0
0  93.000000 -78.500000 62.500000  -1.000000 0.000000 0.000000  0.903284 0.755195 0
0  93.000000 -75.500000 62.500000  -1.000000 0.000000 0.000000  0.910264 0.755195 0
ramp_large
0  93.000000 -75.500000 0.000000  0.000000 1.000000 0.000000  0.918058 0.899875 0
0  93.000000 -75.500000 62.500000  0.000000 1.000000 0.000000  0.918058 0.755195 0
0  96.000000 -75.500000 62.500000  0.000000 1.000000 0.000000  0.925039 0.755195 0
ramp_large
0  96.000000 -75.500000 0.000000  1.000000 0.000000 0.000000  0.932833 0.899875 0
0  96.000000 -75.500000 62.500000  1.000000 0.000000 0.000000  0.932833 0.755195 0
0  96.000000 -78.500000 62.500000  1.000000 0.000000 0.000000  0.939813 0.755195 0
ramp_large
0  96.000000 -78.500000 0.000000  0.000000 -1.000000 0.000000  0.947608 0.899875 0
0  96.000000 -78.500000 62.500000  0.000000 -1.000000 0.000000  0.947608 0.755195 0
0  93.000000 -78.500000 62.500000  0.000000 -1.000000 0.000000  0.954588 0.755195 0
ramp_large
0  93.000000 -75.500000 0.000000  0.000000 0.000000 -1.000000  0.798834 0.385080 0
0  96.000000 -75.500000 0.000000  0.000000 0.000000 -1.000000  0.791856 0.385080 0
0  96.000000 -78.500000 0.000000  0.000000 0.000000 -1.000000  0.791856 0.378136 0
ramp_large
0  96.000000 -75.500000 62.500000  0.000000 0.000000 1.000000  0.806628 0.392835 0
0  93.000000 -75.500000 62.500000  0.000000 0.000000 1.000000  0.813575 0.392835 0
0  93.000000 -78.500000 62.500000  0.000000 0.000000 1.000000  0.813575 0.399779 0
ramp_large
0  96.000000 -76.000000 1.200000  0.000000 0.000000 1.000000  0.232298 0.436105 0
0  -91.500000 -76.000000 1.200000  0.000000 0.000000 1.000000  0.232298 0.868027 0
0  -91.500000 -78.000000 1.200000  0.000000 0.000000 1.000000  0.227644 0.868027 0
ramp_large
0  96.000000 -76.000000 0.000000  1.000000 0.000000 0.000000  0.762951 0.418298 0
0  96.000000 -76.000000 1.200000  1.000000 0.000000 0.000000  0.760159 0.418298 0
0  96.000000 -78.000000 1.200000  1.000000 0.000000 0.000000  0.760159 0.413669 0
ramp_large
0  -29.887421 -76.363602 2.180267  0.000000 1.000000 -0.000011  0.870156 0.320045 0
0  94.532433 -76.363602 62.465153  0.000000 1.000000 0.000009  0.870156 0.000000 0
0  95.087418 -76.363602 61.319733  0.000000 1.000000 0.000009  0.873118 0.000000 0
ramp_large
0  93.000000 -27.166666 0.000000  -1.000000 0.000000 0.000000  0.187974 0.954291 0
0  93.000000 -27.166666 62.500000  -1.000000 0.000000 0.000000  0.187974 0.809611 0
0  93.000000 -24.166666 62.500000  -1.000000 0.000000 0.000000  0.194954 0.809611 0
ramp_large
0  -91.500000 -76.000000 0.000000  0.000000 1.000000 0.000000  0.316229 0.870145 0
0  -91.500000 -76.000000 1.200000  0.000000 1.000000 0.000000  0.313437 0.870145 0
0  96.000000 -76.000000 1.200000  0.000000 1.000000 0.000000  0.313437 0.436105 0
ramp_large
0  -29.332436 -76.363602 1.034847  0.436040 0.000000 -0.899928  0.946307 0.718502 0
0  95.087418 -76.363602 61.319733  0.436039 0.000000 -0.899927  0.946307 0.427396 0
0  95.087418 -77.636398 61.319733  0.436040 0.000000 -0.899928  0.949268 0.427396 0
ramp_large
0  95.087418 -76.363602 61.319733  0.899929 0.000000 0.436036  0.880866 0.419623 0
0  94.532433 -76.363602 62.465153  0.899930 0.000000 0.436034  0.878201 0.419623 0
0  94.532433 -77.636398 62.465153  0.899929 0.000000 0.436036  0.878201 0.416677 0
ramp_large
0  -91.500000 -78.000000 0.000000  -1.000000 0.000000 0.000000  0.838902 0.397464 0
0  -91.500000 -78.000000 1.200000  -1.000000 0.000000 0.000000  0.836109 0.397464 0
0  -91.500000 -76.000000 1.200000  -1.000000 0.000000 0.000000  0.836109 0.392835 0
ramp_large
0  -29.332436 -77.636398 1.034847  0.000000 -1.000000 -0.000011  0.880912 0.320045 0
0  95.087418 -77.636398 61.319733  0.000000 -1.000000 0.000010  0.880912 0.000000 0
0  94.532433 -77.636398 62.465153  0.000000 -1.000000 0.000010  0.883873 0.000000 0
ramp_large
0  -91.500000 -76.000000 0.000000  0.000000 0.000000 -1.000000  0.846110 0.861324 0
0  96.000000 -76.000000 0.000000  0.000000 0.000000 -1.000000  0.846110 0.427396 0
0  96.000000 -78.000000 0.000000  0.000000 0.000000 -1.000000  0.850764 0.427396 0
ramp_large
0  96.000000 -78.000000 0.000000  0.000000 -1.000000 0.000000  0.326815 0.870145 0
0  96.000000 -78.000000 1.200000  0.000000 -1.000000 0.000000  0.324023 0.870145 0
0  -91.500000 -78.000000 1.200000  0.000000 -1.000000 0.000000  0.324023 0.436105 0
ramp_large
0  -29.887421 -77.636398 2.180267  -0.436040 0.000000 0.899928  0.934691 0.300382 0
0  94.532433 -77.636398 62.465153  -0.436040 0.000000 0.899927  0.934691 0.000000 0
0  94.532433 -76.363602 62.465153  -0.436040 0.000000 0.899927  0.937652 0.000000 0
ramp_large
0  -29.887421 -76.363602 2.180267  -0.899928 0.000000 -0.436038  0.780750 0.416269 0
0  -29.332436 -76.363602 1.034847  -0.899928 0.000000 -0.436038  0.783415 0.416269 0
0  -29.332436 -77.636398 1.034847  -0.899928 0.000000 -0.436038  0.783415 0.419216 0
ramp_large
0  93.000000 -24.166666 0.000000  0.000000 1.000000 0.000000  0.152055 0.958921 0
0  93.000000 -24.166666 62.500000  0.000000 1.000000 0.000000  0.152055 0.814240 0
0  96.000000 -24.166666 62.500000  0.000000 1.000000 0.000000  0.159035 0.814240 0
ramp_large
0  96.000000 -24.166666 0.000000  1.000000 0.000000 0.000000  0.166829 0.958921 0
0  96.000000 -24.166666 62.500000  1.000000 0.000000 0.000000  0.166829 0.814240 0
0  96.000000 -27.166666 62.500000  1.000000 0.000000 0.000000  0.173810 0.814240 0
ramp_large
0  96.000000 -27.166666 0.000000  0.000000 -1.000000 0.000000  0.962382 0.899875 0
0  96.000000 -27.166666 62.500000  0.000000 -1.000000 0.000000  0.962382 0.755195 0
0  93.000000 -27.166666 62.500000  0.000000 -1.000000 0.000000  0.969363 0.755195 0
ramp_large
0  93.000000 -24.166666 0.000000  0.000000 0.000000 -1.000000  0.798834 0.399779 0
0  96.000000 -24.166666 0.000000  0.000000 0.000000 -1.000000  0.791856 0.399779 0
0  96.000000 -27.166666 0.000000  0.000000 0.000000 -1.000000  0.791856 0.392835 0
ramp_large
0  96.000000 -24.166666 62.500000  0.000000 0.000000 1.000000  0.806628 0.407534 0
0  93.000000 -24.166666 62.500000  0.000000 0.000000 1.000000  0.813575 0.407534 0
0  93.000000 -27.166666 62.500000  0.000000 0.000000 1.000000  0.813575 0.414478 0
ramp_large
0  96.000000 -24.666666 1.200000  0.000000 0.000000 1.000000  0.244746 0.436105 0
0  -91.500000 -24.666666 1.200000  0.000000 0.000000 1.000000  0.244746 0.868027 0
0  -91.500000 -26.666666 1.200000  0.000000 0.000000 1.000000  0.240092 0.868027 0
ramp_large
0  96.000000 -24.666666 0.000000  1.000000 0.000000 0.000000  0.838902 0.409849 0
0  96.000000 -24.666666 1.200000  1.000000 0.000000 0.000000  0.836110 0.409849 0
0  96.000000 -26.666666 1.200000  1.000000 0.000000 0.000000  0.836110 0.405219 0
ramp_large
0  -29.887421 -25.030270 2.180267  0.000000 1.000000 0.000000  0.891668 0.320045 0
0  94.532433 -25.030270 62.465153  0.000000 1.000000 0.000001  0.891668 0.000000 0
0  95.087418 -25.030270 61.319733  0.000000 1.000000 0.000001  0.894629 0.000000 0
ramp_large
0  93.000000 24.166666 0.000000  -1.000000 0.000000 0.000000  0.967818 0.572076 0
0  93.000000 24.166666 62.500000  -1.000000 0.000000 0.000000  0.967818 0.427396 0
0  93.000000 27.166666 62.500000  -1.000000 0.000000 0.000000  0.974799 0.427396 0
ramp_large
0  -91.500000 -24.666666 0.000000  0.000000 1.000000 0.000000  0.337401 0.870145 0
0  -91.500000 -24.666666 1.200000  0.000000 1.000000 0.000000  0.334609 0.870145 0
0  96.000000 -24.666666 1.200000  0.000000 1.000000 0.000000  0.334609 0.436105 0
ramp_large
0  -29.332436 -25.030270 1.034847  0.436041 0.000000 -0.899927  0.957063 0.718502 0
0  95.087418 -25.030270 61.319733  0.436040 0.000000 -0.899927  0.957063 0.427396 0
0  95.087418 -26.303062 61.319733  0.436040 0.000000 -0.899927  0.960024 0.427396 0
ramp_large
0  95.087418 -25.030270 61.319733  0.899928 0.000000 0.436039  0.859947 0.419623 0
0  94.532433 -25.030270 62.465153  0.899929 0.000000 0.436037  0.857282 0.419623 0
0  94.532433 -26.303062 62.465153  0.899928 0.000000 0.436039  0.857282 0.416677 0
ramp_large
0  -91.500000 -26.666666 0.000000  -1.000000 0.000000 0.000000  0.849089 0.382765 0
0  -91.500000 -26.666666 1.200000  -1.000000 0.000000 0.000000  0.846297 0.382765 0
0  -91.500000 -24.666666 1.200000  -1.000000 0.000000 0.000000  0.846297 0.378136 0
ramp_large
0  -29.332436 -26.303062 1.034847  0.000000 -1.000000 0.000003  0.902423 0.320045 0
0  95.087418 -26.303062 61.319733  0.000000 -1.000000 -0.000002  0.902423 0.000000 0
0  94.532433 -26.303062 62.465153  0.000000 -1.000000 -0.000002  0.905385 0.000000 0
ramp_large
0  -91.500000 -24.666666 0.000000  0.000000 0.000000 -1.000000  0.858558 0.861324 0
0  96.000000 -24.666666 0.000000  0.000000 0.000000 -1.000000  0.858558 0.427396 0
0  96.000000 -26.666666 0.000000  0.000000 0.000000 -1.000000  0.863211 0.427396 0
ramp_large
0  96.000000 -26.666666 0.000000  0.000000 -1.000000 0.000000  0.347988 0.870145 0
0  96.000000 -26.666666 1.200000  0.000000 -1.000000 0.000000  0.345196 0.870145 0
0  -91.500000 -26.666666 1.200000  0.000000 -1.000000 0.000000  0.345196 0.436105 0
ramp_large
0  -29.887421 -26.303062 2.180267  -0.436040 0.000000 0.899927  0.935551 0.727777 0
0  94.532433 -26.303062 62.465153  -0.436041 0.000000 0.899927  0.935551 0.427396 0
0  94.532433 -25.030270 62.465153  -0.436041 0.000000 0.899927  0.938513 0.427396 0
ramp_large
0  -29.887421 -25.030270 2.180267  -0.899928 0.000000 -0.436038  0.878887 0.392835 0
0  -29.332436 -25.030270 1.034847  -0.899928 0.000000 -0.436038  0.881552 0.392835 0
0  -29.332436 -26.303062 1.034847  -0.899928 0.000000 -0.436038  0.881552 0.395781 0
ramp_large
0  93.000000 27.166666 0.000000  0.000000 1.000000 0.000000  0.967818 0.724510 0
0  93.000000 27.166666 62.500000  0.000000 1.000000 0.000000  0.967818 0.579830 0
0  96.000000 27.166666 62.500000  0.000000 1.000000 0.000000  0.974799 0.579830 0
ramp_large
0  96.000000 27.166666 0.000000  1.000000 0.000000 0.000000  0.977157 0.899875 0
0  96.000000 27.166666 62.500000  1.000000 0.000000 0.000000  0.977157 0.755195 0
0  96.000000 24.166666 62.500000  1.000000 0.000000 0.000000  0.984137 0.755195 0
ramp_large
0  96.000000 24.166666 0.000000  0.000000 -1.000000 0.000000  0.977714 0.144680 0
0  96.000000 24.166666 62.500000  0.000000 -1.000000 0.000000  0.977714 0.000000 0
0  93.000000 24.166666 62.500000  0.000000 -1.000000 0.000000  0.984694 0.000000 0
ramp_large
0  93.000000 27.166666 0.000000  0.000000 0.000000 -1.000000  0.798834 0.414478 0
0  96.000000 27.166666 0.000000  0.000000 0.000000 -1.000000  0.791856 0.414478 0
0  96.000000 24.166666 0.000000  0.000000 0.000000 -1.000000  0.791856 0.407534 0
ramp_large
0  96.000000 27.166666 62.500000  0.000000 0.000000 1.000000  0.821369 0.392835 0
0  93.000000 27.166666 62.500000  0.000000 0.000000 1.000000  0.828315 0.392835 0
0  93.000000 24.166666 62.500000  0.000000 0.000000 1.000000  0.828315 0.399779 0
ramp_large
0  96.000000 26.666666 1.200000  0.000000 0.000000 1.000000  0.257194 0.436105 0
0  -91.500000 26.666666 1.200000  0.000000 0.000000 1.000000  0.257194 0.868027 0
0  -91.500000 24.666666 1.200000  0.000000 0.000000 1.000000  0.252540 0.868027 0
ramp_large
0  96.000000 26.666666 0.000000  1.000000 0.000000 0.000000  0.849488 0.397464 0
0  96.000000 26.666666 1.200000  1.000000 0.000000 0.000000  0.846696 0.397464 0
0  96.000000 24.666666 1.200000  1.000000 0.000000 0.000000  0.846696 0.392835 0
ramp_large
0  -29.887421 26.303062 2.180267  0.000000 1.000000 0.000000  0.903284 0.747441 0
0  94.532433 26.303062 62.465153  0.000000 1.000000 0.000001  0.903284 0.427396 0
0  95.087418 26.303062 61.319733  0.000000 1.000000 0.000001  0.906245 0.427396 0
ramp_large
0  93.000000 75.500000 0.000000  -1.000000 0.000000 0.000000  0.977714 0.297115 0
0  93.000000 75.500000 62.500000  -1.000000 0.000000 0.000000  0.977714 0.152435 0
0  93.000000 78.500000 62.500000  -1.000000 0.000000 0.000000  0.984694 0.152435 0
ramp_large
0  -91.500000 26.666666 0.000000  0.000000 1.000000 0.000000  0.358574 0.870145 0
0  -91.500000 26.666666 1.200000  0.000000 1.000000 0.000000  0.355782 0.870145 0
0  96.000000 26.666666 1.200000  0.000000 1.000000 0.000000  0.355782 0.436105 0
ramp_large
0  -29.332436 26.303062 1.034847  0.436040 0.000000 -0.899927  0.966958 0.291106 0
0  95.087418 26.303062 61.319733  0.436041 0.000000 -0.899927  0.966958 0.000000 0
0  95.087418 25.030270 61.319733  0.436041 0.000000 -0.899927  0.969919 0.000000 0
ramp_large
0  95.087418 26.303062 61.319733  0.899928 0.000000 0.436039  0.870407 0.419623 0
0  94.532433 26.303062 62.465153  0.899929 0.000000 0.436037  0.867742 0.419623 0
0  94.532433 25.030270 62.465153  0.899928 0.000000 0.436039  0.867742 0.416677 0
ramp_large
0  -91.500000 24.666666 0.000000  -1.000000 0.000000 0.000000  0.849488 0.409849 0
0  -91.500000 24.666666 1.200000  -1.000000 0.000000 0.000000  0.846696 0.409849 0
0  -91.500000 26.666666 1.200000  -1.000000 0.000000 0.000000  0.846696 0.405219 0
ramp_large
0  -29.332436 25.030270 1.034847  0.000000 -1.000000 0.000000  0.913179 0.320045 0
0  95.087418 25.030270 61.319733  0.000000 -1.000000 0.000001  0.913179 0.000000 0
0  94.532433 25.030270 62.465153  0.000000 -1.000000 0.000001  0.916141 0.000000 0
ramp_large
0  -91.500000 26.666666 0.000000  0.000000 0.000000 -1.000000  0.202749 0.870034 0
0  96.000000 26.666666 0.000000  0.000000 0.000000 -1.000000  0.202749 0.436105 0
0  96.000000 24.666666 0.000000  0.000000 0.000000 -1.000000  0.207402 0.436105 0
ramp_large
0  96.000000 24.666666 0.000000  0.000000 -1.000000 0.000000  0.369161 0.870145 0
0  96.000000 24.666666 1.200000  0.000000 -1.000000 0.000000  0.366369 0.870145 0
0  -91.500000 24.666666 1.200000  0.000000 -1.000000 0.000000  0.366369 0.436105 0
ramp_large
0  -29.887421 25.030270 2.180267  -0.436041 0.000000 0.899927  0.945446 0.300382 0
0  94.532433 25.030270 62.465153  -0.436040 0.000000 0.899927  0.945446 0.000000 0
0  94.532433 26.303062 62.465153  -0.436040 0.000000 0.899927  0.948408 0.000000 0
ramp_large
0  -29.887421 26.303062 2.180267  -0.899928 0.000000 -0.436038  0.821215 0.874323 0
0  -29.332436 26.303062 1.034847  -0.899928 0.000000 -0.436038  0.823880 0.874323 0
0  -29.332436 25.030270 1.034847  -0.899928 0.000000 -0.436038  0.823880 0.877270 0
ramp_large
0  93.000000 78.500000 0.000000  0.000000 1.000000 0.000000  0.982593 0.572076 0
0  93.000000 78.500000 62.500000  0.000000 1.000000 0.000000  0.982593 0.427396 0
0  96.000000 78.500000 62.500000  0.000000 1.000000 0.000000  0.989573 0.427396 0
ramp_large
0  96.000000 78.500000 0.000000  1.000000 0.000000 0.000000  0.982593 0.724510 0
0  96.000000 78.500000 62.500000  1.000000 0.000000 0.000000  0.982593 0.579830 0
0  96.000000 75.500000 62.500000  1.000000 0.000000 0.000000  0.989573 0.579830 0
ramp_large
0  96.000000 75.500000 0.000000  0.000000 -1.000000 0.000000  0.991931 0.899875 0
0  96.000000 75.500000 62.500000  0.000000 -1.000000 0.000000  0.991931 0.755195 0
0  93.000000 75.500000 62.500000  0.000000 -1.000000 0.000000  0.998912 0.755195 0
ramp_large
0  93.000000 78.500000 0.000000  0.000000 0.000000 -1.000000  0.813607 0.385080 0
0  96.000000 78.500000 0.000000  0.000000 0.000000 -1.000000  0.806628 0.385080 0
0  96.000000 75.500000 0.000000  0.000000 0.000000 -1.000000  0.806628 0.378136 0
ramp_large
0  96.000000 78.500000 62.500000  0.000000 0.000000 1.000000  0.821369 0.407534 0
0  93.000000 78.500000 62.500000  0.000000 0.000000 1.000000  0.828315 0.407534 0
0  93.000000 75.500000 62.500000  0.000000 0.000000 1.000000  0.828315 0.414478 0
ramp_large
0  96.000000 78.000000 1.200000  0.000000 0.000000 1.000000  0.269641 0.436105 0
0  -91.500000 78.000000 1.200000  0.000000 0.000000 1.000000  0.269641 0.868027 0
0  -91.500000 76.000000 1.200000  0.000000 0.000000 1.000000  0.264988 0.868027 0
ramp_large
0  96.000000 78.000000 0.000000  1.000000 0.000000 0.000000  0.859675 0.382765 0
0  96.000000 78.000000 1.200000  1.000000 0.000000 0.000000  0.856883 0.382765 0
0  96.000000 76.000000 1.200000  1.000000 0.000000 0.000000  0.856883 0.378136 0
ramp_large
0  -29.887421 77.636398 2.180267  0.000000 1.000000 -0.000000  0.914040 0.747441 0
0  94.532433 77.636398 62.465153  0.000000 1.000000 -0.000001  0.914040 0.427395 0
0  95.087418 77.636398 61.319733  0.000000 1.000000 -0.000001  0.917001 0.427395 0
ramp_large
0  -91.500000 78.000000 0.000000  0.000000 1.000000 0.000000  0.884903 0.861436 0
0  -91.500000 78.000000 1.200000  0.000000 1.000000 0.000000  0.882111 0.861436 0
0  96.000000 78.000000 1.200000  0.000000 1.000000 0.000000  0.882111 0.427396 0
ramp_large
0  -29.332436 77.636398 1.034847  0.436040 0.000000 -0.899928  0.956202 0.291106 0
0  95.087418 77.636398 61.319733  0.436039 0.000000 -0.899927  0.956202 0.000000 0
0  95.087418 76.363602 61.319733  0.436040 0.000000 -0.899928  0.959164 0.000000 0
ramp_large
0  95.087418 77.636398 61.319733  0.899929 0.000000 0.436036  0.795020 0.876650 0
0  94.532433 77.636398 62.465153  0.899930 0.000000 0.436034  0.792355 0.876650 0
0  94.532433 76.363602 62.465153  0.899929 0.000000 0.436036  0.792355 0.873704 0
ramp_large
0  -91.500000 76.000000 0.000000  -1.000000 0.000000 0.000000  0.860074 0.397464 0
0  -91.500000 76.000000 1.200000  -1.000000 0.000000 0.000000  0.857282 0.397464 0
0  -91.500000 78.000000 1.200000  -1.000000 0.000000 0.000000  0.857282 0.392835 0
ramp_large
0  -29.332436 76.363602 1.034847  0.000000 -1.000000 -0.000000  0.923935 0.320045 0
0  95.087418 76.363602 61.319733  0.000000 -1.000000 -0.000002  0.923935 0.000000 0
0  94.532433 76.363602 62.465153  0.000000 -1.000000 -0.000002  0.926896 0.000000 0
ramp_large
0  -91.500000 78.000000 0.000000  0.000000 0.000000 -1.000000  0.215197 0.870034 0
0  96.000000 78.000000 0.000000  0.000000 0.000000 -1.000000  0.215197 0.436105 0
0  96.000000 76.000000 0.000000  0.000000 0.000000 -1.000000  0.219850 0.436105 0
ramp_large
0  96.000000 76.000000 0.000000  0.000000 -1.000000 0.000000  0.895490 0.861436 0
0  96.000000 76.000000 1.200000  0.000000 -1.000000 0.000000  0.892697 0.861436 0
0  -91.500000 76.000000 1.200000  0.000000 -1.000000 0.000000  0.892698 0.427396 0
ramp_large
0  -29.887421 76.363602 2.180267  -0.436040 0.000000 0.899928  0.924795 0.727777 0
0  94.532433 76.363602 62.465153  -0.436040 0.000000 0.899927  0.924795 0.427396 0
0  94.532433 77.636398 62.465153  -0.436040 0.000000 0.899927  0.927757 0.427396 0
ramp_large
0  -29.887421 77.636398 2.180267  -0.899928 0.000000 -0.436038  0.802814 0.873704 0
0  -29.332436 77.636398 1.034847  -0.899928 0.000000 -0.436038  0.805480 0.873704 0
0  -29.332436 76.363602 1.034847  -0.899928 0.000000 -0.436038  0.805480 0.876650 0
ramp_large
0  -31.500000 -77.199997 21.299999  0.500002 0.866024 0.000000  0.772374 0.415272 0
0  -31.500000 -77.199997 22.000000  0.500001 0.866025 0.000000  0.770745 0.415272 0
0  -30.807180 -77.599998 22.000000  0.500003 0.866024 0.000000  0.770745 0.413669 0
ramp_large
0  -79.500000 78.800003 5.300000  0.500002 0.866024 0.000000  0.033057 0.884003 0
0  -79.500000 78.800003 6.000000  0.500005 0.866023 0.000000  0.031428 0.884003 0
0  -78.807182 78.400002 6.000000  0.500001 0.866025 0.000000  0.031428 0.882400 0
ramp_large
0  -30.807180 77.599998 21.299999  0.500002 -0.866024 0.000000  0.315065 0.881107 0
0  -30.807180 77.599998 22.000000  0.500001 -0.866025 0.000000  0.313437 0.881107 0
0  -31.500000 77.199997 22.000000  0.500003 -0.866024 0.000000  0.313437 0.879503 0
ramp_large
0  -78.807182 78.400002 5.300000  1.000000 0.000000 0.000000  0.793984 0.886257 0
0  -78.807182 78.400002 6.000000  1.000000 0.000000 0.000000  0.792355 0.886257 0
0  -78.807182 77.599998 6.000000  1.000000 0.000000 0.000000  0.792355 0.884405 0
ramp_large
0  -55.500000 78.800003 13.299999  0.499998 0.866026 0.000000  0.882803 0.329403 0
0  -55.500000 78.800003 14.000000  0.499994 0.866029 0.000000  0.881174 0.329403 0
0  -54.807178 78.400002 14.000000  0.499999 0.866026 0.000000  0.881174 0.327800 0
ramp_large
0  -79.500000 -77.199997 5.300000  0.500002 0.866024 0.000000  0.001629 0.884017 0
0  -79.500000 -77.199997 6.000000  0.500005 0.866023 0.000000  0.000000 0.884017 0
0  -78.807182 -77.599998 6.000000  0.500001 0.866025 0.000000  0.000000 0.882413 0
ramp_large
0  -78.807182 77.599998 5.300000  0.500001 -0.866025 0.000000  0.042480 0.885607 0
0  -78.807182 77.599998 6.000000  0.499999 -0.866026 0.000000  0.040851 0.885607 0
0  -79.500000 77.199997 6.000000  0.500002 -0.866024 0.000000  0.040851 0.884003 0
ramp_large
0  -55.500000 -77.199997 13.299999  0.499998 0.866026 0.000000  0.882803 0.340365 0
0  -55.500000 -77.199997 14.000000  0.499994 0.866029 0.000000  0.881174 0.340365 0
0  -54.807178 -77.599998 14.000000  0.499999 0.866026 0.000000  0.881174 0.338761 0
ramp_large
0  -30.807180 78.400002 21.299999  1.000000 0.000000 0.000000  0.837738 0.419455 0
0  -30.807180 78.400002 22.000000  1.000000 0.000000 0.000000  0.836109 0.419455 0
0  -30.807180 77.599998 22.000000  1.000000 0.000000 0.000000  0.836109 0.417603 0
ramp_large
0  -79.500000 77.199997 5.300000  -0.500005 -0.866023 0.000000  0.042480 0.884003 0
0  -79.500000 77.199997 6.000000  -0.500011 -0.866019 0.000000  0.040851 0.884003 0
0  -80.192818 77.599998 6.000000  -0.500004 -0.866023 0.000000  0.040851 0.882400 0
ramp_large
0  -78.807182 77.599998 6.000000  0.000000 0.000000 1.000000  0.011003 0.873733 0
0  -78.807182 78.400002 6.000000  0.000000 0.000000 1.000000  0.011003 0.871881 0
0  -80.192818 77.599998 6.000000  0.000000 0.000000 1.000000  0.014211 0.873733 0
ramp_large
0  -78.807182 78.400002 6.000000  0.000000 0.000000 1.000000  0.011003 0.871881 0
0  -79.500000 78.800003 6.000000  0.000000 0.000000 1.000000  0.012607 0.870955 0
0  -80.192818 77.599998 6.000000  0.000000 0.000000 1.000000  0.014211 0.873733 0
ramp_large
0  -79.500000 78.800003 6.000000  0.000000 0.000000 1.000000  0.012607 0.870955 0
0  -80.192818 78.400002 6.000000  0.000000 0.000000 1.000000  0.014211 0.871881 0
0  -80.192818 77.599998 6.000000  0.000000 0.000000 1.000000  0.014211 0.873733 0
ramp_large
0  -31.500000 78.800003 21.299999  0.500002 0.866024 0.000000  0.882803 0.351327 0
0  -31.500000 78.800003 22.000000  0.500001 0.866025 0.000000  0.881174 0.351327 0
0  -30.807180 78.400002 22.000000  0.500003 0.866024 0.000000  0.881174 0.349723 0
ramp_large
0  -80.192818 77.599998 5.300000  -1.000000 0.000000 0.000000  0.803407 0.886257 0
0  -80.192818 77.599998 6.000000  -1.000000 0.000000 0.000000  0.801778 0.886257 0
0  -80.192818 78.400002 6.000000  -1.000000 0.000000 0.000000  0.801778 0.884405 0
ramp_large
0  -78.807182 -78.400002 5.300000  0.500001 -0.866025 0.000000  0.011052 0.885621 0
0  -78.807182 -78.400002 6.000000  0.499999 -0.866026 0.000000  0.009423 0.885621 0
0  -79.500000 -78.800003 6.000000  0.500002 -0.866024 0.000000  0.009423 0.884017 0
ramp_large
0  -78.807182 -77.599998 5.300000  1.000000 0.000000 0.000000  0.812830 0.886257 0
0  -78.807182 -77.599998 6.000000  1.000000 0.000000 0.000000  0.811201 0.886257 0
0  -78.807182 -78.400002 6.000000  1.000000 0.000000 0.000000  0.811201 0.884405 0
ramp_large
0  -80.192818 78.400002 5.300000  -0.500004 0.866023 0.000000  0.033057 0.885607 0
0  -80.192818 78.400002 6.000000  -0.499999 0.866026 0.000000  0.031428 0.885607 0
0  -79.500000 78.800003 6.000000  -0.500005 0.866023 0.000000  0.031428 0.884003 0
ramp_large
0  -80.192818 78.400002 5.300000  0.000000 0.000000 -1.000000  0.871768 0.354418 0
0  -79.500000 78.800003 5.300000  0.000000 0.000000 -1.000000  0.870156 0.353492 0
0  -78.807182 78.400002 5.300000  0.000000 0.000000 -1.000000  0.870156 0.351641 0
ramp_large
0  -78.807182 78.400002 5.300000  0.000000 0.000000 -1.000000  0.870156 0.351641 0
0  -78.807182 77.599998 5.300000  0.000000 0.000000 -1.000000  0.871768 0.350714 0
0  -80.192818 77.599998 5.300000  0.000000 0.000000 -1.000000  0.873380 0.353491 0
ramp_large
0  -78.807182 77.599998 5.300000  0.000000 0.000000 -1.000000  0.871768 0.350714 0
0  -79.500000 77.199997 5.300000  0.000000 0.000000 -1.000000  0.873380 0.351640 0
0  -80.192818 77.599998 5.300000  0.000000 0.000000 -1.000000  0.873380 0.353491 0
ramp_large
0  -79.500000 -78.800003 5.300000  -0.500005 -0.866023 0.000000  0.011052 0.884017 0
0  -79.500000 -78.800003 6.000000  -0.500011 -0.866019 0.000000  0.009423 0.884017 0
0  -80.192818 -78.400002 6.000000  -0.500004 -0.866023 0.000000  0.009423 0.882413 0
ramp_large
0  -79.500000 -78.800003 6.000000  0.000000 0.000000 1.000000  0.077077 0.873730 0
0  -78.807182 -78.400002 6.000000  0.000000 0.000000 1.000000  0.077077 0.871884 0
0  -80.192818 -78.400002 6.000000  0.000000 0.000000 1.000000  0.078687 0.874645 0
ramp_large
0  -78.807182 -78.400002 6.000000  0.000000 0.000000 1.000000  0.077077 0.871884 0
0  -78.807182 -77.599998 6.000000  0.000000 0.000000 1.000000  0.078687 0.870955 0
0  -80.192818 -77.599998 6.000000  0.000000 0.000000 1.000000  0.080297 0.873716 0
ramp_large
0  -78.807182 -77.599998 6.000000  0.000000 0.000000 1.000000  0.078687 0.870955 0
0  -79.500000 -77.199997 6.000000  0.000000 0.000000 1.000000  0.080297 0.871871 0
0  -80.192818 -77.599998 6.000000  0.000000 0.000000 1.000000  0.080297 0.873716 0
ramp_large
0  -80.192818 -78.400002 5.300000  -1.000000 0.000000 0.000000  0.890975 0.394687 0
0  -80.192818 -78.400002 6.000000  -1.000000 0.000000 0.000000  0.889346 0.394687 0
0  -80.192818 -77.599998 6.000000  -1.000000 0.000000 0.000000  0.889346 0.392835 0
ramp_large
0  -54.807178 77.599998 13.299999  0.499999 -0.866026 0.000000  0.882803 0.363893 0
0  -54.807178 77.599998 14.000000  0.500005 -0.866022 0.000000  0.881174 0.363893 0
0  -55.500000 77.199997 14.000000  0.499998 -0.866026 0.000000  0.881174 0.362289 0
ramp_large
0  -54.807178 78.400002 13.299999  1.000000 0.000000 0.000000  0.847161 0.419455 0
0  -54.807178 78.400002 14.000000  1.000000 0.000000 0.000000  0.845532 0.419455 0
0  -54.807178 77.599998 14.000000  1.000000 0.000000 0.000000  0.845532 0.417603 0
ramp_large
0  -80.192818 -77.599998 5.300000  -0.500004 0.866023 0.000000  0.001629 0.885621 0
0  -80.192818 -77.599998 6.000000  -0.499999 0.866026 0.000000  0.000000 0.885621 0
0  -79.500000 -77.199997 6.000000  -0.500005 0.866023 0.000000  0.000000 0.884017 0
ramp_large
0  -78.807182 -78.400002 5.300000  0.000000 0.000000 -1.000000  0.867470 0.379062 0
0  -79.500000 -78.800003 5.300000  0.000000 0.000000 -1.000000  0.869081 0.378136 0
0  -80.192818 -78.400002 5.300000  0.000000 0.000000 -1.000000  0.870693 0.379062 0
ramp_large
0  -80.192818 -78.400002 5.300000  0.000000 0.000000 -1.000000  0.870693 0.379062 0
0  -80.192818 -77.599998 5.300000  0.000000 0.000000 -1.000000  0.870693 0.380914 0
0  -78.807182 -77.599998 5.300000  0.000000 0.000000 -1.000000  0.867470 0.380914 0
ramp_large
0  -80.192818 -77.599998 5.300000  0.000000 0.000000 -1.000000  0.870693 0.380914 0
0  -79.500000 -77.199997 5.300000  0.000000 0.000000 -1.000000  0.869081 0.381839 0
0  -78.807182 -77.599998 5.300000  0.000000 0.000000 -1.000000  0.867470 0.380914 0
ramp_large
0  -55.500000 77.199997 13.299999  -0.500002 -0.866024 0.000000  0.882803 0.362289 0
0  -55.500000 77.199997 14.000000  -0.500000 -0.866026 0.000000  0.881174 0.362289 0
0  -56.192822 77.599998 14.000000  -0.500002 -0.866024 0.000000  0.881174 0.360685 0
ramp_large
0  -54.807178 77.599998 14.000000  0.000000 0.000000 1.000000  0.089701 0.870955 0
0  -54.807178 78.400002 14.000000  0.000000 0.000000 1.000000  0.091312 0.871885 0
0  -56.192822 77.599998 14.000000  0.000000 0.000000 1.000000  0.088091 0.873716 0
ramp_large
0  -54.807178 78.400002 14.000000  0.000000 0.000000 1.000000  0.091312 0.871885 0
0  -55.500000 78.800003 14.000000  0.000000 0.000000 1.000000  0.091312 0.873730 0
0  -56.192822 77.599998 14.000000  0.000000 0.000000 1.000000  0.088091 0.873716 0
ramp_large
0  -55.500000 78.800003 14.000000  0.000000 0.000000 1.000000  0.091312 0.873730 0
0  -56.192822 78.400002 14.000000  0.000000 0.000000 1.000000  0.089701 0.874645 0
0  -56.192822 77.599998 14.000000  0.000000 0.000000 1.000000  0.088091 0.873716 0
ramp_large
0  -30.807180 -78.400002 21.299999  0.500002 -0.866024 0.000000  0.324488 0.881107 0
0  -30.807180 -78.400002 22.000000  0.500001 -0.866025 0.000000  0.322859 0.881107 0
0  -31.500000 -78.800003 22.000000  0.500003 -0.866024 0.000000  0.322859 0.879503 0
ramp_large
0  -56.192822 77.599998 13.299999  -1.000000 0.000000 0.000000  0.070749 0.884252 0
0  -56.192822 77.599998 14.000000  -1.000000 0.000000 0.000000  0.069120 0.884252 0
0  -56.192822 78.400002 14.000000  -1.000000 0.000000 0.000000  0.069120 0.882400 0
ramp_large
0  -54.807178 -78.400002 13.299999  0.499999 -0.866026 0.000000  0.882762 0.877575 0
0  -54.807178 -78.400002 14.000000  0.500005 -0.866022 0.000000  0.881133 0.877575 0
0  -55.500000 -78.800003 14.000000  0.499998 -0.866026 0.000000  0.881133 0.875972 0
ramp_large
0  -54.807178 -77.599998 13.299999  1.000000 0.000000 0.000000  0.080172 0.884252 0
0  -54.807178 -77.599998 14.000000  1.000000 0.000000 0.000000  0.078543 0.884252 0
0  -54.807178 -78.400002 14.000000  1.000000 0.000000 0.000000  0.078543 0.882400 0
ramp_large
0  -56.192822 78.400002 13.299999  -0.500002 0.866024 0.000000  0.882803 0.331007 0
0  -56.192822 78.400002 14.000000  -0.500005 0.866022 0.000000  0.881174 0.331007 0
0  -55.500000 78.800003 14.000000  -0.500001 0.866025 0.000000  0.881174 0.329403 0
ramp_large
0  -54.807178 78.400002 13.299999  0.000000 0.000000 -1.000000  0.870156 0.328726 0
0  -54.807178 77.599998 13.299999  0.000000 0.000000 -1.000000  0.871768 0.327800 0
0  -56.192822 78.400002 13.299999  -0.000001 0.000000 -1.000000  0.871768 0.331503 0
ramp_large
0  -54.807178 77.599998 13.299999  0.000000 0.000000 -1.000000  0.871768 0.327800 0
0  -55.500000 77.199997 13.299999  -0.000001 0.000000 -1.000000  0.873380 0.328725 0
0  -56.192822 78.400002 13.299999  -0.000001 0.000000 -1.000000  0.871768 0.331503 0
ramp_large
0  -55.500000 77.199997 13.299999  -0.000001 0.000000 -1.000000  0.873380 0.328725 0
0  -56.192822 77.599998 13.299999  -0.000003 0.000000 -1.000000  0.873380 0.330577 0
0  -56.192822 78.400002 13.299999  -0.000001 0.000000 -1.000000  0.871768 0.331503 0
ramp_large
0  -55.500000 -78.800003 13.299999  -0.500002 -0.866024 0.000000  0.882762 0.875972 0
0  -55.500000 -78.800003 14.000000  -0.500000 -0.866026 0.000000  0.881133 0.875972 0
0  -56.192822 -78.400002 14.000000  -0.500002 -0.866024 0.000000  0.881133 0.874368 0
ramp_large
0  -6.807179 77.599998 29.299999  0.500002 -0.866024 0.000000  0.204378 0.880996 0
0  -6.807179 77.599998 30.000000  0.500000 -0.866025 0.000000  0.202749 0.880996 0
0  -7.500000 77.199997 30.000000  0.500002 -0.866024 0.000000  0.202749 0.879392 0
ramp_large
0  -55.500000 -77.199997 13.299999  0.000001 0.000000 -1.000000  0.870156 0.364950 0
0  -54.807178 -77.599998 13.299999  0.000001 0.000000 -1.000000  0.870156 0.363098 0
0  -56.192822 -78.400002 13.299999  0.000000 0.000000 -1.000000  0.873380 0.364949 0
ramp_large
0  -54.807178 -77.599998 13.299999  0.000001 0.000000 -1.000000  0.870156 0.363098 0
0  -54.807178 -78.400002 13.299999  0.000000 0.000000 -1.000000  0.871768 0.362172 0
0  -56.192822 -78.400002 13.299999  0.000000 0.000000 -1.000000  0.873380 0.364949 0
ramp_large
0  -54.807178 -78.400002 13.299999  0.000000 0.000000 -1.000000  0.871768 0.362172 0
0  -55.500000 -78.800003 13.299999  0.000000 0.000000 -1.000000  0.873380 0.363097 0
0  -56.192822 -78.400002 13.299999  0.000000 0.000000 -1.000000  0.873380 0.364949 0
ramp_large
0  -56.192822 -78.400002 13.299999  -1.000000 0.000000 0.000000  0.089595 0.884252 0
0  -56.192822 -78.400002 14.000000  -1.000000 0.000000 0.000000  0.087966 0.884252 0
0  -56.192822 -77.599998 14.000000  -1.000000 0.000000 0.000000  0.087966 0.882400 0
ramp_large
0  -30.807180 -77.599998 21.299999  1.000000 0.000000 0.000000  0.099018 0.884252 0
0  -30.807180 -77.599998 22.000000  1.000000 0.000000 0.000000  0.097389 0.884252 0
0  -30.807180 -78.400002 22.000000  1.000000 0.000000 0.000000  0.097389 0.882400 0
ramp_large
0  -7.500000 78.800003 29.299999  0.500002 0.866024 0.000000  0.259657 0.877385 0
0  -7.500000 78.800003 30.000000  0.500000 0.866025 0.000000  0.258028 0.877385 0
0  -6.807179 78.400002 30.000000  0.500002 0.866024 0.000000  0.258028 0.875782 0
ramp_large
0  -56.192822 -77.599998 13.299999  -0.500002 0.866024 0.000000  0.882803 0.341969 0
0  -56.192822 -77.599998 14.000000  -0.500005 0.866022 0.000000  0.881174 0.341969 0
0  -55.500000 -77.199997 14.000000  -0.500001 0.866025 0.000000  0.881174 0.340365 0
ramp_large
0  -56.192822 -78.400002 14.000000  0.000000 0.000000 1.000000  0.033020 0.873716 0
0  -55.500000 -78.800003 14.000000  0.000000 0.000000 1.000000  0.033020 0.871871 0
0  -54.807178 -78.400002 14.000000  0.000000 0.000000 1.000000  0.034630 0.870955 0
ramp_large
0  -54.807178 -78.400002 14.000000  0.000000 0.000000 1.000000  0.034630 0.870955 0
0  -54.807178 -77.599998 14.000000  0.000000 0.000000 1.000000  0.036240 0.871884 0
0  -55.500000 -77.199997 14.000000  0.000000 0.000000 1.000000  0.036240 0.873730 0
ramp_large
0  -55.500000 -77.199997 14.000000  0.000000 0.000000 1.000000  0.036240 0.873730 0
0  -56.192822 -77.599998 14.000000  0.000000 0.000000 1.000000  0.034630 0.874645 0
0  -54.807178 -78.400002 14.000000  0.000000 0.000000 1.000000  0.034630 0.870955 0
ramp_large
0  -31.500000 77.199997 21.299999  -0.500001 -0.866025 0.000000  0.315065 0.879503 0
0  -31.500000 77.199997 22.000000  -0.500001 -0.866025 0.000000  0.313437 0.879503 0
0  -32.192822 77.599998 22.000000  -0.500001 -0.866025 0.000000  0.313437 0.877900 0
ramp_large
0  -6.807179 -78.400002 29.299999  0.500002 -0.866024 0.000000  0.213800 0.880996 0
0  -6.807179 -78.400002 30.000000  0.500000 -0.866025 0.000000  0.212172 0.880996 0
0  -7.500000 -78.800003 30.000000  0.500002 -0.866024 0.000000  0.212172 0.879392 0
ramp_large
0  -30.807180 78.400002 21.299999  0.000000 0.000000 -1.000000  0.857282 0.407997 0
0  -30.807180 77.599998 21.299999  0.000000 0.000000 -1.000000  0.857282 0.406145 0
0  -32.192822 78.400002 21.299999  0.000002 0.000000 -1.000000  0.860505 0.407997 0
ramp_large
0  -30.807180 77.599998 21.299999  0.000000 0.000000 -1.000000  0.857282 0.406145 0
0  -31.500000 77.199997 21.299999  0.000002 0.000000 -1.000000  0.858894 0.405219 0
0  -32.192822 78.400002 21.299999  0.000002 0.000000 -1.000000  0.860505 0.407997 0
ramp_large
0  -31.500000 77.199997 21.299999  0.000002 0.000000 -1.000000  0.858894 0.405219 0
0  -32.192822 77.599998 21.299999  0.000007 0.000000 -1.000000  0.860505 0.406145 0
0  -32.192822 78.400002 21.299999  0.000002 0.000000 -1.000000  0.860505 0.407997 0
ramp_large
0  -32.192822 77.599998 21.299999  -1.000000 0.000000 0.000000  0.108441 0.884252 0
0  -32.192822 77.599998 22.000000  -1.000000 0.000000 0.000000  0.106812 0.884252 0
0  -32.192822 78.400002 22.000000  -1.000000 0.000000 0.000000  0.106812 0.882400 0
ramp_large
0  -6.807179 78.400002 29.299999  1.000000 0.000000 0.000000  0.117864 0.884252 0
0  -6.807179 78.400002 30.000000  1.000000 0.000000 0.000000  0.116235 0.884252 0
0  -6.807179 77.599998 30.000000  1.000000 0.000000 0.000000  0.116235 0.882400 0
ramp_large
0  -7.500000 -77.199997 29.299999  0.500002 0.866024 0.000000  0.269079 0.877385 0
0  -7.500000 -77.199997 30.000000  0.500000 0.866025 0.000000  0.267451 0.877385 0
0  -6.807179 -77.599998 30.000000  0.500002 0.866024 0.000000  0.267451 0.875782 0
ramp_large
0  -32.192822 78.400002 21.299999  -0.500001 0.866025 0.000000  0.882803 0.352931 0
0  -32.192822 78.400002 22.000000  -0.499998 0.866027 0.000000  0.881174 0.352931 0
0  -31.500000 78.800003 22.000000  -0.500001 0.866025 0.000000  0.881174 0.351327 0
ramp_large
0  -32.192822 77.599998 22.000000  0.000000 0.000000 1.000000  0.055048 0.873716 0
0  -31.500000 77.199997 22.000000  0.000000 0.000000 1.000000  0.055048 0.871871 0
0  -30.807180 77.599998 22.000000  0.000000 0.000000 1.000000  0.056658 0.870955 0
ramp_large
0  -30.807180 77.599998 22.000000  0.000000 0.000000 1.000000  0.056658 0.870955 0
0  -30.807180 78.400002 22.000000  0.000000 0.000000 1.000000  0.058268 0.871884 0
0  -31.500000 78.800003 22.000000  0.000000 0.000000 1.000000  0.058268 0.873730 0
ramp_large
0  -31.500000 78.800003 22.000000  0.000000 0.000000 1.000000  0.058268 0.873730 0
0  -32.192822 78.400002 22.000000  0.000000 0.000000 1.000000  0.056658 0.874645 0
0  -30.807180 77.599998 22.000000  0.000000 0.000000 1.000000  0.056658 0.870955 0
ramp_large
0  -31.500000 -78.800003 21.299999  -0.500001 -0.866025 0.000000  0.324488 0.879503 0
0  -31.500000 -78.800003 22.000000  -0.500001 -0.866025 0.000000  0.322859 0.879503 0
0  -32.192822 -78.400002 22.000000  -0.500001 -0.866025 0.000000  0.322859 0.877900 0
ramp_large
0  17.192820 77.599998 37.300003  0.500001 -0.866025 0.000000  0.857162 0.883744 0
0  17.192820 77.599998 38.000000  0.500001 -0.866025 0.000000  0.855533 0.883744 0
0  16.500000 77.199997 38.000000  0.500001 -0.866025 0.000000  0.855533 0.882140 0
ramp_large
0  -30.807180 -78.400002 21.299999  0.000000 0.000000 -1.000000  0.871093 0.393761 0
0  -31.500000 -78.800003 21.299999  0.000000 0.000000 -1.000000  0.871093 0.395612 0
0  -32.192822 -78.400002 21.299999  -0.000000 0.000000 -1.000000  0.869481 0.396538 0
ramp_large
0  -32.192822 -78.400002 21.299999  -0.000000 0.000000 -1.000000  0.869481 0.396538 0
0  -32.192822 -77.599998 21.299999  0.000003 0.000000 -1.000000  0.867869 0.395612 0
0  -31.500000 -77.199997 21.299999  -0.000002 0.000000 -1.000000  0.867869 0.393760 0
ramp_large
0  -31.500000 -77.199997 21.299999  -0.000002 0.000000 -1.000000  0.867869 0.393760 0
0  -30.807180 -77.599998 21.299999  -0.000002 0.000000 -1.000000  0.869481 0.392835 0
0  -32.192822 -78.400002 21.299999  -0.000000 0.000000 -1.000000  0.869481 0.396538 0
ramp_large
0  -32.192822 -78.400002 21.299999  -1.000000 0.000000 0.000000  0.127287 0.884252 0
0  -32.192822 -78.400002 22.000000  -1.000000 0.000000 0.000000  0.125658 0.884252 0
0  -32.192822 -77.599998 22.000000  -1.000000 0.000000 0.000000  0.125658 0.882400 0
ramp_large
0  -6.807179 -77.599998 29.299999  1.000000 0.000000 0.000000  0.136710 0.884252 0
0  -6.807179 -77.599998 30.000000  1.000000 0.000000 0.000000  0.135081 0.884252 0
0  -6.807179 -78.400002 30.000000  1.000000 0.000000 0.000000  0.135081 0.882400 0
ramp_large
0  16.500000 78.800003 37.300003  0.500002 0.866024 0.000000  0.279064 0.883907 0
0  16.500000 78.800003 38.000000  0.500004 0.866023 0.000000  0.277436 0.883907 0
0  17.192820 78.400002 38.000000  0.500001 0.866025 0.000000  0.277436 0.882303 0
ramp_large
0  -32.192822 -77.599998 21.299999  -0.500001 0.866025 0.000000  0.772374 0.416876 0
0  -32.192822 -77.599998 22.000000  -0.499998 0.866027 0.000000  0.770745 0.416876 0
0  -31.500000 -77.199997 22.000000  -0.500001 0.866025 0.000000  0.770745 0.415272 0
ramp_large
0  -32.192822 -78.400002 22.000000  0.000000 0.000000 1.000000  0.100716 0.874645 0
0  -31.500000 -78.800003 22.000000  0.000000 0.000000 1.000000  0.099106 0.873730 0
0  -30.807180 -78.400002 22.000000  0.000000 0.000000 1.000000  0.099106 0.871884 0
ramp_large
0  -30.807180 -78.400002 22.000000  0.000000 0.000000 1.000000  0.099106 0.871884 0
0  -30.807180 -77.599998 22.000000  0.000000 0.000000 1.000000  0.100716 0.870955 0
0  -31.500000 -77.199997 22.000000  0.000000 0.000000 1.000000  0.102326 0.871871 0
ramp_large
0  -31.500000 -77.199997 22.000000  0.000000 0.000000 1.000000  0.102326 0.871871 0
0  -32.192822 -77.599998 22.000000  0.000000 0.000000 1.000000  0.102326 0.873716 0
0  -30.807180 -78.400002 22.000000  0.000000 0.000000 1.000000  0.099106 0.871884 0
ramp_large
0  -7.500000 77.199997 29.299999  -0.500002 -0.866024 0.000000  0.204378 0.879392 0
0  -7.500000 77.199997 30.000000  -0.500000 -0.866025 0.000000  0.202749 0.879392 0
0  -8.192821 77.599998 30.000000  -0.500002 -0.866024 0.000000  0.202749 0.877788 0
ramp_large
0  17.192820 -78.400002 37.300003  0.500001 -0.866025 0.000000  0.023634 0.885607 0
0  17.192820 -78.400002 38.000000  0.500001 -0.866025 0.000000  0.022005 0.885607 0
0  16.500000 -78.800003 38.000000  0.500001 -0.866025 0.000000  0.022005 0.884003 0
ramp_large
0  -6.807179 77.599998 29.299999  0.000000 0.000000 -1.000000  0.871524 0.406145 0
0  -7.500000 77.199997 29.299999  0.000000 0.000000 -1.000000  0.871524 0.407996 0
0  -8.192821 77.599998 29.299999  -0.000000 0.000000 -1.000000  0.869912 0.408922 0
ramp_large
0  -8.192821 77.599998 29.299999  -0.000000 0.000000 -1.000000  0.869912 0.408922 0
0  -8.192821 78.400002 29.299999  0.000003 0.000000 -1.000000  0.868300 0.407996 0
0  -7.500000 78.800003 29.299999  -0.000002 0.000000 -1.000000  0.868300 0.406144 0
ramp_large
0  -7.500000 78.800003 29.299999  -0.000002 0.000000 -1.000000  0.868300 0.406144 0
0  -6.807179 78.400002 29.299999  -0.000002 0.000000 -1.000000  0.869912 0.405219 0
0  -8.192821 77.599998 29.299999  -0.000000 0.000000 -1.000000  0.869912 0.408922 0
ramp_large
0  -8.192821 77.599998 29.299999  -1.000000 0.000000 0.000000  0.303960 0.884929 0
0  -8.192821 77.599998 30.000000  -1.000000 0.000000 0.000000  0.302331 0.884929 0
0  -8.192821 78.400002 30.000000  -1.000000 0.000000 0.000000  0.302331 0.883077 0
ramp_large
0  17.192820 78.400002 37.300003  1.000000 0.000000 0.000000  0.891074 0.407071 0
0  17.192820 78.400002 38.000000  1.000000 0.000000 0.000000  0.889446 0.407071 0
0  17.192820 77.599998 38.000000  1.000000 0.000000 0.000000  0.889446 0.405219 0
ramp_large
0  16.500000 -77.199997 37.300003  0.500002 0.866024 0.000000  0.288487 0.883907 0
0  16.500000 -77.199997 38.000000  0.500004 0.866023 0.000000  0.286859 0.883907 0
0  17.192820 -77.599998 38.000000  0.500001 0.866025 0.000000  0.286859 0.882303 0
ramp_large
0  -8.192821 78.400002 29.299999  -0.500002 0.866024 0.000000  0.259657 0.878989 0
0  -8.192821 78.400002 30.000000  -0.500000 0.866025 0.000000  0.258028 0.878989 0
0  -7.500000 78.800003 30.000000  -0.500002 0.866024 0.000000  0.258028 0.877385 0
ramp_large
0  -8.192821 77.599998 30.000000  0.000000 0.000000 1.000000  0.022005 0.873716 0
0  -7.500000 77.199997 30.000000  0.000000 0.000000 1.000000  0.022005 0.871871 0
0  -6.807179 77.599998 30.000000  0.000000 0.000000 1.000000  0.023615 0.870955 0
ramp_large
0  -6.807179 77.599998 30.000000  0.000000 0.000000 1.000000  0.023615 0.870955 0
0  -6.807179 78.400002 30.000000  0.000000 0.000000 1.000000  0.025225 0.871885 0
0  -7.500000 78.800003 30.000000  0.000000 0.000000 1.000000  0.025225 0.873730 0
ramp_large
0  -7.500000 78.800003 30.000000  0.000000 0.000000 1.000000  0.025225 0.873730 0
0  -8.192821 78.400002 30.000000  0.000000 0.000000 1.000000  0.023615 0.874645 0
0  -6.807179 77.599998 30.000000  0.000000 0.000000 1.000000  0.023615 0.870955 0
ramp_large
0  -7.500000 -78.800003 29.299999  -0.500002 -0.866024 0.000000  0.213800 0.879392 0
0  -7.500000 -78.800003 30.000000  -0.500000 -0.866025 0.000000  0.212172 0.879392 0
0  -8.192821 -78.400002 30.000000  -0.500002 -0.866024 0.000000  0.212172 0.877788 0
ramp_large
0  41.192822 77.599998 45.300003  0.500003 -0.866024 0.000000  0.333911 0.881107 0
0  41.192822 77.599998 46.000000  0.500002 -0.866025 0.000000  0.332282 0.881107 0
0  40.500000 77.199997 46.000000  0.500003 -0.866024 0.000000  0.332282 0.879503 0
ramp_large
0  -6.807179 -78.400002 29.299999  0.000000 0.000000 -1.000000  0.873380 0.340183 0
0  -7.500000 -78.800003 29.299999  0.000000 0.000000 -1.000000  0.873380 0.342035 0
0  -8.192821 -78.400002 29.299999  -0.000000 0.000000 -1.000000  0.871768 0.342960 0
ramp_large
0  -8.192821 -78.400002 29.299999  -0.000000 0.000000 -1.000000  0.871768 0.342960 0
0  -8.192821 -77.599998 29.299999  0.000003 0.000000 -1.000000  0.870156 0.342034 0
0  -7.500000 -77.199997 29.299999  -0.000002 0.000000 -1.000000  0.870156 0.340182 0
ramp_large
0  -7.500000 -77.199997 29.299999  -0.000002 0.000000 -1.000000  0.870156 0.340182 0
0  -6.807179 -77.599998 29.299999  -0.000002 0.000000 -1.000000  0.871768 0.339257 0
0  -8.192821 -78.400002 29.299999  -0.000000 0.000000 -1.000000  0.871768 0.342960 0
ramp_large
0  -8.192821 -78.400002 29.299999  -1.000000 0.000000 0.000000  0.890289 0.418529 0
0  -8.192821 -78.400002 30.000000  -1.000000 0.000000 0.000000  0.888660 0.418529 0
0  -8.192821 -77.599998 30.000000  -1.000000 0.000000 0.000000  0.888660 0.416677 0
ramp_large
0  17.192820 -77.599998 37.300003  1.000000 0.000000 0.000000  0.891130 0.379988 0
0  17.192820 -77.599998 38.000000  1.000000 0.000000 0.000000  0.889502 0.379988 0
0  17.192820 -78.400002 38.000000  1.000000 0.000000 0.000000  0.889502 0.378136 0
ramp_large
0  40.500000 78.800003 45.300003  0.500002 0.866024 0.000000  0.343334 0.879503 0
0  40.500000 78.800003 46.000000  0.499999 0.866026 0.000000  0.341705 0.879503 0
0  41.192822 78.400002 46.000000  0.500003 0.866024 0.000000  0.341705 0.877900 0
ramp_large
0  -8.192821 -77.599998 29.299999  -0.500002 0.866024 0.000000  0.269079 0.878989 0
0  -8.192821 -77.599998 30.000000  -0.500000 0.866025 0.000000  0.267451 0.878989 0
0  -7.500000 -77.199997 30.000000  -0.500002 0.866024 0.000000  0.267451 0.877385 0
ramp_large
0  -8.192821 -78.400002 30.000000  0.000000 0.000000 1.000000  0.003208 0.873733 0
0  -7.500000 -78.800003 30.000000  0.000000 0.000000 1.000000  0.001604 0.874659 0
0  -6.807179 -78.400002 30.000000  0.000000 0.000000 1.000000  0.000000 0.873733 0
ramp_large
0  -6.807179 -78.400002 30.000000  0.000000 0.000000 1.000000  0.000000 0.873733 0
0  -6.807179 -77.599998 30.000000  0.000000 0.000000 1.000000  0.000000 0.871881 0
0  -7.500000 -77.199997 30.000000  0.000000 0.000000 1.000000  0.001604 0.870955 0
ramp_large
0  -7.500000 -77.199997 30.000000  0.000000 0.000000 1.000000  0.001604 0.870955 0
0  -8.192821 -77.599998 30.000000  0.000000 0.000000 1.000000  0.003208 0.871881 0
0  -6.807179 -78.400002 30.000000  0.000000 0.000000 1.000000  0.000000 0.873733 0
ramp_large
0  16.500000 77.199997 37.300003  -0.500001 -0.866025 0.000000  0.857162 0.882140 0
0  16.500000 77.199997 38.000000  -0.500003 -0.866024 0.000000  0.855533 0.882140 0
0  15.807179 77.599998 38.000000  -0.500001 -0.866025 0.000000  0.855533 0.880536 0
ramp_large
0  41.192822 -78.400002 45.300003  0.500003 -0.866024 0.000000  0.352757 0.881107 0
0  41.192822 -78.400002 46.000000  0.500002 -0.866025 0.000000  0.351128 0.881107 0
0  40.500000 -78.800003 46.000000  0.500003 -0.866024 0.000000  0.351128 0.879503 0
ramp_large
0  17.192820 77.599998 37.300003  0.000000 0.000000 -1.000000  0.847722 0.869079 0
0  16.500000 77.199997 37.300003  0.000000 0.000000 -1.000000  0.849334 0.870004 0
0  15.807179 77.599998 37.300003  0.000000 0.000000 -1.000000  0.849334 0.871856 0
ramp_large
0  15.807179 77.599998 37.300003  0.000000 0.000000 -1.000000  0.849334 0.871856 0
0  15.807179 78.400002 37.300003  -0.000003 0.000000 -1.000000  0.847722 0.872782 0
0  16.500000 78.800003 37.300003  0.000002 0.000000 -1.000000  0.846110 0.871857 0
ramp_large
0  16.500000 78.800003 37.300003  0.000002 0.000000 -1.000000  0.846110 0.871857 0
0  17.192820 78.400002 37.300003  0.000002 0.000000 -1.000000  0.846110 0.870005 0
0  15.807179 77.599998 37.300003  0.000000 0.000000 -1.000000  0.849334 0.871856 0
ramp_large
0  15.807179 77.599998 37.300003  -1.000000 0.000000 0.000000  0.833303 0.886549 0
0  15.807179 77.599998 38.000000  -1.000000 0.000000 0.000000  0.831674 0.886549 0
0  15.807179 78.400002 38.000000  -1.000000 0.000000 0.000000  0.831674 0.884697 0
ramp_large
0  41.192822 78.400002 45.300003  1.000000 0.000000 0.000000  0.872635 0.886593 0
0  41.192822 78.400002 46.000000  1.000000 0.000000 0.000000  0.871006 0.886593 0
0  41.192822 77.599998 46.000000  1.000000 0.000000 0.000000  0.871006 0.884741 0
ramp_large
0  40.500000 -77.199997 45.300003  0.500002 0.866024 0.000000  0.362180 0.879503 0
0  40.500000 -77.199997 46.000000  0.499999 0.866026 0.000000  0.360551 0.879503 0
0  41.192822 -77.599998 46.000000  0.500003 0.866024 0.000000  0.360551 0.877900 0
ramp_large
0  15.807179 78.400002 37.300003  -0.500001 0.866025 0.000000  0.279064 0.885510 0
0  15.807179 78.400002 38.000000  -0.500003 0.866024 0.000000  0.277436 0.885510 0
0  16.500000 78.800003 38.000000  -0.500001 0.866025 0.000000  0.277436 0.883907 0
ramp_large
0  15.807179 77.599998 38.000000  0.000000 0.000000 1.000000  0.121134 0.873716 0
0  16.500000 77.199997 38.000000  0.000000 0.000000 1.000000  0.121134 0.871871 0
0  17.192820 77.599998 38.000000  0.000000 0.000000 1.000000  0.122745 0.870955 0
ramp_large
0  17.192820 77.599998 38.000000  0.000000 0.000000 1.000000  0.122745 0.870955 0
0  17.192820 78.400002 38.000000  0.000000 0.000000 1.000000  0.124355 0.871884 0
0  16.500000 78.800003 38.000000  0.000000 0.000000 1.000000  0.124355 0.873730 0
ramp_large
0  16.500000 78.800003 38.000000  0.000000 0.000000 1.000000  0.124355 0.873730 0
0  15.807179 78.400002 38.000000  0.000000 0.000000 1.000000  0.122745 0.874645 0
0  17.192820 77.599998 38.000000  0.000000 0.000000 1.000000  0.122745 0.870955 0
ramp_large
0  16.500000 -78.800003 37.300003  -0.500001 -0.866025 0.000000  0.023634 0.884003 0
0  16.500000 -78.800003 38.000000  -0.500003 -0.866024 0.000000  0.022005 0.884003 0
0  15.807179 -78.400002 38.000000  -0.500001 -0.866025 0.000000  0.022005 0.882400 0
ramp_large
0  65.192818 77.599998 53.300003  0.500003 -0.866023 0.000000  0.051903 0.885607 0
0  65.192818 77.599998 54.000000  0.499996 -0.866028 0.000000  0.050274 0.885607 0
0  64.500000 77.199997 54.000000  0.500005 -0.866023 0.000000  0.050274 0.884003 0
ramp_large
0  17.192820 -78.400002 37.300003  0.000000 0.000000 -1.000000  0.280659 0.871771 0
0  16.500000 -78.800003 37.300003  0.000000 0.000000 -1.000000  0.280659 0.873623 0
0  15.807179 -78.400002 37.300003  0.000000 0.000000 -1.000000  0.279047 0.874548 0
ramp_large
0  15.807179 -78.400002 37.300003  0.000000 0.000000 -1.000000  0.279047 0.874548 0
0  15.807179 -77.599998 37.300003  -0.000003 0.000000 -1.000000  0.277435 0.873622 0
0  16.500000 -77.199997 37.300003  0.000002 0.000000 -1.000000  0.277435 0.871771 0
ramp_large
0  16.500000 -77.199997 37.300003  0.000002 0.000000 -1.000000  0.277435 0.871771 0
0  17.192820 -77.599998 37.300003  0.000002 0.000000 -1.000000  0.279047 0.870845 0
0  15.807179 -78.400002 37.300003  0.000000 0.000000 -1.000000  0.279047 0.874548 0
ramp_large
0  15.807179 -78.400002 37.300003  -1.000000 0.000000 0.000000  0.822843 0.886876 0
0  15.807179 -78.400002 38.000000  -1.000000 0.000000 0.000000  0.821215 0.886876 0
0  15.807179 -77.599998 38.000000  -1.000000 0.000000 0.000000  0.821215 0.885024 0
ramp_large
0  41.192822 -77.599998 45.300003  1.000000 0.000000 0.000000  0.882762 0.887182 0
0  41.192822 -77.599998 46.000000  1.000000 0.000000 0.000000  0.881133 0.887182 0
0  41.192822 -78.400002 46.000000  1.000000 0.000000 0.000000  0.881133 0.885330 0
ramp_large
0  64.500000 78.800003 53.300003  0.500004 0.866023 0.000000  0.371603 0.879503 0
0  64.500000 78.800003 54.000000  0.500007 0.866021 0.000000  0.369974 0.879503 0
0  65.192818 78.400002 54.000000  0.500004 0.866023 0.000000  0.369974 0.877900 0
ramp_large
0  15.807179 -77.599998 37.300003  -0.500001 0.866025 0.000000  0.288487 0.885510 0
0  15.807179 -77.599998 38.000000  -0.500003 0.866024 0.000000  0.286859 0.885510 0
0  16.500000 -77.199997 38.000000  -0.500001 0.866025 0.000000  0.286859 0.883907 0
ramp_large
0  15.807179 -78.400002 38.000000  0.000000 0.000000 1.000000  0.133759 0.874645 0
0  16.500000 -78.800003 38.000000  0.000000 0.000000 1.000000  0.132149 0.873730 0
0  17.192820 -78.400002 38.000000  0.000000 0.000000 1.000000  0.132149 0.871884 0
ramp_large
0  17.192820 -78.400002 38.000000  0.000000 0.000000 1.000000  0.132149 0.871884 0
0  17.192820 -77.599998 38.000000  0.000000 0.000000 1.000000  0.133759 0.870955 0
0  16.500000 -77.199997 38.000000  0.000000 0.000000 1.000000  0.135369 0.871871 0
ramp_large
0  16.500000 -77.199997 38.000000  0.000000 0.000000 1.000000  0.135369 0.871871 0
0  15.807179 -77.599998 38.000000  0.000000 0.000000 1.000000  0.135369 0.873716 0
0  17.192820 -78.400002 38.000000  0.000000 0.000000 1.000000  0.132149 0.871884 0
ramp_large
0  40.500000 77.199997 45.300003  -0.500002 -0.866024 0.000000  0.333911 0.879503 0
0  40.500000 77.199997 46.000000  -0.499999 -0.866026 0.000000  0.332282 0.879503 0
0  39.807178 77.599998 46.000000  -0.500003 -0.866024 0.000000  0.332282 0.877900 0
ramp_large
0  65.192818 -78.400002 53.300003  0.500003 -0.866023 0.000000  0.061326 0.885607 0
0  65.192818 -78.400002 54.000000  0.499996 -0.866028 0.000000  0.059697 0.885607 0
0  64.500000 -78.800003 54.000000  0.500005 -0.866023 0.000000  0.059697 0.884003 0
ramp_large
0  41.192822 77.599998 45.300003  0.000000 0.000000 -1.000000  0.792355 0.863172 0
0  40.500000 77.199997 45.300003  0.000000 0.000000 -1.000000  0.793967 0.862246 0
0  39.807178 77.599998 45.300003  -0.000000 0.000000 -1.000000  0.795578 0.863172 0
ramp_large
0  39.807178 77.599998 45.300003  -0.000000 0.000000 -1.000000  0.795578 0.863172 0
0  39.807178 78.400002 45.300003  0.000007 0.000000 -1.000000  0.795578 0.865024 0
0  40.500000 78.800003 45.300003  -0.000003 0.000000 -1.000000  0.793967 0.865949 0
ramp_large
0  40.500000 78.800003 45.300003  -0.000003 0.000000 -1.000000  0.793967 0.865949 0
0  41.192822 78.400002 45.300003  -0.000003 0.000000 -1.000000  0.792355 0.865024 0
0  39.807178 77.599998 45.300003  -0.000000 0.000000 -1.000000  0.795578 0.863172 0
ramp_large
0  39.807178 77.599998 45.300003  -1.000000 0.000000 0.000000  0.381708 0.887568 0
0  39.807178 77.599998 46.000000  -1.000000 0.000000 0.000000  0.380079 0.887568 0
0  39.807178 78.400002 46.000000  -1.000000 0.000000 0.000000  0.380079 0.885716 0
ramp_large
0  65.192818 78.400002 53.300003  1.000000 0.000000 0.000000  0.391131 0.887568 0
0  65.192818 78.400002 54.000000  1.000000 0.000000 0.000000  0.389502 0.887568 0
0  65.192818 77.599998 54.000000  1.000000 0.000000 0.000000  0.389502 0.885716 0
ramp_large
0  64.500000 -77.199997 53.300003  0.500004 0.866023 0.000000  0.847739 0.882140 0
0  64.500000 -77.199997 54.000000  0.500007 0.866021 0.000000  0.846110 0.882140 0
0  65.192818 -77.599998 54.000000  0.500004 0.866023 0.000000  0.846110 0.880536 0
ramp_large
0  39.807178 78.400002 45.300003  -0.500003 0.866024 0.000000  0.343334 0.881107 0
0  39.807178 78.400002 46.000000  -0.500002 0.866025 0.000000  0.341705 0.881107 0
0  40.500000 78.800003 46.000000  -0.500003 0.866024 0.000000  0.341705 0.879503 0
ramp_large
0  39.807178 77.599998 46.000000  0.000000 0.000000 1.000000  0.111730 0.874645 0
0  40.500000 77.199997 46.000000  0.000000 0.000000 1.000000  0.110120 0.873730 0
0  41.192822 77.599998 46.000000  0.000000 0.000000 1.000000  0.110120 0.871884 0
ramp_large
0  41.192822 77.599998 46.000000  0.000000 0.000000 1.000000  0.110120 0.871884 0
0  41.192822 78.400002 46.000000  0.000000 0.000000 1.000000  0.111730 0.870955 0
0  40.500000 78.800003 46.000000  0.000000 0.000000 1.000000  0.113340 0.871871 0
ramp_large
0  40.500000 78.800003 46.000000  0.000000 0.000000 1.000000  0.113340 0.871871 0
0  39.807178 78.400002 46.000000  0.000000 0.000000 1.000000  0.113340 0.873716 0
0  41.192822 77.599998 46.000000  0.000000 0.000000 1.000000  0.110120 0.871884 0
ramp_large
0  40.500000 -78.800003 45.300003  -0.500002 -0.866024 0.000000  0.352757 0.879503 0
0  40.500000 -78.800003 46.000000  -0.499999 -0.866026 0.000000  0.351128 0.879503 0
0  39.807178 -78.400002 46.000000  -0.500003 -0.866024 0.000000  0.351128 0.877900 0
ramp_large
0  41.192822 -78.400002 45.300003  0.000000 0.000000 -1.000000  0.858740 0.869079 0
0  40.500000 -78.800003 45.300003  0.000000 0.000000 -1.000000  0.860352 0.870004 0
0  39.807178 -78.400002 45.300003  -0.000000 0.000000 -1.000000  0.860352 0.871856 0
ramp_large
0  39.807178 -78.400002 45.300003  -0.000000 0.000000 -1.000000  0.860352 0.871856 0
0  39.807178 -77.599998 45.300003  0.000007 0.000000 -1.000000  0.858740 0.872782 0
0  40.500000 -77.199997 45.300003  -0.000003 0.000000 -1.000000  0.857128 0.871856 0
ramp_large
0  40.500000 -77.199997 45.300003  -0.000003 0.000000 -1.000000  0.857128 0.871856 0
0  41.192822 -77.599998 45.300003  -0.000003 0.000000 -1.000000  0.857128 0.870005 0
0  39.807178 -78.400002 45.300003  -0.000000 0.000000 -1.000000  0.860352 0.871856 0
ramp_large
0  39.807178 -78.400002 45.300003  -1.000000 0.000000 0.000000  0.400554 0.887568 0
0  39.807178 -78.400002 46.000000  -1.000000 0.000000 0.000000  0.398925 0.887568 0
0  39.807178 -77.599998 46.000000  -1.000000 0.000000 0.000000  0.398925 0.885716 0
ramp_large
0  65.192818 -77.599998 53.300003  1.000000 0.000000 0.000000  0.409977 0.887568 0
0  65.192818 -77.599998 54.000000  1.000000 0.000000 0.000000  0.408348 0.887568 0
0  65.192818 -78.400002 54.000000  1.000000 0.000000 0.000000  0.408348 0.885716 0
ramp_large
0  39.807178 -77.599998 45.300003  -0.500003 0.866024 0.000000  0.362180 0.881107 0
0  39.807178 -77.599998 46.000000  -0.500002 0.866025 0.000000  0.360551 0.881107 0
0  40.500000 -77.199997 46.000000  -0.500003 0.866024 0.000000  0.360551 0.879503 0
ramp_large
0  39.807178 -78.400002 46.000000  0.000000 0.000000 1.000000  0.045644 0.874645 0
0  40.500000 -78.800003 46.000000  0.000000 0.000000 1.000000  0.044034 0.873730 0
0  41.192822 -78.400002 46.000000  0.000000 0.000000 1.000000  0.044034 0.871884 0
ramp_large
0  41.192822 -78.400002 46.000000  0.000000 0.000000 1.000000  0.044034 0.871884 0
0  41.192822 -77.599998 46.000000  0.000000 0.000000 1.000000  0.045644 0.870955 0
0  40.500000 -77.199997 46.000000  0.000000 0.000000 1.000000  0.047254 0.871871 0
ramp_large
0  40.500000 -77.199997 46.000000  0.000000 0.000000 1.000000  0.047254 0.871871 0
0  39.807178 -77.599998 46.000000  0.000000 0.000000 1.000000  0.047254 0.873716 0
0  41.192822 -78.400002 46.000000  0.000000 0.000000 1.000000  0.044034 0.871884 0
ramp_large
0  64.500000 77.199997 53.300003  -0.500001 -0.866025 0.000000  0.051903 0.884003 0
0  64.500000 77.199997 54.000000  -0.499996 -0.866028 0.000000  0.050274 0.884003 0
0  63.807178 77.599998 54.000000  -0.500002 -0.866024 0.000000  0.050274 0.882400 0
ramp_large
0  65.192818 77.599998 53.300003  0.000000 0.000000 -1.000000  0.291678 0.871771 0
0  64.500000 77.199997 53.300003  0.000000 0.000000 -1.000000  0.291678 0.873623 0
0  63.807178 77.599998 53.300003  -0.000000 0.000000 -1.000000  0.290066 0.874548 0
ramp_large
0  63.807178 77.599998 53.300003  -0.000000 0.000000 -1.000000  0.290066 0.874548 0
0  63.807178 78.400002 53.300003  0.000007 0.000000 -1.000000  0.288454 0.873622 0
0  64.500000 78.800003 53.300003  -0.000003 0.000000 -1.000000  0.288454 0.871771 0
ramp_large
0  64.500000 78.800003 53.300003  -0.000003 0.000000 -1.000000  0.288454 0.871771 0
0  65.192818 78.400002 53.300003  -0.000003 0.000000 -1.000000  0.290066 0.870845 0
0  63.807178 77.599998 53.300003  -0.000000 0.000000 -1.000000  0.290066 0.874548 0
ramp_large
0  63.807178 77.599998 53.300003  -1.000000 0.000000 0.000000  0.419400 0.887568 0
0  63.807178 77.599998 54.000000  -1.000000 0.000000 0.000000  0.417771 0.887568 0
0  63.807178 78.400002 54.000000  -1.000000 0.000000 0.000000  0.417771 0.885716 0
ramp_large
0  63.807178 78.400002 53.300003  -0.500001 0.866025 0.000000  0.371603 0.881107 0
0  63.807178 78.400002 54.000000  -0.500002 0.866025 0.000000  0.369974 0.881107 0
0  64.500000 78.800003 54.000000  -0.500001 0.866025 0.000000  0.369974 0.879503 0
ramp_large
0  63.807178 77.599998 54.000000  0.000000 0.000000 1.000000  0.067673 0.874645 0
0  64.500000 77.199997 54.000000  0.000000 0.000000 1.000000  0.066063 0.873730 0
0  65.192818 77.599998 54.000000  0.000000 0.000000 1.000000  0.066063 0.871884 0
ramp_large
0  65.192818 77.599998 54.000000  0.000000 0.000000 1.000000  0.066063 0.871884 0
0  65.192818 78.400002 54.000000  0.000000 0.000000 1.000000  0.067673 0.870955 0
0  63.807178 77.599998 54.000000  0.000000 0.000000 1.000000  0.067673 0.874645 0
ramp_large
0  65.192818 78.400002 54.000000  0.000000 0.000000 1.000000  0.067673 0.870955 0
0  64.500000 78.800003 54.000000  0.000000 0.000000 1.000000  0.069283 0.871871 0
0  63.807178 77.599998 54.000000  0.000000 0.000000 1.000000  0.067673 0.874645 0
ramp_large
0  64.500000 -78.800003 53.300003  -0.500001 -0.866025 0.000000  0.061326 0.884003 0
0  64.500000 -78.800003 54.000000  -0.499996 -0.866028 0.000000  0.059697 0.884003 0
0  63.807178 -78.400002 54.000000  -0.500002 -0.866024 0.000000  0.059697 0.882400 0
ramp_large
0  65.192818 -78.400002 53.300003  0.000000 0.000000 -1.000000  0.803373 0.863172 0
0  64.500000 -78.800003 53.300003  0.000000 0.000000 -1.000000  0.804984 0.862246 0
0  63.807178 -78.400002 53.300003  -0.000000 0.000000 -1.000000  0.806596 0.863172 0
ramp_large
0  63.807178 -78.400002 53.300003  -0.000000 0.000000 -1.000000  0.806596 0.863172 0
0  63.807178 -77.599998 53.300003  0.000007 0.000000 -1.000000  0.806596 0.865024 0
0  64.500000 -77.199997 53.300003  -0.000003 0.000000 -1.000000  0.804984 0.865950 0
ramp_large
0  64.500000 -77.199997 53.300003  -0.000003 0.000000 -1.000000  0.804984 0.865950 0
0  65.192818 -77.599998 53.300003  -0.000003 0.000000 -1.000000  0.803373 0.865024 0
0  63.807178 -78.400002 53.300003  -0.000000 0.000000 -1.000000  0.806596 0.863172 0
ramp_large
0  63.807178 -78.400002 53.300003  -1.000000 0.000000 0.000000  0.428823 0.887568 0
0  63.807178 -78.400002 54.000000  -1.000000 0.000000 0.000000  0.427194 0.887568 0
0  63.807178 -77.599998 54.000000  -1.000000 0.000000 0.000000  0.427194 0.885716 0
ramp_large
0  63.807178 -77.599998 53.300003  -0.500001 0.866025 0.000000  0.847739 0.883744 0
0  63.807178 -77.599998 54.000000  -0.500002 0.866025 0.000000  0.846110 0.883744 0
0  64.500000 -77.199997 54.000000  -0.500001 0.866025 0.000000  0.846110 0.882140 0
ramp_large
0  63.807178 -78.400002 54.000000  0.000000 0.000000 1.000000  0.878487 0.380897 0
0  64.500000 -78.800003 54.000000  0.000000 0.000000 1.000000  0.878487 0.379051 0
0  65.192818 -78.400002 54.000000  0.000000 0.000000 1.000000  0.880097 0.378136 0
ramp_large
0  65.192818 -78.400002 54.000000  0.000000 0.000000 1.000000  0.880097 0.378136 0
0  65.192818 -77.599998 54.000000  0.000000 0.000000 1.000000  0.881707 0.379065 0
0  63.807178 -78.400002 54.000000  0.000000 0.000000 1.000000  0.878487 0.380897 0
ramp_large
0  65.192818 -77.599998 54.000000  0.000000 0.000000 1.000000  0.881707 0.379065 0
0  64.500000 -77.199997 54.000000  0.000000 0.000000 1.000000  0.881707 0.380910 0
0  63.807178 -78.400002 54.000000  0.000000 0.000000 1.000000  0.878487 0.380897 0
end
